SessionID,CommandID,Time,Type,Data
56ae806af7ff8a2,0,1762816844311039470,SQL_COMMAND_RUN_START,"{""command"":""create table test as select * from './test-big.csv';""}"
56ae806af7ff8a2,0,1762816844353553037,DONE_PREPARING_SQL_STATEMENT,"{""command"":""create table test as select * from './test-big.csv';""}"
56ae806af7ff8a2,0,1762816844354624164,STAT_CREATED,"{""size"":88,""address"":""0x7f55765f2a80""}"
56ae806af7ff8a2,0,1762816844354659387,STAT_CREATED,"{""size"":88,""address"":""0x7f55765f2b30""}"
56ae806af7ff8a2,0,1762816844354666727,STAT_DESTROYED,"{""size"":88,""address"":""0x7f55765f2a80""}"
56ae806af7ff8a2,0,1762816844354669229,STAT_CREATED,"{""size"":88,""address"":""0x7f55765f2b90""}"
56ae806af7ff8a2,0,1762816844354670661,STAT_CREATED,"{""size"":88,""address"":""0x7f5554001940""}"
56ae806af7ff8a2,0,1762816844354672293,STAT_DESTROYED,"{""size"":88,""address"":""0x7f55765f2b90""}"
56ae806af7ff8a2,0,1762816844354673417,STAT_DESTROYED,"{""size"":88,""address"":""0x7f55765f2b30""}"
56ae806af7ff8a2,0,1762816844354675136,STAT_CREATED,"{""size"":88,""address"":""0x7f55765f2a80""}"
56ae806af7ff8a2,0,1762816844354676348,STAT_CREATED,"{""size"":88,""address"":""0x7f55765f2b30""}"
56ae806af7ff8a2,0,1762816844354677450,STAT_DESTROYED,"{""size"":88,""address"":""0x7f55765f2a80""}"
56ae806af7ff8a2,0,1762816844354678563,STAT_CREATED,"{""size"":88,""address"":""0x7f55765f2b90""}"
56ae806af7ff8a2,0,1762816844354679699,STAT_CREATED,"{""size"":88,""address"":""0x7f5554001b00""}"
56ae806af7ff8a2,0,1762816844354680845,STAT_DESTROYED,"{""size"":88,""address"":""0x7f55765f2b90""}"
56ae806af7ff8a2,0,1762816844354682002,STAT_DESTROYED,"{""size"":88,""address"":""0x7f55765f2b30""}"
56ae806af7ff8a2,0,1762816844354683391,STAT_CREATED,"{""size"":88,""address"":""0x7f55765f2a80""}"
56ae806af7ff8a2,0,1762816844354684581,STAT_CREATED,"{""size"":88,""address"":""0x7f55765f2b30""}"
56ae806af7ff8a2,0,1762816844354685683,STAT_DESTROYED,"{""size"":88,""address"":""0x7f55765f2a80""}"
56ae806af7ff8a2,0,1762816844354686796,STAT_CREATED,"{""size"":88,""address"":""0x7f55765f2b90""}"
56ae806af7ff8a2,0,1762816844354687887,STAT_CREATED,"{""size"":88,""address"":""0x7f5554001c20""}"
56ae806af7ff8a2,0,1762816844354689342,STAT_DESTROYED,"{""size"":88,""address"":""0x7f55765f2b90""}"
56ae806af7ff8a2,0,1762816844354690709,STAT_DESTROYED,"{""size"":88,""address"":""0x7f55765f2b30""}"
56ae806af7ff8a2,0,1762816844359200155,STAT_CREATED,"{""size"":88,""address"":""0x7f5575df1db0""}"
56ae806af7ff8a2,0,1762816844359243545,STAT_CREATED,"{""size"":88,""address"":""0x7f5575df1e60""}"
56ae806af7ff8a2,0,1762816844359250808,STAT_DESTROYED,"{""size"":88,""address"":""0x7f5575df1db0""}"
56ae806af7ff8a2,0,1762816844359252571,STAT_CREATED,"{""size"":88,""address"":""0x7f5575df1ec0""}"
56ae806af7ff8a2,0,1762816844359253882,STAT_CREATED,"{""size"":88,""address"":""0x7f554c0036a0""}"
56ae806af7ff8a2,0,1762816844359255359,STAT_DESTROYED,"{""size"":88,""address"":""0x7f5575df1ec0""}"
56ae806af7ff8a2,0,1762816844359256516,STAT_DESTROYED,"{""size"":88,""address"":""0x7f5575df1e60""}"
56ae806af7ff8a2,0,1762816844359258390,STAT_CREATED,"{""size"":88,""address"":""0x7f5575df1db0""}"
56ae806af7ff8a2,0,1762816844359259591,STAT_CREATED,"{""size"":88,""address"":""0x7f5575df1e60""}"
56ae806af7ff8a2,0,1762816844359260726,STAT_DESTROYED,"{""size"":88,""address"":""0x7f5575df1db0""}"
56ae806af7ff8a2,0,1762816844359261950,STAT_CREATED,"{""size"":88,""address"":""0x7f5575df1ec0""}"
56ae806af7ff8a2,0,1762816844359263085,STAT_CREATED,"{""size"":88,""address"":""0x7f554c031b20""}"
56ae806af7ff8a2,0,1762816844359264275,STAT_DESTROYED,"{""size"":88,""address"":""0x7f5575df1ec0""}"
56ae806af7ff8a2,0,1762816844359265443,STAT_DESTROYED,"{""size"":88,""address"":""0x7f5575df1e60""}"
56ae806af7ff8a2,0,1762816844359266777,STAT_CREATED,"{""size"":88,""address"":""0x7f5575df1db0""}"
56ae806af7ff8a2,0,1762816844359267934,STAT_CREATED,"{""size"":88,""address"":""0x7f5575df1e60""}"
56ae806af7ff8a2,0,1762816844359269058,STAT_DESTROYED,"{""size"":88,""address"":""0x7f5575df1db0""}"
56ae806af7ff8a2,0,1762816844359270425,STAT_CREATED,"{""size"":88,""address"":""0x7f5575df1ec0""}"
56ae806af7ff8a2,0,1762816844359279583,STAT_CREATED,"{""size"":88,""address"":""0x7f554c031c20""}"
56ae806af7ff8a2,0,1762816844359280873,STAT_DESTROYED,"{""size"":88,""address"":""0x7f5575df1ec0""}"
56ae806af7ff8a2,0,1762816844359281986,STAT_DESTROYED,"{""size"":88,""address"":""0x7f5575df1e60""}"
56ae806af7ff8a2,0,1762816844359294947,STAT_CREATED,"{""size"":88,""address"":""0x7f5575df1b80""}"
56ae806af7ff8a2,0,1762816844359296258,STAT_CREATED,"{""size"":88,""address"":""0x7f554c032080""}"
56ae806af7ff8a2,0,1762816844359297437,STAT_DESTROYED,"{""size"":88,""address"":""0x7f5575df1b80""}"
56ae806af7ff8a2,0,1762816844359299311,STAT_CREATED,"{""size"":88,""address"":""0x7f5575df1b80""}"
56ae806af7ff8a2,0,1762816844359300589,STAT_CREATED,"{""size"":88,""address"":""0x7f554c032340""}"
56ae806af7ff8a2,0,1762816844359301713,STAT_DESTROYED,"{""size"":88,""address"":""0x7f5575df1b80""}"
56ae806af7ff8a2,0,1762816844359303069,STAT_CREATED,"{""size"":88,""address"":""0x7f5575df1b80""}"
56ae806af7ff8a2,0,1762816844359304281,STAT_CREATED,"{""size"":88,""address"":""0x7f554c0325e0""}"
56ae806af7ff8a2,0,1762816844359305383,STAT_DESTROYED,"{""size"":88,""address"":""0x7f5575df1b80""}"
56ae806af7ff8a2,0,1762816844359320780,STAT_CREATED,"{""size"":88,""address"":""0x7f5575df1b40""}"
56ae806af7ff8a2,0,1762816844359322179,STAT_CREATED,"{""size"":88,""address"":""0x7f5575df1c40""}"
56ae806af7ff8a2,0,1762816844359323292,STAT_DESTROYED,"{""size"":88,""address"":""0x7f5575df1b40""}"
56ae806af7ff8a2,0,1762816844359324472,STAT_CREATED,"{""size"":88,""address"":""0x7f5575df1ca0""}"
56ae806af7ff8a2,0,1762816844359325717,STAT_CREATED,"{""size"":88,""address"":""0x7f5575df1ae0""}"
56ae806af7ff8a2,0,1762816844359326896,STAT_CREATED,"{""size"":88,""address"":""0x7f554c004cc0""}"
56ae806af7ff8a2,0,1762816844359328020,STAT_DESTROYED,"{""size"":88,""address"":""0x7f5575df1ae0""}"
56ae806af7ff8a2,0,1762816844359329156,STAT_DESTROYED,"{""size"":88,""address"":""0x7f5575df1ca0""}"
56ae806af7ff8a2,0,1762816844359330247,STAT_DESTROYED,"{""size"":88,""address"":""0x7f5575df1c40""}"
56ae806af7ff8a2,0,1762816844359336330,STAT_CREATED,"{""size"":88,""address"":""0x7f5575df1b40""}"
56ae806af7ff8a2,0,1762816844359337895,STAT_CREATED,"{""size"":88,""address"":""0x7f5575df1c40""}"
56ae806af7ff8a2,0,1762816844359339041,STAT_DESTROYED,"{""size"":88,""address"":""0x7f5575df1b40""}"
56ae806af7ff8a2,0,1762816844359340188,STAT_CREATED,"{""size"":88,""address"":""0x7f5575df1ca0""}"
56ae806af7ff8a2,0,1762816844359341279,STAT_CREATED,"{""size"":88,""address"":""0x7f5575df1ae0""}"
56ae806af7ff8a2,0,1762816844359342392,STAT_CREATED,"{""size"":88,""address"":""0x7f554c032a80""}"
56ae806af7ff8a2,0,1762816844359343505,STAT_DESTROYED,"{""size"":88,""address"":""0x7f5575df1ae0""}"
56ae806af7ff8a2,0,1762816844359345467,STAT_DESTROYED,"{""size"":88,""address"":""0x7f5575df1ca0""}"
56ae806af7ff8a2,0,1762816844359346569,STAT_DESTROYED,"{""size"":88,""address"":""0x7f5575df1c40""}"
56ae806af7ff8a2,0,1762816844359349688,STAT_CREATED,"{""size"":88,""address"":""0x7f5575df1b40""}"
56ae806af7ff8a2,0,1762816844359350933,STAT_CREATED,"{""size"":88,""address"":""0x7f5575df1c40""}"
56ae806af7ff8a2,0,1762816844359352024,STAT_DESTROYED,"{""size"":88,""address"":""0x7f5575df1b40""}"
56ae806af7ff8a2,0,1762816844359353126,STAT_CREATED,"{""size"":88,""address"":""0x7f5575df1ca0""}"
56ae806af7ff8a2,0,1762816844359354217,STAT_CREATED,"{""size"":88,""address"":""0x7f5575df1ae0""}"
56ae806af7ff8a2,0,1762816844359355308,STAT_CREATED,"{""size"":88,""address"":""0x7f554c032d00""}"
56ae806af7ff8a2,0,1762816844359356399,STAT_DESTROYED,"{""size"":88,""address"":""0x7f5575df1ae0""}"
56ae806af7ff8a2,0,1762816844359357502,STAT_DESTROYED,"{""size"":88,""address"":""0x7f5575df1ca0""}"
56ae806af7ff8a2,0,1762816844359358582,STAT_DESTROYED,"{""size"":88,""address"":""0x7f5575df1c40""}"
56ae806af7ff8a2,0,1762816844359360224,STAT_CREATED,"{""size"":88,""address"":""0x7f5575df1b40""}"
56ae806af7ff8a2,0,1762816844359361425,STAT_CREATED,"{""size"":88,""address"":""0x7f5575df1c40""}"
56ae806af7ff8a2,0,1762816844359364235,STAT_DESTROYED,"{""size"":88,""address"":""0x7f5575df1b40""}"
56ae806af7ff8a2,0,1762816844359365382,STAT_CREATED,"{""size"":88,""address"":""0x7f5575df1ca0""}"
56ae806af7ff8a2,0,1762816844359366484,STAT_CREATED,"{""size"":88,""address"":""0x7f5575df1ae0""}"
56ae806af7ff8a2,0,1762816844359367575,STAT_CREATED,"{""size"":88,""address"":""0x7f554c032f40""}"
56ae806af7ff8a2,0,1762816844359368688,STAT_DESTROYED,"{""size"":88,""address"":""0x7f5575df1ae0""}"
56ae806af7ff8a2,0,1762816844359369911,STAT_DESTROYED,"{""size"":88,""address"":""0x7f5575df1ca0""}"
56ae806af7ff8a2,0,1762816844359371278,STAT_DESTROYED,"{""size"":88,""address"":""0x7f5575df1c40""}"
56ae806af7ff8a2,0,1762816844359374209,STAT_CREATED,"{""size"":88,""address"":""0x7f5575df1b40""}"
56ae806af7ff8a2,0,1762816844359375455,STAT_CREATED,"{""size"":88,""address"":""0x7f5575df1c40""}"
56ae806af7ff8a2,0,1762816844359376535,STAT_DESTROYED,"{""size"":88,""address"":""0x7f5575df1b40""}"
56ae806af7ff8a2,0,1762816844359377648,STAT_CREATED,"{""size"":88,""address"":""0x7f5575df1ca0""}"
56ae806af7ff8a2,0,1762816844359378728,STAT_CREATED,"{""size"":88,""address"":""0x7f5575df1ae0""}"
56ae806af7ff8a2,0,1762816844359379819,STAT_CREATED,"{""size"":88,""address"":""0x7f554c0331c0""}"
56ae806af7ff8a2,0,1762816844359380921,STAT_DESTROYED,"{""size"":88,""address"":""0x7f5575df1ae0""}"
56ae806af7ff8a2,0,1762816844359382012,STAT_DESTROYED,"{""size"":88,""address"":""0x7f5575df1ca0""}"
56ae806af7ff8a2,0,1762816844359383125,STAT_DESTROYED,"{""size"":88,""address"":""0x7f5575df1c40""}"
56ae806af7ff8a2,0,1762816844359384613,STAT_CREATED,"{""size"":88,""address"":""0x7f5575df1b40""}"
56ae806af7ff8a2,0,1762816844359385726,STAT_CREATED,"{""size"":88,""address"":""0x7f5575df1c40""}"
56ae806af7ff8a2,0,1762816844359386817,STAT_DESTROYED,"{""size"":88,""address"":""0x7f5575df1b40""}"
56ae806af7ff8a2,0,1762816844359387941,STAT_CREATED,"{""size"":88,""address"":""0x7f5575df1ca0""}"
56ae806af7ff8a2,0,1762816844359389066,STAT_CREATED,"{""size"":88,""address"":""0x7f5575df1ae0""}"
56ae806af7ff8a2,0,1762816844359390157,STAT_CREATED,"{""size"":88,""address"":""0x7f554c033400""}"
56ae806af7ff8a2,0,1762816844359391237,STAT_DESTROYED,"{""size"":88,""address"":""0x7f5575df1ae0""}"
56ae806af7ff8a2,0,1762816844359392449,STAT_DESTROYED,"{""size"":88,""address"":""0x7f5575df1ca0""}"
56ae806af7ff8a2,0,1762816844359393584,STAT_DESTROYED,"{""size"":88,""address"":""0x7f5575df1c40""}"
56ae806af7ff8a2,0,1762816844359395766,STAT_CREATED,"{""size"":88,""address"":""0x7f5575df1ca0""}"
56ae806af7ff8a2,0,1762816844359396935,STAT_CREATED,"{""size"":88,""address"":""0x7f5575df1d50""}"
56ae806af7ff8a2,0,1762816844359398048,STAT_DESTROYED,"{""size"":88,""address"":""0x7f5575df1ca0""}"
56ae806af7ff8a2,0,1762816844359399150,STAT_CREATED,"{""size"":88,""address"":""0x7f5575df1db0""}"
56ae806af7ff8a2,0,1762816844359400241,STAT_CREATED,"{""size"":88,""address"":""0x7f554c0335e0""}"
56ae806af7ff8a2,0,1762816844359401343,STAT_DESTROYED,"{""size"":88,""address"":""0x7f5575df1db0""}"
56ae806af7ff8a2,0,1762816844359402456,STAT_DESTROYED,"{""size"":88,""address"":""0x7f5575df1d50""}"
56ae806af7ff8a2,0,1762816844359403668,STAT_CREATED,"{""size"":88,""address"":""0x7f5575df1ca0""}"
56ae806af7ff8a2,0,1762816844359404892,STAT_CREATED,"{""size"":88,""address"":""0x7f5575df1d50""}"
56ae806af7ff8a2,0,1762816844359406005,STAT_DESTROYED,"{""size"":88,""address"":""0x7f5575df1ca0""}"
56ae806af7ff8a2,0,1762816844359407107,STAT_CREATED,"{""size"":88,""address"":""0x7f5575df1db0""}"
56ae806af7ff8a2,0,1762816844359408187,STAT_CREATED,"{""size"":88,""address"":""0x7f554c0337c0""}"
56ae806af7ff8a2,0,1762816844359409289,STAT_DESTROYED,"{""size"":88,""address"":""0x7f5575df1db0""}"
56ae806af7ff8a2,0,1762816844359410391,STAT_DESTROYED,"{""size"":88,""address"":""0x7f5575df1d50""}"
56ae806af7ff8a2,0,1762816844359411603,STAT_CREATED,"{""size"":88,""address"":""0x7f5575df1ca0""}"
56ae806af7ff8a2,0,1762816844359412750,STAT_CREATED,"{""size"":88,""address"":""0x7f5575df1d50""}"
56ae806af7ff8a2,0,1762816844359413830,STAT_DESTROYED,"{""size"":88,""address"":""0x7f5575df1ca0""}"
56ae806af7ff8a2,0,1762816844359416662,STAT_CREATED,"{""size"":88,""address"":""0x7f5575df1db0""}"
56ae806af7ff8a2,0,1762816844359417786,STAT_CREATED,"{""size"":88,""address"":""0x7f554c0338e0""}"
56ae806af7ff8a2,0,1762816844359418921,STAT_DESTROYED,"{""size"":88,""address"":""0x7f5575df1db0""}"
56ae806af7ff8a2,0,1762816844359420001,STAT_DESTROYED,"{""size"":88,""address"":""0x7f5575df1d50""}"
56ae806af7ff8a2,0,1762816844359424156,STAT_CREATED,"{""size"":88,""address"":""0x7f5575df1ac0""}"
56ae806af7ff8a2,0,1762816844359425369,STAT_CREATED,"{""size"":88,""address"":""0x7f5575df1b70""}"
56ae806af7ff8a2,0,1762816844359426548,STAT_DESTROYED,"{""size"":88,""address"":""0x7f5575df1ac0""}"
56ae806af7ff8a2,0,1762816844359427672,STAT_CREATED,"{""size"":88,""address"":""0x7f5575df1bd0""}"
56ae806af7ff8a2,0,1762816844359428763,STAT_CREATED,"{""size"":88,""address"":""0x7f554c033dc0""}"
56ae806af7ff8a2,0,1762816844359429887,STAT_DESTROYED,"{""size"":88,""address"":""0x7f5575df1bd0""}"
56ae806af7ff8a2,0,1762816844359431011,STAT_DESTROYED,"{""size"":88,""address"":""0x7f5575df1b70""}"
56ae806af7ff8a2,0,1762816844359432169,STAT_CREATED,"{""size"":88,""address"":""0x7f5575df1ac0""}"
56ae806af7ff8a2,0,1762816844359433337,STAT_CREATED,"{""size"":88,""address"":""0x7f5575df1b70""}"
56ae806af7ff8a2,0,1762816844359434472,STAT_DESTROYED,"{""size"":88,""address"":""0x7f5575df1ac0""}"
56ae806af7ff8a2,0,1762816844359435585,STAT_CREATED,"{""size"":88,""address"":""0x7f5575df1bd0""}"
56ae806af7ff8a2,0,1762816844359436687,STAT_CREATED,"{""size"":88,""address"":""0x7f554c033f50""}"
56ae806af7ff8a2,0,1762816844359438847,STAT_DESTROYED,"{""size"":88,""address"":""0x7f5575df1bd0""}"
56ae806af7ff8a2,0,1762816844359439982,STAT_DESTROYED,"{""size"":88,""address"":""0x7f5575df1b70""}"
56ae806af7ff8a2,0,1762816844359441151,STAT_CREATED,"{""size"":88,""address"":""0x7f5575df1ac0""}"
56ae806af7ff8a2,0,1762816844359442308,STAT_CREATED,"{""size"":88,""address"":""0x7f5575df1b70""}"
56ae806af7ff8a2,0,1762816844359443410,STAT_DESTROYED,"{""size"":88,""address"":""0x7f5575df1ac0""}"
56ae806af7ff8a2,0,1762816844359444534,STAT_CREATED,"{""size"":88,""address"":""0x7f5575df1bd0""}"
56ae806af7ff8a2,0,1762816844359445636,STAT_CREATED,"{""size"":88,""address"":""0x7f554c034070""}"
56ae806af7ff8a2,0,1762816844359446771,STAT_DESTROYED,"{""size"":88,""address"":""0x7f5575df1bd0""}"
56ae806af7ff8a2,0,1762816844359447973,STAT_DESTROYED,"{""size"":88,""address"":""0x7f5575df1b70""}"
56ae806af7ff8a2,0,1762816844359473894,APPEND_START,"{""count"":2048,""offset"":0,""column_id"":0,""partition"":""0x7f554c004c70""}"
56ae806af7ff8a2,0,1762816844359491194,STAT_CREATED,"{""size"":88,""address"":""0x7f55755f0db0""}"
56ae806af7ff8a2,0,1762816844359502060,STAT_CREATED,"{""size"":88,""address"":""0x7f55755f0e60""}"
56ae806af7ff8a2,0,1762816844359503956,STAT_DESTROYED,"{""size"":88,""address"":""0x7f55755f0db0""}"
56ae806af7ff8a2,0,1762816844359508805,STAT_CREATED,"{""size"":88,""address"":""0x7f55755f0ec0""}"
56ae806af7ff8a2,0,1762816844359510172,STAT_CREATED,"{""size"":88,""address"":""0x7f5550001eb0""}"
56ae806af7ff8a2,0,1762816844359511450,STAT_DESTROYED,"{""size"":88,""address"":""0x7f55755f0ec0""}"
56ae806af7ff8a2,0,1762816844359504202,APPEND_START,"{""count"":2048,""offset"":0,""column_id"":0,""partition"":""0x7f554c032a30""}"
56ae806af7ff8a2,0,1762816844359512585,STAT_DESTROYED,"{""size"":88,""address"":""0x7f55755f0e60""}"
56ae806af7ff8a2,0,1762816844359576113,STAT_CREATED,"{""size"":88,""address"":""0x7f55755f0db0""}"
56ae806af7ff8a2,0,1762816844359546467,APPEND_START,"{""count"":2048,""offset"":0,""column_id"":0,""partition"":""0x7f554c032cb0""}"
56ae806af7ff8a2,0,1762816844359584820,STAT_CREATED,"{""size"":88,""address"":""0x7f55755f0e60""}"
56ae806af7ff8a2,0,1762816844359654329,STAT_DESTROYED,"{""size"":88,""address"":""0x7f55755f0db0""}"
56ae806af7ff8a2,0,1762816844359662771,STAT_CREATED,"{""size"":88,""address"":""0x7f55755f0ec0""}"
56ae806af7ff8a2,0,1762816844359664501,STAT_CREATED,"{""size"":88,""address"":""0x7f5550030b30""}"
56ae806af7ff8a2,0,1762816844359689321,STAT_DESTROYED,"{""size"":88,""address"":""0x7f55755f0ec0""}"
56ae806af7ff8a2,0,1762816844359696903,STAT_DESTROYED,"{""size"":88,""address"":""0x7f55755f0e60""}"
56ae806af7ff8a2,0,1762816844359629055,APPEND_START,"{""count"":2048,""offset"":0,""column_id"":0,""partition"":""0x7f554c032ef0""}"
56ae806af7ff8a2,0,1762816844359699317,STAT_CREATED,"{""size"":88,""address"":""0x7f55755f0db0""}"
56ae806af7ff8a2,0,1762816844359762974,STAT_CREATED,"{""size"":88,""address"":""0x7f55755f0e60""}"
56ae806af7ff8a2,0,1762816844359770611,STAT_DESTROYED,"{""size"":88,""address"":""0x7f55755f0db0""}"
56ae806af7ff8a2,0,1762816844359797436,STAT_CREATED,"{""size"":88,""address"":""0x7f55755f0ec0""}"
56ae806af7ff8a2,0,1762816844359805008,STAT_CREATED,"{""size"":88,""address"":""0x7f5550030c00""}"
56ae806af7ff8a2,0,1762816844359809592,STAT_DESTROYED,"{""size"":88,""address"":""0x7f55755f0ec0""}"
56ae806af7ff8a2,0,1762816844359812359,STAT_DESTROYED,"{""size"":88,""address"":""0x7f55755f0e60""}"
56ae806af7ff8a2,0,1762816844359837178,STAT_CREATED,"{""size"":88,""address"":""0x7f55755f0b80""}"
56ae806af7ff8a2,0,1762816844359863463,STAT_CREATED,"{""size"":88,""address"":""0x7f5550031060""}"
56ae806af7ff8a2,0,1762816844359739496,APPEND_START,"{""count"":2048,""offset"":0,""column_id"":0,""partition"":""0x7f554c033170""}"
56ae806af7ff8a2,0,1762816844359871078,STAT_DESTROYED,"{""size"":88,""address"":""0x7f55755f0b80""}"
56ae806af7ff8a2,0,1762816844359949597,STAT_CREATED,"{""size"":88,""address"":""0x7f55755f0b80""}"
56ae806af7ff8a2,0,1762816844359918480,APPEND_START,"{""count"":2048,""offset"":0,""column_id"":0,""partition"":""0x7f554c0333b0""}"
56ae806af7ff8a2,0,1762816844359958061,STAT_CREATED,"{""size"":88,""address"":""0x7f5550031300""}"
56ae806af7ff8a2,0,1762816844360028146,STAT_DESTROYED,"{""size"":88,""address"":""0x7f55755f0b80""}"
56ae806af7ff8a2,0,1762816844360037304,STAT_CREATED,"{""size"":88,""address"":""0x7f55755f0b80""}"
56ae806af7ff8a2,0,1762816844360040115,STAT_CREATED,"{""size"":88,""address"":""0x7f55500315a0""}"
56ae806af7ff8a2,0,1762816844360041437,STAT_DESTROYED,"{""size"":88,""address"":""0x7f55755f0b80""}"
56ae806af7ff8a2,0,1762816844360050673,STAT_CREATED,"{""size"":88,""address"":""0x7f55755f0b40""}"
56ae806af7ff8a2,0,1762816844360051951,STAT_CREATED,"{""size"":88,""address"":""0x7f55755f0c40""}"
56ae806af7ff8a2,0,1762816844360053108,STAT_DESTROYED,"{""size"":88,""address"":""0x7f55755f0b40""}"
56ae806af7ff8a2,0,1762816844360054332,STAT_CREATED,"{""size"":88,""address"":""0x7f55755f0ca0""}"
56ae806af7ff8a2,0,1762816844360055511,STAT_CREATED,"{""size"":88,""address"":""0x7f55755f0ae0""}"
56ae806af7ff8a2,0,1762816844360056668,STAT_CREATED,"{""size"":88,""address"":""0x7f55500036b0""}"
56ae806af7ff8a2,0,1762816844360057792,STAT_DESTROYED,"{""size"":88,""address"":""0x7f55755f0ae0""}"
56ae806af7ff8a2,0,1762816844360058960,STAT_DESTROYED,"{""size"":88,""address"":""0x7f55755f0ca0""}"
56ae806af7ff8a2,0,1762816844360060096,STAT_DESTROYED,"{""size"":88,""address"":""0x7f55755f0c40""}"
56ae806af7ff8a2,0,1762816844360065308,STAT_CREATED,"{""size"":88,""address"":""0x7f55755f0b40""}"
56ae806af7ff8a2,0,1762816844360066719,STAT_CREATED,"{""size"":88,""address"":""0x7f55755f0c40""}"
56ae806af7ff8a2,0,1762816844360067843,STAT_DESTROYED,"{""size"":88,""address"":""0x7f55755f0b40""}"
56ae806af7ff8a2,0,1762816844360069034,STAT_CREATED,"{""size"":88,""address"":""0x7f55755f0ca0""}"
56ae806af7ff8a2,0,1762816844360070158,STAT_CREATED,"{""size"":88,""address"":""0x7f55755f0ae0""}"
56ae806af7ff8a2,0,1762816844360071260,STAT_CREATED,"{""size"":88,""address"":""0x7f5550031900""}"
56ae806af7ff8a2,0,1762816844360072373,STAT_DESTROYED,"{""size"":88,""address"":""0x7f55755f0ae0""}"
56ae806af7ff8a2,0,1762816844360073993,STAT_DESTROYED,"{""size"":88,""address"":""0x7f55755f0ca0""}"
56ae806af7ff8a2,0,1762816844360075117,STAT_DESTROYED,"{""size"":88,""address"":""0x7f55755f0c40""}"
56ae806af7ff8a2,0,1762816844360077894,STAT_CREATED,"{""size"":88,""address"":""0x7f55755f0b40""}"
56ae806af7ff8a2,0,1762816844360079118,STAT_CREATED,"{""size"":88,""address"":""0x7f55755f0c40""}"
56ae806af7ff8a2,0,1762816844360084981,STAT_DESTROYED,"{""size"":88,""address"":""0x7f55755f0b40""}"
56ae806af7ff8a2,0,1762816844360086193,STAT_CREATED,"{""size"":88,""address"":""0x7f55755f0ca0""}"
56ae806af7ff8a2,0,1762816844360087295,STAT_CREATED,"{""size"":88,""address"":""0x7f55755f0ae0""}"
56ae806af7ff8a2,0,1762816844360088441,STAT_CREATED,"{""size"":88,""address"":""0x7f5550031b50""}"
56ae806af7ff8a2,0,1762816844360089544,STAT_DESTROYED,"{""size"":88,""address"":""0x7f55755f0ae0""}"
56ae806af7ff8a2,0,1762816844360090657,STAT_DESTROYED,"{""size"":88,""address"":""0x7f55755f0ca0""}"
56ae806af7ff8a2,0,1762816844360091770,STAT_DESTROYED,"{""size"":88,""address"":""0x7f55755f0c40""}"
56ae806af7ff8a2,0,1762816844360093346,STAT_CREATED,"{""size"":88,""address"":""0x7f55755f0b40""}"
56ae806af7ff8a2,0,1762816844360094492,STAT_CREATED,"{""size"":88,""address"":""0x7f55755f0c40""}"
56ae806af7ff8a2,0,1762816844360095605,STAT_DESTROYED,"{""size"":88,""address"":""0x7f55755f0b40""}"
56ae806af7ff8a2,0,1762816844360096707,STAT_CREATED,"{""size"":88,""address"":""0x7f55755f0ca0""}"
56ae806af7ff8a2,0,1762816844360097820,STAT_CREATED,"{""size"":88,""address"":""0x7f55755f0ae0""}"
56ae806af7ff8a2,0,1762816844360099022,STAT_CREATED,"{""size"":88,""address"":""0x7f5550031d60""}"
56ae806af7ff8a2,0,1762816844360100157,STAT_DESTROYED,"{""size"":88,""address"":""0x7f55755f0ae0""}"
56ae806af7ff8a2,0,1762816844360101380,STAT_DESTROYED,"{""size"":88,""address"":""0x7f55755f0ca0""}"
56ae806af7ff8a2,0,1762816844360102482,STAT_DESTROYED,"{""size"":88,""address"":""0x7f55755f0c40""}"
56ae806af7ff8a2,0,1762816844360104367,STAT_CREATED,"{""size"":88,""address"":""0x7f55755f0b40""}"
56ae806af7ff8a2,0,1762816844360105590,STAT_CREATED,"{""size"":88,""address"":""0x7f55755f0c40""}"
56ae806af7ff8a2,0,1762816844360106725,STAT_DESTROYED,"{""size"":88,""address"":""0x7f55755f0b40""}"
56ae806af7ff8a2,0,1762816844360112148,STAT_CREATED,"{""size"":88,""address"":""0x7f55755f0ca0""}"
56ae806af7ff8a2,0,1762816844360113393,STAT_CREATED,"{""size"":88,""address"":""0x7f55755f0ae0""}"
56ae806af7ff8a2,0,1762816844360114616,STAT_CREATED,"{""size"":88,""address"":""0x7f5550031fe0""}"
56ae806af7ff8a2,0,1762816844360115740,STAT_DESTROYED,"{""size"":88,""address"":""0x7f55755f0ae0""}"
56ae806af7ff8a2,0,1762816844360117008,STAT_DESTROYED,"{""size"":88,""address"":""0x7f55755f0ca0""}"
56ae806af7ff8a2,0,1762816844360118143,STAT_DESTROYED,"{""size"":88,""address"":""0x7f55755f0c40""}"
56ae806af7ff8a2,0,1762816844360119697,STAT_CREATED,"{""size"":88,""address"":""0x7f55755f0b40""}"
56ae806af7ff8a2,0,1762816844360120920,STAT_CREATED,"{""size"":88,""address"":""0x7f55755f0c40""}"
56ae806af7ff8a2,0,1762816844360122088,STAT_DESTROYED,"{""size"":88,""address"":""0x7f55755f0b40""}"
56ae806af7ff8a2,0,1762816844360123235,STAT_CREATED,"{""size"":88,""address"":""0x7f55755f0ca0""}"
56ae806af7ff8a2,0,1762816844360124337,STAT_CREATED,"{""size"":88,""address"":""0x7f55755f0ae0""}"
56ae806af7ff8a2,0,1762816844360125428,STAT_CREATED,"{""size"":88,""address"":""0x7f5550032220""}"
56ae806af7ff8a2,0,1762816844360126618,STAT_DESTROYED,"{""size"":88,""address"":""0x7f55755f0ae0""}"
56ae806af7ff8a2,0,1762816844360127897,STAT_DESTROYED,"{""size"":88,""address"":""0x7f55755f0ca0""}"
56ae806af7ff8a2,0,1762816844360128999,STAT_DESTROYED,"{""size"":88,""address"":""0x7f55755f0c40""}"
56ae806af7ff8a2,0,1762816844360131467,STAT_CREATED,"{""size"":88,""address"":""0x7f55755f0ca0""}"
56ae806af7ff8a2,0,1762816844360132691,STAT_CREATED,"{""size"":88,""address"":""0x7f55755f0d50""}"
56ae806af7ff8a2,0,1762816844360133782,STAT_DESTROYED,"{""size"":88,""address"":""0x7f55755f0ca0""}"
56ae806af7ff8a2,0,1762816844360134950,STAT_CREATED,"{""size"":88,""address"":""0x7f55755f0db0""}"
56ae806af7ff8a2,0,1762816844360136085,STAT_CREATED,"{""size"":88,""address"":""0x7f5550032400""}"
56ae806af7ff8a2,0,1762816844360137694,STAT_DESTROYED,"{""size"":88,""address"":""0x7f55755f0db0""}"
56ae806af7ff8a2,0,1762816844360138829,STAT_DESTROYED,"{""size"":88,""address"":""0x7f55755f0d50""}"
56ae806af7ff8a2,0,1762816844360141298,STAT_CREATED,"{""size"":88,""address"":""0x7f55755f0ca0""}"
56ae806af7ff8a2,0,1762816844360142510,STAT_CREATED,"{""size"":88,""address"":""0x7f55755f0d50""}"
56ae806af7ff8a2,0,1762816844360143645,STAT_DESTROYED,"{""size"":88,""address"":""0x7f55755f0ca0""}"
56ae806af7ff8a2,0,1762816844360144803,STAT_CREATED,"{""size"":88,""address"":""0x7f55755f0db0""}"
56ae806af7ff8a2,0,1762816844360145949,STAT_CREATED,"{""size"":88,""address"":""0x7f55500325e0""}"
56ae806af7ff8a2,0,1762816844360147128,STAT_DESTROYED,"{""size"":88,""address"":""0x7f55755f0db0""}"
56ae806af7ff8a2,0,1762816844360148429,STAT_DESTROYED,"{""size"":88,""address"":""0x7f55755f0d50""}"
56ae806af7ff8a2,0,1762816844360149707,STAT_CREATED,"{""size"":88,""address"":""0x7f55755f0ca0""}"
56ae806af7ff8a2,0,1762816844360150875,STAT_CREATED,"{""size"":88,""address"":""0x7f55755f0d50""}"
56ae806af7ff8a2,0,1762816844360151988,STAT_DESTROYED,"{""size"":88,""address"":""0x7f55755f0ca0""}"
56ae806af7ff8a2,0,1762816844360153112,STAT_CREATED,"{""size"":88,""address"":""0x7f55755f0db0""}"
56ae806af7ff8a2,0,1762816844360154248,STAT_CREATED,"{""size"":88,""address"":""0x7f5550032700""}"
56ae806af7ff8a2,0,1762816844360155361,STAT_DESTROYED,"{""size"":88,""address"":""0x7f55755f0db0""}"
56ae806af7ff8a2,0,1762816844360156463,STAT_DESTROYED,"{""size"":88,""address"":""0x7f55755f0d50""}"
56ae806af7ff8a2,0,1762816844360161499,APPEND_START,"{""count"":2048,""offset"":0,""column_id"":0,""partition"":""0x7f5550003660""}"
56ae806af7ff8a2,0,1762816844360169537,APPEND_START,"{""count"":2048,""offset"":0,""column_id"":0,""partition"":""0x7f554c004c70""}"
56ae806af7ff8a2,0,1762816844360200131,START_INITIALISE_ADDITIONAL_STATS,"{""stats"":""0x7f554c004cc0"",""type"":""cluster""}"
56ae806af7ff8a2,0,1762816844360173733,APPEND_START,"{""count"":2048,""offset"":0,""column_id"":0,""partition"":""0x7f55500318b0""}"
56ae806af7ff8a2,0,1762816844360297079,APPEND_START,"{""count"":2048,""offset"":0,""column_id"":0,""partition"":""0x7f5550031b00""}"
56ae806af7ff8a2,0,1762816844360307582,APPEND_START,"{""count"":2048,""offset"":0,""column_id"":0,""partition"":""0x7f5550031d10""}"
56ae806af7ff8a2,0,1762816844360313787,APPEND_START,"{""count"":2048,""offset"":0,""column_id"":0,""partition"":""0x7f5550031f90""}"
56ae806af7ff8a2,0,1762816844360321876,APPEND_START,"{""count"":2048,""offset"":0,""column_id"":0,""partition"":""0x7f55500321d0""}"
56ae806af7ff8a2,0,1762816844360435715,END_INITIALISE_ADDITIONAL_STATS,"{""stats"":""0x7f554c004cc0"",""type"":""cluster"",""size"":3200}"
56ae806af7ff8a2,0,1762816844360480218,STAT_CREATED,"{""size"":88,""address"":""0x7f5575df19c0""}"
56ae806af7ff8a2,0,1762816844360483403,STAT_CREATED,"{""size"":88,""address"":""0x7f5575df1ac0""}"
56ae806af7ff8a2,0,1762816844360484990,STAT_DESTROYED,"{""size"":88,""address"":""0x7f5575df19c0""}"
56ae806af7ff8a2,0,1762816844360486302,STAT_CREATED,"{""size"":88,""address"":""0x7f5575df1b20""}"
56ae806af7ff8a2,0,1762816844360487514,STAT_CREATED,"{""size"":88,""address"":""0x7f5575df1960""}"
56ae806af7ff8a2,0,1762816844360488649,STAT_CREATED,"{""size"":88,""address"":""0x7f554c03e180""}"
56ae806af7ff8a2,0,1762816844360489751,STAT_DESTROYED,"{""size"":88,""address"":""0x7f5575df1960""}"
56ae806af7ff8a2,0,1762816844360490886,STAT_DESTROYED,"{""size"":88,""address"":""0x7f5575df1b20""}"
56ae806af7ff8a2,0,1762816844360491988,STAT_DESTROYED,"{""size"":88,""address"":""0x7f5575df1ac0""}"
56ae806af7ff8a2,0,1762816844360494248,APPEND_START,"{""count"":2048,""offset"":0,""column_id"":1,""partition"":""0x7f554c03e130""}"
56ae806af7ff8a2,0,1762816844360521580,APPEND_START,"{""count"":2048,""offset"":0,""column_id"":0,""partition"":""0x7f554c032a30""}"
56ae806af7ff8a2,0,1762816844360558313,APPEND_START,"{""count"":2048,""offset"":0,""column_id"":0,""partition"":""0x7f554c032cb0""}"
56ae806af7ff8a2,0,1762816844360572287,START_INITIALISE_ADDITIONAL_STATS,"{""stats"":""0x7f554c032d00"",""type"":""cluster""}"
56ae806af7ff8a2,0,1762816844360494928,APPEND_START,"{""count"":2048,""offset"":0,""column_id"":0,""partition"":""0x7f5550003660""}"
56ae806af7ff8a2,0,1762816844360612635,START_INITIALISE_ADDITIONAL_STATS,"{""stats"":""0x7f55500036b0"",""type"":""cluster""}"
56ae806af7ff8a2,0,1762816844360740776,END_INITIALISE_ADDITIONAL_STATS,"{""stats"":""0x7f554c032d00"",""type"":""cluster"",""size"":3200}"
56ae806af7ff8a2,0,1762816844360773221,STAT_CREATED,"{""size"":88,""address"":""0x7f5575df19c0""}"
56ae806af7ff8a2,0,1762816844360776131,STAT_CREATED,"{""size"":88,""address"":""0x7f5575df1ac0""}"
56ae806af7ff8a2,0,1762816844360777630,STAT_DESTROYED,"{""size"":88,""address"":""0x7f5575df19c0""}"
56ae806af7ff8a2,0,1762816844360778908,STAT_CREATED,"{""size"":88,""address"":""0x7f5575df1b20""}"
56ae806af7ff8a2,0,1762816844360780109,STAT_CREATED,"{""size"":88,""address"":""0x7f5575df1960""}"
56ae806af7ff8a2,0,1762816844360781234,STAT_CREATED,"{""size"":88,""address"":""0x7f554c0534d0""}"
56ae806af7ff8a2,0,1762816844360782336,STAT_DESTROYED,"{""size"":88,""address"":""0x7f5575df1960""}"
56ae806af7ff8a2,0,1762816844360783460,STAT_DESTROYED,"{""size"":88,""address"":""0x7f5575df1b20""}"
56ae806af7ff8a2,0,1762816844360784551,STAT_DESTROYED,"{""size"":88,""address"":""0x7f5575df1ac0""}"
56ae806af7ff8a2,0,1762816844360786546,APPEND_START,"{""count"":2048,""offset"":0,""column_id"":1,""partition"":""0x7f554c053480""}"
56ae806af7ff8a2,0,1762816844360795550,APPEND_START,"{""count"":2048,""offset"":0,""column_id"":0,""partition"":""0x7f554c032ef0""}"
56ae806af7ff8a2,0,1762816844360800785,APPEND_START,"{""count"":2048,""offset"":0,""column_id"":0,""partition"":""0x7f554c033170""}"
56ae806af7ff8a2,0,1762816844360803253,START_INITIALISE_ADDITIONAL_STATS,"{""stats"":""0x7f554c0331c0"",""type"":""cluster""}"
56ae806af7ff8a2,0,1762816844360806295,END_INITIALISE_ADDITIONAL_STATS,"{""stats"":""0x7f55500036b0"",""type"":""cluster"",""size"":3200}"
56ae806af7ff8a2,0,1762816844360818463,STAT_CREATED,"{""size"":88,""address"":""0x7f55755f09c0""}"
56ae806af7ff8a2,0,1762816844360820568,STAT_CREATED,"{""size"":88,""address"":""0x7f55755f0ac0""}"
56ae806af7ff8a2,0,1762816844360821824,STAT_DESTROYED,"{""size"":88,""address"":""0x7f55755f09c0""}"
56ae806af7ff8a2,0,1762816844360823102,STAT_CREATED,"{""size"":88,""address"":""0x7f55755f0b20""}"
56ae806af7ff8a2,0,1762816844360824293,STAT_CREATED,"{""size"":88,""address"":""0x7f55755f0960""}"
56ae806af7ff8a2,0,1762816844360825406,STAT_CREATED,"{""size"":88,""address"":""0x7f555003c750""}"
56ae806af7ff8a2,0,1762816844360826486,STAT_DESTROYED,"{""size"":88,""address"":""0x7f55755f0960""}"
56ae806af7ff8a2,0,1762816844360827599,STAT_DESTROYED,"{""size"":88,""address"":""0x7f55755f0b20""}"
56ae806af7ff8a2,0,1762816844360828690,STAT_DESTROYED,"{""size"":88,""address"":""0x7f55755f0ac0""}"
56ae806af7ff8a2,0,1762816844360830751,APPEND_START,"{""count"":2048,""offset"":0,""column_id"":1,""partition"":""0x7f555003c700""}"
56ae806af7ff8a2,0,1762816844360837342,APPEND_START,"{""count"":2048,""offset"":0,""column_id"":0,""partition"":""0x7f55500318b0""}"
56ae806af7ff8a2,0,1762816844360844472,APPEND_START,"{""count"":2048,""offset"":0,""column_id"":0,""partition"":""0x7f5550031b00""}"
56ae806af7ff8a2,0,1762816844360847547,START_INITIALISE_ADDITIONAL_STATS,"{""stats"":""0x7f5550031b50"",""type"":""cluster""}"
56ae806af7ff8a2,0,1762816844360969174,END_INITIALISE_ADDITIONAL_STATS,"{""stats"":""0x7f554c0331c0"",""type"":""cluster"",""size"":3200}"
56ae806af7ff8a2,0,1762816844361002887,STAT_CREATED,"{""size"":88,""address"":""0x7f5575df19c0""}"
56ae806af7ff8a2,0,1762816844361005841,STAT_CREATED,"{""size"":88,""address"":""0x7f5575df1ac0""}"
56ae806af7ff8a2,0,1762816844361026086,STAT_DESTROYED,"{""size"":88,""address"":""0x7f5575df19c0""}"
56ae806af7ff8a2,0,1762816844361033922,STAT_CREATED,"{""size"":88,""address"":""0x7f5575df1b20""}"
56ae806af7ff8a2,0,1762816844361035697,STAT_CREATED,"{""size"":88,""address"":""0x7f5575df1960""}"
56ae806af7ff8a2,0,1762816844361055248,STAT_CREATED,"{""size"":88,""address"":""0x7f554c054100""}"
56ae806af7ff8a2,0,1762816844361099001,STAT_DESTROYED,"{""size"":88,""address"":""0x7f5575df1960""}"
56ae806af7ff8a2,0,1762816844361129948,STAT_DESTROYED,"{""size"":88,""address"":""0x7f5575df1b20""}"
56ae806af7ff8a2,0,1762816844361137475,STAT_DESTROYED,"{""size"":88,""address"":""0x7f5575df1ac0""}"
56ae806af7ff8a2,0,1762816844361005995,END_INITIALISE_ADDITIONAL_STATS,"{""stats"":""0x7f5550031b50"",""type"":""cluster"",""size"":3200}"
56ae806af7ff8a2,0,1762816844361140440,APPEND_START,"{""count"":2048,""offset"":0,""column_id"":1,""partition"":""0x7f554c0540b0""}"
56ae806af7ff8a2,0,1762816844361245431,APPEND_START,"{""count"":2048,""offset"":0,""column_id"":0,""partition"":""0x7f554c0333b0""}"
56ae806af7ff8a2,0,1762816844361181493,STAT_CREATED,"{""size"":88,""address"":""0x7f55755f09c0""}"
56ae806af7ff8a2,0,1762816844361332047,STAT_CREATED,"{""size"":88,""address"":""0x7f55755f0ac0""}"
56ae806af7ff8a2,0,1762816844361339729,STAT_DESTROYED,"{""size"":88,""address"":""0x7f55755f09c0""}"
56ae806af7ff8a2,0,1762816844361341966,STAT_CREATED,"{""size"":88,""address"":""0x7f55755f0b20""}"
56ae806af7ff8a2,0,1762816844361343487,STAT_CREATED,"{""size"":88,""address"":""0x7f55755f0960""}"
56ae806af7ff8a2,0,1762816844361344633,STAT_CREATED,"{""size"":88,""address"":""0x7f5550051ae0""}"
56ae806af7ff8a2,0,1762816844361345790,STAT_DESTROYED,"{""size"":88,""address"":""0x7f55755f0960""}"
56ae806af7ff8a2,0,1762816844361347025,STAT_DESTROYED,"{""size"":88,""address"":""0x7f55755f0b20""}"
56ae806af7ff8a2,0,1762816844361348149,STAT_DESTROYED,"{""size"":88,""address"":""0x7f55755f0ac0""}"
56ae806af7ff8a2,0,1762816844361351808,APPEND_START,"{""count"":2048,""offset"":0,""column_id"":1,""partition"":""0x7f5550051a90""}"
56ae806af7ff8a2,0,1762816844361360635,APPEND_START,"{""count"":2048,""offset"":0,""column_id"":0,""partition"":""0x7f5550031d10""}"
56ae806af7ff8a2,0,1762816844361373662,APPEND_START,"{""count"":2048,""offset"":0,""column_id"":0,""partition"":""0x7f5550031f90""}"
56ae806af7ff8a2,0,1762816844361376318,START_INITIALISE_ADDITIONAL_STATS,"{""stats"":""0x7f5550031fe0"",""type"":""cluster""}"
56ae806af7ff8a2,0,1762816844361461034,APPEND_START,"{""count"":2048,""offset"":0,""column_id"":1,""partition"":""0x7f554c03e130""}"
56ae806af7ff8a2,0,1762816844361511653,APPEND_START,"{""count"":2048,""offset"":0,""column_id"":0,""partition"":""0x7f554c032a30""}"
56ae806af7ff8a2,0,1762816844361528614,APPEND_START,"{""count"":2048,""offset"":0,""column_id"":1,""partition"":""0x7f554c053480""}"
56ae806af7ff8a2,0,1762816844361534797,APPEND_START,"{""count"":2048,""offset"":0,""column_id"":0,""partition"":""0x7f554c032ef0""}"
56ae806af7ff8a2,0,1762816844361541875,END_INITIALISE_ADDITIONAL_STATS,"{""stats"":""0x7f5550031fe0"",""type"":""cluster"",""size"":3200}"
56ae806af7ff8a2,0,1762816844361548309,APPEND_START,"{""count"":2048,""offset"":0,""column_id"":1,""partition"":""0x7f554c0540b0""}"
56ae806af7ff8a2,0,1762816844361552356,STAT_CREATED,"{""size"":88,""address"":""0x7f55755f09c0""}"
56ae806af7ff8a2,0,1762816844361553965,STAT_CREATED,"{""size"":88,""address"":""0x7f55755f0ac0""}"
56ae806af7ff8a2,0,1762816844361558043,STAT_DESTROYED,"{""size"":88,""address"":""0x7f55755f09c0""}"
56ae806af7ff8a2,0,1762816844361559255,STAT_CREATED,"{""size"":88,""address"":""0x7f55755f0b20""}"
56ae806af7ff8a2,0,1762816844361560401,STAT_CREATED,"{""size"":88,""address"":""0x7f55755f0960""}"
56ae806af7ff8a2,0,1762816844361561537,STAT_CREATED,"{""size"":88,""address"":""0x7f5550052620""}"
56ae806af7ff8a2,0,1762816844361562749,STAT_DESTROYED,"{""size"":88,""address"":""0x7f55755f0960""}"
56ae806af7ff8a2,0,1762816844361582190,STAT_DESTROYED,"{""size"":88,""address"":""0x7f55755f0b20""}"
56ae806af7ff8a2,0,1762816844361590026,STAT_DESTROYED,"{""size"":88,""address"":""0x7f55755f0ac0""}"
56ae806af7ff8a2,0,1762816844361554040,APPEND_START,"{""count"":2048,""offset"":0,""column_id"":0,""partition"":""0x7f554c0333b0""}"
56ae806af7ff8a2,0,1762816844361592957,APPEND_START,"{""count"":2048,""offset"":0,""column_id"":1,""partition"":""0x7f55500525d0""}"
56ae806af7ff8a2,0,1762816844361669465,APPEND_START,"{""count"":2048,""offset"":0,""column_id"":0,""partition"":""0x7f55500321d0""}"
56ae806af7ff8a2,0,1762816844361802849,APPEND_START,"{""count"":2048,""offset"":0,""column_id"":1,""partition"":""0x7f554c03e130""}"
56ae806af7ff8a2,0,1762816844361842734,APPEND_START,"{""count"":2048,""offset"":0,""column_id"":0,""partition"":""0x7f554c032a30""}"
56ae806af7ff8a2,0,1762816844361847222,APPEND_START,"{""count"":2048,""offset"":0,""column_id"":1,""partition"":""0x7f555003c700""}"
56ae806af7ff8a2,0,1762816844361853446,APPEND_START,"{""count"":2048,""offset"":0,""column_id"":1,""partition"":""0x7f554c053480""}"
56ae806af7ff8a2,0,1762816844361866399,APPEND_START,"{""count"":2048,""offset"":0,""column_id"":0,""partition"":""0x7f55500318b0""}"
56ae806af7ff8a2,0,1762816844361875764,APPEND_START,"{""count"":2048,""offset"":0,""column_id"":0,""partition"":""0x7f554c032ef0""}"
56ae806af7ff8a2,0,1762816844361880572,APPEND_START,"{""count"":2048,""offset"":0,""column_id"":1,""partition"":""0x7f5550051a90""}"
56ae806af7ff8a2,0,1762816844361882454,APPEND_START,"{""count"":2048,""offset"":0,""column_id"":1,""partition"":""0x7f554c0540b0""}"
56ae806af7ff8a2,0,1762816844361886512,APPEND_START,"{""count"":2048,""offset"":0,""column_id"":0,""partition"":""0x7f5550031d10""}"
56ae806af7ff8a2,0,1762816844361898577,APPEND_START,"{""count"":2048,""offset"":0,""column_id"":0,""partition"":""0x7f554c0333b0""}"
56ae806af7ff8a2,0,1762816844361899208,APPEND_START,"{""count"":2048,""offset"":0,""column_id"":1,""partition"":""0x7f55500525d0""}"
56ae806af7ff8a2,0,1762816844361973559,APPEND_START,"{""count"":2048,""offset"":0,""column_id"":0,""partition"":""0x7f55500321d0""}"
56ae806af7ff8a2,0,1762816844362090375,APPEND_START,"{""count"":2048,""offset"":0,""column_id"":1,""partition"":""0x7f554c03e130""}"
56ae806af7ff8a2,0,1762816844362128232,APPEND_START,"{""count"":2048,""offset"":0,""column_id"":0,""partition"":""0x7f554c032a30""}"
56ae806af7ff8a2,0,1762816844362154230,APPEND_START,"{""count"":2048,""offset"":0,""column_id"":1,""partition"":""0x7f554c053480""}"
56ae806af7ff8a2,0,1762816844362159053,APPEND_START,"{""count"":2048,""offset"":0,""column_id"":1,""partition"":""0x7f555003c700""}"
56ae806af7ff8a2,0,1762816844362161934,APPEND_START,"{""count"":2048,""offset"":0,""column_id"":0,""partition"":""0x7f554c032ef0""}"
56ae806af7ff8a2,0,1762816844362166734,APPEND_START,"{""count"":2048,""offset"":0,""column_id"":0,""partition"":""0x7f55500318b0""}"
56ae806af7ff8a2,0,1762816844362173821,APPEND_START,"{""count"":2048,""offset"":0,""column_id"":1,""partition"":""0x7f5550051a90""}"
56ae806af7ff8a2,0,1762816844362188969,APPEND_START,"{""count"":2048,""offset"":0,""column_id"":1,""partition"":""0x7f554c0540b0""}"
56ae806af7ff8a2,0,1762816844362189327,APPEND_START,"{""count"":2048,""offset"":0,""column_id"":0,""partition"":""0x7f5550031d10""}"
56ae806af7ff8a2,0,1762816844362197289,APPEND_START,"{""count"":2048,""offset"":0,""column_id"":0,""partition"":""0x7f554c0333b0""}"
56ae806af7ff8a2,0,1762816844362200503,APPEND_START,"{""count"":2048,""offset"":0,""column_id"":1,""partition"":""0x7f55500525d0""}"
56ae806af7ff8a2,0,1762816844362213022,APPEND_START,"{""count"":2048,""offset"":0,""column_id"":0,""partition"":""0x7f55500321d0""}"
56ae806af7ff8a2,0,1762816844362367773,APPEND_START,"{""count"":2048,""offset"":0,""column_id"":1,""partition"":""0x7f554c03e130""}"
56ae806af7ff8a2,0,1762816844362375152,APPEND_START,"{""count"":2048,""offset"":0,""column_id"":1,""partition"":""0x7f555003c700""}"
56ae806af7ff8a2,0,1762816844362437932,APPEND_START,"{""count"":2048,""offset"":0,""column_id"":0,""partition"":""0x7f554c032a30""}"
56ae806af7ff8a2,0,1762816844362474147,APPEND_START,"{""count"":2048,""offset"":0,""column_id"":1,""partition"":""0x7f554c053480""}"
56ae806af7ff8a2,0,1762816844362539061,APPEND_START,"{""count"":2048,""offset"":0,""column_id"":0,""partition"":""0x7f554c032ef0""}"
56ae806af7ff8a2,0,1762816844362575386,APPEND_START,"{""count"":2048,""offset"":0,""column_id"":1,""partition"":""0x7f554c0540b0""}"
56ae806af7ff8a2,0,1762816844362608581,APPEND_START,"{""count"":2048,""offset"":0,""column_id"":0,""partition"":""0x7f554c0333b0""}"
56ae806af7ff8a2,0,1762816844362443294,APPEND_START,"{""count"":2048,""offset"":0,""column_id"":0,""partition"":""0x7f55500318b0""}"
56ae806af7ff8a2,0,1762816844362733035,APPEND_START,"{""count"":2048,""offset"":0,""column_id"":1,""partition"":""0x7f5550051a90""}"
56ae806af7ff8a2,0,1762816844362742613,APPEND_START,"{""count"":2048,""offset"":0,""column_id"":0,""partition"":""0x7f5550031d10""}"
56ae806af7ff8a2,0,1762816844362760467,APPEND_START,"{""count"":2048,""offset"":0,""column_id"":1,""partition"":""0x7f55500525d0""}"
56ae806af7ff8a2,0,1762816844362767233,APPEND_START,"{""count"":2048,""offset"":0,""column_id"":0,""partition"":""0x7f55500321d0""}"
56ae806af7ff8a2,0,1762816844362831160,APPEND_START,"{""count"":2048,""offset"":0,""column_id"":1,""partition"":""0x7f554c03e130""}"
56ae806af7ff8a2,0,1762816844362872886,APPEND_START,"{""count"":2048,""offset"":0,""column_id"":0,""partition"":""0x7f554c032a30""}"
56ae806af7ff8a2,0,1762816844362880710,APPEND_START,"{""count"":2048,""offset"":0,""column_id"":1,""partition"":""0x7f554c053480""}"
56ae806af7ff8a2,0,1762816844362886177,APPEND_START,"{""count"":2048,""offset"":0,""column_id"":0,""partition"":""0x7f554c032ef0""}"
56ae806af7ff8a2,0,1762816844362893451,APPEND_START,"{""count"":2048,""offset"":0,""column_id"":1,""partition"":""0x7f554c0540b0""}"
56ae806af7ff8a2,0,1762816844362899038,APPEND_START,"{""count"":2048,""offset"":0,""column_id"":0,""partition"":""0x7f554c0333b0""}"
56ae806af7ff8a2,0,1762816844362941574,APPEND_START,"{""count"":2048,""offset"":0,""column_id"":1,""partition"":""0x7f555003c700""}"
56ae806af7ff8a2,0,1762816844362992293,APPEND_START,"{""count"":2048,""offset"":0,""column_id"":0,""partition"":""0x7f55500318b0""}"
56ae806af7ff8a2,0,1762816844363000657,APPEND_START,"{""count"":2048,""offset"":0,""column_id"":1,""partition"":""0x7f5550051a90""}"
56ae806af7ff8a2,0,1762816844363008394,APPEND_START,"{""count"":2048,""offset"":0,""column_id"":0,""partition"":""0x7f5550031d10""}"
56ae806af7ff8a2,0,1762816844363014301,APPEND_START,"{""count"":2048,""offset"":0,""column_id"":1,""partition"":""0x7f55500525d0""}"
56ae806af7ff8a2,0,1762816844363022203,APPEND_START,"{""count"":2048,""offset"":0,""column_id"":0,""partition"":""0x7f55500321d0""}"
56ae806af7ff8a2,0,1762816844363104976,APPEND_START,"{""count"":2048,""offset"":0,""column_id"":1,""partition"":""0x7f554c03e130""}"
56ae806af7ff8a2,0,1762816844363153777,APPEND_START,"{""count"":2048,""offset"":0,""column_id"":0,""partition"":""0x7f554c032a30""}"
56ae806af7ff8a2,0,1762816844363164897,APPEND_START,"{""count"":2048,""offset"":0,""column_id"":1,""partition"":""0x7f554c053480""}"
56ae806af7ff8a2,0,1762816844363171906,APPEND_START,"{""count"":2048,""offset"":0,""column_id"":0,""partition"":""0x7f554c032ef0""}"
56ae806af7ff8a2,0,1762816844363181847,APPEND_START,"{""count"":2048,""offset"":0,""column_id"":1,""partition"":""0x7f554c0540b0""}"
56ae806af7ff8a2,0,1762816844363188537,APPEND_START,"{""count"":2048,""offset"":0,""column_id"":0,""partition"":""0x7f554c0333b0""}"
56ae806af7ff8a2,0,1762816844363190560,APPEND_START,"{""count"":2048,""offset"":0,""column_id"":1,""partition"":""0x7f555003c700""}"
56ae806af7ff8a2,0,1762816844363204160,APPEND_START,"{""count"":2048,""offset"":0,""column_id"":0,""partition"":""0x7f55500318b0""}"
56ae806af7ff8a2,0,1762816844363210287,APPEND_START,"{""count"":2048,""offset"":0,""column_id"":1,""partition"":""0x7f5550051a90""}"
56ae806af7ff8a2,0,1762816844363216194,APPEND_START,"{""count"":2048,""offset"":0,""column_id"":0,""partition"":""0x7f5550031d10""}"
56ae806af7ff8a2,0,1762816844363223005,APPEND_START,"{""count"":2048,""offset"":0,""column_id"":1,""partition"":""0x7f55500525d0""}"
56ae806af7ff8a2,0,1762816844363228373,APPEND_START,"{""count"":2048,""offset"":0,""column_id"":0,""partition"":""0x7f55500321d0""}"
56ae806af7ff8a2,0,1762816844363390733,APPEND_START,"{""count"":2048,""offset"":0,""column_id"":1,""partition"":""0x7f555003c700""}"
56ae806af7ff8a2,0,1762816844363446081,APPEND_START,"{""count"":2048,""offset"":0,""column_id"":0,""partition"":""0x7f55500318b0""}"
56ae806af7ff8a2,0,1762816844363483607,APPEND_START,"{""count"":2048,""offset"":0,""column_id"":1,""partition"":""0x7f5550051a90""}"
56ae806af7ff8a2,0,1762816844363514874,APPEND_START,"{""count"":2048,""offset"":0,""column_id"":0,""partition"":""0x7f5550031d10""}"
56ae806af7ff8a2,0,1762816844363548851,APPEND_START,"{""count"":2048,""offset"":0,""column_id"":1,""partition"":""0x7f55500525d0""}"
56ae806af7ff8a2,0,1762816844363580140,APPEND_START,"{""count"":2048,""offset"":0,""column_id"":0,""partition"":""0x7f55500321d0""}"
56ae806af7ff8a2,0,1762816844363411965,APPEND_START,"{""count"":2048,""offset"":0,""column_id"":1,""partition"":""0x7f554c03e130""}"
56ae806af7ff8a2,0,1762816844363639052,APPEND_START,"{""count"":2048,""offset"":0,""column_id"":0,""partition"":""0x7f554c032a30""}"
56ae806af7ff8a2,0,1762816844363642138,START_INITIALISE_ADDITIONAL_STATS,"{""stats"":""0x7f554c032a80"",""type"":""cluster""}"
56ae806af7ff8a2,0,1762816844363773547,APPEND_START,"{""count"":2048,""offset"":0,""column_id"":1,""partition"":""0x7f555003c700""}"
56ae806af7ff8a2,0,1762816844363815647,APPEND_START,"{""count"":2048,""offset"":0,""column_id"":0,""partition"":""0x7f55500318b0""}"
56ae806af7ff8a2,0,1762816844363819471,START_INITIALISE_ADDITIONAL_STATS,"{""stats"":""0x7f5550031900"",""type"":""cluster""}"
56ae806af7ff8a2,0,1762816844364738327,END_INITIALISE_ADDITIONAL_STATS,"{""stats"":""0x7f554c032a80"",""type"":""cluster"",""size"":3200}"
56ae806af7ff8a2,0,1762816844364778675,STAT_CREATED,"{""size"":88,""address"":""0x7f5575df19e0""}"
56ae806af7ff8a2,0,1762816844364781441,STAT_CREATED,"{""size"":88,""address"":""0x7f5575df1ae0""}"
56ae806af7ff8a2,0,1762816844364782973,STAT_DESTROYED,"{""size"":88,""address"":""0x7f5575df19e0""}"
56ae806af7ff8a2,0,1762816844364784307,STAT_CREATED,"{""size"":88,""address"":""0x7f5575df1b40""}"
56ae806af7ff8a2,0,1762816844364785552,STAT_CREATED,"{""size"":88,""address"":""0x7f5575df1980""}"
56ae806af7ff8a2,0,1762816844364786687,STAT_CREATED,"{""size"":88,""address"":""0x7f554c036d60""}"
56ae806af7ff8a2,0,1762816844364787778,STAT_DESTROYED,"{""size"":88,""address"":""0x7f5575df1980""}"
56ae806af7ff8a2,0,1762816844364793267,STAT_DESTROYED,"{""size"":88,""address"":""0x7f5575df1b40""}"
56ae806af7ff8a2,0,1762816844364794468,STAT_DESTROYED,"{""size"":88,""address"":""0x7f5575df1ae0""}"
56ae806af7ff8a2,0,1762816844364796881,APPEND_START,"{""count"":2048,""offset"":0,""column_id"":1,""partition"":""0x7f554c036d10""}"
56ae806af7ff8a2,0,1762816844364804376,APPEND_START,"{""count"":2048,""offset"":0,""column_id"":1,""partition"":""0x7f554c053480""}"
56ae806af7ff8a2,0,1762816844364810900,APPEND_START,"{""count"":2048,""offset"":0,""column_id"":0,""partition"":""0x7f554c032ef0""}"
56ae806af7ff8a2,0,1762816844364813347,START_INITIALISE_ADDITIONAL_STATS,"{""stats"":""0x7f554c032f40"",""type"":""cluster""}"
56ae806af7ff8a2,0,1762816844365019618,END_INITIALISE_ADDITIONAL_STATS,"{""stats"":""0x7f5550031900"",""type"":""cluster"",""size"":3200}"
56ae806af7ff8a2,0,1762816844365065200,STAT_CREATED,"{""size"":88,""address"":""0x7f55755f09e0""}"
56ae806af7ff8a2,0,1762816844365067879,STAT_CREATED,"{""size"":88,""address"":""0x7f55755f0ae0""}"
56ae806af7ff8a2,0,1762816844365069410,STAT_DESTROYED,"{""size"":88,""address"":""0x7f55755f09e0""}"
56ae806af7ff8a2,0,1762816844365070722,STAT_CREATED,"{""size"":88,""address"":""0x7f55755f0b40""}"
56ae806af7ff8a2,0,1762816844365071934,STAT_CREATED,"{""size"":88,""address"":""0x7f55755f0980""}"
56ae806af7ff8a2,0,1762816844365073069,STAT_CREATED,"{""size"":88,""address"":""0x7f55500353a0""}"
56ae806af7ff8a2,0,1762816844365074194,STAT_DESTROYED,"{""size"":88,""address"":""0x7f55755f0980""}"
56ae806af7ff8a2,0,1762816844365078271,STAT_DESTROYED,"{""size"":88,""address"":""0x7f55755f0b40""}"
56ae806af7ff8a2,0,1762816844365079484,STAT_DESTROYED,"{""size"":88,""address"":""0x7f55755f0ae0""}"
56ae806af7ff8a2,0,1762816844365081710,APPEND_START,"{""count"":2048,""offset"":0,""column_id"":1,""partition"":""0x7f5550035350""}"
56ae806af7ff8a2,0,1762816844365089303,APPEND_START,"{""count"":2048,""offset"":0,""column_id"":1,""partition"":""0x7f5550051a90""}"
56ae806af7ff8a2,0,1762816844365100677,APPEND_START,"{""count"":2048,""offset"":0,""column_id"":0,""partition"":""0x7f5550031d10""}"
56ae806af7ff8a2,0,1762816844365103102,START_INITIALISE_ADDITIONAL_STATS,"{""stats"":""0x7f5550031d60"",""type"":""cluster""}"
56ae806af7ff8a2,0,1762816844365909591,END_INITIALISE_ADDITIONAL_STATS,"{""stats"":""0x7f554c032f40"",""type"":""cluster"",""size"":3200}"
56ae806af7ff8a2,0,1762816844365954755,STAT_CREATED,"{""size"":88,""address"":""0x7f5575df19e0""}"
56ae806af7ff8a2,0,1762816844365957488,STAT_CREATED,"{""size"":88,""address"":""0x7f5575df1ae0""}"
56ae806af7ff8a2,0,1762816844365959064,STAT_DESTROYED,"{""size"":88,""address"":""0x7f5575df19e0""}"
56ae806af7ff8a2,0,1762816844365960387,STAT_CREATED,"{""size"":88,""address"":""0x7f5575df1b40""}"
56ae806af7ff8a2,0,1762816844365961632,STAT_CREATED,"{""size"":88,""address"":""0x7f5575df1980""}"
56ae806af7ff8a2,0,1762816844365962789,STAT_CREATED,"{""size"":88,""address"":""0x7f554c0380b0""}"
56ae806af7ff8a2,0,1762816844365963924,STAT_DESTROYED,"{""size"":88,""address"":""0x7f5575df1980""}"
56ae806af7ff8a2,0,1762816844365969821,STAT_DESTROYED,"{""size"":88,""address"":""0x7f5575df1b40""}"
56ae806af7ff8a2,0,1762816844365971110,STAT_DESTROYED,"{""size"":88,""address"":""0x7f5575df1ae0""}"
56ae806af7ff8a2,0,1762816844365973281,APPEND_START,"{""count"":2048,""offset"":0,""column_id"":1,""partition"":""0x7f554c038060""}"
56ae806af7ff8a2,0,1762816844365980787,APPEND_START,"{""count"":2048,""offset"":0,""column_id"":1,""partition"":""0x7f554c0540b0""}"
56ae806af7ff8a2,0,1762816844365987289,APPEND_START,"{""count"":2048,""offset"":0,""column_id"":0,""partition"":""0x7f554c0333b0""}"
56ae806af7ff8a2,0,1762816844365989625,START_INITIALISE_ADDITIONAL_STATS,"{""stats"":""0x7f554c033400"",""type"":""cluster""}"
56ae806af7ff8a2,0,1762816844366214874,END_INITIALISE_ADDITIONAL_STATS,"{""stats"":""0x7f5550031d60"",""type"":""cluster"",""size"":3200}"
56ae806af7ff8a2,0,1762816844366259575,STAT_CREATED,"{""size"":88,""address"":""0x7f55755f09e0""}"
56ae806af7ff8a2,0,1762816844366262154,STAT_CREATED,"{""size"":88,""address"":""0x7f55755f0ae0""}"
56ae806af7ff8a2,0,1762816844366263708,STAT_DESTROYED,"{""size"":88,""address"":""0x7f55755f09e0""}"
56ae806af7ff8a2,0,1762816844366265064,STAT_CREATED,"{""size"":88,""address"":""0x7f55755f0b40""}"
56ae806af7ff8a2,0,1762816844366266309,STAT_CREATED,"{""size"":88,""address"":""0x7f55755f0980""}"
56ae806af7ff8a2,0,1762816844366267455,STAT_CREATED,"{""size"":88,""address"":""0x7f55500366f0""}"
56ae806af7ff8a2,0,1762816844366268602,STAT_DESTROYED,"{""size"":88,""address"":""0x7f55755f0980""}"
56ae806af7ff8a2,0,1762816844366272470,STAT_DESTROYED,"{""size"":88,""address"":""0x7f55755f0b40""}"
56ae806af7ff8a2,0,1762816844366273737,STAT_DESTROYED,"{""size"":88,""address"":""0x7f55755f0ae0""}"
56ae806af7ff8a2,0,1762816844366275842,APPEND_START,"{""count"":2048,""offset"":0,""column_id"":1,""partition"":""0x7f55500366a0""}"
56ae806af7ff8a2,0,1762816844366282719,APPEND_START,"{""count"":2048,""offset"":0,""column_id"":1,""partition"":""0x7f55500525d0""}"
56ae806af7ff8a2,0,1762816844366289949,APPEND_START,"{""count"":2048,""offset"":0,""column_id"":0,""partition"":""0x7f55500321d0""}"
56ae806af7ff8a2,0,1762816844366292473,START_INITIALISE_ADDITIONAL_STATS,"{""stats"":""0x7f5550032220"",""type"":""cluster""}"
56ae806af7ff8a2,0,1762816844367128278,END_INITIALISE_ADDITIONAL_STATS,"{""stats"":""0x7f554c033400"",""type"":""cluster"",""size"":3200}"
56ae806af7ff8a2,0,1762816844367172131,STAT_CREATED,"{""size"":88,""address"":""0x7f5575df19e0""}"
56ae806af7ff8a2,0,1762816844367174776,STAT_CREATED,"{""size"":88,""address"":""0x7f5575df1ae0""}"
56ae806af7ff8a2,0,1762816844367176330,STAT_DESTROYED,"{""size"":88,""address"":""0x7f5575df19e0""}"
56ae806af7ff8a2,0,1762816844367177729,STAT_CREATED,"{""size"":88,""address"":""0x7f5575df1b40""}"
56ae806af7ff8a2,0,1762816844367178997,STAT_CREATED,"{""size"":88,""address"":""0x7f5575df1980""}"
56ae806af7ff8a2,0,1762816844367180132,STAT_CREATED,"{""size"":88,""address"":""0x7f554c03f4a0""}"
56ae806af7ff8a2,0,1762816844367185874,STAT_DESTROYED,"{""size"":88,""address"":""0x7f5575df1980""}"
56ae806af7ff8a2,0,1762816844367191428,STAT_DESTROYED,"{""size"":88,""address"":""0x7f5575df1b40""}"
56ae806af7ff8a2,0,1762816844367192740,STAT_DESTROYED,"{""size"":88,""address"":""0x7f5575df1ae0""}"
56ae806af7ff8a2,0,1762816844367194823,APPEND_START,"{""count"":2048,""offset"":0,""column_id"":1,""partition"":""0x7f554c03f450""}"
56ae806af7ff8a2,0,1762816844367352987,END_INITIALISE_ADDITIONAL_STATS,"{""stats"":""0x7f5550032220"",""type"":""cluster"",""size"":3200}"
56ae806af7ff8a2,0,1762816844367389508,APPEND_START,"{""count"":2048,""offset"":0,""column_id"":1,""partition"":""0x7f554c03e130""}"
56ae806af7ff8a2,0,1762816844367397777,STAT_CREATED,"{""size"":88,""address"":""0x7f55755f09e0""}"
56ae806af7ff8a2,0,1762816844367407927,STAT_CREATED,"{""size"":88,""address"":""0x7f55755f0ae0""}"
56ae806af7ff8a2,0,1762816844367409569,STAT_DESTROYED,"{""size"":88,""address"":""0x7f55755f09e0""}"
56ae806af7ff8a2,0,1762816844367411178,STAT_CREATED,"{""size"":88,""address"":""0x7f55755f0b40""}"
56ae806af7ff8a2,0,1762816844367412853,STAT_CREATED,"{""size"":88,""address"":""0x7f55755f0980""}"
56ae806af7ff8a2,0,1762816844367414066,STAT_CREATED,"{""size"":88,""address"":""0x7f555003da90""}"
56ae806af7ff8a2,0,1762816844367415245,STAT_DESTROYED,"{""size"":88,""address"":""0x7f55755f0980""}"
56ae806af7ff8a2,0,1762816844367421868,STAT_DESTROYED,"{""size"":88,""address"":""0x7f55755f0b40""}"
56ae806af7ff8a2,0,1762816844367424965,STAT_DESTROYED,"{""size"":88,""address"":""0x7f55755f0ae0""}"
56ae806af7ff8a2,0,1762816844367430366,APPEND_START,"{""count"":2048,""offset"":0,""column_id"":1,""partition"":""0x7f555003da40""}"
56ae806af7ff8a2,0,1762816844367424919,APPEND_START,"{""count"":2048,""offset"":0,""column_id"":1,""partition"":""0x7f554c036d10""}"
56ae806af7ff8a2,0,1762816844367442773,APPEND_START,"{""count"":2048,""offset"":0,""column_id"":1,""partition"":""0x7f554c053480""}"
56ae806af7ff8a2,0,1762816844367455645,APPEND_START,"{""count"":2048,""offset"":0,""column_id"":1,""partition"":""0x7f554c038060""}"
56ae806af7ff8a2,0,1762816844367460946,APPEND_START,"{""count"":2048,""offset"":0,""column_id"":1,""partition"":""0x7f554c0540b0""}"
56ae806af7ff8a2,0,1762816844367486349,APPEND_START,"{""count"":2048,""offset"":0,""column_id"":1,""partition"":""0x7f554c03f450""}"
56ae806af7ff8a2,0,1762816844367605511,APPEND_START,"{""count"":2048,""offset"":0,""column_id"":1,""partition"":""0x7f555003c700""}"
56ae806af7ff8a2,0,1762816844367656072,APPEND_START,"{""count"":2048,""offset"":0,""column_id"":1,""partition"":""0x7f554c03e130""}"
56ae806af7ff8a2,0,1762816844367685300,APPEND_START,"{""count"":2048,""offset"":0,""column_id"":1,""partition"":""0x7f554c036d10""}"
56ae806af7ff8a2,0,1762816844367716963,APPEND_START,"{""count"":2048,""offset"":0,""column_id"":1,""partition"":""0x7f554c053480""}"
56ae806af7ff8a2,0,1762816844367751988,APPEND_START,"{""count"":2048,""offset"":0,""column_id"":1,""partition"":""0x7f554c038060""}"
56ae806af7ff8a2,0,1762816844367805594,APPEND_START,"{""count"":2048,""offset"":0,""column_id"":1,""partition"":""0x7f554c0540b0""}"
56ae806af7ff8a2,0,1762816844367841621,APPEND_START,"{""count"":2048,""offset"":0,""column_id"":1,""partition"":""0x7f554c03f450""}"
56ae806af7ff8a2,0,1762816844367656505,APPEND_START,"{""count"":2048,""offset"":0,""column_id"":1,""partition"":""0x7f5550035350""}"
56ae806af7ff8a2,0,1762816844367897228,APPEND_START,"{""count"":2048,""offset"":0,""column_id"":1,""partition"":""0x7f5550051a90""}"
56ae806af7ff8a2,0,1762816844367912635,APPEND_START,"{""count"":2048,""offset"":0,""column_id"":1,""partition"":""0x7f55500366a0""}"
56ae806af7ff8a2,0,1762816844367918410,APPEND_START,"{""count"":2048,""offset"":0,""column_id"":1,""partition"":""0x7f55500525d0""}"
56ae806af7ff8a2,0,1762816844367948255,APPEND_START,"{""count"":2048,""offset"":0,""column_id"":1,""partition"":""0x7f555003da40""}"
56ae806af7ff8a2,0,1762816844368058007,APPEND_START,"{""count"":2048,""offset"":0,""column_id"":1,""partition"":""0x7f554c03e130""}"
56ae806af7ff8a2,0,1762816844368117476,APPEND_START,"{""count"":2048,""offset"":0,""column_id"":1,""partition"":""0x7f554c036d10""}"
56ae806af7ff8a2,0,1762816844368123901,APPEND_START,"{""count"":2048,""offset"":0,""column_id"":1,""partition"":""0x7f554c053480""}"
56ae806af7ff8a2,0,1762816844368129368,APPEND_START,"{""count"":2048,""offset"":0,""column_id"":1,""partition"":""0x7f554c038060""}"
56ae806af7ff8a2,0,1762816844368133500,APPEND_START,"{""count"":2048,""offset"":0,""column_id"":1,""partition"":""0x7f554c0540b0""}"
56ae806af7ff8a2,0,1762816844368144059,APPEND_START,"{""count"":2048,""offset"":0,""column_id"":1,""partition"":""0x7f554c03f450""}"
56ae806af7ff8a2,0,1762816844368147701,APPEND_START,"{""count"":2048,""offset"":0,""column_id"":1,""partition"":""0x7f555003c700""}"
56ae806af7ff8a2,0,1762816844368161775,APPEND_START,"{""count"":2048,""offset"":0,""column_id"":1,""partition"":""0x7f5550035350""}"
56ae806af7ff8a2,0,1762816844368168079,APPEND_START,"{""count"":2048,""offset"":0,""column_id"":1,""partition"":""0x7f5550051a90""}"
56ae806af7ff8a2,0,1762816844368173667,APPEND_START,"{""count"":2048,""offset"":0,""column_id"":1,""partition"":""0x7f55500366a0""}"
56ae806af7ff8a2,0,1762816844368180202,APPEND_START,"{""count"":2048,""offset"":0,""column_id"":1,""partition"":""0x7f55500525d0""}"
56ae806af7ff8a2,0,1762816844368189294,APPEND_START,"{""count"":2048,""offset"":0,""column_id"":1,""partition"":""0x7f555003da40""}"
56ae806af7ff8a2,0,1762816844368311809,APPEND_START,"{""count"":2048,""offset"":0,""column_id"":1,""partition"":""0x7f554c03e130""}"
56ae806af7ff8a2,0,1762816844368343858,APPEND_START,"{""count"":2048,""offset"":0,""column_id"":1,""partition"":""0x7f554c036d10""}"
56ae806af7ff8a2,0,1762816844368354675,APPEND_START,"{""count"":2048,""offset"":0,""column_id"":1,""partition"":""0x7f555003c700""}"
56ae806af7ff8a2,0,1762816844368359833,APPEND_START,"{""count"":2048,""offset"":0,""column_id"":1,""partition"":""0x7f5550035350""}"
56ae806af7ff8a2,0,1762816844368364318,APPEND_START,"{""count"":2048,""offset"":0,""column_id"":1,""partition"":""0x7f5550051a90""}"
56ae806af7ff8a2,0,1762816844368369267,APPEND_START,"{""count"":2048,""offset"":0,""column_id"":1,""partition"":""0x7f55500366a0""}"
56ae806af7ff8a2,0,1762816844368371928,APPEND_START,"{""count"":2048,""offset"":0,""column_id"":1,""partition"":""0x7f554c053480""}"
56ae806af7ff8a2,0,1762816844368373995,APPEND_START,"{""count"":2048,""offset"":0,""column_id"":1,""partition"":""0x7f55500525d0""}"
56ae806af7ff8a2,0,1762816844368381781,APPEND_START,"{""count"":2048,""offset"":0,""column_id"":1,""partition"":""0x7f554c038060""}"
56ae806af7ff8a2,0,1762816844368387699,APPEND_START,"{""count"":2048,""offset"":0,""column_id"":1,""partition"":""0x7f554c0540b0""}"
56ae806af7ff8a2,0,1762816844368417015,APPEND_START,"{""count"":2048,""offset"":0,""column_id"":1,""partition"":""0x7f554c03f450""}"
56ae806af7ff8a2,0,1762816844368387815,APPEND_START,"{""count"":2048,""offset"":0,""column_id"":1,""partition"":""0x7f555003da40""}"
56ae806af7ff8a2,0,1762816844368652825,APPEND_START,"{""count"":2048,""offset"":0,""column_id"":1,""partition"":""0x7f555003c700""}"
56ae806af7ff8a2,0,1762816844368705318,APPEND_START,"{""count"":2048,""offset"":0,""column_id"":1,""partition"":""0x7f5550035350""}"
56ae806af7ff8a2,0,1762816844368652819,APPEND_START,"{""count"":2048,""offset"":0,""column_id"":1,""partition"":""0x7f554c03e130""}"
56ae806af7ff8a2,0,1762816844368756929,APPEND_START,"{""count"":2048,""offset"":0,""column_id"":1,""partition"":""0x7f5550051a90""}"
56ae806af7ff8a2,0,1762816844368791249,APPEND_START,"{""count"":2048,""offset"":0,""column_id"":1,""partition"":""0x7f55500366a0""}"
56ae806af7ff8a2,0,1762816844368824190,APPEND_START,"{""count"":2048,""offset"":0,""column_id"":1,""partition"":""0x7f55500525d0""}"
56ae806af7ff8a2,0,1762816844368859160,APPEND_START,"{""count"":2048,""offset"":0,""column_id"":1,""partition"":""0x7f555003da40""}"
56ae806af7ff8a2,0,1762816844368760500,APPEND_START,"{""count"":2048,""offset"":0,""column_id"":1,""partition"":""0x7f554c036d10""}"
56ae806af7ff8a2,0,1762816844368968510,APPEND_START,"{""count"":2048,""offset"":0,""column_id"":1,""partition"":""0x7f554c053480""}"
56ae806af7ff8a2,0,1762816844368978649,APPEND_START,"{""count"":2048,""offset"":0,""column_id"":1,""partition"":""0x7f554c038060""}"
56ae806af7ff8a2,0,1762816844368983157,APPEND_START,"{""count"":2048,""offset"":0,""column_id"":1,""partition"":""0x7f554c0540b0""}"
56ae806af7ff8a2,0,1762816844368991544,APPEND_START,"{""count"":2048,""offset"":0,""column_id"":1,""partition"":""0x7f554c03f450""}"
56ae806af7ff8a2,0,1762816844369094501,APPEND_START,"{""count"":2048,""offset"":0,""column_id"":1,""partition"":""0x7f555003c700""}"
56ae806af7ff8a2,0,1762816844369133229,APPEND_START,"{""count"":2048,""offset"":0,""column_id"":1,""partition"":""0x7f5550035350""}"
56ae806af7ff8a2,0,1762816844369143335,APPEND_START,"{""count"":2048,""offset"":0,""column_id"":1,""partition"":""0x7f5550051a90""}"
56ae806af7ff8a2,0,1762816844369150477,APPEND_START,"{""count"":2048,""offset"":0,""column_id"":1,""partition"":""0x7f55500366a0""}"
56ae806af7ff8a2,0,1762816844369155613,APPEND_START,"{""count"":2048,""offset"":0,""column_id"":1,""partition"":""0x7f55500525d0""}"
56ae806af7ff8a2,0,1762816844369163404,APPEND_START,"{""count"":2048,""offset"":0,""column_id"":1,""partition"":""0x7f555003da40""}"
56ae806af7ff8a2,0,1762816844369165278,APPEND_START,"{""count"":2048,""offset"":0,""column_id"":1,""partition"":""0x7f554c03e130""}"
56ae806af7ff8a2,0,1762816844369171593,APPEND_START,"{""count"":2048,""offset"":0,""column_id"":1,""partition"":""0x7f554c036d10""}"
56ae806af7ff8a2,0,1762816844369180807,APPEND_START,"{""count"":2048,""offset"":0,""column_id"":1,""partition"":""0x7f554c053480""}"
56ae806af7ff8a2,0,1762816844369188367,APPEND_START,"{""count"":2048,""offset"":0,""column_id"":1,""partition"":""0x7f554c038060""}"
56ae806af7ff8a2,0,1762816844369192831,APPEND_START,"{""count"":2048,""offset"":0,""column_id"":1,""partition"":""0x7f554c0540b0""}"
56ae806af7ff8a2,0,1762816844369199553,APPEND_START,"{""count"":2048,""offset"":0,""column_id"":1,""partition"":""0x7f554c03f450""}"
56ae806af7ff8a2,0,1762816844369331805,APPEND_START,"{""count"":2048,""offset"":0,""column_id"":1,""partition"":""0x7f555003c700""}"
56ae806af7ff8a2,0,1762816844369363248,APPEND_START,"{""count"":2048,""offset"":0,""column_id"":1,""partition"":""0x7f554c03e130""}"
56ae806af7ff8a2,0,1762816844369371745,APPEND_START,"{""count"":2048,""offset"":0,""column_id"":1,""partition"":""0x7f554c036d10""}"
56ae806af7ff8a2,0,1762816844369399231,APPEND_START,"{""count"":2048,""offset"":0,""column_id"":1,""partition"":""0x7f554c053480""}"
56ae806af7ff8a2,0,1762816844369364306,APPEND_START,"{""count"":2048,""offset"":0,""column_id"":1,""partition"":""0x7f5550035350""}"
56ae806af7ff8a2,0,1762816844369522850,APPEND_START,"{""count"":2048,""offset"":0,""column_id"":1,""partition"":""0x7f5550051a90""}"
56ae806af7ff8a2,0,1762816844369558029,APPEND_START,"{""count"":2048,""offset"":0,""column_id"":1,""partition"":""0x7f55500366a0""}"
56ae806af7ff8a2,0,1762816844369588303,APPEND_START,"{""count"":2048,""offset"":0,""column_id"":1,""partition"":""0x7f55500525d0""}"
56ae806af7ff8a2,0,1762816844369488677,APPEND_START,"{""count"":2048,""offset"":0,""column_id"":1,""partition"":""0x7f554c038060""}"
56ae806af7ff8a2,0,1762816844369654609,APPEND_START,"{""count"":2048,""offset"":0,""column_id"":1,""partition"":""0x7f554c0540b0""}"
56ae806af7ff8a2,0,1762816844369712161,APPEND_START,"{""count"":2048,""offset"":0,""column_id"":1,""partition"":""0x7f554c03f450""}"
56ae806af7ff8a2,0,1762816844369624033,APPEND_START,"{""count"":2048,""offset"":0,""column_id"":1,""partition"":""0x7f555003da40""}"
56ae806af7ff8a2,0,1762816844369909634,APPEND_START,"{""count"":2048,""offset"":0,""column_id"":1,""partition"":""0x7f554c03e130""}"
56ae806af7ff8a2,0,1762816844369947183,START_INITIALISE_ADDITIONAL_STATS,"{""stats"":""0x7f554c03e180"",""type"":""cluster""}"
56ae806af7ff8a2,0,1762816844369966436,APPEND_START,"{""count"":2048,""offset"":0,""column_id"":1,""partition"":""0x7f555003c700""}"
56ae806af7ff8a2,0,1762816844369978295,APPEND_START,"{""count"":2048,""offset"":0,""column_id"":1,""partition"":""0x7f5550035350""}"
56ae806af7ff8a2,0,1762816844369987233,APPEND_START,"{""count"":2048,""offset"":0,""column_id"":1,""partition"":""0x7f5550051a90""}"
56ae806af7ff8a2,0,1762816844369994738,APPEND_START,"{""count"":2048,""offset"":0,""column_id"":1,""partition"":""0x7f55500366a0""}"
56ae806af7ff8a2,0,1762816844369999433,APPEND_START,"{""count"":2048,""offset"":0,""column_id"":1,""partition"":""0x7f55500525d0""}"
56ae806af7ff8a2,0,1762816844370007236,APPEND_START,"{""count"":2048,""offset"":0,""column_id"":1,""partition"":""0x7f555003da40""}"
56ae806af7ff8a2,0,1762816844370170941,APPEND_START,"{""count"":2048,""offset"":0,""column_id"":1,""partition"":""0x7f555003c700""}"
56ae806af7ff8a2,0,1762816844370204258,START_INITIALISE_ADDITIONAL_STATS,"{""stats"":""0x7f555003c750"",""type"":""cluster""}"
56ae806af7ff8a2,0,1762816844372056143,END_INITIALISE_ADDITIONAL_STATS,"{""stats"":""0x7f554c03e180"",""type"":""cluster"",""size"":3200}"
56ae806af7ff8a2,0,1762816844372103941,STAT_CREATED,"{""size"":88,""address"":""0x7f5575df19c0""}"
56ae806af7ff8a2,0,1762816844372107214,STAT_CREATED,"{""size"":88,""address"":""0x7f5575df1ac0""}"
56ae806af7ff8a2,0,1762816844372108779,STAT_DESTROYED,"{""size"":88,""address"":""0x7f5575df19c0""}"
56ae806af7ff8a2,0,1762816844372110090,STAT_CREATED,"{""size"":88,""address"":""0x7f5575df1b20""}"
56ae806af7ff8a2,0,1762816844372111435,STAT_CREATED,"{""size"":88,""address"":""0x7f5575df1960""}"
56ae806af7ff8a2,0,1762816844372112614,STAT_CREATED,"{""size"":88,""address"":""0x7f554c0407c0""}"
56ae806af7ff8a2,0,1762816844372113771,STAT_DESTROYED,"{""size"":88,""address"":""0x7f5575df1960""}"
56ae806af7ff8a2,0,1762816844372114918,STAT_DESTROYED,"{""size"":88,""address"":""0x7f5575df1b20""}"
56ae806af7ff8a2,0,1762816844372116020,STAT_DESTROYED,"{""size"":88,""address"":""0x7f5575df1ac0""}"
56ae806af7ff8a2,0,1762816844372118224,APPEND_START,"{""count"":1,""offset"":2047,""column_id"":2,""partition"":""0x7f554c040770""}"
56ae806af7ff8a2,0,1762816844372125068,APPEND_START,"{""count"":2048,""offset"":0,""column_id"":1,""partition"":""0x7f554c036d10""}"
56ae806af7ff8a2,0,1762816844372133830,APPEND_START,"{""count"":2048,""offset"":0,""column_id"":1,""partition"":""0x7f554c053480""}"
56ae806af7ff8a2,0,1762816844372140718,START_INITIALISE_ADDITIONAL_STATS,"{""stats"":""0x7f554c0534d0"",""type"":""cluster""}"
56ae806af7ff8a2,0,1762816844372375039,END_INITIALISE_ADDITIONAL_STATS,"{""stats"":""0x7f555003c750"",""type"":""cluster"",""size"":3200}"
56ae806af7ff8a2,0,1762816844372423620,STAT_CREATED,"{""size"":88,""address"":""0x7f55755f09c0""}"
56ae806af7ff8a2,0,1762816844372426937,STAT_CREATED,"{""size"":88,""address"":""0x7f55755f0ac0""}"
56ae806af7ff8a2,0,1762816844372428502,STAT_DESTROYED,"{""size"":88,""address"":""0x7f55755f09c0""}"
56ae806af7ff8a2,0,1762816844372429858,STAT_CREATED,"{""size"":88,""address"":""0x7f55755f0b20""}"
56ae806af7ff8a2,0,1762816844372431103,STAT_CREATED,"{""size"":88,""address"":""0x7f55755f0960""}"
56ae806af7ff8a2,0,1762816844372432370,STAT_CREATED,"{""size"":88,""address"":""0x7f555003eea0""}"
56ae806af7ff8a2,0,1762816844372433472,STAT_DESTROYED,"{""size"":88,""address"":""0x7f55755f0960""}"
56ae806af7ff8a2,0,1762816844372434630,STAT_DESTROYED,"{""size"":88,""address"":""0x7f55755f0b20""}"
56ae806af7ff8a2,0,1762816844372435743,STAT_DESTROYED,"{""size"":88,""address"":""0x7f55755f0ac0""}"
56ae806af7ff8a2,0,1762816844372437947,APPEND_START,"{""count"":1,""offset"":2047,""column_id"":2,""partition"":""0x7f555003ee50""}"
56ae806af7ff8a2,0,1762816844372444923,APPEND_START,"{""count"":2048,""offset"":0,""column_id"":1,""partition"":""0x7f5550035350""}"
56ae806af7ff8a2,0,1762816844372453189,APPEND_START,"{""count"":2048,""offset"":0,""column_id"":1,""partition"":""0x7f5550051a90""}"
56ae806af7ff8a2,0,1762816844372460066,START_INITIALISE_ADDITIONAL_STATS,"{""stats"":""0x7f5550051ae0"",""type"":""cluster""}"
56ae806af7ff8a2,0,1762816844374173431,END_INITIALISE_ADDITIONAL_STATS,"{""stats"":""0x7f554c0534d0"",""type"":""cluster"",""size"":3200}"
56ae806af7ff8a2,0,1762816844374242742,STAT_CREATED,"{""size"":88,""address"":""0x7f5575df19c0""}"
56ae806af7ff8a2,0,1762816844374245993,STAT_CREATED,"{""size"":88,""address"":""0x7f5575df1ac0""}"
56ae806af7ff8a2,0,1762816844374247536,STAT_DESTROYED,"{""size"":88,""address"":""0x7f5575df19c0""}"
56ae806af7ff8a2,0,1762816844374248859,STAT_CREATED,"{""size"":88,""address"":""0x7f5575df1b20""}"
56ae806af7ff8a2,0,1762816844374250071,STAT_CREATED,"{""size"":88,""address"":""0x7f5575df1960""}"
56ae806af7ff8a2,0,1762816844374251173,STAT_CREATED,"{""size"":88,""address"":""0x7f554c041b20""}"
56ae806af7ff8a2,0,1762816844374252297,STAT_DESTROYED,"{""size"":88,""address"":""0x7f5575df1960""}"
56ae806af7ff8a2,0,1762816844374253554,STAT_DESTROYED,"{""size"":88,""address"":""0x7f5575df1b20""}"
56ae806af7ff8a2,0,1762816844374254678,STAT_DESTROYED,"{""size"":88,""address"":""0x7f5575df1ac0""}"
56ae806af7ff8a2,0,1762816844374256937,APPEND_START,"{""count"":1,""offset"":2047,""column_id"":2,""partition"":""0x7f554c041ad0""}"
56ae806af7ff8a2,0,1762816844374263693,APPEND_START,"{""count"":2048,""offset"":0,""column_id"":1,""partition"":""0x7f554c038060""}"
56ae806af7ff8a2,0,1762816844374272157,APPEND_START,"{""count"":2048,""offset"":0,""column_id"":1,""partition"":""0x7f554c0540b0""}"
56ae806af7ff8a2,0,1762816844374279244,START_INITIALISE_ADDITIONAL_STATS,"{""stats"":""0x7f554c054100"",""type"":""cluster""}"
56ae806af7ff8a2,0,1762816844374582869,END_INITIALISE_ADDITIONAL_STATS,"{""stats"":""0x7f5550051ae0"",""type"":""cluster"",""size"":3200}"
56ae806af7ff8a2,0,1762816844374627636,STAT_CREATED,"{""size"":88,""address"":""0x7f55755f09c0""}"
56ae806af7ff8a2,0,1762816844374630677,STAT_CREATED,"{""size"":88,""address"":""0x7f55755f0ac0""}"
56ae806af7ff8a2,0,1762816844374632220,STAT_DESTROYED,"{""size"":88,""address"":""0x7f55755f09c0""}"
56ae806af7ff8a2,0,1762816844374633554,STAT_CREATED,"{""size"":88,""address"":""0x7f55755f0b20""}"
56ae806af7ff8a2,0,1762816844374634788,STAT_CREATED,"{""size"":88,""address"":""0x7f55755f0960""}"
56ae806af7ff8a2,0,1762816844374635912,STAT_CREATED,"{""size"":88,""address"":""0x7f5550040200""}"
56ae806af7ff8a2,0,1762816844374637092,STAT_DESTROYED,"{""size"":88,""address"":""0x7f55755f0960""}"
56ae806af7ff8a2,0,1762816844374638304,STAT_DESTROYED,"{""size"":88,""address"":""0x7f55755f0b20""}"
56ae806af7ff8a2,0,1762816844374639395,STAT_DESTROYED,"{""size"":88,""address"":""0x7f55755f0ac0""}"
56ae806af7ff8a2,0,1762816844374641434,APPEND_START,"{""count"":1,""offset"":2047,""column_id"":2,""partition"":""0x7f55500401b0""}"
56ae806af7ff8a2,0,1762816844374648520,APPEND_START,"{""count"":2048,""offset"":0,""column_id"":1,""partition"":""0x7f55500366a0""}"
56ae806af7ff8a2,0,1762816844374656577,APPEND_START,"{""count"":2048,""offset"":0,""column_id"":1,""partition"":""0x7f55500525d0""}"
56ae806af7ff8a2,0,1762816844374664798,START_INITIALISE_ADDITIONAL_STATS,"{""stats"":""0x7f5550052620"",""type"":""cluster""}"
56ae806af7ff8a2,0,1762816844376288133,END_INITIALISE_ADDITIONAL_STATS,"{""stats"":""0x7f554c054100"",""type"":""cluster"",""size"":3200}"
56ae806af7ff8a2,0,1762816844376332801,STAT_CREATED,"{""size"":88,""address"":""0x7f5575df19c0""}"
56ae806af7ff8a2,0,1762816844376335920,STAT_CREATED,"{""size"":88,""address"":""0x7f5575df1ac0""}"
56ae806af7ff8a2,0,1762816844376337419,STAT_DESTROYED,"{""size"":88,""address"":""0x7f5575df19c0""}"
56ae806af7ff8a2,0,1762816844376338775,STAT_CREATED,"{""size"":88,""address"":""0x7f5575df1b20""}"
56ae806af7ff8a2,0,1762816844376339998,STAT_CREATED,"{""size"":88,""address"":""0x7f5575df1960""}"
56ae806af7ff8a2,0,1762816844376341188,STAT_CREATED,"{""size"":88,""address"":""0x7f554c041e80""}"
56ae806af7ff8a2,0,1762816844376342313,STAT_DESTROYED,"{""size"":88,""address"":""0x7f5575df1960""}"
56ae806af7ff8a2,0,1762816844376343448,STAT_DESTROYED,"{""size"":88,""address"":""0x7f5575df1b20""}"
56ae806af7ff8a2,0,1762816844376344561,STAT_DESTROYED,"{""size"":88,""address"":""0x7f5575df1ac0""}"
56ae806af7ff8a2,0,1762816844376351206,APPEND_START,"{""count"":1,""offset"":2047,""column_id"":2,""partition"":""0x7f554c041e30""}"
56ae806af7ff8a2,0,1762816844376723503,END_INITIALISE_ADDITIONAL_STATS,"{""stats"":""0x7f5550052620"",""type"":""cluster"",""size"":3200}"
56ae806af7ff8a2,0,1762816844376774761,STAT_CREATED,"{""size"":88,""address"":""0x7f55755f09c0""}"
56ae806af7ff8a2,0,1762816844376781054,STAT_CREATED,"{""size"":88,""address"":""0x7f55755f0ac0""}"
56ae806af7ff8a2,0,1762816844376783215,STAT_DESTROYED,"{""size"":88,""address"":""0x7f55755f09c0""}"
56ae806af7ff8a2,0,1762816844376785099,STAT_CREATED,"{""size"":88,""address"":""0x7f55755f0b20""}"
56ae806af7ff8a2,0,1762816844376786774,STAT_CREATED,"{""size"":88,""address"":""0x7f55755f0960""}"
56ae806af7ff8a2,0,1762816844376788317,STAT_CREATED,"{""size"":88,""address"":""0x7f5550040560""}"
56ae806af7ff8a2,0,1762816844376789882,STAT_DESTROYED,"{""size"":88,""address"":""0x7f55755f0960""}"
56ae806af7ff8a2,0,1762816844376793508,STAT_DESTROYED,"{""size"":88,""address"":""0x7f55755f0b20""}"
56ae806af7ff8a2,0,1762816844376799856,STAT_DESTROYED,"{""size"":88,""address"":""0x7f55755f0ac0""}"
56ae806af7ff8a2,0,1762816844376803956,APPEND_START,"{""count"":1,""offset"":2047,""column_id"":2,""partition"":""0x7f5550040510""}"
56ae806af7ff8a2,0,1762816844376812233,APPEND_START,"{""count"":2048,""offset"":0,""column_id"":1,""partition"":""0x7f555003da40""}"
56ae806af7ff8a2,0,1762816844377008648,APPEND_START,"{""count"":2048,""offset"":0,""column_id"":2,""partition"":""0x7f555003ee50""}"
56ae806af7ff8a2,0,1762816844377054429,APPEND_START,"{""count"":2048,""offset"":0,""column_id"":1,""partition"":""0x7f5550035350""}"
56ae806af7ff8a2,0,1762816844377060436,APPEND_START,"{""count"":2048,""offset"":0,""column_id"":2,""partition"":""0x7f55500401b0""}"
56ae806af7ff8a2,0,1762816844377069616,APPEND_START,"{""count"":2048,""offset"":0,""column_id"":1,""partition"":""0x7f55500366a0""}"
56ae806af7ff8a2,0,1762816844377074388,APPEND_START,"{""count"":2048,""offset"":0,""column_id"":2,""partition"":""0x7f5550040510""}"
56ae806af7ff8a2,0,1762816844377082081,APPEND_START,"{""count"":2048,""offset"":0,""column_id"":1,""partition"":""0x7f555003da40""}"
56ae806af7ff8a2,0,1762816844377266925,APPEND_START,"{""count"":2048,""offset"":0,""column_id"":2,""partition"":""0x7f555003ee50""}"
56ae806af7ff8a2,0,1762816844377310722,APPEND_START,"{""count"":2048,""offset"":0,""column_id"":1,""partition"":""0x7f5550035350""}"
56ae806af7ff8a2,0,1762816844377316651,APPEND_START,"{""count"":2048,""offset"":0,""column_id"":2,""partition"":""0x7f55500401b0""}"
56ae806af7ff8a2,0,1762816844377325049,APPEND_START,"{""count"":2048,""offset"":0,""column_id"":1,""partition"":""0x7f55500366a0""}"
56ae806af7ff8a2,0,1762816844377329358,APPEND_START,"{""count"":2048,""offset"":0,""column_id"":2,""partition"":""0x7f5550040510""}"
56ae806af7ff8a2,0,1762816844377337800,APPEND_START,"{""count"":2048,""offset"":0,""column_id"":1,""partition"":""0x7f555003da40""}"
56ae806af7ff8a2,0,1762816844377345000,APPEND_START,"{""count"":2048,""offset"":0,""column_id"":1,""partition"":""0x7f554c03f450""}"
56ae806af7ff8a2,0,1762816844377521377,APPEND_START,"{""count"":2048,""offset"":0,""column_id"":2,""partition"":""0x7f555003ee50""}"
56ae806af7ff8a2,0,1762816844377558451,APPEND_START,"{""count"":2048,""offset"":0,""column_id"":1,""partition"":""0x7f5550035350""}"
56ae806af7ff8a2,0,1762816844377565020,APPEND_START,"{""count"":2048,""offset"":0,""column_id"":2,""partition"":""0x7f55500401b0""}"
56ae806af7ff8a2,0,1762816844377572811,APPEND_START,"{""count"":2048,""offset"":0,""column_id"":1,""partition"":""0x7f55500366a0""}"
56ae806af7ff8a2,0,1762816844377576999,APPEND_START,"{""count"":2048,""offset"":0,""column_id"":2,""partition"":""0x7f5550040510""}"
56ae806af7ff8a2,0,1762816844377583832,APPEND_START,"{""count"":2048,""offset"":0,""column_id"":1,""partition"":""0x7f555003da40""}"
56ae806af7ff8a2,0,1762816844377589180,APPEND_START,"{""count"":2048,""offset"":0,""column_id"":2,""partition"":""0x7f554c040770""}"
56ae806af7ff8a2,0,1762816844377610109,APPEND_START,"{""count"":2048,""offset"":0,""column_id"":1,""partition"":""0x7f554c036d10""}"
56ae806af7ff8a2,0,1762816844377618904,APPEND_START,"{""count"":2048,""offset"":0,""column_id"":2,""partition"":""0x7f554c041ad0""}"
56ae806af7ff8a2,0,1762816844377627610,APPEND_START,"{""count"":2048,""offset"":0,""column_id"":1,""partition"":""0x7f554c038060""}"
56ae806af7ff8a2,0,1762816844377632283,APPEND_START,"{""count"":2048,""offset"":0,""column_id"":2,""partition"":""0x7f554c041e30""}"
56ae806af7ff8a2,0,1762816844377638587,APPEND_START,"{""count"":2048,""offset"":0,""column_id"":1,""partition"":""0x7f554c03f450""}"
56ae806af7ff8a2,0,1762816844377751362,APPEND_START,"{""count"":2048,""offset"":0,""column_id"":2,""partition"":""0x7f555003ee50""}"
56ae806af7ff8a2,0,1762816844377792481,APPEND_START,"{""count"":2048,""offset"":0,""column_id"":1,""partition"":""0x7f5550035350""}"
56ae806af7ff8a2,0,1762816844377799006,APPEND_START,"{""count"":2048,""offset"":0,""column_id"":2,""partition"":""0x7f55500401b0""}"
56ae806af7ff8a2,0,1762816844377800518,APPEND_START,"{""count"":2048,""offset"":0,""column_id"":2,""partition"":""0x7f554c040770""}"
56ae806af7ff8a2,0,1762816844377810622,APPEND_START,"{""count"":2048,""offset"":0,""column_id"":1,""partition"":""0x7f55500366a0""}"
56ae806af7ff8a2,0,1762816844377815570,APPEND_START,"{""count"":2048,""offset"":0,""column_id"":2,""partition"":""0x7f5550040510""}"
56ae806af7ff8a2,0,1762816844377845492,APPEND_START,"{""count"":2048,""offset"":0,""column_id"":1,""partition"":""0x7f555003da40""}"
56ae806af7ff8a2,0,1762816844377816542,APPEND_START,"{""count"":2048,""offset"":0,""column_id"":1,""partition"":""0x7f554c036d10""}"
56ae806af7ff8a2,0,1762816844377922531,APPEND_START,"{""count"":2048,""offset"":0,""column_id"":2,""partition"":""0x7f554c041ad0""}"
56ae806af7ff8a2,0,1762816844377937431,APPEND_START,"{""count"":2048,""offset"":0,""column_id"":1,""partition"":""0x7f554c038060""}"
56ae806af7ff8a2,0,1762816844377942402,APPEND_START,"{""count"":2048,""offset"":0,""column_id"":2,""partition"":""0x7f554c041e30""}"
56ae806af7ff8a2,0,1762816844377948783,APPEND_START,"{""count"":2048,""offset"":0,""column_id"":1,""partition"":""0x7f554c03f450""}"
56ae806af7ff8a2,0,1762816844378039329,APPEND_START,"{""count"":2048,""offset"":0,""column_id"":2,""partition"":""0x7f555003ee50""}"
56ae806af7ff8a2,0,1762816844378081991,APPEND_START,"{""count"":2048,""offset"":0,""column_id"":1,""partition"":""0x7f5550035350""}"
56ae806af7ff8a2,0,1762816844378088063,APPEND_START,"{""count"":2048,""offset"":0,""column_id"":2,""partition"":""0x7f55500401b0""}"
56ae806af7ff8a2,0,1762816844378095734,APPEND_START,"{""count"":2048,""offset"":0,""column_id"":1,""partition"":""0x7f55500366a0""}"
56ae806af7ff8a2,0,1762816844378100418,APPEND_START,"{""count"":2048,""offset"":0,""column_id"":2,""partition"":""0x7f5550040510""}"
56ae806af7ff8a2,0,1762816844378107196,APPEND_START,"{""count"":2048,""offset"":0,""column_id"":1,""partition"":""0x7f555003da40""}"
56ae806af7ff8a2,0,1762816844378119630,APPEND_START,"{""count"":2048,""offset"":0,""column_id"":2,""partition"":""0x7f554c040770""}"
56ae806af7ff8a2,0,1762816844378129725,APPEND_START,"{""count"":2048,""offset"":0,""column_id"":1,""partition"":""0x7f554c036d10""}"
56ae806af7ff8a2,0,1762816844378134233,APPEND_START,"{""count"":2048,""offset"":0,""column_id"":2,""partition"":""0x7f554c041ad0""}"
56ae806af7ff8a2,0,1762816844378140812,APPEND_START,"{""count"":2048,""offset"":0,""column_id"":1,""partition"":""0x7f554c038060""}"
56ae806af7ff8a2,0,1762816844378144824,APPEND_START,"{""count"":2048,""offset"":0,""column_id"":2,""partition"":""0x7f554c041e30""}"
56ae806af7ff8a2,0,1762816844378150456,APPEND_START,"{""count"":2048,""offset"":0,""column_id"":1,""partition"":""0x7f554c03f450""}"
56ae806af7ff8a2,0,1762816844378273745,APPEND_START,"{""count"":2048,""offset"":0,""column_id"":2,""partition"":""0x7f555003ee50""}"
56ae806af7ff8a2,0,1762816844378309552,APPEND_START,"{""count"":2048,""offset"":0,""column_id"":1,""partition"":""0x7f5550035350""}"
56ae806af7ff8a2,0,1762816844378312409,APPEND_START,"{""count"":2048,""offset"":0,""column_id"":2,""partition"":""0x7f554c040770""}"
56ae806af7ff8a2,0,1762816844378318071,APPEND_START,"{""count"":2048,""offset"":0,""column_id"":2,""partition"":""0x7f55500401b0""}"
56ae806af7ff8a2,0,1762816844378355423,APPEND_START,"{""count"":2048,""offset"":0,""column_id"":1,""partition"":""0x7f554c036d10""}"
56ae806af7ff8a2,0,1762816844378449843,APPEND_START,"{""count"":2048,""offset"":0,""column_id"":2,""partition"":""0x7f554c041ad0""}"
56ae806af7ff8a2,0,1762816844378413777,APPEND_START,"{""count"":2048,""offset"":0,""column_id"":1,""partition"":""0x7f55500366a0""}"
56ae806af7ff8a2,0,1762816844378551402,APPEND_START,"{""count"":2048,""offset"":0,""column_id"":2,""partition"":""0x7f5550040510""}"
56ae806af7ff8a2,0,1762816844378488835,APPEND_START,"{""count"":2048,""offset"":0,""column_id"":1,""partition"":""0x7f554c038060""}"
56ae806af7ff8a2,0,1762816844378622087,APPEND_START,"{""count"":2048,""offset"":0,""column_id"":2,""partition"":""0x7f554c041e30""}"
56ae806af7ff8a2,0,1762816844378656450,APPEND_START,"{""count"":2048,""offset"":0,""column_id"":1,""partition"":""0x7f554c03f450""}"
56ae806af7ff8a2,0,1762816844378588168,APPEND_START,"{""count"":2048,""offset"":0,""column_id"":1,""partition"":""0x7f555003da40""}"
56ae806af7ff8a2,0,1762816844378855312,APPEND_START,"{""count"":2048,""offset"":0,""column_id"":2,""partition"":""0x7f554c040770""}"
56ae806af7ff8a2,0,1762816844378915850,APPEND_START,"{""count"":2048,""offset"":0,""column_id"":1,""partition"":""0x7f554c036d10""}"
56ae806af7ff8a2,0,1762816844378945541,APPEND_START,"{""count"":2048,""offset"":0,""column_id"":2,""partition"":""0x7f554c041ad0""}"
56ae806af7ff8a2,0,1762816844378980400,APPEND_START,"{""count"":2048,""offset"":0,""column_id"":1,""partition"":""0x7f554c038060""}"
56ae806af7ff8a2,0,1762816844379010146,APPEND_START,"{""count"":2048,""offset"":0,""column_id"":2,""partition"":""0x7f554c041e30""}"
56ae806af7ff8a2,0,1762816844378880256,APPEND_START,"{""count"":2048,""offset"":0,""column_id"":2,""partition"":""0x7f555003ee50""}"
56ae806af7ff8a2,0,1762816844379026093,APPEND_START,"{""count"":2048,""offset"":0,""column_id"":1,""partition"":""0x7f554c03f450""}"
56ae806af7ff8a2,0,1762816844379065331,APPEND_START,"{""count"":2048,""offset"":0,""column_id"":1,""partition"":""0x7f5550035350""}"
56ae806af7ff8a2,0,1762816844379140505,APPEND_START,"{""count"":2048,""offset"":0,""column_id"":2,""partition"":""0x7f55500401b0""}"
56ae806af7ff8a2,0,1762816844379151823,APPEND_START,"{""count"":2048,""offset"":0,""column_id"":1,""partition"":""0x7f55500366a0""}"
56ae806af7ff8a2,0,1762816844379156408,APPEND_START,"{""count"":2048,""offset"":0,""column_id"":2,""partition"":""0x7f5550040510""}"
56ae806af7ff8a2,0,1762816844379164619,APPEND_START,"{""count"":2048,""offset"":0,""column_id"":1,""partition"":""0x7f555003da40""}"
56ae806af7ff8a2,0,1762816844379267500,APPEND_START,"{""count"":2048,""offset"":0,""column_id"":2,""partition"":""0x7f554c040770""}"
56ae806af7ff8a2,0,1762816844379311440,APPEND_START,"{""count"":2048,""offset"":0,""column_id"":1,""partition"":""0x7f554c036d10""}"
56ae806af7ff8a2,0,1762816844379317843,APPEND_START,"{""count"":2048,""offset"":0,""column_id"":2,""partition"":""0x7f554c041ad0""}"
56ae806af7ff8a2,0,1762816844379325690,APPEND_START,"{""count"":2048,""offset"":0,""column_id"":1,""partition"":""0x7f554c038060""}"
56ae806af7ff8a2,0,1762816844379330297,APPEND_START,"{""count"":2048,""offset"":0,""column_id"":2,""partition"":""0x7f554c041e30""}"
56ae806af7ff8a2,0,1762816844379335146,APPEND_START,"{""count"":2048,""offset"":0,""column_id"":2,""partition"":""0x7f555003ee50""}"
56ae806af7ff8a2,0,1762816844379336259,APPEND_START,"{""count"":2048,""offset"":0,""column_id"":1,""partition"":""0x7f554c03f450""}"
56ae806af7ff8a2,0,1762816844379349165,APPEND_START,"{""count"":2048,""offset"":0,""column_id"":1,""partition"":""0x7f5550035350""}"
56ae806af7ff8a2,0,1762816844379364506,APPEND_START,"{""count"":2048,""offset"":0,""column_id"":2,""partition"":""0x7f55500401b0""}"
56ae806af7ff8a2,0,1762816844379376188,APPEND_START,"{""count"":2048,""offset"":0,""column_id"":1,""partition"":""0x7f55500366a0""}"
56ae806af7ff8a2,0,1762816844379434478,APPEND_START,"{""count"":2048,""offset"":0,""column_id"":2,""partition"":""0x7f5550040510""}"
56ae806af7ff8a2,0,1762816844379477350,APPEND_START,"{""count"":2048,""offset"":0,""column_id"":1,""partition"":""0x7f555003da40""}"
56ae806af7ff8a2,0,1762816844379513620,APPEND_START,"{""count"":2048,""offset"":0,""column_id"":2,""partition"":""0x7f554c040770""}"
56ae806af7ff8a2,0,1762816844379520839,APPEND_START,"{""count"":2048,""offset"":0,""column_id"":1,""partition"":""0x7f554c036d10""}"
56ae806af7ff8a2,0,1762816844379524949,APPEND_START,"{""count"":2048,""offset"":0,""column_id"":2,""partition"":""0x7f554c041ad0""}"
56ae806af7ff8a2,0,1762816844379531992,APPEND_START,"{""count"":2048,""offset"":0,""column_id"":1,""partition"":""0x7f554c038060""}"
56ae806af7ff8a2,0,1762816844379536411,APPEND_START,"{""count"":2048,""offset"":0,""column_id"":2,""partition"":""0x7f554c041e30""}"
56ae806af7ff8a2,0,1762816844379541624,APPEND_START,"{""count"":2048,""offset"":0,""column_id"":1,""partition"":""0x7f554c03f450""}"
56ae806af7ff8a2,0,1762816844379697890,APPEND_START,"{""count"":2048,""offset"":0,""column_id"":2,""partition"":""0x7f555003ee50""}"
56ae806af7ff8a2,0,1762816844379756466,APPEND_START,"{""count"":2048,""offset"":0,""column_id"":1,""partition"":""0x7f5550035350""}"
56ae806af7ff8a2,0,1762816844379790521,APPEND_START,"{""count"":2048,""offset"":0,""column_id"":2,""partition"":""0x7f55500401b0""}"
56ae806af7ff8a2,0,1762816844379825612,APPEND_START,"{""count"":2048,""offset"":0,""column_id"":1,""partition"":""0x7f55500366a0""}"
56ae806af7ff8a2,0,1762816844379859391,APPEND_START,"{""count"":2048,""offset"":0,""column_id"":2,""partition"":""0x7f5550040510""}"
56ae806af7ff8a2,0,1762816844379893964,APPEND_START,"{""count"":2048,""offset"":0,""column_id"":1,""partition"":""0x7f555003da40""}"
56ae806af7ff8a2,0,1762816844379703070,APPEND_START,"{""count"":2048,""offset"":0,""column_id"":2,""partition"":""0x7f554c040770""}"
56ae806af7ff8a2,0,1762816844379950965,APPEND_START,"{""count"":2048,""offset"":0,""column_id"":1,""partition"":""0x7f554c036d10""}"
56ae806af7ff8a2,0,1762816844379967364,APPEND_START,"{""count"":2048,""offset"":0,""column_id"":2,""partition"":""0x7f554c041ad0""}"
56ae806af7ff8a2,0,1762816844379978870,APPEND_START,"{""count"":2048,""offset"":0,""column_id"":1,""partition"":""0x7f554c038060""}"
56ae806af7ff8a2,0,1762816844380032421,APPEND_START,"{""count"":2048,""offset"":0,""column_id"":2,""partition"":""0x7f554c041e30""}"
56ae806af7ff8a2,0,1762816844380071192,APPEND_START,"{""count"":2048,""offset"":0,""column_id"":1,""partition"":""0x7f554c03f450""}"
56ae806af7ff8a2,0,1762816844380091107,APPEND_START,"{""count"":2048,""offset"":0,""column_id"":2,""partition"":""0x7f555003ee50""}"
56ae806af7ff8a2,0,1762816844380106206,APPEND_START,"{""count"":2048,""offset"":0,""column_id"":1,""partition"":""0x7f5550035350""}"
56ae806af7ff8a2,0,1762816844380112829,APPEND_START,"{""count"":2048,""offset"":0,""column_id"":2,""partition"":""0x7f55500401b0""}"
56ae806af7ff8a2,0,1762816844380120026,APPEND_START,"{""count"":2048,""offset"":0,""column_id"":1,""partition"":""0x7f55500366a0""}"
56ae806af7ff8a2,0,1762816844380127586,APPEND_START,"{""count"":2048,""offset"":0,""column_id"":2,""partition"":""0x7f5550040510""}"
56ae806af7ff8a2,0,1762816844380135279,APPEND_START,"{""count"":2048,""offset"":0,""column_id"":1,""partition"":""0x7f555003da40""}"
56ae806af7ff8a2,0,1762816844380325854,APPEND_START,"{""count"":2048,""offset"":0,""column_id"":2,""partition"":""0x7f554c040770""}"
56ae806af7ff8a2,0,1762816844380387836,APPEND_START,"{""count"":2048,""offset"":0,""column_id"":1,""partition"":""0x7f554c036d10""}"
56ae806af7ff8a2,0,1762816844380421053,APPEND_START,"{""count"":2048,""offset"":0,""column_id"":2,""partition"":""0x7f554c041ad0""}"
56ae806af7ff8a2,0,1762816844380455945,APPEND_START,"{""count"":2048,""offset"":0,""column_id"":1,""partition"":""0x7f554c038060""}"
56ae806af7ff8a2,0,1762816844380489790,APPEND_START,"{""count"":2048,""offset"":0,""column_id"":2,""partition"":""0x7f554c041e30""}"
56ae806af7ff8a2,0,1762816844380548047,APPEND_START,"{""count"":2048,""offset"":0,""column_id"":1,""partition"":""0x7f554c03f450""}"
56ae806af7ff8a2,0,1762816844380332168,APPEND_START,"{""count"":2048,""offset"":0,""column_id"":2,""partition"":""0x7f555003ee50""}"
56ae806af7ff8a2,0,1762816844380609886,APPEND_START,"{""count"":2048,""offset"":0,""column_id"":1,""partition"":""0x7f5550035350""}"
56ae806af7ff8a2,0,1762816844380617810,APPEND_START,"{""count"":2048,""offset"":0,""column_id"":2,""partition"":""0x7f55500401b0""}"
56ae806af7ff8a2,0,1762816844380625536,APPEND_START,"{""count"":2048,""offset"":0,""column_id"":1,""partition"":""0x7f55500366a0""}"
56ae806af7ff8a2,0,1762816844380631807,APPEND_START,"{""count"":2048,""offset"":0,""column_id"":2,""partition"":""0x7f5550040510""}"
56ae806af7ff8a2,0,1762816844380639466,APPEND_START,"{""count"":2048,""offset"":0,""column_id"":1,""partition"":""0x7f555003da40""}"
56ae806af7ff8a2,0,1762816844380745807,APPEND_START,"{""count"":2048,""offset"":0,""column_id"":2,""partition"":""0x7f554c040770""}"
56ae806af7ff8a2,0,1762816844380787114,APPEND_START,"{""count"":2048,""offset"":0,""column_id"":1,""partition"":""0x7f554c036d10""}"
56ae806af7ff8a2,0,1762816844380794928,APPEND_START,"{""count"":2048,""offset"":0,""column_id"":2,""partition"":""0x7f554c041ad0""}"
56ae806af7ff8a2,0,1762816844380803282,APPEND_START,"{""count"":2048,""offset"":0,""column_id"":1,""partition"":""0x7f554c038060""}"
56ae806af7ff8a2,0,1762816844380809663,APPEND_START,"{""count"":2048,""offset"":0,""column_id"":2,""partition"":""0x7f554c041e30""}"
56ae806af7ff8a2,0,1762816844380813840,APPEND_START,"{""count"":2048,""offset"":0,""column_id"":2,""partition"":""0x7f555003ee50""}"
56ae806af7ff8a2,0,1762816844380815052,APPEND_START,"{""count"":2048,""offset"":0,""column_id"":1,""partition"":""0x7f554c03f450""}"
56ae806af7ff8a2,0,1762816844380824960,APPEND_START,"{""count"":2048,""offset"":0,""column_id"":1,""partition"":""0x7f5550035350""}"
56ae806af7ff8a2,0,1762816844380837733,APPEND_START,"{""count"":2048,""offset"":0,""column_id"":2,""partition"":""0x7f55500401b0""}"
56ae806af7ff8a2,0,1762816844380845382,APPEND_START,"{""count"":2048,""offset"":0,""column_id"":1,""partition"":""0x7f55500366a0""}"
56ae806af7ff8a2,0,1762816844380851565,APPEND_START,"{""count"":2048,""offset"":0,""column_id"":2,""partition"":""0x7f5550040510""}"
56ae806af7ff8a2,0,1762816844380858353,APPEND_START,"{""count"":2048,""offset"":0,""column_id"":1,""partition"":""0x7f555003da40""}"
56ae806af7ff8a2,0,1762816844380996964,APPEND_START,"{""count"":2048,""offset"":0,""column_id"":2,""partition"":""0x7f554c040770""}"
56ae806af7ff8a2,0,1762816844381049622,APPEND_START,"{""count"":2048,""offset"":0,""column_id"":1,""partition"":""0x7f554c036d10""}"
56ae806af7ff8a2,0,1762816844381083622,APPEND_START,"{""count"":2048,""offset"":0,""column_id"":2,""partition"":""0x7f554c041ad0""}"
56ae806af7ff8a2,0,1762816844381140722,APPEND_START,"{""count"":2048,""offset"":0,""column_id"":1,""partition"":""0x7f554c038060""}"
56ae806af7ff8a2,0,1762816844381173355,APPEND_START,"{""count"":2048,""offset"":0,""column_id"":2,""partition"":""0x7f554c041e30""}"
56ae806af7ff8a2,0,1762816844381022125,APPEND_START,"{""count"":2048,""offset"":0,""column_id"":2,""partition"":""0x7f555003ee50""}"
56ae806af7ff8a2,0,1762816844381186216,APPEND_START,"{""count"":2048,""offset"":0,""column_id"":1,""partition"":""0x7f554c03f450""}"
56ae806af7ff8a2,0,1762816844381226090,APPEND_START,"{""count"":2048,""offset"":0,""column_id"":1,""partition"":""0x7f5550035350""}"
56ae806af7ff8a2,0,1762816844381310301,APPEND_START,"{""count"":2048,""offset"":0,""column_id"":2,""partition"":""0x7f55500401b0""}"
56ae806af7ff8a2,0,1762816844381319845,APPEND_START,"{""count"":2048,""offset"":0,""column_id"":1,""partition"":""0x7f55500366a0""}"
56ae806af7ff8a2,0,1762816844381329268,APPEND_START,"{""count"":2048,""offset"":0,""column_id"":2,""partition"":""0x7f5550040510""}"
56ae806af7ff8a2,0,1762816844381337104,APPEND_START,"{""count"":2048,""offset"":0,""column_id"":1,""partition"":""0x7f555003da40""}"
56ae806af7ff8a2,0,1762816844381458651,APPEND_START,"{""count"":2048,""offset"":0,""column_id"":2,""partition"":""0x7f554c040770""}"
56ae806af7ff8a2,0,1762816844381502525,APPEND_START,"{""count"":2048,""offset"":0,""column_id"":1,""partition"":""0x7f554c036d10""}"
56ae806af7ff8a2,0,1762816844381510714,APPEND_START,"{""count"":2048,""offset"":0,""column_id"":2,""partition"":""0x7f554c041ad0""}"
56ae806af7ff8a2,0,1762816844381513858,APPEND_START,"{""count"":2048,""offset"":0,""column_id"":2,""partition"":""0x7f555003ee50""}"
56ae806af7ff8a2,0,1762816844381518583,APPEND_START,"{""count"":2048,""offset"":0,""column_id"":1,""partition"":""0x7f554c038060""}"
56ae806af7ff8a2,0,1762816844381521308,APPEND_START,"{""count"":2048,""offset"":0,""column_id"":1,""partition"":""0x7f5550035350""}"
56ae806af7ff8a2,0,1762816844381525801,APPEND_START,"{""count"":2048,""offset"":0,""column_id"":2,""partition"":""0x7f554c041e30""}"
56ae806af7ff8a2,0,1762816844381528560,APPEND_START,"{""count"":2048,""offset"":0,""column_id"":2,""partition"":""0x7f55500401b0""}"
56ae806af7ff8a2,0,1762816844381531731,APPEND_START,"{""count"":2048,""offset"":0,""column_id"":1,""partition"":""0x7f554c03f450""}"
56ae806af7ff8a2,0,1762816844381536947,APPEND_START,"{""count"":2048,""offset"":0,""column_id"":1,""partition"":""0x7f55500366a0""}"
56ae806af7ff8a2,0,1762816844381543306,APPEND_START,"{""count"":2048,""offset"":0,""column_id"":2,""partition"":""0x7f5550040510""}"
56ae806af7ff8a2,0,1762816844381550547,APPEND_START,"{""count"":2048,""offset"":0,""column_id"":1,""partition"":""0x7f555003da40""}"
56ae806af7ff8a2,0,1762816844381701872,APPEND_START,"{""count"":2048,""offset"":0,""column_id"":2,""partition"":""0x7f554c040770""}"
56ae806af7ff8a2,0,1762816844381756779,APPEND_START,"{""count"":2048,""offset"":0,""column_id"":1,""partition"":""0x7f554c036d10""}"
56ae806af7ff8a2,0,1762816844381789831,APPEND_START,"{""count"":2048,""offset"":0,""column_id"":2,""partition"":""0x7f554c041ad0""}"
56ae806af7ff8a2,0,1762816844381713690,APPEND_START,"{""count"":2048,""offset"":0,""column_id"":2,""partition"":""0x7f555003ee50""}"
56ae806af7ff8a2,0,1762816844381848344,APPEND_START,"{""count"":2048,""offset"":0,""column_id"":1,""partition"":""0x7f5550035350""}"
56ae806af7ff8a2,0,1762816844381856357,APPEND_START,"{""count"":2048,""offset"":0,""column_id"":2,""partition"":""0x7f55500401b0""}"
56ae806af7ff8a2,0,1762816844381865328,APPEND_START,"{""count"":2048,""offset"":0,""column_id"":1,""partition"":""0x7f55500366a0""}"
56ae806af7ff8a2,0,1762816844381871533,APPEND_START,"{""count"":2048,""offset"":0,""column_id"":2,""partition"":""0x7f5550040510""}"
56ae806af7ff8a2,0,1762816844381878828,APPEND_START,"{""count"":2048,""offset"":0,""column_id"":1,""partition"":""0x7f555003da40""}"
56ae806af7ff8a2,0,1762816844381901737,APPEND_START,"{""count"":2048,""offset"":0,""column_id"":1,""partition"":""0x7f554c038060""}"
56ae806af7ff8a2,0,1762816844381916219,APPEND_START,"{""count"":2048,""offset"":0,""column_id"":2,""partition"":""0x7f554c041e30""}"
56ae806af7ff8a2,0,1762816844381921818,APPEND_START,"{""count"":2048,""offset"":0,""column_id"":1,""partition"":""0x7f554c03f450""}"
56ae806af7ff8a2,0,1762816844382052816,APPEND_START,"{""count"":2048,""offset"":0,""column_id"":2,""partition"":""0x7f555003ee50""}"
56ae806af7ff8a2,0,1762816844382091357,START_INITIALISE_ADDITIONAL_STATS,"{""stats"":""0x7f555003eea0"",""type"":""cluster""}"
56ae806af7ff8a2,0,1762816844382092080,APPEND_START,"{""count"":2048,""offset"":0,""column_id"":2,""partition"":""0x7f554c040770""}"
56ae806af7ff8a2,0,1762816844382105240,APPEND_START,"{""count"":2048,""offset"":0,""column_id"":1,""partition"":""0x7f554c036d10""}"
56ae806af7ff8a2,0,1762816844382112932,APPEND_START,"{""count"":2048,""offset"":0,""column_id"":2,""partition"":""0x7f554c041ad0""}"
56ae806af7ff8a2,0,1762816844382120063,APPEND_START,"{""count"":2048,""offset"":0,""column_id"":1,""partition"":""0x7f554c038060""}"
56ae806af7ff8a2,0,1762816844382126510,APPEND_START,"{""count"":2048,""offset"":0,""column_id"":2,""partition"":""0x7f554c041e30""}"
56ae806af7ff8a2,0,1762816844382136021,APPEND_START,"{""count"":2048,""offset"":0,""column_id"":1,""partition"":""0x7f554c03f450""}"
56ae806af7ff8a2,0,1762816844382502898,APPEND_START,"{""count"":2048,""offset"":0,""column_id"":2,""partition"":""0x7f554c040770""}"
56ae806af7ff8a2,0,1762816844382548899,APPEND_START,"{""count"":2048,""offset"":0,""column_id"":1,""partition"":""0x7f554c036d10""}"
56ae806af7ff8a2,0,1762816844382556658,APPEND_START,"{""count"":2048,""offset"":0,""column_id"":2,""partition"":""0x7f554c041ad0""}"
56ae806af7ff8a2,0,1762816844382564274,APPEND_START,"{""count"":2048,""offset"":0,""column_id"":1,""partition"":""0x7f554c038060""}"
56ae806af7ff8a2,0,1762816844382570831,APPEND_START,"{""count"":2048,""offset"":0,""column_id"":2,""partition"":""0x7f554c041e30""}"
56ae806af7ff8a2,0,1762816844382576408,APPEND_START,"{""count"":2048,""offset"":0,""column_id"":1,""partition"":""0x7f554c03f450""}"
56ae806af7ff8a2,0,1762816844382746274,APPEND_START,"{""count"":2048,""offset"":0,""column_id"":2,""partition"":""0x7f554c040770""}"
56ae806af7ff8a2,0,1762816844382782654,START_INITIALISE_ADDITIONAL_STATS,"{""stats"":""0x7f554c0407c0"",""type"":""cluster""}"
56ae806af7ff8a2,0,1762816844384161335,END_INITIALISE_ADDITIONAL_STATS,"{""stats"":""0x7f555003eea0"",""type"":""cluster"",""size"":3200}"
56ae806af7ff8a2,0,1762816844384207877,STAT_CREATED,"{""size"":88,""address"":""0x7f55755f09c0""}"
56ae806af7ff8a2,0,1762816844384211139,STAT_CREATED,"{""size"":88,""address"":""0x7f55755f0ac0""}"
56ae806af7ff8a2,0,1762816844384212792,STAT_DESTROYED,"{""size"":88,""address"":""0x7f55755f09c0""}"
56ae806af7ff8a2,0,1762816844384214236,STAT_CREATED,"{""size"":88,""address"":""0x7f55755f0b20""}"
56ae806af7ff8a2,0,1762816844384215459,STAT_CREATED,"{""size"":88,""address"":""0x7f55755f0960""}"
56ae806af7ff8a2,0,1762816844384216617,STAT_CREATED,"{""size"":88,""address"":""0x7f5550040880""}"
56ae806af7ff8a2,0,1762816844384217763,STAT_DESTROYED,"{""size"":88,""address"":""0x7f55755f0960""}"
56ae806af7ff8a2,0,1762816844384218876,STAT_DESTROYED,"{""size"":88,""address"":""0x7f55755f0b20""}"
56ae806af7ff8a2,0,1762816844384220000,STAT_DESTROYED,"{""size"":88,""address"":""0x7f55755f0ac0""}"
56ae806af7ff8a2,0,1762816844384222061,APPEND_START,"{""count"":2,""offset"":2046,""column_id"":3,""partition"":""0x7f5550040830""}"
56ae806af7ff8a2,0,1762816844384229037,APPEND_START,"{""count"":2048,""offset"":0,""column_id"":1,""partition"":""0x7f5550035350""}"
56ae806af7ff8a2,0,1762816844384236047,APPEND_START,"{""count"":2048,""offset"":0,""column_id"":2,""partition"":""0x7f55500401b0""}"
56ae806af7ff8a2,0,1762816844384244467,START_INITIALISE_ADDITIONAL_STATS,"{""stats"":""0x7f5550040200"",""type"":""cluster""}"
56ae806af7ff8a2,0,1762816844384906617,END_INITIALISE_ADDITIONAL_STATS,"{""stats"":""0x7f554c0407c0"",""type"":""cluster"",""size"":3200}"
56ae806af7ff8a2,0,1762816844384953974,STAT_CREATED,"{""size"":88,""address"":""0x7f5575df19c0""}"
56ae806af7ff8a2,0,1762816844384957302,STAT_CREATED,"{""size"":88,""address"":""0x7f5575df1ac0""}"
56ae806af7ff8a2,0,1762816844384958933,STAT_DESTROYED,"{""size"":88,""address"":""0x7f5575df19c0""}"
56ae806af7ff8a2,0,1762816844384960300,STAT_CREATED,"{""size"":88,""address"":""0x7f5575df1b20""}"
56ae806af7ff8a2,0,1762816844384961534,STAT_CREATED,"{""size"":88,""address"":""0x7f5575df1960""}"
56ae806af7ff8a2,0,1762816844384962659,STAT_CREATED,"{""size"":88,""address"":""0x7f554c0535c0""}"
56ae806af7ff8a2,0,1762816844384963838,STAT_DESTROYED,"{""size"":88,""address"":""0x7f5575df1960""}"
56ae806af7ff8a2,0,1762816844384965028,STAT_DESTROYED,"{""size"":88,""address"":""0x7f5575df1b20""}"
56ae806af7ff8a2,0,1762816844384966163,STAT_DESTROYED,"{""size"":88,""address"":""0x7f5575df1ac0""}"
56ae806af7ff8a2,0,1762816844384968235,APPEND_START,"{""count"":2,""offset"":2046,""column_id"":3,""partition"":""0x7f554c053570""}"
56ae806af7ff8a2,0,1762816844384972346,APPEND_START,"{""count"":2048,""offset"":0,""column_id"":1,""partition"":""0x7f554c036d10""}"
56ae806af7ff8a2,0,1762816844384985924,APPEND_START,"{""count"":2048,""offset"":0,""column_id"":2,""partition"":""0x7f554c041ad0""}"
56ae806af7ff8a2,0,1762816844384993352,START_INITIALISE_ADDITIONAL_STATS,"{""stats"":""0x7f554c041b20"",""type"":""cluster""}"
56ae806af7ff8a2,0,1762816844386278495,END_INITIALISE_ADDITIONAL_STATS,"{""stats"":""0x7f5550040200"",""type"":""cluster"",""size"":3200}"
56ae806af7ff8a2,0,1762816844386321874,STAT_CREATED,"{""size"":88,""address"":""0x7f55755f09c0""}"
56ae806af7ff8a2,0,1762816844386324971,STAT_CREATED,"{""size"":88,""address"":""0x7f55755f0ac0""}"
56ae806af7ff8a2,0,1762816844386326613,STAT_DESTROYED,"{""size"":88,""address"":""0x7f55755f09c0""}"
56ae806af7ff8a2,0,1762816844386327913,STAT_CREATED,"{""size"":88,""address"":""0x7f55755f0b20""}"
56ae806af7ff8a2,0,1762816844386329115,STAT_CREATED,"{""size"":88,""address"":""0x7f55755f0960""}"
56ae806af7ff8a2,0,1762816844386330250,STAT_CREATED,"{""size"":88,""address"":""0x7f5550047c20""}"
56ae806af7ff8a2,0,1762816844386331396,STAT_DESTROYED,"{""size"":88,""address"":""0x7f55755f0960""}"
56ae806af7ff8a2,0,1762816844386332542,STAT_DESTROYED,"{""size"":88,""address"":""0x7f55755f0b20""}"
56ae806af7ff8a2,0,1762816844386333644,STAT_DESTROYED,"{""size"":88,""address"":""0x7f55755f0ac0""}"
56ae806af7ff8a2,0,1762816844386335551,APPEND_START,"{""count"":2,""offset"":2046,""column_id"":3,""partition"":""0x7f5550047bd0""}"
56ae806af7ff8a2,0,1762816844386341789,APPEND_START,"{""count"":2048,""offset"":0,""column_id"":1,""partition"":""0x7f55500366a0""}"
56ae806af7ff8a2,0,1762816844386349316,APPEND_START,"{""count"":2048,""offset"":0,""column_id"":2,""partition"":""0x7f5550040510""}"
56ae806af7ff8a2,0,1762816844386357009,START_INITIALISE_ADDITIONAL_STATS,"{""stats"":""0x7f5550040560"",""type"":""cluster""}"
56ae806af7ff8a2,0,1762816844386971559,END_INITIALISE_ADDITIONAL_STATS,"{""stats"":""0x7f554c041b20"",""type"":""cluster"",""size"":3200}"
56ae806af7ff8a2,0,1762816844387017021,STAT_CREATED,"{""size"":88,""address"":""0x7f5575df19c0""}"
56ae806af7ff8a2,0,1762816844387020173,STAT_CREATED,"{""size"":88,""address"":""0x7f5575df1ac0""}"
56ae806af7ff8a2,0,1762816844387022410,STAT_DESTROYED,"{""size"":88,""address"":""0x7f5575df19c0""}"
56ae806af7ff8a2,0,1762816844387023953,STAT_CREATED,"{""size"":88,""address"":""0x7f5575df1b20""}"
56ae806af7ff8a2,0,1762816844387025276,STAT_CREATED,"{""size"":88,""address"":""0x7f5575df1960""}"
56ae806af7ff8a2,0,1762816844387026510,STAT_CREATED,"{""size"":88,""address"":""0x7f554c049470""}"
56ae806af7ff8a2,0,1762816844387027766,STAT_DESTROYED,"{""size"":88,""address"":""0x7f5575df1960""}"
56ae806af7ff8a2,0,1762816844387028979,STAT_DESTROYED,"{""size"":88,""address"":""0x7f5575df1b20""}"
56ae806af7ff8a2,0,1762816844387030125,STAT_DESTROYED,"{""size"":88,""address"":""0x7f5575df1ac0""}"
56ae806af7ff8a2,0,1762816844387032031,APPEND_START,"{""count"":2,""offset"":2046,""column_id"":3,""partition"":""0x7f554c049420""}"
56ae806af7ff8a2,0,1762816844387035889,APPEND_START,"{""count"":2048,""offset"":0,""column_id"":1,""partition"":""0x7f554c038060""}"
56ae806af7ff8a2,0,1762816844387044309,APPEND_START,"{""count"":2048,""offset"":0,""column_id"":2,""partition"":""0x7f554c041e30""}"
56ae806af7ff8a2,0,1762816844387049775,START_INITIALISE_ADDITIONAL_STATS,"{""stats"":""0x7f554c041e80"",""type"":""cluster""}"
56ae806af7ff8a2,0,1762816844388287209,END_INITIALISE_ADDITIONAL_STATS,"{""stats"":""0x7f5550040560"",""type"":""cluster"",""size"":3200}"
56ae806af7ff8a2,0,1762816844388331557,STAT_CREATED,"{""size"":88,""address"":""0x7f55755f09c0""}"
56ae806af7ff8a2,0,1762816844388334544,STAT_CREATED,"{""size"":88,""address"":""0x7f55755f0ac0""}"
56ae806af7ff8a2,0,1762816844388336175,STAT_DESTROYED,"{""size"":88,""address"":""0x7f55755f09c0""}"
56ae806af7ff8a2,0,1762816844388337542,STAT_CREATED,"{""size"":88,""address"":""0x7f55755f0b20""}"
56ae806af7ff8a2,0,1762816844388338798,STAT_CREATED,"{""size"":88,""address"":""0x7f55755f0960""}"
56ae806af7ff8a2,0,1762816844388339911,STAT_CREATED,"{""size"":88,""address"":""0x7f5550048770""}"
56ae806af7ff8a2,0,1762816844388345741,STAT_DESTROYED,"{""size"":88,""address"":""0x7f55755f0960""}"
56ae806af7ff8a2,0,1762816844388346964,STAT_DESTROYED,"{""size"":88,""address"":""0x7f55755f0b20""}"
56ae806af7ff8a2,0,1762816844388348056,STAT_DESTROYED,"{""size"":88,""address"":""0x7f55755f0ac0""}"
56ae806af7ff8a2,0,1762816844388350028,APPEND_START,"{""count"":2,""offset"":2046,""column_id"":3,""partition"":""0x7f5550048720""}"
56ae806af7ff8a2,0,1762816844388355704,APPEND_START,"{""count"":2048,""offset"":0,""column_id"":1,""partition"":""0x7f555003da40""}"
56ae806af7ff8a2,0,1762816844388529185,APPEND_START,"{""count"":2048,""offset"":0,""column_id"":3,""partition"":""0x7f5550040830""}"
56ae806af7ff8a2,0,1762816844388566789,APPEND_START,"{""count"":2048,""offset"":0,""column_id"":1,""partition"":""0x7f5550035350""}"
56ae806af7ff8a2,0,1762816844388575076,APPEND_START,"{""count"":2048,""offset"":0,""column_id"":3,""partition"":""0x7f5550047bd0""}"
56ae806af7ff8a2,0,1762816844388584180,APPEND_START,"{""count"":2048,""offset"":0,""column_id"":1,""partition"":""0x7f55500366a0""}"
56ae806af7ff8a2,0,1762816844388590197,APPEND_START,"{""count"":2048,""offset"":0,""column_id"":3,""partition"":""0x7f5550048720""}"
56ae806af7ff8a2,0,1762816844388598264,APPEND_START,"{""count"":2048,""offset"":0,""column_id"":1,""partition"":""0x7f555003da40""}"
56ae806af7ff8a2,0,1762816844388766213,APPEND_START,"{""count"":2048,""offset"":0,""column_id"":3,""partition"":""0x7f5550040830""}"
56ae806af7ff8a2,0,1762816844388804235,APPEND_START,"{""count"":2048,""offset"":0,""column_id"":1,""partition"":""0x7f5550035350""}"
56ae806af7ff8a2,0,1762816844388812247,APPEND_START,"{""count"":2048,""offset"":0,""column_id"":3,""partition"":""0x7f5550047bd0""}"
56ae806af7ff8a2,0,1762816844388820194,APPEND_START,"{""count"":2048,""offset"":0,""column_id"":1,""partition"":""0x7f55500366a0""}"
56ae806af7ff8a2,0,1762816844388828382,APPEND_START,"{""count"":2048,""offset"":0,""column_id"":3,""partition"":""0x7f5550048720""}"
56ae806af7ff8a2,0,1762816844388836593,APPEND_START,"{""count"":2048,""offset"":0,""column_id"":1,""partition"":""0x7f555003da40""}"
56ae806af7ff8a2,0,1762816844389029658,APPEND_START,"{""count"":2048,""offset"":0,""column_id"":3,""partition"":""0x7f5550040830""}"
56ae806af7ff8a2,0,1762816844389088818,APPEND_START,"{""count"":2048,""offset"":0,""column_id"":1,""partition"":""0x7f5550035350""}"
56ae806af7ff8a2,0,1762816844389122157,APPEND_START,"{""count"":2048,""offset"":0,""column_id"":3,""partition"":""0x7f5550047bd0""}"
56ae806af7ff8a2,0,1762816844389157137,APPEND_START,"{""count"":2048,""offset"":0,""column_id"":1,""partition"":""0x7f55500366a0""}"
56ae806af7ff8a2,0,1762816844389190399,APPEND_START,"{""count"":2048,""offset"":0,""column_id"":3,""partition"":""0x7f5550048720""}"
56ae806af7ff8a2,0,1762816844389248171,APPEND_START,"{""count"":2048,""offset"":0,""column_id"":1,""partition"":""0x7f555003da40""}"
56ae806af7ff8a2,0,1762816844389036513,END_INITIALISE_ADDITIONAL_STATS,"{""stats"":""0x7f554c041e80"",""type"":""cluster"",""size"":3200}"
56ae806af7ff8a2,0,1762816844389332911,STAT_CREATED,"{""size"":88,""address"":""0x7f5575df19c0""}"
56ae806af7ff8a2,0,1762816844389336372,STAT_CREATED,"{""size"":88,""address"":""0x7f5575df1ac0""}"
56ae806af7ff8a2,0,1762816844389337959,STAT_DESTROYED,"{""size"":88,""address"":""0x7f5575df19c0""}"
56ae806af7ff8a2,0,1762816844389339314,STAT_CREATED,"{""size"":88,""address"":""0x7f5575df1b20""}"
56ae806af7ff8a2,0,1762816844389340526,STAT_CREATED,"{""size"":88,""address"":""0x7f5575df1960""}"
56ae806af7ff8a2,0,1762816844389341629,STAT_CREATED,"{""size"":88,""address"":""0x7f554c049f90""}"
56ae806af7ff8a2,0,1762816844389342863,STAT_DESTROYED,"{""size"":88,""address"":""0x7f5575df1960""}"
56ae806af7ff8a2,0,1762816844389344053,STAT_DESTROYED,"{""size"":88,""address"":""0x7f5575df1b20""}"
56ae806af7ff8a2,0,1762816844389345166,STAT_DESTROYED,"{""size"":88,""address"":""0x7f5575df1ac0""}"
56ae806af7ff8a2,0,1762816844389347271,APPEND_START,"{""count"":2,""offset"":2046,""column_id"":3,""partition"":""0x7f554c049f40""}"
56ae806af7ff8a2,0,1762816844389357025,APPEND_START,"{""count"":2048,""offset"":0,""column_id"":1,""partition"":""0x7f554c03f450""}"
56ae806af7ff8a2,0,1762816844389445776,APPEND_START,"{""count"":2048,""offset"":0,""column_id"":3,""partition"":""0x7f5550040830""}"
56ae806af7ff8a2,0,1762816844389488813,APPEND_START,"{""count"":2048,""offset"":0,""column_id"":1,""partition"":""0x7f5550035350""}"
56ae806af7ff8a2,0,1762816844389496814,APPEND_START,"{""count"":2048,""offset"":0,""column_id"":3,""partition"":""0x7f5550047bd0""}"
56ae806af7ff8a2,0,1762816844389505907,APPEND_START,"{""count"":2048,""offset"":0,""column_id"":1,""partition"":""0x7f55500366a0""}"
56ae806af7ff8a2,0,1762816844389513522,APPEND_START,"{""count"":2048,""offset"":0,""column_id"":3,""partition"":""0x7f5550048720""}"
56ae806af7ff8a2,0,1762816844389522394,APPEND_START,"{""count"":2048,""offset"":0,""column_id"":1,""partition"":""0x7f555003da40""}"
56ae806af7ff8a2,0,1762816844389532335,APPEND_START,"{""count"":2048,""offset"":0,""column_id"":3,""partition"":""0x7f554c053570""}"
56ae806af7ff8a2,0,1762816844389539719,APPEND_START,"{""count"":2048,""offset"":0,""column_id"":1,""partition"":""0x7f554c036d10""}"
56ae806af7ff8a2,0,1762816844389546431,APPEND_START,"{""count"":2048,""offset"":0,""column_id"":3,""partition"":""0x7f554c049420""}"
56ae806af7ff8a2,0,1762816844389552978,APPEND_START,"{""count"":2048,""offset"":0,""column_id"":1,""partition"":""0x7f554c038060""}"
56ae806af7ff8a2,0,1762816844389559700,APPEND_START,"{""count"":2048,""offset"":0,""column_id"":3,""partition"":""0x7f554c049f40""}"
56ae806af7ff8a2,0,1762816844389565508,APPEND_START,"{""count"":2048,""offset"":0,""column_id"":1,""partition"":""0x7f554c03f450""}"
56ae806af7ff8a2,0,1762816844389723185,APPEND_START,"{""count"":2048,""offset"":0,""column_id"":3,""partition"":""0x7f5550040830""}"
56ae806af7ff8a2,0,1762816844389788583,APPEND_START,"{""count"":2048,""offset"":0,""column_id"":1,""partition"":""0x7f5550035350""}"
56ae806af7ff8a2,0,1762816844389825426,APPEND_START,"{""count"":2048,""offset"":0,""column_id"":3,""partition"":""0x7f5550047bd0""}"
56ae806af7ff8a2,0,1762816844389882691,APPEND_START,"{""count"":2048,""offset"":0,""column_id"":1,""partition"":""0x7f55500366a0""}"
56ae806af7ff8a2,0,1762816844389915831,APPEND_START,"{""count"":2048,""offset"":0,""column_id"":3,""partition"":""0x7f5550048720""}"
56ae806af7ff8a2,0,1762816844389729842,APPEND_START,"{""count"":2048,""offset"":0,""column_id"":3,""partition"":""0x7f554c053570""}"
56ae806af7ff8a2,0,1762816844389964621,APPEND_START,"{""count"":2048,""offset"":0,""column_id"":1,""partition"":""0x7f554c036d10""}"
56ae806af7ff8a2,0,1762816844389930820,APPEND_START,"{""count"":2048,""offset"":0,""column_id"":1,""partition"":""0x7f555003da40""}"
56ae806af7ff8a2,0,1762816844390001828,APPEND_START,"{""count"":2048,""offset"":0,""column_id"":3,""partition"":""0x7f554c049420""}"
56ae806af7ff8a2,0,1762816844390076341,APPEND_START,"{""count"":2048,""offset"":0,""column_id"":1,""partition"":""0x7f554c038060""}"
56ae806af7ff8a2,0,1762816844390085587,APPEND_START,"{""count"":2048,""offset"":0,""column_id"":3,""partition"":""0x7f554c049f40""}"
56ae806af7ff8a2,0,1762816844390092090,APPEND_START,"{""count"":2048,""offset"":0,""column_id"":1,""partition"":""0x7f554c03f450""}"
56ae806af7ff8a2,0,1762816844390223955,APPEND_START,"{""count"":2048,""offset"":0,""column_id"":3,""partition"":""0x7f5550040830""}"
56ae806af7ff8a2,0,1762816844390284549,APPEND_START,"{""count"":2048,""offset"":0,""column_id"":1,""partition"":""0x7f5550035350""}"
56ae806af7ff8a2,0,1762816844390322086,APPEND_START,"{""count"":2048,""offset"":0,""column_id"":3,""partition"":""0x7f5550047bd0""}"
56ae806af7ff8a2,0,1762816844390381599,APPEND_START,"{""count"":2048,""offset"":0,""column_id"":1,""partition"":""0x7f55500366a0""}"
56ae806af7ff8a2,0,1762816844390415952,APPEND_START,"{""count"":2048,""offset"":0,""column_id"":3,""partition"":""0x7f5550048720""}"
56ae806af7ff8a2,0,1762816844390450513,APPEND_START,"{""count"":2048,""offset"":0,""column_id"":1,""partition"":""0x7f555003da40""}"
56ae806af7ff8a2,0,1762816844390287987,APPEND_START,"{""count"":2048,""offset"":0,""column_id"":3,""partition"":""0x7f554c053570""}"
56ae806af7ff8a2,0,1762816844390533160,APPEND_START,"{""count"":2048,""offset"":0,""column_id"":1,""partition"":""0x7f554c036d10""}"
56ae806af7ff8a2,0,1762816844390544930,APPEND_START,"{""count"":2048,""offset"":0,""column_id"":3,""partition"":""0x7f554c049420""}"
56ae806af7ff8a2,0,1762816844390550485,APPEND_START,"{""count"":2048,""offset"":0,""column_id"":1,""partition"":""0x7f554c038060""}"
56ae806af7ff8a2,0,1762816844390556690,APPEND_START,"{""count"":2048,""offset"":0,""column_id"":3,""partition"":""0x7f554c049f40""}"
56ae806af7ff8a2,0,1762816844390562409,APPEND_START,"{""count"":2048,""offset"":0,""column_id"":1,""partition"":""0x7f554c03f450""}"
56ae806af7ff8a2,0,1762816844390664221,APPEND_START,"{""count"":2048,""offset"":0,""column_id"":3,""partition"":""0x7f5550040830""}"
56ae806af7ff8a2,0,1762816844390708591,APPEND_START,"{""count"":2048,""offset"":0,""column_id"":1,""partition"":""0x7f5550035350""}"
56ae806af7ff8a2,0,1762816844390716328,APPEND_START,"{""count"":2048,""offset"":0,""column_id"":3,""partition"":""0x7f5550047bd0""}"
56ae806af7ff8a2,0,1762816844390723866,APPEND_START,"{""count"":2048,""offset"":0,""column_id"":1,""partition"":""0x7f55500366a0""}"
56ae806af7ff8a2,0,1762816844390729718,APPEND_START,"{""count"":2048,""offset"":0,""column_id"":3,""partition"":""0x7f5550048720""}"
56ae806af7ff8a2,0,1762816844390735196,APPEND_START,"{""count"":2048,""offset"":0,""column_id"":3,""partition"":""0x7f554c053570""}"
56ae806af7ff8a2,0,1762816844390737356,APPEND_START,"{""count"":2048,""offset"":0,""column_id"":1,""partition"":""0x7f555003da40""}"
56ae806af7ff8a2,0,1762816844390742580,APPEND_START,"{""count"":2048,""offset"":0,""column_id"":1,""partition"":""0x7f554c036d10""}"
56ae806af7ff8a2,0,1762816844390749149,APPEND_START,"{""count"":2048,""offset"":0,""column_id"":3,""partition"":""0x7f554c049420""}"
56ae806af7ff8a2,0,1762816844390756257,APPEND_START,"{""count"":2048,""offset"":0,""column_id"":1,""partition"":""0x7f554c038060""}"
56ae806af7ff8a2,0,1762816844390762737,APPEND_START,"{""count"":2048,""offset"":0,""column_id"":3,""partition"":""0x7f554c049f40""}"
56ae806af7ff8a2,0,1762816844390769681,APPEND_START,"{""count"":2048,""offset"":0,""column_id"":1,""partition"":""0x7f554c03f450""}"
56ae806af7ff8a2,0,1762816844390908875,APPEND_START,"{""count"":2048,""offset"":0,""column_id"":3,""partition"":""0x7f5550040830""}"
56ae806af7ff8a2,0,1762816844390934080,APPEND_START,"{""count"":2048,""offset"":0,""column_id"":3,""partition"":""0x7f554c053570""}"
56ae806af7ff8a2,0,1762816844391027792,APPEND_START,"{""count"":2048,""offset"":0,""column_id"":1,""partition"":""0x7f554c036d10""}"
56ae806af7ff8a2,0,1762816844391062728,APPEND_START,"{""count"":2048,""offset"":0,""column_id"":3,""partition"":""0x7f554c049420""}"
56ae806af7ff8a2,0,1762816844391094524,APPEND_START,"{""count"":2048,""offset"":0,""column_id"":1,""partition"":""0x7f554c038060""}"
56ae806af7ff8a2,0,1762816844391128909,APPEND_START,"{""count"":2048,""offset"":0,""column_id"":3,""partition"":""0x7f554c049f40""}"
56ae806af7ff8a2,0,1762816844390966923,APPEND_START,"{""count"":2048,""offset"":0,""column_id"":1,""partition"":""0x7f5550035350""}"
56ae806af7ff8a2,0,1762816844391142233,APPEND_START,"{""count"":2048,""offset"":0,""column_id"":1,""partition"":""0x7f554c03f450""}"
56ae806af7ff8a2,0,1762816844391269272,APPEND_START,"{""count"":2048,""offset"":0,""column_id"":3,""partition"":""0x7f5550047bd0""}"
56ae806af7ff8a2,0,1762816844391320023,APPEND_START,"{""count"":2048,""offset"":0,""column_id"":1,""partition"":""0x7f55500366a0""}"
56ae806af7ff8a2,0,1762816844391385510,APPEND_START,"{""count"":2048,""offset"":0,""column_id"":3,""partition"":""0x7f554c053570""}"
56ae806af7ff8a2,0,1762816844391418165,APPEND_START,"{""count"":2048,""offset"":0,""column_id"":3,""partition"":""0x7f5550048720""}"
56ae806af7ff8a2,0,1762816844391418815,APPEND_START,"{""count"":2048,""offset"":0,""column_id"":1,""partition"":""0x7f554c036d10""}"
56ae806af7ff8a2,0,1762816844391487123,APPEND_START,"{""count"":2048,""offset"":0,""column_id"":3,""partition"":""0x7f554c049420""}"
56ae806af7ff8a2,0,1762816844391522236,APPEND_START,"{""count"":2048,""offset"":0,""column_id"":1,""partition"":""0x7f554c038060""}"
56ae806af7ff8a2,0,1762816844391556103,APPEND_START,"{""count"":2048,""offset"":0,""column_id"":3,""partition"":""0x7f554c049f40""}"
56ae806af7ff8a2,0,1762816844391587293,APPEND_START,"{""count"":2048,""offset"":0,""column_id"":1,""partition"":""0x7f554c03f450""}"
56ae806af7ff8a2,0,1762816844391458182,APPEND_START,"{""count"":2048,""offset"":0,""column_id"":1,""partition"":""0x7f555003da40""}"
56ae806af7ff8a2,0,1762816844391786386,APPEND_START,"{""count"":2048,""offset"":0,""column_id"":3,""partition"":""0x7f554c053570""}"
56ae806af7ff8a2,0,1762816844391823703,APPEND_START,"{""count"":2048,""offset"":0,""column_id"":1,""partition"":""0x7f554c036d10""}"
56ae806af7ff8a2,0,1762816844391832873,APPEND_START,"{""count"":2048,""offset"":0,""column_id"":3,""partition"":""0x7f554c049420""}"
56ae806af7ff8a2,0,1762816844391838615,APPEND_START,"{""count"":2048,""offset"":0,""column_id"":1,""partition"":""0x7f554c038060""}"
56ae806af7ff8a2,0,1762816844391844478,APPEND_START,"{""count"":2048,""offset"":0,""column_id"":3,""partition"":""0x7f554c049f40""}"
56ae806af7ff8a2,0,1762816844391849702,APPEND_START,"{""count"":2048,""offset"":0,""column_id"":1,""partition"":""0x7f554c03f450""}"
56ae806af7ff8a2,0,1762816844391903583,APPEND_START,"{""count"":2048,""offset"":0,""column_id"":3,""partition"":""0x7f5550040830""}"
56ae806af7ff8a2,0,1762816844391944074,APPEND_START,"{""count"":2048,""offset"":0,""column_id"":1,""partition"":""0x7f5550035350""}"
56ae806af7ff8a2,0,1762816844391952693,APPEND_START,"{""count"":2048,""offset"":0,""column_id"":3,""partition"":""0x7f5550047bd0""}"
56ae806af7ff8a2,0,1762816844391960308,APPEND_START,"{""count"":2048,""offset"":0,""column_id"":1,""partition"":""0x7f55500366a0""}"
56ae806af7ff8a2,0,1762816844391966998,APPEND_START,"{""count"":2048,""offset"":0,""column_id"":3,""partition"":""0x7f5550048720""}"
56ae806af7ff8a2,0,1762816844391974470,APPEND_START,"{""count"":2048,""offset"":0,""column_id"":1,""partition"":""0x7f555003da40""}"
56ae806af7ff8a2,0,1762816844392029377,APPEND_START,"{""count"":2048,""offset"":0,""column_id"":3,""partition"":""0x7f554c053570""}"
56ae806af7ff8a2,0,1762816844392039858,APPEND_START,"{""count"":2048,""offset"":0,""column_id"":1,""partition"":""0x7f554c036d10""}"
56ae806af7ff8a2,0,1762816844392138484,APPEND_START,"{""count"":2048,""offset"":0,""column_id"":3,""partition"":""0x7f554c049420""}"
56ae806af7ff8a2,0,1762816844392195231,APPEND_START,"{""count"":2048,""offset"":0,""column_id"":1,""partition"":""0x7f554c038060""}"
56ae806af7ff8a2,0,1762816844392144281,APPEND_START,"{""count"":2048,""offset"":0,""column_id"":3,""partition"":""0x7f5550040830""}"
56ae806af7ff8a2,0,1762816844392287962,APPEND_START,"{""count"":2048,""offset"":0,""column_id"":1,""partition"":""0x7f5550035350""}"
56ae806af7ff8a2,0,1762816844392302796,APPEND_START,"{""count"":2048,""offset"":0,""column_id"":3,""partition"":""0x7f5550047bd0""}"
56ae806af7ff8a2,0,1762816844392314015,APPEND_START,"{""count"":2048,""offset"":0,""column_id"":1,""partition"":""0x7f55500366a0""}"
56ae806af7ff8a2,0,1762816844392322909,APPEND_START,"{""count"":2048,""offset"":0,""column_id"":3,""partition"":""0x7f554c049f40""}"
56ae806af7ff8a2,0,1762816844392365714,APPEND_START,"{""count"":2048,""offset"":0,""column_id"":1,""partition"":""0x7f554c03f450""}"
56ae806af7ff8a2,0,1762816844392323493,APPEND_START,"{""count"":2048,""offset"":0,""column_id"":3,""partition"":""0x7f5550048720""}"
56ae806af7ff8a2,0,1762816844392455524,APPEND_START,"{""count"":2048,""offset"":0,""column_id"":1,""partition"":""0x7f555003da40""}"
56ae806af7ff8a2,0,1762816844392662024,APPEND_START,"{""count"":2048,""offset"":0,""column_id"":3,""partition"":""0x7f5550040830""}"
56ae806af7ff8a2,0,1762816844392701270,APPEND_START,"{""count"":2048,""offset"":0,""column_id"":3,""partition"":""0x7f554c053570""}"
56ae806af7ff8a2,0,1762816844392737573,APPEND_START,"{""count"":2048,""offset"":0,""column_id"":1,""partition"":""0x7f554c036d10""}"
56ae806af7ff8a2,0,1762816844392799114,APPEND_START,"{""count"":2048,""offset"":0,""column_id"":3,""partition"":""0x7f554c049420""}"
56ae806af7ff8a2,0,1762816844392830005,APPEND_START,"{""count"":2048,""offset"":0,""column_id"":1,""partition"":""0x7f554c038060""}"
56ae806af7ff8a2,0,1762816844392885849,APPEND_START,"{""count"":2048,""offset"":0,""column_id"":3,""partition"":""0x7f554c049f40""}"
56ae806af7ff8a2,0,1762816844392917600,APPEND_START,"{""count"":2048,""offset"":0,""column_id"":1,""partition"":""0x7f554c03f450""}"
56ae806af7ff8a2,0,1762816844392702063,APPEND_START,"{""count"":2048,""offset"":0,""column_id"":1,""partition"":""0x7f5550035350""}"
56ae806af7ff8a2,0,1762816844392954168,APPEND_START,"{""count"":2048,""offset"":0,""column_id"":3,""partition"":""0x7f5550047bd0""}"
56ae806af7ff8a2,0,1762816844392965541,APPEND_START,"{""count"":2048,""offset"":0,""column_id"":1,""partition"":""0x7f55500366a0""}"
56ae806af7ff8a2,0,1762816844392975493,APPEND_START,"{""count"":2048,""offset"":0,""column_id"":3,""partition"":""0x7f5550048720""}"
56ae806af7ff8a2,0,1762816844392986393,APPEND_START,"{""count"":2048,""offset"":0,""column_id"":1,""partition"":""0x7f555003da40""}"
56ae806af7ff8a2,0,1762816844393097881,APPEND_START,"{""count"":2048,""offset"":0,""column_id"":3,""partition"":""0x7f554c053570""}"
56ae806af7ff8a2,0,1762816844393129544,APPEND_START,"{""count"":2048,""offset"":0,""column_id"":1,""partition"":""0x7f554c036d10""}"
56ae806af7ff8a2,0,1762816844393139408,APPEND_START,"{""count"":2048,""offset"":0,""column_id"":3,""partition"":""0x7f554c049420""}"
56ae806af7ff8a2,0,1762816844393144775,APPEND_START,"{""count"":2048,""offset"":0,""column_id"":1,""partition"":""0x7f554c038060""}"
56ae806af7ff8a2,0,1762816844393150572,APPEND_START,"{""count"":2048,""offset"":0,""column_id"":3,""partition"":""0x7f554c049f40""}"
56ae806af7ff8a2,0,1762816844393155796,APPEND_START,"{""count"":2048,""offset"":0,""column_id"":1,""partition"":""0x7f554c03f450""}"
56ae806af7ff8a2,0,1762816844393164095,APPEND_START,"{""count"":2048,""offset"":0,""column_id"":3,""partition"":""0x7f5550040830""}"
56ae806af7ff8a2,0,1762816844393172129,APPEND_START,"{""count"":2048,""offset"":0,""column_id"":1,""partition"":""0x7f5550035350""}"
56ae806af7ff8a2,0,1762816844393178929,APPEND_START,"{""count"":2048,""offset"":0,""column_id"":3,""partition"":""0x7f5550047bd0""}"
56ae806af7ff8a2,0,1762816844393185817,APPEND_START,"{""count"":2048,""offset"":0,""column_id"":1,""partition"":""0x7f55500366a0""}"
56ae806af7ff8a2,0,1762816844393192375,APPEND_START,"{""count"":2048,""offset"":0,""column_id"":3,""partition"":""0x7f5550048720""}"
56ae806af7ff8a2,0,1762816844393201963,APPEND_START,"{""count"":2048,""offset"":0,""column_id"":1,""partition"":""0x7f555003da40""}"
56ae806af7ff8a2,0,1762816844393325761,APPEND_START,"{""count"":2048,""offset"":0,""column_id"":3,""partition"":""0x7f554c053570""}"
56ae806af7ff8a2,0,1762816844393378100,APPEND_START,"{""count"":2048,""offset"":0,""column_id"":1,""partition"":""0x7f554c036d10""}"
56ae806af7ff8a2,0,1762816844393391887,APPEND_START,"{""count"":2048,""offset"":0,""column_id"":3,""partition"":""0x7f5550040830""}"
56ae806af7ff8a2,0,1762816844393434913,APPEND_START,"{""count"":2048,""offset"":0,""column_id"":1,""partition"":""0x7f5550035350""}"
56ae806af7ff8a2,0,1762816844393477399,APPEND_START,"{""count"":2048,""offset"":0,""column_id"":3,""partition"":""0x7f5550047bd0""}"
56ae806af7ff8a2,0,1762816844393521714,APPEND_START,"{""count"":2048,""offset"":0,""column_id"":1,""partition"":""0x7f55500366a0""}"
56ae806af7ff8a2,0,1762816844393580676,APPEND_START,"{""count"":2048,""offset"":0,""column_id"":3,""partition"":""0x7f5550048720""}"
56ae806af7ff8a2,0,1762816844393393452,APPEND_START,"{""count"":2048,""offset"":0,""column_id"":3,""partition"":""0x7f554c049420""}"
56ae806af7ff8a2,0,1762816844393690677,APPEND_START,"{""count"":2048,""offset"":0,""column_id"":1,""partition"":""0x7f554c038060""}"
56ae806af7ff8a2,0,1762816844393623360,APPEND_START,"{""count"":2048,""offset"":0,""column_id"":1,""partition"":""0x7f555003da40""}"
56ae806af7ff8a2,0,1762816844393731961,APPEND_START,"{""count"":2048,""offset"":0,""column_id"":3,""partition"":""0x7f554c049f40""}"
56ae806af7ff8a2,0,1762816844393886926,APPEND_START,"{""count"":2048,""offset"":0,""column_id"":1,""partition"":""0x7f554c03f450""}"
56ae806af7ff8a2,0,1762816844393956480,APPEND_START,"{""count"":2048,""offset"":0,""column_id"":3,""partition"":""0x7f5550040830""}"
56ae806af7ff8a2,0,1762816844394003627,APPEND_START,"{""count"":2048,""offset"":0,""column_id"":1,""partition"":""0x7f5550035350""}"
56ae806af7ff8a2,0,1762816844394011474,APPEND_START,"{""count"":2048,""offset"":0,""column_id"":3,""partition"":""0x7f5550047bd0""}"
56ae806af7ff8a2,0,1762816844394019024,APPEND_START,"{""count"":2048,""offset"":0,""column_id"":1,""partition"":""0x7f55500366a0""}"
56ae806af7ff8a2,0,1762816844394025603,APPEND_START,"{""count"":2048,""offset"":0,""column_id"":3,""partition"":""0x7f5550048720""}"
56ae806af7ff8a2,0,1762816844394033770,APPEND_START,"{""count"":2048,""offset"":0,""column_id"":1,""partition"":""0x7f555003da40""}"
56ae806af7ff8a2,0,1762816844394075208,APPEND_START,"{""count"":2048,""offset"":0,""column_id"":3,""partition"":""0x7f554c053570""}"
56ae806af7ff8a2,0,1762816844394118212,APPEND_START,"{""count"":2048,""offset"":0,""column_id"":1,""partition"":""0x7f554c036d10""}"
56ae806af7ff8a2,0,1762816844394129388,APPEND_START,"{""count"":2048,""offset"":0,""column_id"":3,""partition"":""0x7f554c049420""}"
56ae806af7ff8a2,0,1762816844394135063,APPEND_START,"{""count"":2048,""offset"":0,""column_id"":1,""partition"":""0x7f554c038060""}"
56ae806af7ff8a2,0,1762816844394141731,APPEND_START,"{""count"":2048,""offset"":0,""column_id"":3,""partition"":""0x7f554c049f40""}"
56ae806af7ff8a2,0,1762816844394147153,APPEND_START,"{""count"":2048,""offset"":0,""column_id"":1,""partition"":""0x7f554c03f450""}"
56ae806af7ff8a2,0,1762816844394202423,APPEND_START,"{""count"":2048,""offset"":0,""column_id"":3,""partition"":""0x7f5550040830""}"
56ae806af7ff8a2,0,1762816844394237977,APPEND_START,"{""count"":2048,""offset"":0,""column_id"":1,""partition"":""0x7f5550035350""}"
56ae806af7ff8a2,0,1762816844394245659,APPEND_START,"{""count"":2048,""offset"":0,""column_id"":3,""partition"":""0x7f5550047bd0""}"
56ae806af7ff8a2,0,1762816844394256062,APPEND_START,"{""count"":2048,""offset"":0,""column_id"":1,""partition"":""0x7f55500366a0""}"
56ae806af7ff8a2,0,1762816844394262686,APPEND_START,"{""count"":2048,""offset"":0,""column_id"":3,""partition"":""0x7f5550048720""}"
56ae806af7ff8a2,0,1762816844394270368,APPEND_START,"{""count"":2048,""offset"":0,""column_id"":1,""partition"":""0x7f555003da40""}"
56ae806af7ff8a2,0,1762816844394319003,APPEND_START,"{""count"":2048,""offset"":0,""column_id"":3,""partition"":""0x7f554c053570""}"
56ae806af7ff8a2,0,1762816844394351504,APPEND_START,"{""count"":2048,""offset"":0,""column_id"":1,""partition"":""0x7f554c036d10""}"
56ae806af7ff8a2,0,1762816844394361379,APPEND_START,"{""count"":2048,""offset"":0,""column_id"":3,""partition"":""0x7f554c049420""}"
56ae806af7ff8a2,0,1762816844394366878,APPEND_START,"{""count"":2048,""offset"":0,""column_id"":1,""partition"":""0x7f554c038060""}"
56ae806af7ff8a2,0,1762816844394374141,APPEND_START,"{""count"":2048,""offset"":0,""column_id"":3,""partition"":""0x7f554c049f40""}"
56ae806af7ff8a2,0,1762816844394379354,APPEND_START,"{""count"":2048,""offset"":0,""column_id"":1,""partition"":""0x7f554c03f450""}"
56ae806af7ff8a2,0,1762816844394438537,APPEND_START,"{""count"":2048,""offset"":0,""column_id"":3,""partition"":""0x7f5550040830""}"
56ae806af7ff8a2,0,1762816844394475776,START_INITIALISE_ADDITIONAL_STATS,"{""stats"":""0x7f5550040880"",""type"":""cluster""}"
56ae806af7ff8a2,0,1762816844394548537,APPEND_START,"{""count"":2048,""offset"":0,""column_id"":3,""partition"":""0x7f554c053570""}"
56ae806af7ff8a2,0,1762816844394581368,APPEND_START,"{""count"":2048,""offset"":0,""column_id"":1,""partition"":""0x7f554c036d10""}"
56ae806af7ff8a2,0,1762816844394591034,APPEND_START,"{""count"":2048,""offset"":0,""column_id"":3,""partition"":""0x7f554c049420""}"
56ae806af7ff8a2,0,1762816844394600578,APPEND_START,"{""count"":2048,""offset"":0,""column_id"":1,""partition"":""0x7f554c038060""}"
56ae806af7ff8a2,0,1762816844394607587,APPEND_START,"{""count"":2048,""offset"":0,""column_id"":3,""partition"":""0x7f554c049f40""}"
56ae806af7ff8a2,0,1762816844394612822,APPEND_START,"{""count"":2048,""offset"":0,""column_id"":1,""partition"":""0x7f554c03f450""}"
56ae806af7ff8a2,0,1762816844394781851,APPEND_START,"{""count"":2048,""offset"":0,""column_id"":3,""partition"":""0x7f554c053570""}"
56ae806af7ff8a2,0,1762816844394814087,APPEND_START,"{""count"":2048,""offset"":0,""column_id"":1,""partition"":""0x7f554c036d10""}"
56ae806af7ff8a2,0,1762816844394824402,APPEND_START,"{""count"":2048,""offset"":0,""column_id"":3,""partition"":""0x7f554c049420""}"
56ae806af7ff8a2,0,1762816844394830023,APPEND_START,"{""count"":2048,""offset"":0,""column_id"":1,""partition"":""0x7f554c038060""}"
56ae806af7ff8a2,0,1762816844394836437,APPEND_START,"{""count"":2048,""offset"":0,""column_id"":3,""partition"":""0x7f554c049f40""}"
56ae806af7ff8a2,0,1762816844394841705,APPEND_START,"{""count"":2048,""offset"":0,""column_id"":1,""partition"":""0x7f554c03f450""}"
56ae806af7ff8a2,0,1762816844395011274,APPEND_START,"{""count"":2048,""offset"":0,""column_id"":3,""partition"":""0x7f554c053570""}"
56ae806af7ff8a2,0,1762816844395043235,START_INITIALISE_ADDITIONAL_STATS,"{""stats"":""0x7f554c0535c0"",""type"":""cluster""}"
56ae806af7ff8a2,0,1762816844396533214,END_INITIALISE_ADDITIONAL_STATS,"{""stats"":""0x7f5550040880"",""type"":""cluster"",""size"":3200}"
56ae806af7ff8a2,0,1762816844396578521,STAT_CREATED,"{""size"":88,""address"":""0x7f55755f09c0""}"
56ae806af7ff8a2,0,1762816844396581662,STAT_CREATED,"{""size"":88,""address"":""0x7f55755f0ac0""}"
56ae806af7ff8a2,0,1762816844396583227,STAT_DESTROYED,"{""size"":88,""address"":""0x7f55755f09c0""}"
56ae806af7ff8a2,0,1762816844396584560,STAT_CREATED,"{""size"":88,""address"":""0x7f55755f0b20""}"
56ae806af7ff8a2,0,1762816844396585795,STAT_CREATED,"{""size"":88,""address"":""0x7f55755f0960""}"
56ae806af7ff8a2,0,1762816844396586941,STAT_CREATED,"{""size"":88,""address"":""0x7f555004e2e0""}"
56ae806af7ff8a2,0,1762816844396588065,STAT_DESTROYED,"{""size"":88,""address"":""0x7f55755f0960""}"
56ae806af7ff8a2,0,1762816844396589189,STAT_DESTROYED,"{""size"":88,""address"":""0x7f55755f0b20""}"
56ae806af7ff8a2,0,1762816844396590368,STAT_DESTROYED,"{""size"":88,""address"":""0x7f55755f0ac0""}"
56ae806af7ff8a2,0,1762816844396592716,APPEND_START,"{""count"":3,""offset"":2045,""column_id"":4,""partition"":""0x7f555004e290""}"
56ae806af7ff8a2,0,1762816844396599064,APPEND_START,"{""count"":2048,""offset"":0,""column_id"":1,""partition"":""0x7f5550035350""}"
56ae806af7ff8a2,0,1762816844396605908,APPEND_START,"{""count"":2048,""offset"":0,""column_id"":3,""partition"":""0x7f5550047bd0""}"
56ae806af7ff8a2,0,1762816844396612333,START_INITIALISE_ADDITIONAL_STATS,"{""stats"":""0x7f5550047c20"",""type"":""cluster""}"
56ae806af7ff8a2,0,1762816844397078674,END_INITIALISE_ADDITIONAL_STATS,"{""stats"":""0x7f554c0535c0"",""type"":""cluster"",""size"":3200}"
56ae806af7ff8a2,0,1762816844397125513,STAT_CREATED,"{""size"":88,""address"":""0x7f5575df19c0""}"
56ae806af7ff8a2,0,1762816844397128720,STAT_CREATED,"{""size"":88,""address"":""0x7f5575df1ac0""}"
56ae806af7ff8a2,0,1762816844397130263,STAT_DESTROYED,"{""size"":88,""address"":""0x7f5575df19c0""}"
56ae806af7ff8a2,0,1762816844397131795,STAT_CREATED,"{""size"":88,""address"":""0x7f5575df1b20""}"
56ae806af7ff8a2,0,1762816844397133007,STAT_CREATED,"{""size"":88,""address"":""0x7f5575df1960""}"
56ae806af7ff8a2,0,1762816844397134121,STAT_CREATED,"{""size"":88,""address"":""0x7f554c04fba0""}"
56ae806af7ff8a2,0,1762816844397135212,STAT_DESTROYED,"{""size"":88,""address"":""0x7f5575df1960""}"
56ae806af7ff8a2,0,1762816844397136347,STAT_DESTROYED,"{""size"":88,""address"":""0x7f5575df1b20""}"
56ae806af7ff8a2,0,1762816844397137438,STAT_DESTROYED,"{""size"":88,""address"":""0x7f5575df1ac0""}"
56ae806af7ff8a2,0,1762816844397144260,APPEND_START,"{""count"":3,""offset"":2045,""column_id"":4,""partition"":""0x7f554c04fb50""}"
56ae806af7ff8a2,0,1762816844397148238,APPEND_START,"{""count"":2048,""offset"":0,""column_id"":1,""partition"":""0x7f554c036d10""}"
56ae806af7ff8a2,0,1762816844397156218,APPEND_START,"{""count"":2048,""offset"":0,""column_id"":3,""partition"":""0x7f554c049420""}"
56ae806af7ff8a2,0,1762816844397161750,START_INITIALISE_ADDITIONAL_STATS,"{""stats"":""0x7f554c049470"",""type"":""cluster""}"
56ae806af7ff8a2,0,1762816844398635848,END_INITIALISE_ADDITIONAL_STATS,"{""stats"":""0x7f5550047c20"",""type"":""cluster"",""size"":3200}"
56ae806af7ff8a2,0,1762816844398682081,STAT_CREATED,"{""size"":88,""address"":""0x7f55755f09c0""}"
56ae806af7ff8a2,0,1762816844398685905,STAT_CREATED,"{""size"":88,""address"":""0x7f55755f0ac0""}"
56ae806af7ff8a2,0,1762816844398687867,STAT_DESTROYED,"{""size"":88,""address"":""0x7f55755f09c0""}"
56ae806af7ff8a2,0,1762816844398689641,STAT_CREATED,"{""size"":88,""address"":""0x7f55755f0b20""}"
56ae806af7ff8a2,0,1762816844398691371,STAT_CREATED,"{""size"":88,""address"":""0x7f55755f0960""}"
56ae806af7ff8a2,0,1762816844398693124,STAT_CREATED,"{""size"":88,""address"":""0x7f555004f690""}"
56ae806af7ff8a2,0,1762816844398694689,STAT_DESTROYED,"{""size"":88,""address"":""0x7f55755f0960""}"
56ae806af7ff8a2,0,1762816844398696375,STAT_DESTROYED,"{""size"":88,""address"":""0x7f55755f0b20""}"
56ae806af7ff8a2,0,1762816844398697929,STAT_DESTROYED,"{""size"":88,""address"":""0x7f55755f0ac0""}"
56ae806af7ff8a2,0,1762816844398700629,APPEND_START,"{""count"":3,""offset"":2045,""column_id"":4,""partition"":""0x7f555004f640""}"
56ae806af7ff8a2,0,1762816844398708421,APPEND_START,"{""count"":2048,""offset"":0,""column_id"":1,""partition"":""0x7f55500366a0""}"
56ae806af7ff8a2,0,1762816844398718549,APPEND_START,"{""count"":2048,""offset"":0,""column_id"":3,""partition"":""0x7f5550048720""}"
56ae806af7ff8a2,0,1762816844398726760,START_INITIALISE_ADDITIONAL_STATS,"{""stats"":""0x7f5550048770"",""type"":""cluster""}"
56ae806af7ff8a2,0,1762816844399156026,END_INITIALISE_ADDITIONAL_STATS,"{""stats"":""0x7f554c049470"",""type"":""cluster"",""size"":3200}"
56ae806af7ff8a2,0,1762816844399201344,STAT_CREATED,"{""size"":88,""address"":""0x7f5575df19c0""}"
56ae806af7ff8a2,0,1762816844399204320,STAT_CREATED,"{""size"":88,""address"":""0x7f5575df1ac0""}"
56ae806af7ff8a2,0,1762816844399205885,STAT_DESTROYED,"{""size"":88,""address"":""0x7f5575df19c0""}"
56ae806af7ff8a2,0,1762816844399207439,STAT_CREATED,"{""size"":88,""address"":""0x7f5575df1b20""}"
56ae806af7ff8a2,0,1762816844399208684,STAT_CREATED,"{""size"":88,""address"":""0x7f5575df1960""}"
56ae806af7ff8a2,0,1762816844399209819,STAT_CREATED,"{""size"":88,""address"":""0x7f554c050ec0""}"
56ae806af7ff8a2,0,1762816844399210911,STAT_DESTROYED,"{""size"":88,""address"":""0x7f5575df1960""}"
56ae806af7ff8a2,0,1762816844399212046,STAT_DESTROYED,"{""size"":88,""address"":""0x7f5575df1b20""}"
56ae806af7ff8a2,0,1762816844399213137,STAT_DESTROYED,"{""size"":88,""address"":""0x7f5575df1ac0""}"
56ae806af7ff8a2,0,1762816844399215220,APPEND_START,"{""count"":3,""offset"":2045,""column_id"":4,""partition"":""0x7f554c050e70""}"
56ae806af7ff8a2,0,1762816844399219077,APPEND_START,"{""count"":2048,""offset"":0,""column_id"":1,""partition"":""0x7f554c038060""}"
56ae806af7ff8a2,0,1762816844399227717,APPEND_START,"{""count"":2048,""offset"":0,""column_id"":3,""partition"":""0x7f554c049f40""}"
56ae806af7ff8a2,0,1762816844399233173,START_INITIALISE_ADDITIONAL_STATS,"{""stats"":""0x7f554c049f90"",""type"":""cluster""}"
56ae806af7ff8a2,0,1762816844400716132,END_INITIALISE_ADDITIONAL_STATS,"{""stats"":""0x7f5550048770"",""type"":""cluster"",""size"":3200}"
56ae806af7ff8a2,0,1762816844400759819,STAT_CREATED,"{""size"":88,""address"":""0x7f55755f09c0""}"
56ae806af7ff8a2,0,1762816844400762850,STAT_CREATED,"{""size"":88,""address"":""0x7f55755f0ac0""}"
56ae806af7ff8a2,0,1762816844400764403,STAT_DESTROYED,"{""size"":88,""address"":""0x7f55755f09c0""}"
56ae806af7ff8a2,0,1762816844400770553,STAT_CREATED,"{""size"":88,""address"":""0x7f55755f0b20""}"
56ae806af7ff8a2,0,1762816844400771843,STAT_CREATED,"{""size"":88,""address"":""0x7f55755f0960""}"
56ae806af7ff8a2,0,1762816844400773022,STAT_CREATED,"{""size"":88,""address"":""0x7f55500f88c0""}"
56ae806af7ff8a2,0,1762816844400774179,STAT_DESTROYED,"{""size"":88,""address"":""0x7f55755f0960""}"
56ae806af7ff8a2,0,1762816844400775347,STAT_DESTROYED,"{""size"":88,""address"":""0x7f55755f0b20""}"
56ae806af7ff8a2,0,1762816844400776471,STAT_DESTROYED,"{""size"":88,""address"":""0x7f55755f0ac0""}"
56ae806af7ff8a2,0,1762816844400778532,APPEND_START,"{""count"":3,""offset"":2045,""column_id"":4,""partition"":""0x7f55500f8870""}"
56ae806af7ff8a2,0,1762816844400784362,APPEND_START,"{""count"":2048,""offset"":0,""column_id"":1,""partition"":""0x7f555003da40""}"
56ae806af7ff8a2,0,1762816844400955805,APPEND_START,"{""count"":2048,""offset"":0,""column_id"":4,""partition"":""0x7f555004e290""}"
56ae806af7ff8a2,0,1762816844400994587,APPEND_START,"{""count"":2048,""offset"":0,""column_id"":1,""partition"":""0x7f5550035350""}"
56ae806af7ff8a2,0,1762816844401002379,APPEND_START,"{""count"":2048,""offset"":0,""column_id"":4,""partition"":""0x7f555004f640""}"
56ae806af7ff8a2,0,1762816844401010435,APPEND_START,"{""count"":2048,""offset"":0,""column_id"":1,""partition"":""0x7f55500366a0""}"
56ae806af7ff8a2,0,1762816844401016717,APPEND_START,"{""count"":2048,""offset"":0,""column_id"":4,""partition"":""0x7f55500f8870""}"
56ae806af7ff8a2,0,1762816844401024994,APPEND_START,"{""count"":2048,""offset"":0,""column_id"":1,""partition"":""0x7f555003da40""}"
56ae806af7ff8a2,0,1762816844401255090,APPEND_START,"{""count"":2048,""offset"":0,""column_id"":4,""partition"":""0x7f555004e290""}"
56ae806af7ff8a2,0,1762816844401317733,APPEND_START,"{""count"":2048,""offset"":0,""column_id"":1,""partition"":""0x7f5550035350""}"
56ae806af7ff8a2,0,1762816844401351501,APPEND_START,"{""count"":2048,""offset"":0,""column_id"":4,""partition"":""0x7f555004f640""}"
56ae806af7ff8a2,0,1762816844401368275,APPEND_START,"{""count"":2048,""offset"":0,""column_id"":1,""partition"":""0x7f55500366a0""}"
56ae806af7ff8a2,0,1762816844401375428,APPEND_START,"{""count"":2048,""offset"":0,""column_id"":4,""partition"":""0x7f55500f8870""}"
56ae806af7ff8a2,0,1762816844401264447,END_INITIALISE_ADDITIONAL_STATS,"{""stats"":""0x7f554c049f90"",""type"":""cluster"",""size"":3200}"
56ae806af7ff8a2,0,1762816844401383341,APPEND_START,"{""count"":2048,""offset"":0,""column_id"":1,""partition"":""0x7f555003da40""}"
56ae806af7ff8a2,0,1762816844401424879,STAT_CREATED,"{""size"":88,""address"":""0x7f5575df19c0""}"
56ae806af7ff8a2,0,1762816844401531529,STAT_CREATED,"{""size"":88,""address"":""0x7f5575df1ac0""}"
56ae806af7ff8a2,0,1762816844401539563,STAT_DESTROYED,"{""size"":88,""address"":""0x7f5575df19c0""}"
56ae806af7ff8a2,0,1762816844401542198,STAT_CREATED,"{""size"":88,""address"":""0x7f5575df1b20""}"
56ae806af7ff8a2,0,1762816844401544126,STAT_CREATED,"{""size"":88,""address"":""0x7f5575df1960""}"
56ae806af7ff8a2,0,1762816844401545724,STAT_CREATED,"{""size"":88,""address"":""0x7f555003ecb0""}"
56ae806af7ff8a2,0,1762816844401547278,STAT_DESTROYED,"{""size"":88,""address"":""0x7f5575df1960""}"
56ae806af7ff8a2,0,1762816844401548865,STAT_DESTROYED,"{""size"":88,""address"":""0x7f5575df1b20""}"
56ae806af7ff8a2,0,1762816844401550419,STAT_DESTROYED,"{""size"":88,""address"":""0x7f5575df1ac0""}"
56ae806af7ff8a2,0,1762816844401554993,APPEND_START,"{""count"":3,""offset"":2045,""column_id"":4,""partition"":""0x7f555003ec60""}"
56ae806af7ff8a2,0,1762816844401560492,APPEND_START,"{""count"":2048,""offset"":0,""column_id"":1,""partition"":""0x7f554c03f450""}"
56ae806af7ff8a2,0,1762816844401651470,APPEND_START,"{""count"":2048,""offset"":0,""column_id"":4,""partition"":""0x7f555004e290""}"
56ae806af7ff8a2,0,1762816844401693912,APPEND_START,"{""count"":2048,""offset"":0,""column_id"":1,""partition"":""0x7f5550035350""}"
56ae806af7ff8a2,0,1762816844401749887,APPEND_START,"{""count"":2048,""offset"":0,""column_id"":4,""partition"":""0x7f555004f640""}"
56ae806af7ff8a2,0,1762816844401764060,APPEND_START,"{""count"":2048,""offset"":0,""column_id"":1,""partition"":""0x7f55500366a0""}"
56ae806af7ff8a2,0,1762816844401771863,APPEND_START,"{""count"":2048,""offset"":0,""column_id"":4,""partition"":""0x7f55500f8870""}"
56ae806af7ff8a2,0,1762816844401779137,APPEND_START,"{""count"":2048,""offset"":0,""column_id"":1,""partition"":""0x7f555003da40""}"
56ae806af7ff8a2,0,1762816844401842166,APPEND_START,"{""count"":2048,""offset"":0,""column_id"":4,""partition"":""0x7f554c04fb50""}"
56ae806af7ff8a2,0,1762816844401882955,APPEND_START,"{""count"":2048,""offset"":0,""column_id"":1,""partition"":""0x7f554c036d10""}"
56ae806af7ff8a2,0,1762816844401896764,APPEND_START,"{""count"":2048,""offset"":0,""column_id"":4,""partition"":""0x7f554c050e70""}"
56ae806af7ff8a2,0,1762816844401903530,APPEND_START,"{""count"":1276,""offset"":0,""column_id"":4,""partition"":""0x7f555004e290""}"
56ae806af7ff8a2,0,1762816844401905746,APPEND_START,"{""count"":2048,""offset"":0,""column_id"":1,""partition"":""0x7f554c038060""}"
56ae806af7ff8a2,0,1762816844401909394,APPEND_START,"{""count"":1276,""offset"":0,""column_id"":1,""partition"":""0x7f5550035350""}"
56ae806af7ff8a2,0,1762816844401914529,APPEND_START,"{""count"":1276,""offset"":0,""column_id"":4,""partition"":""0x7f555004f640""}"
56ae806af7ff8a2,0,1762816844401922894,APPEND_START,"{""count"":1276,""offset"":0,""column_id"":1,""partition"":""0x7f55500366a0""}"
56ae806af7ff8a2,0,1762816844401915940,APPEND_START,"{""count"":2048,""offset"":0,""column_id"":4,""partition"":""0x7f555003ec60""}"
56ae806af7ff8a2,0,1762816844401936142,APPEND_START,"{""count"":2048,""offset"":0,""column_id"":1,""partition"":""0x7f554c03f450""}"
56ae806af7ff8a2,0,1762816844401927942,APPEND_START,"{""count"":1276,""offset"":0,""column_id"":4,""partition"":""0x7f55500f8870""}"
56ae806af7ff8a2,0,1762816844401950458,APPEND_START,"{""count"":1276,""offset"":0,""column_id"":1,""partition"":""0x7f555003da40""}"
56ae806af7ff8a2,0,1762816844402052192,STAT_DESTROYED,"{""size"":88,""address"":""0x7f5550032400""}"
56ae806af7ff8a2,0,1762816844402080935,STAT_DESTROYED,"{""size"":88,""address"":""0x7f55500325e0""}"
56ae806af7ff8a2,0,1762816844402087823,STAT_DESTROYED,"{""size"":88,""address"":""0x7f5550032700""}"
56ae806af7ff8a2,0,1762816844402128645,APPEND_START,"{""count"":2048,""offset"":0,""column_id"":4,""partition"":""0x7f554c04fb50""}"
56ae806af7ff8a2,0,1762816844402168872,APPEND_START,"{""count"":2048,""offset"":0,""column_id"":1,""partition"":""0x7f554c036d10""}"
56ae806af7ff8a2,0,1762816844402179837,APPEND_START,"{""count"":2048,""offset"":0,""column_id"":4,""partition"":""0x7f554c050e70""}"
56ae806af7ff8a2,0,1762816844402186384,APPEND_START,"{""count"":2048,""offset"":0,""column_id"":1,""partition"":""0x7f554c038060""}"
56ae806af7ff8a2,0,1762816844402192335,APPEND_START,"{""count"":2048,""offset"":0,""column_id"":4,""partition"":""0x7f555003ec60""}"
56ae806af7ff8a2,0,1762816844402198165,APPEND_START,"{""count"":2048,""offset"":0,""column_id"":1,""partition"":""0x7f554c03f450""}"
56ae806af7ff8a2,0,1762816844402367800,APPEND_START,"{""count"":2048,""offset"":0,""column_id"":4,""partition"":""0x7f554c04fb50""}"
56ae806af7ff8a2,0,1762816844402401337,APPEND_START,"{""count"":2048,""offset"":0,""column_id"":1,""partition"":""0x7f554c036d10""}"
56ae806af7ff8a2,0,1762816844402411234,APPEND_START,"{""count"":2048,""offset"":0,""column_id"":4,""partition"":""0x7f554c050e70""}"
56ae806af7ff8a2,0,1762816844402416480,APPEND_START,"{""count"":2048,""offset"":0,""column_id"":1,""partition"":""0x7f554c038060""}"
56ae806af7ff8a2,0,1762816844402423952,APPEND_START,"{""count"":2048,""offset"":0,""column_id"":4,""partition"":""0x7f555003ec60""}"
56ae806af7ff8a2,0,1762816844402429595,APPEND_START,"{""count"":2048,""offset"":0,""column_id"":1,""partition"":""0x7f554c03f450""}"
56ae806af7ff8a2,0,1762816844402598744,APPEND_START,"{""count"":2048,""offset"":0,""column_id"":4,""partition"":""0x7f554c04fb50""}"
56ae806af7ff8a2,0,1762816844402633912,APPEND_START,"{""count"":2048,""offset"":0,""column_id"":1,""partition"":""0x7f554c036d10""}"
56ae806af7ff8a2,0,1762816844402648284,APPEND_START,"{""count"":2048,""offset"":0,""column_id"":4,""partition"":""0x7f554c050e70""}"
56ae806af7ff8a2,0,1762816844402655249,APPEND_START,"{""count"":2048,""offset"":0,""column_id"":1,""partition"":""0x7f554c038060""}"
56ae806af7ff8a2,0,1762816844402661432,APPEND_START,"{""count"":2048,""offset"":0,""column_id"":4,""partition"":""0x7f555003ec60""}"
56ae806af7ff8a2,0,1762816844402668331,APPEND_START,"{""count"":2048,""offset"":0,""column_id"":1,""partition"":""0x7f554c03f450""}"
56ae806af7ff8a2,0,1762816844402858586,APPEND_START,"{""count"":2048,""offset"":0,""column_id"":4,""partition"":""0x7f554c04fb50""}"
56ae806af7ff8a2,0,1762816844402898228,APPEND_START,"{""count"":2048,""offset"":0,""column_id"":1,""partition"":""0x7f554c036d10""}"
56ae806af7ff8a2,0,1762816844402907971,APPEND_START,"{""count"":2048,""offset"":0,""column_id"":4,""partition"":""0x7f554c050e70""}"
56ae806af7ff8a2,0,1762816844402913646,APPEND_START,"{""count"":2048,""offset"":0,""column_id"":1,""partition"":""0x7f554c038060""}"
56ae806af7ff8a2,0,1762816844402920193,APPEND_START,"{""count"":2048,""offset"":0,""column_id"":4,""partition"":""0x7f555003ec60""}"
56ae806af7ff8a2,0,1762816844402925582,APPEND_START,"{""count"":2048,""offset"":0,""column_id"":1,""partition"":""0x7f554c03f450""}"
56ae806af7ff8a2,0,1762816844403113258,APPEND_START,"{""count"":2048,""offset"":0,""column_id"":4,""partition"":""0x7f554c04fb50""}"
56ae806af7ff8a2,0,1762816844403152702,APPEND_START,"{""count"":2048,""offset"":0,""column_id"":1,""partition"":""0x7f554c036d10""}"
56ae806af7ff8a2,0,1762816844403162389,APPEND_START,"{""count"":2048,""offset"":0,""column_id"":4,""partition"":""0x7f554c050e70""}"
56ae806af7ff8a2,0,1762816844403167834,APPEND_START,"{""count"":2048,""offset"":0,""column_id"":1,""partition"":""0x7f554c038060""}"
56ae806af7ff8a2,0,1762816844403174479,APPEND_START,"{""count"":2048,""offset"":0,""column_id"":4,""partition"":""0x7f555003ec60""}"
56ae806af7ff8a2,0,1762816844403179869,APPEND_START,"{""count"":2048,""offset"":0,""column_id"":1,""partition"":""0x7f554c03f450""}"
56ae806af7ff8a2,0,1762816844403349338,APPEND_START,"{""count"":2048,""offset"":0,""column_id"":4,""partition"":""0x7f554c04fb50""}"
56ae806af7ff8a2,0,1762816844403381894,APPEND_START,"{""count"":2048,""offset"":0,""column_id"":1,""partition"":""0x7f554c036d10""}"
56ae806af7ff8a2,0,1762816844403409127,APPEND_START,"{""count"":2048,""offset"":0,""column_id"":4,""partition"":""0x7f554c050e70""}"
56ae806af7ff8a2,0,1762816844403421878,APPEND_START,"{""count"":2048,""offset"":0,""column_id"":1,""partition"":""0x7f554c038060""}"
56ae806af7ff8a2,0,1762816844403428854,APPEND_START,"{""count"":2048,""offset"":0,""column_id"":4,""partition"":""0x7f555003ec60""}"
56ae806af7ff8a2,0,1762816844403434266,APPEND_START,"{""count"":2048,""offset"":0,""column_id"":1,""partition"":""0x7f554c03f450""}"
56ae806af7ff8a2,0,1762816844403604143,APPEND_START,"{""count"":2048,""offset"":0,""column_id"":4,""partition"":""0x7f554c04fb50""}"
56ae806af7ff8a2,0,1762816844403639289,APPEND_START,"{""count"":2048,""offset"":0,""column_id"":1,""partition"":""0x7f554c036d10""}"
56ae806af7ff8a2,0,1762816844403649715,APPEND_START,"{""count"":2048,""offset"":0,""column_id"":4,""partition"":""0x7f554c050e70""}"
56ae806af7ff8a2,0,1762816844403657914,APPEND_START,"{""count"":2048,""offset"":0,""column_id"":1,""partition"":""0x7f554c038060""}"
56ae806af7ff8a2,0,1762816844403664703,APPEND_START,"{""count"":2048,""offset"":0,""column_id"":4,""partition"":""0x7f555003ec60""}"
56ae806af7ff8a2,0,1762816844403673575,APPEND_START,"{""count"":2048,""offset"":0,""column_id"":1,""partition"":""0x7f554c03f450""}"
56ae806af7ff8a2,0,1762816844403853195,APPEND_START,"{""count"":2048,""offset"":0,""column_id"":4,""partition"":""0x7f554c04fb50""}"
56ae806af7ff8a2,0,1762816844403892628,APPEND_START,"{""count"":2048,""offset"":0,""column_id"":1,""partition"":""0x7f554c036d10""}"
56ae806af7ff8a2,0,1762816844403902888,APPEND_START,"{""count"":2048,""offset"":0,""column_id"":4,""partition"":""0x7f554c050e70""}"
56ae806af7ff8a2,0,1762816844403912719,APPEND_START,"{""count"":2048,""offset"":0,""column_id"":1,""partition"":""0x7f554c038060""}"
56ae806af7ff8a2,0,1762816844403920268,APPEND_START,"{""count"":2048,""offset"":0,""column_id"":4,""partition"":""0x7f555003ec60""}"
56ae806af7ff8a2,0,1762816844403927068,APPEND_START,"{""count"":2048,""offset"":0,""column_id"":1,""partition"":""0x7f554c03f450""}"
56ae806af7ff8a2,0,1762816844404122216,APPEND_START,"{""count"":2048,""offset"":0,""column_id"":4,""partition"":""0x7f554c04fb50""}"
56ae806af7ff8a2,0,1762816844404156690,APPEND_START,"{""count"":2048,""offset"":0,""column_id"":1,""partition"":""0x7f554c036d10""}"
56ae806af7ff8a2,0,1762816844404167292,APPEND_START,"{""count"":2048,""offset"":0,""column_id"":4,""partition"":""0x7f554c050e70""}"
56ae806af7ff8a2,0,1762816844404172681,APPEND_START,"{""count"":2048,""offset"":0,""column_id"":1,""partition"":""0x7f554c038060""}"
56ae806af7ff8a2,0,1762816844404179018,APPEND_START,"{""count"":2048,""offset"":0,""column_id"":4,""partition"":""0x7f555003ec60""}"
56ae806af7ff8a2,0,1762816844404184386,APPEND_START,"{""count"":2048,""offset"":0,""column_id"":1,""partition"":""0x7f554c03f450""}"
56ae806af7ff8a2,0,1762816844404355111,APPEND_START,"{""count"":2048,""offset"":0,""column_id"":4,""partition"":""0x7f554c04fb50""}"
56ae806af7ff8a2,0,1762816844404388042,APPEND_START,"{""count"":2048,""offset"":0,""column_id"":1,""partition"":""0x7f554c036d10""}"
56ae806af7ff8a2,0,1762816844404397873,APPEND_START,"{""count"":2048,""offset"":0,""column_id"":4,""partition"":""0x7f554c050e70""}"
56ae806af7ff8a2,0,1762816844404403174,APPEND_START,"{""count"":2048,""offset"":0,""column_id"":1,""partition"":""0x7f554c038060""}"
56ae806af7ff8a2,0,1762816844404409555,APPEND_START,"{""count"":2048,""offset"":0,""column_id"":4,""partition"":""0x7f555003ec60""}"
56ae806af7ff8a2,0,1762816844404414977,APPEND_START,"{""count"":2048,""offset"":0,""column_id"":1,""partition"":""0x7f554c03f450""}"
56ae806af7ff8a2,0,1762816844404606621,START_INITIALISE_ADDITIONAL_STATS,"{""stats"":""0x7f554c04fba0"",""type"":""cluster""}"
56ae806af7ff8a2,0,1762816844406117022,END_INITIALISE_ADDITIONAL_STATS,"{""stats"":""0x7f554c04fba0"",""type"":""cluster"",""size"":3200}"
56ae806af7ff8a2,0,1762816844406155121,START_INITIALISE_ADDITIONAL_STATS,"{""stats"":""0x7f554c050ec0"",""type"":""cluster""}"
56ae806af7ff8a2,0,1762816844407612986,END_INITIALISE_ADDITIONAL_STATS,"{""stats"":""0x7f554c050ec0"",""type"":""cluster"",""size"":3200}"
56ae806af7ff8a2,0,1762816844407649818,START_INITIALISE_ADDITIONAL_STATS,"{""stats"":""0x7f555003ecb0"",""type"":""cluster""}"
56ae806af7ff8a2,0,1762816844409156494,END_INITIALISE_ADDITIONAL_STATS,"{""stats"":""0x7f555003ecb0"",""type"":""cluster"",""size"":3200}"
56ae806af7ff8a2,0,1762816844409197293,STAT_CREATED,"{""size"":88,""address"":""0x7f5575df1bc0""}"
56ae806af7ff8a2,0,1762816844409200313,STAT_CREATED,"{""size"":88,""address"":""0x7f554c0fda20""}"
56ae806af7ff8a2,0,1762816844409201911,STAT_DESTROYED,"{""size"":88,""address"":""0x7f5575df1bc0""}"
56ae806af7ff8a2,0,1762816844409203917,STAT_CREATED,"{""size"":88,""address"":""0x7f5575df1bc0""}"
56ae806af7ff8a2,0,1762816844409205140,STAT_CREATED,"{""size"":88,""address"":""0x7f554c0fdcc0""}"
56ae806af7ff8a2,0,1762816844409206220,STAT_DESTROYED,"{""size"":88,""address"":""0x7f5575df1bc0""}"
56ae806af7ff8a2,0,1762816844409207730,STAT_CREATED,"{""size"":88,""address"":""0x7f5575df1bc0""}"
56ae806af7ff8a2,0,1762816844409208898,STAT_CREATED,"{""size"":88,""address"":""0x7f554c0fdf60""}"
56ae806af7ff8a2,0,1762816844409210000,STAT_DESTROYED,"{""size"":88,""address"":""0x7f5575df1bc0""}"
56ae806af7ff8a2,0,1762816844409223644,STAT_CREATED,"{""size"":88,""address"":""0x7f5575df1b80""}"
56ae806af7ff8a2,0,1762816844409225011,STAT_CREATED,"{""size"":88,""address"":""0x7f5575df1c80""}"
56ae806af7ff8a2,0,1762816844409226135,STAT_DESTROYED,"{""size"":88,""address"":""0x7f5575df1b80""}"
56ae806af7ff8a2,0,1762816844409227347,STAT_CREATED,"{""size"":88,""address"":""0x7f5575df1ce0""}"
56ae806af7ff8a2,0,1762816844409233078,STAT_CREATED,"{""size"":88,""address"":""0x7f5575df1b20""}"
56ae806af7ff8a2,0,1762816844409234225,STAT_CREATED,"{""size"":88,""address"":""0x7f554c0fe0d0""}"
56ae806af7ff8a2,0,1762816844409235349,STAT_DESTROYED,"{""size"":88,""address"":""0x7f5575df1b20""}"
56ae806af7ff8a2,0,1762816844409236517,STAT_DESTROYED,"{""size"":88,""address"":""0x7f5575df1ce0""}"
56ae806af7ff8a2,0,1762816844409237619,STAT_DESTROYED,"{""size"":88,""address"":""0x7f5575df1c80""}"
56ae806af7ff8a2,0,1762816844409240947,STAT_CREATED,"{""size"":88,""address"":""0x7f5575df1b80""}"
56ae806af7ff8a2,0,1762816844409242160,STAT_CREATED,"{""size"":88,""address"":""0x7f5575df1c80""}"
56ae806af7ff8a2,0,1762816844409243284,STAT_DESTROYED,"{""size"":88,""address"":""0x7f5575df1b80""}"
56ae806af7ff8a2,0,1762816844409244617,STAT_CREATED,"{""size"":88,""address"":""0x7f5575df1ce0""}"
56ae806af7ff8a2,0,1762816844409245874,STAT_CREATED,"{""size"":88,""address"":""0x7f5575df1b20""}"
56ae806af7ff8a2,0,1762816844409246965,STAT_CREATED,"{""size"":88,""address"":""0x7f554c0fe280""}"
56ae806af7ff8a2,0,1762816844409248067,STAT_DESTROYED,"{""size"":88,""address"":""0x7f5575df1b20""}"
56ae806af7ff8a2,0,1762816844409296967,STAT_DESTROYED,"{""size"":88,""address"":""0x7f5575df1ce0""}"
56ae806af7ff8a2,0,1762816844409319262,STAT_DESTROYED,"{""size"":88,""address"":""0x7f5575df1c80""}"
56ae806af7ff8a2,0,1762816844409332862,STAT_CREATED,"{""size"":88,""address"":""0x7f5575df1b80""}"
56ae806af7ff8a2,0,1762816844409335210,STAT_CREATED,"{""size"":88,""address"":""0x7f5575df1c80""}"
56ae806af7ff8a2,0,1762816844409336587,STAT_DESTROYED,"{""size"":88,""address"":""0x7f5575df1b80""}"
56ae806af7ff8a2,0,1762816844409337800,STAT_CREATED,"{""size"":88,""address"":""0x7f5575df1ce0""}"
56ae806af7ff8a2,0,1762816844409339067,STAT_CREATED,"{""size"":88,""address"":""0x7f5575df1b20""}"
56ae806af7ff8a2,0,1762816844409340257,STAT_CREATED,"{""size"":88,""address"":""0x7f554c0fe470""}"
56ae806af7ff8a2,0,1762816844409341414,STAT_DESTROYED,"{""size"":88,""address"":""0x7f5575df1b20""}"
56ae806af7ff8a2,0,1762816844409342550,STAT_DESTROYED,"{""size"":88,""address"":""0x7f5575df1ce0""}"
56ae806af7ff8a2,0,1762816844409343663,STAT_DESTROYED,"{""size"":88,""address"":""0x7f5575df1c80""}"
56ae806af7ff8a2,0,1762816844409346120,STAT_CREATED,"{""size"":88,""address"":""0x7f5575df1b80""}"
56ae806af7ff8a2,0,1762816844409347454,STAT_CREATED,"{""size"":88,""address"":""0x7f5575df1c80""}"
56ae806af7ff8a2,0,1762816844409348567,STAT_DESTROYED,"{""size"":88,""address"":""0x7f5575df1b80""}"
56ae806af7ff8a2,0,1762816844409349713,STAT_CREATED,"{""size"":88,""address"":""0x7f5575df1ce0""}"
56ae806af7ff8a2,0,1762816844409350837,STAT_CREATED,"{""size"":88,""address"":""0x7f5575df1b20""}"
56ae806af7ff8a2,0,1762816844409351951,STAT_CREATED,"{""size"":88,""address"":""0x7f554c0fe680""}"
56ae806af7ff8a2,0,1762816844409353075,STAT_DESTROYED,"{""size"":88,""address"":""0x7f5575df1b20""}"
56ae806af7ff8a2,0,1762816844409401148,STAT_DESTROYED,"{""size"":88,""address"":""0x7f5575df1ce0""}"
56ae806af7ff8a2,0,1762816844409423201,STAT_DESTROYED,"{""size"":88,""address"":""0x7f5575df1c80""}"
56ae806af7ff8a2,0,1762816844409436437,STAT_CREATED,"{""size"":88,""address"":""0x7f5575df1b80""}"
56ae806af7ff8a2,0,1762816844409438774,STAT_CREATED,"{""size"":88,""address"":""0x7f5575df1c80""}"
56ae806af7ff8a2,0,1762816844409440284,STAT_DESTROYED,"{""size"":88,""address"":""0x7f5575df1b80""}"
56ae806af7ff8a2,0,1762816844409441551,STAT_CREATED,"{""size"":88,""address"":""0x7f5575df1ce0""}"
56ae806af7ff8a2,0,1762816844409442752,STAT_CREATED,"{""size"":88,""address"":""0x7f5575df1b20""}"
56ae806af7ff8a2,0,1762816844409443898,STAT_CREATED,"{""size"":88,""address"":""0x7f554c0fe8d0""}"
56ae806af7ff8a2,0,1762816844409445001,STAT_DESTROYED,"{""size"":88,""address"":""0x7f5575df1b20""}"
56ae806af7ff8a2,0,1762816844409446158,STAT_DESTROYED,"{""size"":88,""address"":""0x7f5575df1ce0""}"
56ae806af7ff8a2,0,1762816844409447260,STAT_DESTROYED,"{""size"":88,""address"":""0x7f5575df1c80""}"
56ae806af7ff8a2,0,1762816844409449640,STAT_CREATED,"{""size"":88,""address"":""0x7f5575df1b80""}"
56ae806af7ff8a2,0,1762816844409455305,STAT_CREATED,"{""size"":88,""address"":""0x7f5575df1c80""}"
56ae806af7ff8a2,0,1762816844409456440,STAT_DESTROYED,"{""size"":88,""address"":""0x7f5575df1b80""}"
56ae806af7ff8a2,0,1762816844409457597,STAT_CREATED,"{""size"":88,""address"":""0x7f5575df1ce0""}"
56ae806af7ff8a2,0,1762816844409458711,STAT_CREATED,"{""size"":88,""address"":""0x7f5575df1b20""}"
56ae806af7ff8a2,0,1762816844409459824,STAT_CREATED,"{""size"":88,""address"":""0x7f554c0feae0""}"
56ae806af7ff8a2,0,1762816844409460915,STAT_DESTROYED,"{""size"":88,""address"":""0x7f5575df1b20""}"
56ae806af7ff8a2,0,1762816844409508735,STAT_DESTROYED,"{""size"":88,""address"":""0x7f5575df1ce0""}"
56ae806af7ff8a2,0,1762816844409530457,STAT_DESTROYED,"{""size"":88,""address"":""0x7f5575df1c80""}"
56ae806af7ff8a2,0,1762816844409539230,APPEND_START,"{""count"":2048,""offset"":0,""column_id"":0,""partition"":""0x7f554c0fe080""}"
56ae806af7ff8a2,0,1762816844409553370,APPEND_START,"{""count"":2048,""offset"":0,""column_id"":0,""partition"":""0x7f554c0fe230""}"
56ae806af7ff8a2,0,1762816844409559497,APPEND_START,"{""count"":2048,""offset"":0,""column_id"":0,""partition"":""0x7f554c0fe420""}"
56ae806af7ff8a2,0,1762816844409567686,APPEND_START,"{""count"":2048,""offset"":0,""column_id"":0,""partition"":""0x7f554c0fe630""}"
56ae806af7ff8a2,0,1762816844409572436,APPEND_START,"{""count"":2048,""offset"":0,""column_id"":0,""partition"":""0x7f554c0fe880""}"
56ae806af7ff8a2,0,1762816844409580206,APPEND_START,"{""count"":2048,""offset"":0,""column_id"":0,""partition"":""0x7f554c0fea90""}"
56ae806af7ff8a2,0,1762816844409775034,APPEND_START,"{""count"":2048,""offset"":0,""column_id"":0,""partition"":""0x7f554c0fe080""}"
56ae806af7ff8a2,0,1762816844409814622,APPEND_START,"{""count"":2048,""offset"":0,""column_id"":0,""partition"":""0x7f554c0fe230""}"
56ae806af7ff8a2,0,1762816844409821421,APPEND_START,"{""count"":2048,""offset"":0,""column_id"":0,""partition"":""0x7f554c0fe420""}"
56ae806af7ff8a2,0,1762816844409830117,APPEND_START,"{""count"":2048,""offset"":0,""column_id"":0,""partition"":""0x7f554c0fe630""}"
56ae806af7ff8a2,0,1762816844409834823,APPEND_START,"{""count"":2048,""offset"":0,""column_id"":0,""partition"":""0x7f554c0fe880""}"
56ae806af7ff8a2,0,1762816844409842174,APPEND_START,"{""count"":2048,""offset"":0,""column_id"":0,""partition"":""0x7f554c0fea90""}"
56ae806af7ff8a2,0,1762816844410011533,APPEND_START,"{""count"":2048,""offset"":0,""column_id"":0,""partition"":""0x7f554c0fe080""}"
56ae806af7ff8a2,0,1762816844410062252,APPEND_START,"{""count"":2048,""offset"":0,""column_id"":0,""partition"":""0x7f554c0fe230""}"
56ae806af7ff8a2,0,1762816844410069625,APPEND_START,"{""count"":2048,""offset"":0,""column_id"":0,""partition"":""0x7f554c0fe420""}"
56ae806af7ff8a2,0,1762816844410090079,APPEND_START,"{""count"":2048,""offset"":0,""column_id"":0,""partition"":""0x7f554c0fe630""}"
56ae806af7ff8a2,0,1762816844410096284,APPEND_START,"{""count"":2048,""offset"":0,""column_id"":0,""partition"":""0x7f554c0fe880""}"
56ae806af7ff8a2,0,1762816844410104407,APPEND_START,"{""count"":2048,""offset"":0,""column_id"":0,""partition"":""0x7f554c0fea90""}"
56ae806af7ff8a2,0,1762816844410300426,APPEND_START,"{""count"":2048,""offset"":0,""column_id"":0,""partition"":""0x7f554c0fe080""}"
56ae806af7ff8a2,0,1762816844410344609,APPEND_START,"{""count"":2048,""offset"":0,""column_id"":0,""partition"":""0x7f554c0fe230""}"
56ae806af7ff8a2,0,1762816844410350714,APPEND_START,"{""count"":2048,""offset"":0,""column_id"":0,""partition"":""0x7f554c0fe420""}"
56ae806af7ff8a2,0,1762816844410358186,APPEND_START,"{""count"":2048,""offset"":0,""column_id"":0,""partition"":""0x7f554c0fe630""}"
56ae806af7ff8a2,0,1762816844410363003,APPEND_START,"{""count"":2048,""offset"":0,""column_id"":0,""partition"":""0x7f554c0fe880""}"
56ae806af7ff8a2,0,1762816844410371489,APPEND_START,"{""count"":2048,""offset"":0,""column_id"":0,""partition"":""0x7f554c0fea90""}"
56ae806af7ff8a2,0,1762816844410540286,APPEND_START,"{""count"":2048,""offset"":0,""column_id"":0,""partition"":""0x7f554c0fe080""}"
56ae806af7ff8a2,0,1762816844410583587,APPEND_START,"{""count"":2048,""offset"":0,""column_id"":0,""partition"":""0x7f554c0fe230""}"
56ae806af7ff8a2,0,1762816844410592305,APPEND_START,"{""count"":2048,""offset"":0,""column_id"":0,""partition"":""0x7f554c0fe420""}"
56ae806af7ff8a2,0,1762816844410601430,APPEND_START,"{""count"":2048,""offset"":0,""column_id"":0,""partition"":""0x7f554c0fe630""}"
56ae806af7ff8a2,0,1762816844410607326,APPEND_START,"{""count"":2048,""offset"":0,""column_id"":0,""partition"":""0x7f554c0fe880""}"
56ae806af7ff8a2,0,1762816844410618039,APPEND_START,"{""count"":2048,""offset"":0,""column_id"":0,""partition"":""0x7f554c0fea90""}"
56ae806af7ff8a2,0,1762816844410788081,APPEND_START,"{""count"":2048,""offset"":0,""column_id"":0,""partition"":""0x7f554c0fe080""}"
56ae806af7ff8a2,0,1762816844410826632,APPEND_START,"{""count"":2048,""offset"":0,""column_id"":0,""partition"":""0x7f554c0fe230""}"
56ae806af7ff8a2,0,1762816844410833509,APPEND_START,"{""count"":2048,""offset"":0,""column_id"":0,""partition"":""0x7f554c0fe420""}"
56ae806af7ff8a2,0,1762816844410840805,APPEND_START,"{""count"":2048,""offset"":0,""column_id"":0,""partition"":""0x7f554c0fe630""}"
56ae806af7ff8a2,0,1762816844410845765,APPEND_START,"{""count"":2048,""offset"":0,""column_id"":0,""partition"":""0x7f554c0fe880""}"
56ae806af7ff8a2,0,1762816844410852928,APPEND_START,"{""count"":2048,""offset"":0,""column_id"":0,""partition"":""0x7f554c0fea90""}"
56ae806af7ff8a2,0,1762816844411020734,APPEND_START,"{""count"":2048,""offset"":0,""column_id"":0,""partition"":""0x7f554c0fe080""}"
56ae806af7ff8a2,0,1762816844411058039,APPEND_START,"{""count"":2048,""offset"":0,""column_id"":0,""partition"":""0x7f554c0fe230""}"
56ae806af7ff8a2,0,1762816844411064145,APPEND_START,"{""count"":2048,""offset"":0,""column_id"":0,""partition"":""0x7f554c0fe420""}"
56ae806af7ff8a2,0,1762816844411071617,APPEND_START,"{""count"":2048,""offset"":0,""column_id"":0,""partition"":""0x7f554c0fe630""}"
56ae806af7ff8a2,0,1762816844411076378,APPEND_START,"{""count"":2048,""offset"":0,""column_id"":0,""partition"":""0x7f554c0fe880""}"
56ae806af7ff8a2,0,1762816844411083795,APPEND_START,"{""count"":2048,""offset"":0,""column_id"":0,""partition"":""0x7f554c0fea90""}"
56ae806af7ff8a2,0,1762816844411251590,APPEND_START,"{""count"":2048,""offset"":0,""column_id"":0,""partition"":""0x7f554c0fe080""}"
56ae806af7ff8a2,0,1762816844411287838,APPEND_START,"{""count"":2048,""offset"":0,""column_id"":0,""partition"":""0x7f554c0fe230""}"
56ae806af7ff8a2,0,1762816844411294494,APPEND_START,"{""count"":2048,""offset"":0,""column_id"":0,""partition"":""0x7f554c0fe420""}"
56ae806af7ff8a2,0,1762816844411304986,APPEND_START,"{""count"":2048,""offset"":0,""column_id"":0,""partition"":""0x7f554c0fe630""}"
56ae806af7ff8a2,0,1762816844411309406,APPEND_START,"{""count"":2048,""offset"":0,""column_id"":0,""partition"":""0x7f554c0fe880""}"
56ae806af7ff8a2,0,1762816844411316437,APPEND_START,"{""count"":2048,""offset"":0,""column_id"":0,""partition"":""0x7f554c0fea90""}"
56ae806af7ff8a2,0,1762816844411483581,APPEND_START,"{""count"":2048,""offset"":0,""column_id"":0,""partition"":""0x7f554c0fe080""}"
56ae806af7ff8a2,0,1762816844411523488,APPEND_START,"{""count"":2048,""offset"":0,""column_id"":0,""partition"":""0x7f554c0fe230""}"
56ae806af7ff8a2,0,1762816844411540658,APPEND_START,"{""count"":2048,""offset"":0,""column_id"":0,""partition"":""0x7f554c0fe420""}"
56ae806af7ff8a2,0,1762816844411551812,APPEND_START,"{""count"":2048,""offset"":0,""column_id"":0,""partition"":""0x7f554c0fe630""}"
56ae806af7ff8a2,0,1762816844411583541,APPEND_START,"{""count"":2048,""offset"":0,""column_id"":0,""partition"":""0x7f554c0fe880""}"
56ae806af7ff8a2,0,1762816844411648003,APPEND_START,"{""count"":2048,""offset"":0,""column_id"":0,""partition"":""0x7f554c0fea90""}"
56ae806af7ff8a2,0,1762816844411846380,APPEND_START,"{""count"":2048,""offset"":0,""column_id"":0,""partition"":""0x7f554c0fe080""}"
56ae806af7ff8a2,0,1762816844411884171,APPEND_START,"{""count"":2048,""offset"":0,""column_id"":0,""partition"":""0x7f554c0fe230""}"
56ae806af7ff8a2,0,1762816844411896955,APPEND_START,"{""count"":2048,""offset"":0,""column_id"":0,""partition"":""0x7f554c0fe420""}"
56ae806af7ff8a2,0,1762816844411905430,APPEND_START,"{""count"":2048,""offset"":0,""column_id"":0,""partition"":""0x7f554c0fe630""}"
56ae806af7ff8a2,0,1762816844411912065,APPEND_START,"{""count"":2048,""offset"":0,""column_id"":0,""partition"":""0x7f554c0fe880""}"
56ae806af7ff8a2,0,1762816844411921907,APPEND_START,"{""count"":2048,""offset"":0,""column_id"":0,""partition"":""0x7f554c0fea90""}"
56ae806af7ff8a2,0,1762816844412120791,APPEND_START,"{""count"":2048,""offset"":0,""column_id"":0,""partition"":""0x7f554c0fe080""}"
56ae806af7ff8a2,0,1762816844412158460,APPEND_START,"{""count"":2048,""offset"":0,""column_id"":0,""partition"":""0x7f554c0fe230""}"
56ae806af7ff8a2,0,1762816844412166418,APPEND_START,"{""count"":2048,""offset"":0,""column_id"":0,""partition"":""0x7f554c0fe420""}"
56ae806af7ff8a2,0,1762816844412174716,APPEND_START,"{""count"":2048,""offset"":0,""column_id"":0,""partition"":""0x7f554c0fe630""}"
56ae806af7ff8a2,0,1762816844412181042,APPEND_START,"{""count"":2048,""offset"":0,""column_id"":0,""partition"":""0x7f554c0fe880""}"
56ae806af7ff8a2,0,1762816844412192085,APPEND_START,"{""count"":2048,""offset"":0,""column_id"":0,""partition"":""0x7f554c0fea90""}"
56ae806af7ff8a2,0,1762816844412376246,APPEND_START,"{""count"":2048,""offset"":0,""column_id"":0,""partition"":""0x7f554c0fe080""}"
56ae806af7ff8a2,0,1762816844412418103,APPEND_START,"{""count"":2048,""offset"":0,""column_id"":0,""partition"":""0x7f554c0fe230""}"
56ae806af7ff8a2,0,1762816844412425906,APPEND_START,"{""count"":2048,""offset"":0,""column_id"":0,""partition"":""0x7f554c0fe420""}"
56ae806af7ff8a2,0,1762816844412432949,APPEND_START,"{""count"":2048,""offset"":0,""column_id"":0,""partition"":""0x7f554c0fe630""}"
56ae806af7ff8a2,0,1762816844412439484,APPEND_START,"{""count"":2048,""offset"":0,""column_id"":0,""partition"":""0x7f554c0fe880""}"
56ae806af7ff8a2,0,1762816844412448157,APPEND_START,"{""count"":2048,""offset"":0,""column_id"":0,""partition"":""0x7f554c0fea90""}"
56ae806af7ff8a2,0,1762816844412618751,APPEND_START,"{""count"":2048,""offset"":0,""column_id"":0,""partition"":""0x7f554c0fe080""}"
56ae806af7ff8a2,0,1762816844412654470,APPEND_START,"{""count"":2048,""offset"":0,""column_id"":0,""partition"":""0x7f554c0fe230""}"
56ae806af7ff8a2,0,1762816844412662361,APPEND_START,"{""count"":2048,""offset"":0,""column_id"":0,""partition"":""0x7f554c0fe420""}"
56ae806af7ff8a2,0,1762816844412669734,APPEND_START,"{""count"":2048,""offset"":0,""column_id"":0,""partition"":""0x7f554c0fe630""}"
56ae806af7ff8a2,0,1762816844412677250,APPEND_START,"{""count"":2048,""offset"":0,""column_id"":0,""partition"":""0x7f554c0fe880""}"
56ae806af7ff8a2,0,1762816844412686574,APPEND_START,"{""count"":2048,""offset"":0,""column_id"":0,""partition"":""0x7f554c0fea90""}"
56ae806af7ff8a2,0,1762816844412858181,APPEND_START,"{""count"":2048,""offset"":0,""column_id"":0,""partition"":""0x7f554c0fe080""}"
56ae806af7ff8a2,0,1762816844412894892,APPEND_START,"{""count"":2048,""offset"":0,""column_id"":0,""partition"":""0x7f554c0fe230""}"
56ae806af7ff8a2,0,1762816844412902893,APPEND_START,"{""count"":2048,""offset"":0,""column_id"":0,""partition"":""0x7f554c0fe420""}"
56ae806af7ff8a2,0,1762816844412910222,APPEND_START,"{""count"":2048,""offset"":0,""column_id"":0,""partition"":""0x7f554c0fe630""}"
56ae806af7ff8a2,0,1762816844412916526,APPEND_START,"{""count"":2048,""offset"":0,""column_id"":0,""partition"":""0x7f554c0fe880""}"
56ae806af7ff8a2,0,1762816844412926081,APPEND_START,"{""count"":2048,""offset"":0,""column_id"":0,""partition"":""0x7f554c0fea90""}"
56ae806af7ff8a2,0,1762816844413095793,APPEND_START,"{""count"":2048,""offset"":0,""column_id"":0,""partition"":""0x7f554c0fe080""}"
56ae806af7ff8a2,0,1762816844413132394,APPEND_START,"{""count"":2048,""offset"":0,""column_id"":0,""partition"":""0x7f554c0fe230""}"
56ae806af7ff8a2,0,1762816844413140538,APPEND_START,"{""count"":2048,""offset"":0,""column_id"":0,""partition"":""0x7f554c0fe420""}"
56ae806af7ff8a2,0,1762816844413152948,APPEND_START,"{""count"":2048,""offset"":0,""column_id"":0,""partition"":""0x7f554c0fe630""}"
56ae806af7ff8a2,0,1762816844413159472,APPEND_START,"{""count"":2048,""offset"":0,""column_id"":0,""partition"":""0x7f554c0fe880""}"
56ae806af7ff8a2,0,1762816844413169325,APPEND_START,"{""count"":2048,""offset"":0,""column_id"":0,""partition"":""0x7f554c0fea90""}"
56ae806af7ff8a2,0,1762816844413338508,APPEND_START,"{""count"":2048,""offset"":0,""column_id"":0,""partition"":""0x7f554c0fe080""}"
56ae806af7ff8a2,0,1762816844413374513,START_INITIALISE_ADDITIONAL_STATS,"{""stats"":""0x7f554c0fe0d0"",""type"":""cluster""}"
56ae806af7ff8a2,0,1762816844415425217,END_INITIALISE_ADDITIONAL_STATS,"{""stats"":""0x7f554c0fe0d0"",""type"":""cluster"",""size"":3200}"
56ae806af7ff8a2,0,1762816844415469841,STAT_CREATED,"{""size"":88,""address"":""0x7f5575df19c0""}"
56ae806af7ff8a2,0,1762816844415472827,STAT_CREATED,"{""size"":88,""address"":""0x7f5575df1ac0""}"
56ae806af7ff8a2,0,1762816844415474337,STAT_DESTROYED,"{""size"":88,""address"":""0x7f5575df19c0""}"
56ae806af7ff8a2,0,1762816844415475660,STAT_CREATED,"{""size"":88,""address"":""0x7f5575df1b20""}"
56ae806af7ff8a2,0,1762816844415476894,STAT_CREATED,"{""size"":88,""address"":""0x7f5575df1960""}"
56ae806af7ff8a2,0,1762816844415478018,STAT_CREATED,"{""size"":88,""address"":""0x7f554c100090""}"
56ae806af7ff8a2,0,1762816844415479164,STAT_DESTROYED,"{""size"":88,""address"":""0x7f5575df1960""}"
56ae806af7ff8a2,0,1762816844415480322,STAT_DESTROYED,"{""size"":88,""address"":""0x7f5575df1b20""}"
56ae806af7ff8a2,0,1762816844415481413,STAT_DESTROYED,"{""size"":88,""address"":""0x7f5575df1ac0""}"
56ae806af7ff8a2,0,1762816844415483463,APPEND_START,"{""count"":1,""offset"":2047,""column_id"":1,""partition"":""0x7f554c100040""}"
56ae806af7ff8a2,0,1762816844415489645,APPEND_START,"{""count"":2048,""offset"":0,""column_id"":0,""partition"":""0x7f554c0fe230""}"
56ae806af7ff8a2,0,1762816844415496357,APPEND_START,"{""count"":2048,""offset"":0,""column_id"":0,""partition"":""0x7f554c0fe420""}"
56ae806af7ff8a2,0,1762816844415504612,START_INITIALISE_ADDITIONAL_STATS,"{""stats"":""0x7f554c0fe470"",""type"":""cluster""}"
56ae806af7ff8a2,0,1762816844417625298,END_INITIALISE_ADDITIONAL_STATS,"{""stats"":""0x7f554c0fe470"",""type"":""cluster"",""size"":3200}"
56ae806af7ff8a2,0,1762816844417670429,STAT_CREATED,"{""size"":88,""address"":""0x7f5575df19c0""}"
56ae806af7ff8a2,0,1762816844417673427,STAT_CREATED,"{""size"":88,""address"":""0x7f5575df1ac0""}"
56ae806af7ff8a2,0,1762816844417674948,STAT_DESTROYED,"{""size"":88,""address"":""0x7f5575df19c0""}"
56ae806af7ff8a2,0,1762816844417676259,STAT_CREATED,"{""size"":88,""address"":""0x7f5575df1b20""}"
56ae806af7ff8a2,0,1762816844417677449,STAT_CREATED,"{""size"":88,""address"":""0x7f5575df1960""}"
56ae806af7ff8a2,0,1762816844417678563,STAT_CREATED,"{""size"":88,""address"":""0x7f554c101400""}"
56ae806af7ff8a2,0,1762816844417679687,STAT_DESTROYED,"{""size"":88,""address"":""0x7f5575df1960""}"
56ae806af7ff8a2,0,1762816844417680866,STAT_DESTROYED,"{""size"":88,""address"":""0x7f5575df1b20""}"
56ae806af7ff8a2,0,1762816844417682056,STAT_DESTROYED,"{""size"":88,""address"":""0x7f5575df1ac0""}"
56ae806af7ff8a2,0,1762816844417684194,APPEND_START,"{""count"":1,""offset"":2047,""column_id"":1,""partition"":""0x7f554c1013b0""}"
56ae806af7ff8a2,0,1762816844417690366,APPEND_START,"{""count"":2048,""offset"":0,""column_id"":0,""partition"":""0x7f554c0fe630""}"
56ae806af7ff8a2,0,1762816844417697188,APPEND_START,"{""count"":2048,""offset"":0,""column_id"":0,""partition"":""0x7f554c0fe880""}"
56ae806af7ff8a2,0,1762816844417722128,START_INITIALISE_ADDITIONAL_STATS,"{""stats"":""0x7f554c0fe8d0"",""type"":""cluster""}"
56ae806af7ff8a2,0,1762816844419781605,END_INITIALISE_ADDITIONAL_STATS,"{""stats"":""0x7f554c0fe8d0"",""type"":""cluster"",""size"":3200}"
56ae806af7ff8a2,0,1762816844419859743,STAT_CREATED,"{""size"":88,""address"":""0x7f5575df19c0""}"
56ae806af7ff8a2,0,1762816844419867094,STAT_CREATED,"{""size"":88,""address"":""0x7f5575df1ac0""}"
56ae806af7ff8a2,0,1762816844419875217,STAT_DESTROYED,"{""size"":88,""address"":""0x7f5575df19c0""}"
56ae806af7ff8a2,0,1762816844419877520,STAT_CREATED,"{""size"":88,""address"":""0x7f5575df1b20""}"
56ae806af7ff8a2,0,1762816844419879394,STAT_CREATED,"{""size"":88,""address"":""0x7f5575df1960""}"
56ae806af7ff8a2,0,1762816844419881135,STAT_CREATED,"{""size"":88,""address"":""0x7f554c101f60""}"
56ae806af7ff8a2,0,1762816844419882810,STAT_DESTROYED,"{""size"":88,""address"":""0x7f5575df1960""}"
56ae806af7ff8a2,0,1762816844419885069,STAT_DESTROYED,"{""size"":88,""address"":""0x7f5575df1b20""}"
56ae806af7ff8a2,0,1762816844419886546,STAT_DESTROYED,"{""size"":88,""address"":""0x7f5575df1ac0""}"
56ae806af7ff8a2,0,1762816844419889434,APPEND_START,"{""count"":1,""offset"":2047,""column_id"":1,""partition"":""0x7f554c101f10""}"
56ae806af7ff8a2,0,1762816844419896906,APPEND_START,"{""count"":2048,""offset"":0,""column_id"":0,""partition"":""0x7f554c0fea90""}"
56ae806af7ff8a2,0,1762816844420093443,APPEND_START,"{""count"":2048,""offset"":0,""column_id"":1,""partition"":""0x7f554c100040""}"
56ae806af7ff8a2,0,1762816844420140205,APPEND_START,"{""count"":2048,""offset"":0,""column_id"":0,""partition"":""0x7f554c0fe230""}"
56ae806af7ff8a2,0,1762816844420153132,APPEND_START,"{""count"":2048,""offset"":0,""column_id"":1,""partition"":""0x7f554c1013b0""}"
56ae806af7ff8a2,0,1762816844420162731,APPEND_START,"{""count"":2048,""offset"":0,""column_id"":0,""partition"":""0x7f554c0fe630""}"
56ae806af7ff8a2,0,1762816844420236385,APPEND_START,"{""count"":2048,""offset"":0,""column_id"":1,""partition"":""0x7f554c101f10""}"
56ae806af7ff8a2,0,1762816844420260741,APPEND_START,"{""count"":2048,""offset"":0,""column_id"":0,""partition"":""0x7f554c0fea90""}"
56ae806af7ff8a2,0,1762816844420531779,APPEND_START,"{""count"":2048,""offset"":0,""column_id"":1,""partition"":""0x7f554c100040""}"
56ae806af7ff8a2,0,1762816844420583313,APPEND_START,"{""count"":2048,""offset"":0,""column_id"":0,""partition"":""0x7f554c0fe230""}"
56ae806af7ff8a2,0,1762816844420592637,APPEND_START,"{""count"":2048,""offset"":0,""column_id"":1,""partition"":""0x7f554c1013b0""}"
56ae806af7ff8a2,0,1762816844420606127,APPEND_START,"{""count"":2048,""offset"":0,""column_id"":0,""partition"":""0x7f554c0fe630""}"
56ae806af7ff8a2,0,1762816844420615428,APPEND_START,"{""count"":2048,""offset"":0,""column_id"":1,""partition"":""0x7f554c101f10""}"
56ae806af7ff8a2,0,1762816844420626405,APPEND_START,"{""count"":2048,""offset"":0,""column_id"":0,""partition"":""0x7f554c0fea90""}"
56ae806af7ff8a2,0,1762816844420821410,APPEND_START,"{""count"":2048,""offset"":0,""column_id"":1,""partition"":""0x7f554c100040""}"
56ae806af7ff8a2,0,1762816844420864998,APPEND_START,"{""count"":2048,""offset"":0,""column_id"":0,""partition"":""0x7f554c0fe230""}"
56ae806af7ff8a2,0,1762816844420871126,APPEND_START,"{""count"":2048,""offset"":0,""column_id"":1,""partition"":""0x7f554c1013b0""}"
56ae806af7ff8a2,0,1762816844420882048,APPEND_START,"{""count"":2048,""offset"":0,""column_id"":0,""partition"":""0x7f554c0fe630""}"
56ae806af7ff8a2,0,1762816844420889134,APPEND_START,"{""count"":2048,""offset"":0,""column_id"":1,""partition"":""0x7f554c101f10""}"
56ae806af7ff8a2,0,1762816844420896430,APPEND_START,"{""count"":2048,""offset"":0,""column_id"":0,""partition"":""0x7f554c0fea90""}"
56ae806af7ff8a2,0,1762816844421113499,APPEND_START,"{""count"":2048,""offset"":0,""column_id"":1,""partition"":""0x7f554c100040""}"
56ae806af7ff8a2,0,1762816844421174643,APPEND_START,"{""count"":2048,""offset"":0,""column_id"":0,""partition"":""0x7f554c0fe230""}"
56ae806af7ff8a2,0,1762816844421186325,APPEND_START,"{""count"":2048,""offset"":0,""column_id"":1,""partition"":""0x7f554c1013b0""}"
56ae806af7ff8a2,0,1762816844421202394,APPEND_START,"{""count"":2048,""offset"":0,""column_id"":0,""partition"":""0x7f554c0fe630""}"
56ae806af7ff8a2,0,1762816844421212214,APPEND_START,"{""count"":2048,""offset"":0,""column_id"":1,""partition"":""0x7f554c101f10""}"
56ae806af7ff8a2,0,1762816844421227896,APPEND_START,"{""count"":2048,""offset"":0,""column_id"":0,""partition"":""0x7f554c0fea90""}"
56ae806af7ff8a2,0,1762816844421414933,APPEND_START,"{""count"":2048,""offset"":0,""column_id"":1,""partition"":""0x7f554c100040""}"
56ae806af7ff8a2,0,1762816844421458345,APPEND_START,"{""count"":2048,""offset"":0,""column_id"":0,""partition"":""0x7f554c0fe230""}"
56ae806af7ff8a2,0,1762816844421464373,APPEND_START,"{""count"":2048,""offset"":0,""column_id"":1,""partition"":""0x7f554c1013b0""}"
56ae806af7ff8a2,0,1762816844421471746,APPEND_START,"{""count"":2048,""offset"":0,""column_id"":0,""partition"":""0x7f554c0fe630""}"
56ae806af7ff8a2,0,1762816844421478844,APPEND_START,"{""count"":2048,""offset"":0,""column_id"":1,""partition"":""0x7f554c101f10""}"
56ae806af7ff8a2,0,1762816844421486349,APPEND_START,"{""count"":2048,""offset"":0,""column_id"":0,""partition"":""0x7f554c0fea90""}"
56ae806af7ff8a2,0,1762816844421654408,APPEND_START,"{""count"":2048,""offset"":0,""column_id"":1,""partition"":""0x7f554c100040""}"
56ae806af7ff8a2,0,1762816844421691725,APPEND_START,"{""count"":2048,""offset"":0,""column_id"":0,""partition"":""0x7f554c0fe230""}"
56ae806af7ff8a2,0,1762816844421698403,APPEND_START,"{""count"":2048,""offset"":0,""column_id"":1,""partition"":""0x7f554c1013b0""}"
56ae806af7ff8a2,0,1762816844421705931,APPEND_START,"{""count"":2048,""offset"":0,""column_id"":0,""partition"":""0x7f554c0fe630""}"
56ae806af7ff8a2,0,1762816844421712466,APPEND_START,"{""count"":2048,""offset"":0,""column_id"":1,""partition"":""0x7f554c101f10""}"
56ae806af7ff8a2,0,1762816844421719982,APPEND_START,"{""count"":2048,""offset"":0,""column_id"":0,""partition"":""0x7f554c0fea90""}"
56ae806af7ff8a2,0,1762816844421955886,APPEND_START,"{""count"":2048,""offset"":0,""column_id"":1,""partition"":""0x7f554c100040""}"
56ae806af7ff8a2,0,1762816844421998548,APPEND_START,"{""count"":2048,""offset"":0,""column_id"":0,""partition"":""0x7f554c0fe230""}"
56ae806af7ff8a2,0,1762816844422004555,APPEND_START,"{""count"":2048,""offset"":0,""column_id"":1,""partition"":""0x7f554c1013b0""}"
56ae806af7ff8a2,0,1762816844422011696,APPEND_START,"{""count"":2048,""offset"":0,""column_id"":0,""partition"":""0x7f554c0fe630""}"
56ae806af7ff8a2,0,1762816844422018661,APPEND_START,"{""count"":2048,""offset"":0,""column_id"":1,""partition"":""0x7f554c101f10""}"
56ae806af7ff8a2,0,1762816844422025902,APPEND_START,"{""count"":2048,""offset"":0,""column_id"":0,""partition"":""0x7f554c0fea90""}"
56ae806af7ff8a2,0,1762816844422193707,APPEND_START,"{""count"":2048,""offset"":0,""column_id"":1,""partition"":""0x7f554c100040""}"
56ae806af7ff8a2,0,1762816844422237736,APPEND_START,"{""count"":2048,""offset"":0,""column_id"":0,""partition"":""0x7f554c0fe230""}"
56ae806af7ff8a2,0,1762816844422243952,APPEND_START,"{""count"":2048,""offset"":0,""column_id"":1,""partition"":""0x7f554c1013b0""}"
56ae806af7ff8a2,0,1762816844422289502,APPEND_START,"{""count"":2048,""offset"":0,""column_id"":0,""partition"":""0x7f554c0fe630""}"
56ae806af7ff8a2,0,1762816844422336131,APPEND_START,"{""count"":2048,""offset"":0,""column_id"":1,""partition"":""0x7f554c101f10""}"
56ae806af7ff8a2,0,1762816844422404241,APPEND_START,"{""count"":2048,""offset"":0,""column_id"":0,""partition"":""0x7f554c0fea90""}"
56ae806af7ff8a2,0,1762816844422611104,APPEND_START,"{""count"":2048,""offset"":0,""column_id"":1,""partition"":""0x7f554c100040""}"
56ae806af7ff8a2,0,1762816844422652455,APPEND_START,"{""count"":2048,""offset"":0,""column_id"":0,""partition"":""0x7f554c0fe230""}"
56ae806af7ff8a2,0,1762816844422662859,APPEND_START,"{""count"":2048,""offset"":0,""column_id"":1,""partition"":""0x7f554c1013b0""}"
56ae806af7ff8a2,0,1762816844422676492,APPEND_START,"{""count"":2048,""offset"":0,""column_id"":0,""partition"":""0x7f554c0fe630""}"
56ae806af7ff8a2,0,1762816844422685595,APPEND_START,"{""count"":2048,""offset"":0,""column_id"":1,""partition"":""0x7f554c101f10""}"
56ae806af7ff8a2,0,1762816844422697861,APPEND_START,"{""count"":2048,""offset"":0,""column_id"":0,""partition"":""0x7f554c0fea90""}"
56ae806af7ff8a2,0,1762816844422888403,APPEND_START,"{""count"":2048,""offset"":0,""column_id"":1,""partition"":""0x7f554c100040""}"
56ae806af7ff8a2,0,1762816844422937226,APPEND_START,"{""count"":2048,""offset"":0,""column_id"":0,""partition"":""0x7f554c0fe230""}"
56ae806af7ff8a2,0,1762816844422951310,APPEND_START,"{""count"":2048,""offset"":0,""column_id"":1,""partition"":""0x7f554c1013b0""}"
56ae806af7ff8a2,0,1762816844422970707,APPEND_START,"{""count"":2048,""offset"":0,""column_id"":0,""partition"":""0x7f554c0fe630""}"
56ae806af7ff8a2,0,1762816844422988308,APPEND_START,"{""count"":2048,""offset"":0,""column_id"":1,""partition"":""0x7f554c101f10""}"
56ae806af7ff8a2,0,1762816844423010129,APPEND_START,"{""count"":2048,""offset"":0,""column_id"":0,""partition"":""0x7f554c0fea90""}"
56ae806af7ff8a2,0,1762816844423271161,APPEND_START,"{""count"":2048,""offset"":0,""column_id"":1,""partition"":""0x7f554c100040""}"
56ae806af7ff8a2,0,1762816844423313547,APPEND_START,"{""count"":2048,""offset"":0,""column_id"":0,""partition"":""0x7f554c0fe230""}"
56ae806af7ff8a2,0,1762816844423319984,APPEND_START,"{""count"":2048,""offset"":0,""column_id"":1,""partition"":""0x7f554c1013b0""}"
56ae806af7ff8a2,0,1762816844423331467,APPEND_START,"{""count"":2048,""offset"":0,""column_id"":0,""partition"":""0x7f554c0fe630""}"
56ae806af7ff8a2,0,1762816844423339248,APPEND_START,"{""count"":2048,""offset"":0,""column_id"":1,""partition"":""0x7f554c101f10""}"
56ae806af7ff8a2,0,1762816844423350093,APPEND_START,"{""count"":2048,""offset"":0,""column_id"":0,""partition"":""0x7f554c0fea90""}"
56ae806af7ff8a2,0,1762816844423519011,APPEND_START,"{""count"":2048,""offset"":0,""column_id"":1,""partition"":""0x7f554c100040""}"
56ae806af7ff8a2,0,1762816844423554741,APPEND_START,"{""count"":2048,""offset"":0,""column_id"":0,""partition"":""0x7f554c0fe230""}"
56ae806af7ff8a2,0,1762816844423560703,APPEND_START,"{""count"":2048,""offset"":0,""column_id"":1,""partition"":""0x7f554c1013b0""}"
56ae806af7ff8a2,0,1762816844423570424,APPEND_START,"{""count"":2048,""offset"":0,""column_id"":0,""partition"":""0x7f554c0fe630""}"
56ae806af7ff8a2,0,1762816844423576684,APPEND_START,"{""count"":2048,""offset"":0,""column_id"":1,""partition"":""0x7f554c101f10""}"
56ae806af7ff8a2,0,1762816844423589898,APPEND_START,"{""count"":2048,""offset"":0,""column_id"":0,""partition"":""0x7f554c0fea90""}"
56ae806af7ff8a2,0,1762816844423763875,APPEND_START,"{""count"":2048,""offset"":0,""column_id"":1,""partition"":""0x7f554c100040""}"
56ae806af7ff8a2,0,1762816844423801699,APPEND_START,"{""count"":2048,""offset"":0,""column_id"":0,""partition"":""0x7f554c0fe230""}"
56ae806af7ff8a2,0,1762816844423808422,APPEND_START,"{""count"":2048,""offset"":0,""column_id"":1,""partition"":""0x7f554c1013b0""}"
56ae806af7ff8a2,0,1762816844423818219,APPEND_START,"{""count"":2048,""offset"":0,""column_id"":0,""partition"":""0x7f554c0fe630""}"
56ae806af7ff8a2,0,1762816844423825515,APPEND_START,"{""count"":2048,""offset"":0,""column_id"":1,""partition"":""0x7f554c101f10""}"
56ae806af7ff8a2,0,1762816844423835092,APPEND_START,"{""count"":2048,""offset"":0,""column_id"":0,""partition"":""0x7f554c0fea90""}"
56ae806af7ff8a2,0,1762816844424021898,APPEND_START,"{""count"":2048,""offset"":0,""column_id"":1,""partition"":""0x7f554c100040""}"
56ae806af7ff8a2,0,1762816844424060306,APPEND_START,"{""count"":2048,""offset"":0,""column_id"":0,""partition"":""0x7f554c0fe230""}"
56ae806af7ff8a2,0,1762816844424066852,APPEND_START,"{""count"":2048,""offset"":0,""column_id"":1,""partition"":""0x7f554c1013b0""}"
56ae806af7ff8a2,0,1762816844424078942,APPEND_START,"{""count"":2048,""offset"":0,""column_id"":0,""partition"":""0x7f554c0fe630""}"
56ae806af7ff8a2,0,1762816844424088519,APPEND_START,"{""count"":2048,""offset"":0,""column_id"":1,""partition"":""0x7f554c101f10""}"
56ae806af7ff8a2,0,1762816844424100499,APPEND_START,"{""count"":2048,""offset"":0,""column_id"":0,""partition"":""0x7f554c0fea90""}"
56ae806af7ff8a2,0,1762816844424272547,APPEND_START,"{""count"":2048,""offset"":0,""column_id"":1,""partition"":""0x7f554c100040""}"
56ae806af7ff8a2,0,1762816844424309853,APPEND_START,"{""count"":2048,""offset"":0,""column_id"":0,""partition"":""0x7f554c0fe230""}"
56ae806af7ff8a2,0,1762816844424320720,APPEND_START,"{""count"":2048,""offset"":0,""column_id"":1,""partition"":""0x7f554c1013b0""}"
56ae806af7ff8a2,0,1762816844424332777,APPEND_START,"{""count"":2048,""offset"":0,""column_id"":0,""partition"":""0x7f554c0fe630""}"
56ae806af7ff8a2,0,1762816844424340128,APPEND_START,"{""count"":2048,""offset"":0,""column_id"":1,""partition"":""0x7f554c101f10""}"
56ae806af7ff8a2,0,1762816844424349198,APPEND_START,"{""count"":2048,""offset"":0,""column_id"":0,""partition"":""0x7f554c0fea90""}"
56ae806af7ff8a2,0,1762816844424516816,APPEND_START,"{""count"":2048,""offset"":0,""column_id"":1,""partition"":""0x7f554c100040""}"
56ae806af7ff8a2,0,1762816844424554860,START_INITIALISE_ADDITIONAL_STATS,"{""stats"":""0x7f554c100090"",""type"":""cluster""}"
56ae806af7ff8a2,0,1762816844426686502,END_INITIALISE_ADDITIONAL_STATS,"{""stats"":""0x7f554c100090"",""type"":""cluster"",""size"":3200}"
56ae806af7ff8a2,0,1762816844426729649,STAT_CREATED,"{""size"":88,""address"":""0x7f5575df19c0""}"
56ae806af7ff8a2,0,1762816844426732823,STAT_CREATED,"{""size"":88,""address"":""0x7f5575df1ac0""}"
56ae806af7ff8a2,0,1762816844426734377,STAT_DESTROYED,"{""size"":88,""address"":""0x7f5575df19c0""}"
56ae806af7ff8a2,0,1762816844426735898,STAT_CREATED,"{""size"":88,""address"":""0x7f5575df1b20""}"
56ae806af7ff8a2,0,1762816844426737088,STAT_CREATED,"{""size"":88,""address"":""0x7f5575df1960""}"
56ae806af7ff8a2,0,1762816844426738234,STAT_CREATED,"{""size"":88,""address"":""0x7f554c055a50""}"
56ae806af7ff8a2,0,1762816844426739347,STAT_DESTROYED,"{""size"":88,""address"":""0x7f5575df1960""}"
56ae806af7ff8a2,0,1762816844426740515,STAT_DESTROYED,"{""size"":88,""address"":""0x7f5575df1b20""}"
56ae806af7ff8a2,0,1762816844426741761,STAT_DESTROYED,"{""size"":88,""address"":""0x7f5575df1ac0""}"
56ae806af7ff8a2,0,1762816844426743877,APPEND_START,"{""count"":2,""offset"":2046,""column_id"":2,""partition"":""0x7f554c055a00""}"
56ae806af7ff8a2,0,1762816844426750070,APPEND_START,"{""count"":2048,""offset"":0,""column_id"":0,""partition"":""0x7f554c0fe230""}"
56ae806af7ff8a2,0,1762816844426754887,APPEND_START,"{""count"":2048,""offset"":0,""column_id"":1,""partition"":""0x7f554c1013b0""}"
56ae806af7ff8a2,0,1762816844426764519,START_INITIALISE_ADDITIONAL_STATS,"{""stats"":""0x7f554c101400"",""type"":""cluster""}"
56ae806af7ff8a2,0,1762816844428683445,END_INITIALISE_ADDITIONAL_STATS,"{""stats"":""0x7f554c101400"",""type"":""cluster"",""size"":3200}"
56ae806af7ff8a2,0,1762816844428729149,STAT_CREATED,"{""size"":88,""address"":""0x7f5575df19c0""}"
56ae806af7ff8a2,0,1762816844428732224,STAT_CREATED,"{""size"":88,""address"":""0x7f5575df1ac0""}"
56ae806af7ff8a2,0,1762816844428733733,STAT_DESTROYED,"{""size"":88,""address"":""0x7f5575df19c0""}"
56ae806af7ff8a2,0,1762816844428735100,STAT_CREATED,"{""size"":88,""address"":""0x7f5575df1b20""}"
56ae806af7ff8a2,0,1762816844428736323,STAT_CREATED,"{""size"":88,""address"":""0x7f5575df1960""}"
56ae806af7ff8a2,0,1762816844428737436,STAT_CREATED,"{""size"":88,""address"":""0x7f554c056d00""}"
56ae806af7ff8a2,0,1762816844428738539,STAT_DESTROYED,"{""size"":88,""address"":""0x7f5575df1960""}"
56ae806af7ff8a2,0,1762816844428739696,STAT_DESTROYED,"{""size"":88,""address"":""0x7f5575df1b20""}"
56ae806af7ff8a2,0,1762816844428740798,STAT_DESTROYED,"{""size"":88,""address"":""0x7f5575df1ac0""}"
56ae806af7ff8a2,0,1762816844428742892,APPEND_START,"{""count"":2,""offset"":2046,""column_id"":2,""partition"":""0x7f554c056cb0""}"
56ae806af7ff8a2,0,1762816844428749053,APPEND_START,"{""count"":2048,""offset"":0,""column_id"":0,""partition"":""0x7f554c0fe630""}"
56ae806af7ff8a2,0,1762816844428756249,APPEND_START,"{""count"":2048,""offset"":0,""column_id"":1,""partition"":""0x7f554c101f10""}"
56ae806af7ff8a2,0,1762816844428769518,START_INITIALISE_ADDITIONAL_STATS,"{""stats"":""0x7f554c101f60"",""type"":""cluster""}"
56ae806af7ff8a2,0,1762816844430810722,END_INITIALISE_ADDITIONAL_STATS,"{""stats"":""0x7f554c101f60"",""type"":""cluster"",""size"":3200}"
56ae806af7ff8a2,0,1762816844430862212,STAT_CREATED,"{""size"":88,""address"":""0x7f5575df19c0""}"
56ae806af7ff8a2,0,1762816844430865507,STAT_CREATED,"{""size"":88,""address"":""0x7f5575df1ac0""}"
56ae806af7ff8a2,0,1762816844430867017,STAT_DESTROYED,"{""size"":88,""address"":""0x7f5575df19c0""}"
56ae806af7ff8a2,0,1762816844430868339,STAT_CREATED,"{""size"":88,""address"":""0x7f5575df1b20""}"
56ae806af7ff8a2,0,1762816844430869563,STAT_CREATED,"{""size"":88,""address"":""0x7f5575df1960""}"
56ae806af7ff8a2,0,1762816844430870698,STAT_CREATED,"{""size"":88,""address"":""0x7f554c058030""}"
56ae806af7ff8a2,0,1762816844430871822,STAT_DESTROYED,"{""size"":88,""address"":""0x7f5575df1960""}"
56ae806af7ff8a2,0,1762816844430873001,STAT_DESTROYED,"{""size"":88,""address"":""0x7f5575df1b20""}"
56ae806af7ff8a2,0,1762816844430874125,STAT_DESTROYED,"{""size"":88,""address"":""0x7f5575df1ac0""}"
56ae806af7ff8a2,0,1762816844430876153,APPEND_START,"{""count"":2,""offset"":2046,""column_id"":2,""partition"":""0x7f554c057fe0""}"
56ae806af7ff8a2,0,1762816844430882722,APPEND_START,"{""count"":2048,""offset"":0,""column_id"":0,""partition"":""0x7f554c0fea90""}"
56ae806af7ff8a2,0,1762816844431052301,APPEND_START,"{""count"":2048,""offset"":0,""column_id"":2,""partition"":""0x7f554c055a00""}"
56ae806af7ff8a2,0,1762816844431091811,APPEND_START,"{""count"":2048,""offset"":0,""column_id"":0,""partition"":""0x7f554c0fe230""}"
56ae806af7ff8a2,0,1762816844431193469,APPEND_START,"{""count"":2048,""offset"":0,""column_id"":2,""partition"":""0x7f554c056cb0""}"
56ae806af7ff8a2,0,1762816844431233805,APPEND_START,"{""count"":2048,""offset"":0,""column_id"":0,""partition"":""0x7f554c0fe630""}"
56ae806af7ff8a2,0,1762816844431340301,APPEND_START,"{""count"":2048,""offset"":0,""column_id"":2,""partition"":""0x7f554c057fe0""}"
56ae806af7ff8a2,0,1762816844431383503,APPEND_START,"{""count"":2048,""offset"":0,""column_id"":0,""partition"":""0x7f554c0fea90""}"
56ae806af7ff8a2,0,1762816844431566892,APPEND_START,"{""count"":2048,""offset"":0,""column_id"":2,""partition"":""0x7f554c055a00""}"
56ae806af7ff8a2,0,1762816844431606865,APPEND_START,"{""count"":2048,""offset"":0,""column_id"":0,""partition"":""0x7f554c0fe230""}"
56ae806af7ff8a2,0,1762816844431615627,APPEND_START,"{""count"":2048,""offset"":0,""column_id"":2,""partition"":""0x7f554c056cb0""}"
56ae806af7ff8a2,0,1762816844431623992,APPEND_START,"{""count"":2048,""offset"":0,""column_id"":0,""partition"":""0x7f554c0fe630""}"
56ae806af7ff8a2,0,1762816844431630516,APPEND_START,"{""count"":2048,""offset"":0,""column_id"":2,""partition"":""0x7f554c057fe0""}"
56ae806af7ff8a2,0,1762816844431638209,APPEND_START,"{""count"":2048,""offset"":0,""column_id"":0,""partition"":""0x7f554c0fea90""}"
56ae806af7ff8a2,0,1762816844431805264,APPEND_START,"{""count"":2048,""offset"":0,""column_id"":2,""partition"":""0x7f554c055a00""}"
56ae806af7ff8a2,0,1762816844431842703,APPEND_START,"{""count"":2048,""offset"":0,""column_id"":0,""partition"":""0x7f554c0fe230""}"
56ae806af7ff8a2,0,1762816844431850902,APPEND_START,"{""count"":2048,""offset"":0,""column_id"":2,""partition"":""0x7f554c056cb0""}"
56ae806af7ff8a2,0,1762816844431858485,APPEND_START,"{""count"":2048,""offset"":0,""column_id"":0,""partition"":""0x7f554c0fe630""}"
56ae806af7ff8a2,0,1762816844431864932,APPEND_START,"{""count"":2048,""offset"":0,""column_id"":2,""partition"":""0x7f554c057fe0""}"
56ae806af7ff8a2,0,1762816844431872294,APPEND_START,"{""count"":2048,""offset"":0,""column_id"":0,""partition"":""0x7f554c0fea90""}"
56ae806af7ff8a2,0,1762816844432039471,APPEND_START,"{""count"":2048,""offset"":0,""column_id"":2,""partition"":""0x7f554c055a00""}"
56ae806af7ff8a2,0,1762816844432077681,APPEND_START,"{""count"":2048,""offset"":0,""column_id"":0,""partition"":""0x7f554c0fe230""}"
56ae806af7ff8a2,0,1762816844432106412,APPEND_START,"{""count"":2048,""offset"":0,""column_id"":2,""partition"":""0x7f554c056cb0""}"
56ae806af7ff8a2,0,1762816844432116816,APPEND_START,"{""count"":2048,""offset"":0,""column_id"":0,""partition"":""0x7f554c0fe630""}"
56ae806af7ff8a2,0,1762816844432124079,APPEND_START,"{""count"":2048,""offset"":0,""column_id"":2,""partition"":""0x7f554c057fe0""}"
56ae806af7ff8a2,0,1762816844432138637,APPEND_START,"{""count"":2048,""offset"":0,""column_id"":0,""partition"":""0x7f554c0fea90""}"
56ae806af7ff8a2,0,1762816844432306432,APPEND_START,"{""count"":2048,""offset"":0,""column_id"":2,""partition"":""0x7f554c055a00""}"
56ae806af7ff8a2,0,1762816844432343484,APPEND_START,"{""count"":2048,""offset"":0,""column_id"":0,""partition"":""0x7f554c0fe230""}"
56ae806af7ff8a2,0,1762816844432352279,APPEND_START,"{""count"":2048,""offset"":0,""column_id"":2,""partition"":""0x7f554c056cb0""}"
56ae806af7ff8a2,0,1762816844432359101,APPEND_START,"{""count"":2048,""offset"":0,""column_id"":0,""partition"":""0x7f554c0fe630""}"
56ae806af7ff8a2,0,1762816844432365779,APPEND_START,"{""count"":2048,""offset"":0,""column_id"":2,""partition"":""0x7f554c057fe0""}"
56ae806af7ff8a2,0,1762816844432372844,APPEND_START,"{""count"":2048,""offset"":0,""column_id"":0,""partition"":""0x7f554c0fea90""}"
56ae806af7ff8a2,0,1762816844432539624,APPEND_START,"{""count"":2048,""offset"":0,""column_id"":2,""partition"":""0x7f554c055a00""}"
56ae806af7ff8a2,0,1762816844432576159,APPEND_START,"{""count"":2048,""offset"":0,""column_id"":0,""partition"":""0x7f554c0fe230""}"
56ae806af7ff8a2,0,1762816844432583851,APPEND_START,"{""count"":2048,""offset"":0,""column_id"":2,""partition"":""0x7f554c056cb0""}"
56ae806af7ff8a2,0,1762816844432590872,APPEND_START,"{""count"":2048,""offset"":0,""column_id"":0,""partition"":""0x7f554c0fe630""}"
56ae806af7ff8a2,0,1762816844432596647,APPEND_START,"{""count"":2048,""offset"":0,""column_id"":2,""partition"":""0x7f554c057fe0""}"
56ae806af7ff8a2,0,1762816844432604075,APPEND_START,"{""count"":2048,""offset"":0,""column_id"":0,""partition"":""0x7f554c0fea90""}"
56ae806af7ff8a2,0,1762816844432770734,APPEND_START,"{""count"":2048,""offset"":0,""column_id"":2,""partition"":""0x7f554c055a00""}"
56ae806af7ff8a2,0,1762816844432806364,APPEND_START,"{""count"":2048,""offset"":0,""column_id"":0,""partition"":""0x7f554c0fe230""}"
56ae806af7ff8a2,0,1762816844432815247,APPEND_START,"{""count"":2048,""offset"":0,""column_id"":2,""partition"":""0x7f554c056cb0""}"
56ae806af7ff8a2,0,1762816844432823359,APPEND_START,"{""count"":2048,""offset"":0,""column_id"":0,""partition"":""0x7f554c0fe630""}"
56ae806af7ff8a2,0,1762816844432829244,APPEND_START,"{""count"":2048,""offset"":0,""column_id"":2,""partition"":""0x7f554c057fe0""}"
56ae806af7ff8a2,0,1762816844432835945,APPEND_START,"{""count"":2048,""offset"":0,""column_id"":0,""partition"":""0x7f554c0fea90""}"
56ae806af7ff8a2,0,1762816844433003144,APPEND_START,"{""count"":2048,""offset"":0,""column_id"":2,""partition"":""0x7f554c055a00""}"
56ae806af7ff8a2,0,1762816844433044990,APPEND_START,"{""count"":2048,""offset"":0,""column_id"":0,""partition"":""0x7f554c0fe230""}"
56ae806af7ff8a2,0,1762816844433053521,APPEND_START,"{""count"":2048,""offset"":0,""column_id"":2,""partition"":""0x7f554c056cb0""}"
56ae806af7ff8a2,0,1762816844433063153,APPEND_START,"{""count"":2048,""offset"":0,""column_id"":0,""partition"":""0x7f554c0fe630""}"
56ae806af7ff8a2,0,1762816844433069457,APPEND_START,"{""count"":2048,""offset"":0,""column_id"":2,""partition"":""0x7f554c057fe0""}"
56ae806af7ff8a2,0,1762816844433079232,APPEND_START,"{""count"":2048,""offset"":0,""column_id"":0,""partition"":""0x7f554c0fea90""}"
56ae806af7ff8a2,0,1762816844433266280,APPEND_START,"{""count"":2048,""offset"":0,""column_id"":2,""partition"":""0x7f554c055a00""}"
56ae806af7ff8a2,0,1762816844433309273,APPEND_START,"{""count"":2048,""offset"":0,""column_id"":0,""partition"":""0x7f554c0fe230""}"
56ae806af7ff8a2,0,1762816844433316844,APPEND_START,"{""count"":2048,""offset"":0,""column_id"":2,""partition"":""0x7f554c056cb0""}"
56ae806af7ff8a2,0,1762816844433323644,APPEND_START,"{""count"":2048,""offset"":0,""column_id"":0,""partition"":""0x7f554c0fe630""}"
56ae806af7ff8a2,0,1762816844433329992,APPEND_START,"{""count"":2048,""offset"":0,""column_id"":2,""partition"":""0x7f554c057fe0""}"
56ae806af7ff8a2,0,1762816844433337167,APPEND_START,"{""count"":2048,""offset"":0,""column_id"":0,""partition"":""0x7f554c0fea90""}"
56ae806af7ff8a2,0,1762816844433508036,APPEND_START,"{""count"":2048,""offset"":0,""column_id"":2,""partition"":""0x7f554c055a00""}"
56ae806af7ff8a2,0,1762816844433543799,APPEND_START,"{""count"":2048,""offset"":0,""column_id"":0,""partition"":""0x7f554c0fe230""}"
56ae806af7ff8a2,0,1762816844433551955,APPEND_START,"{""count"":2048,""offset"":0,""column_id"":2,""partition"":""0x7f554c056cb0""}"
56ae806af7ff8a2,0,1762816844433559669,APPEND_START,"{""count"":2048,""offset"":0,""column_id"":0,""partition"":""0x7f554c0fe630""}"
56ae806af7ff8a2,0,1762816844433565918,APPEND_START,"{""count"":2048,""offset"":0,""column_id"":2,""partition"":""0x7f554c057fe0""}"
56ae806af7ff8a2,0,1762816844433572443,APPEND_START,"{""count"":2048,""offset"":0,""column_id"":0,""partition"":""0x7f554c0fea90""}"
56ae806af7ff8a2,0,1762816844433739355,APPEND_START,"{""count"":2048,""offset"":0,""column_id"":2,""partition"":""0x7f554c055a00""}"
56ae806af7ff8a2,0,1762816844433777488,APPEND_START,"{""count"":2048,""offset"":0,""column_id"":0,""partition"":""0x7f554c0fe230""}"
56ae806af7ff8a2,0,1762816844433786106,APPEND_START,"{""count"":2048,""offset"":0,""column_id"":2,""partition"":""0x7f554c056cb0""}"
56ae806af7ff8a2,0,1762816844433792939,APPEND_START,"{""count"":2048,""offset"":0,""column_id"":0,""partition"":""0x7f554c0fe630""}"
56ae806af7ff8a2,0,1762816844433798835,APPEND_START,"{""count"":2048,""offset"":0,""column_id"":2,""partition"":""0x7f554c057fe0""}"
56ae806af7ff8a2,0,1762816844433805900,APPEND_START,"{""count"":2048,""offset"":0,""column_id"":0,""partition"":""0x7f554c0fea90""}"
56ae806af7ff8a2,0,1762816844433972746,APPEND_START,"{""count"":2048,""offset"":0,""column_id"":2,""partition"":""0x7f554c055a00""}"
56ae806af7ff8a2,0,1762816844434009148,APPEND_START,"{""count"":2048,""offset"":0,""column_id"":0,""partition"":""0x7f554c0fe230""}"
56ae806af7ff8a2,0,1762816844434016962,APPEND_START,"{""count"":2048,""offset"":0,""column_id"":2,""partition"":""0x7f554c056cb0""}"
56ae806af7ff8a2,0,1762816844434024104,APPEND_START,"{""count"":2048,""offset"":0,""column_id"":0,""partition"":""0x7f554c0fe630""}"
56ae806af7ff8a2,0,1762816844434030308,APPEND_START,"{""count"":2048,""offset"":0,""column_id"":2,""partition"":""0x7f554c057fe0""}"
56ae806af7ff8a2,0,1762816844434037064,APPEND_START,"{""count"":2048,""offset"":0,""column_id"":0,""partition"":""0x7f554c0fea90""}"
56ae806af7ff8a2,0,1762816844434203977,APPEND_START,"{""count"":2048,""offset"":0,""column_id"":2,""partition"":""0x7f554c055a00""}"
56ae806af7ff8a2,0,1762816844434239398,APPEND_START,"{""count"":2048,""offset"":0,""column_id"":0,""partition"":""0x7f554c0fe230""}"
56ae806af7ff8a2,0,1762816844434247069,APPEND_START,"{""count"":2048,""offset"":0,""column_id"":2,""partition"":""0x7f554c056cb0""}"
56ae806af7ff8a2,0,1762816844434276539,APPEND_START,"{""count"":2048,""offset"":0,""column_id"":0,""partition"":""0x7f554c0fe630""}"
56ae806af7ff8a2,0,1762816844434283735,APPEND_START,"{""count"":2048,""offset"":0,""column_id"":2,""partition"":""0x7f554c057fe0""}"
56ae806af7ff8a2,0,1762816844434305766,APPEND_START,"{""count"":2048,""offset"":0,""column_id"":0,""partition"":""0x7f554c0fea90""}"
56ae806af7ff8a2,0,1762816844434480030,APPEND_START,"{""count"":2048,""offset"":0,""column_id"":2,""partition"":""0x7f554c055a00""}"
56ae806af7ff8a2,0,1762816844434515859,APPEND_START,"{""count"":2048,""offset"":0,""column_id"":0,""partition"":""0x7f554c0fe230""}"
56ae806af7ff8a2,0,1762816844434526693,APPEND_START,"{""count"":2048,""offset"":0,""column_id"":2,""partition"":""0x7f554c056cb0""}"
56ae806af7ff8a2,0,1762816844434533933,APPEND_START,"{""count"":2048,""offset"":0,""column_id"":0,""partition"":""0x7f554c0fe630""}"
56ae806af7ff8a2,0,1762816844434539896,APPEND_START,"{""count"":2048,""offset"":0,""column_id"":2,""partition"":""0x7f554c057fe0""}"
56ae806af7ff8a2,0,1762816844434546740,APPEND_START,"{""count"":2048,""offset"":0,""column_id"":0,""partition"":""0x7f554c0fea90""}"
56ae806af7ff8a2,0,1762816844434715129,APPEND_START,"{""count"":2048,""offset"":0,""column_id"":2,""partition"":""0x7f554c055a00""}"
56ae806af7ff8a2,0,1762816844434756722,APPEND_START,"{""count"":2048,""offset"":0,""column_id"":0,""partition"":""0x7f554c0fe230""}"
56ae806af7ff8a2,0,1762816844434764459,APPEND_START,"{""count"":2048,""offset"":0,""column_id"":2,""partition"":""0x7f554c056cb0""}"
56ae806af7ff8a2,0,1762816844434771490,APPEND_START,"{""count"":2048,""offset"":0,""column_id"":0,""partition"":""0x7f554c0fe630""}"
56ae806af7ff8a2,0,1762816844434778257,APPEND_START,"{""count"":2048,""offset"":0,""column_id"":2,""partition"":""0x7f554c057fe0""}"
56ae806af7ff8a2,0,1762816844434784925,APPEND_START,"{""count"":2048,""offset"":0,""column_id"":0,""partition"":""0x7f554c0fea90""}"
56ae806af7ff8a2,0,1762816844434951518,APPEND_START,"{""count"":2048,""offset"":0,""column_id"":2,""partition"":""0x7f554c055a00""}"
56ae806af7ff8a2,0,1762816844434987876,START_INITIALISE_ADDITIONAL_STATS,"{""stats"":""0x7f554c055a50"",""type"":""cluster""}"
56ae806af7ff8a2,0,1762816844437280754,END_INITIALISE_ADDITIONAL_STATS,"{""stats"":""0x7f554c055a50"",""type"":""cluster"",""size"":3200}"
56ae806af7ff8a2,0,1762816844437326645,STAT_CREATED,"{""size"":88,""address"":""0x7f5575df19c0""}"
56ae806af7ff8a2,0,1762816844437329764,STAT_CREATED,"{""size"":88,""address"":""0x7f5575df1ac0""}"
56ae806af7ff8a2,0,1762816844437331362,STAT_DESTROYED,"{""size"":88,""address"":""0x7f5575df19c0""}"
56ae806af7ff8a2,0,1762816844437332695,STAT_CREATED,"{""size"":88,""address"":""0x7f5575df1b20""}"
56ae806af7ff8a2,0,1762816844437333897,STAT_CREATED,"{""size"":88,""address"":""0x7f5575df1960""}"
56ae806af7ff8a2,0,1762816844437335032,STAT_CREATED,"{""size"":88,""address"":""0x7f554c059370""}"
56ae806af7ff8a2,0,1762816844437336145,STAT_DESTROYED,"{""size"":88,""address"":""0x7f5575df1960""}"
56ae806af7ff8a2,0,1762816844437337699,STAT_DESTROYED,"{""size"":88,""address"":""0x7f5575df1b20""}"
56ae806af7ff8a2,0,1762816844437339154,STAT_DESTROYED,"{""size"":88,""address"":""0x7f5575df1ac0""}"
56ae806af7ff8a2,0,1762816844437341622,APPEND_START,"{""count"":3,""offset"":2045,""column_id"":3,""partition"":""0x7f554c059320""}"
56ae806af7ff8a2,0,1762816844437349403,APPEND_START,"{""count"":2048,""offset"":0,""column_id"":0,""partition"":""0x7f554c0fe230""}"
56ae806af7ff8a2,0,1762816844437360446,APPEND_START,"{""count"":2048,""offset"":0,""column_id"":2,""partition"":""0x7f554c056cb0""}"
56ae806af7ff8a2,0,1762816844437376129,START_INITIALISE_ADDITIONAL_STATS,"{""stats"":""0x7f554c056d00"",""type"":""cluster""}"
56ae806af7ff8a2,0,1762816844439343227,END_INITIALISE_ADDITIONAL_STATS,"{""stats"":""0x7f554c056d00"",""type"":""cluster"",""size"":3200}"
56ae806af7ff8a2,0,1762816844439387433,STAT_CREATED,"{""size"":88,""address"":""0x7f5575df19c0""}"
56ae806af7ff8a2,0,1762816844439391103,STAT_CREATED,"{""size"":88,""address"":""0x7f5575df1ac0""}"
56ae806af7ff8a2,0,1762816844439392656,STAT_DESTROYED,"{""size"":88,""address"":""0x7f5575df19c0""}"
56ae806af7ff8a2,0,1762816844439393968,STAT_CREATED,"{""size"":88,""address"":""0x7f5575df1b20""}"
56ae806af7ff8a2,0,1762816844439395169,STAT_CREATED,"{""size"":88,""address"":""0x7f5575df1960""}"
56ae806af7ff8a2,0,1762816844439396282,STAT_CREATED,"{""size"":88,""address"":""0x7f554c05a6c0""}"
56ae806af7ff8a2,0,1762816844439397373,STAT_DESTROYED,"{""size"":88,""address"":""0x7f5575df1960""}"
56ae806af7ff8a2,0,1762816844439398487,STAT_DESTROYED,"{""size"":88,""address"":""0x7f5575df1b20""}"
56ae806af7ff8a2,0,1762816844439399589,STAT_DESTROYED,"{""size"":88,""address"":""0x7f5575df1ac0""}"
56ae806af7ff8a2,0,1762816844439401484,APPEND_START,"{""count"":3,""offset"":2045,""column_id"":3,""partition"":""0x7f554c05a670""}"
56ae806af7ff8a2,0,1762816844439408053,APPEND_START,"{""count"":2048,""offset"":0,""column_id"":0,""partition"":""0x7f554c0fe630""}"
56ae806af7ff8a2,0,1762816844439414787,APPEND_START,"{""count"":2048,""offset"":0,""column_id"":2,""partition"":""0x7f554c057fe0""}"
56ae806af7ff8a2,0,1762816844439422700,START_INITIALISE_ADDITIONAL_STATS,"{""stats"":""0x7f554c058030"",""type"":""cluster""}"
56ae806af7ff8a2,0,1762816844441369818,END_INITIALISE_ADDITIONAL_STATS,"{""stats"":""0x7f554c058030"",""type"":""cluster"",""size"":3200}"
56ae806af7ff8a2,0,1762816844441412976,STAT_CREATED,"{""size"":88,""address"":""0x7f5575df19c0""}"
56ae806af7ff8a2,0,1762816844441415951,STAT_CREATED,"{""size"":88,""address"":""0x7f5575df1ac0""}"
56ae806af7ff8a2,0,1762816844441417428,STAT_DESTROYED,"{""size"":88,""address"":""0x7f5575df19c0""}"
56ae806af7ff8a2,0,1762816844441418751,STAT_CREATED,"{""size"":88,""address"":""0x7f5575df1b20""}"
56ae806af7ff8a2,0,1762816844441419908,STAT_CREATED,"{""size"":88,""address"":""0x7f5575df1960""}"
56ae806af7ff8a2,0,1762816844441421032,STAT_CREATED,"{""size"":88,""address"":""0x7f554c05ba30""}"
56ae806af7ff8a2,0,1762816844441422090,STAT_DESTROYED,"{""size"":88,""address"":""0x7f5575df1960""}"
56ae806af7ff8a2,0,1762816844441423214,STAT_DESTROYED,"{""size"":88,""address"":""0x7f5575df1b20""}"
56ae806af7ff8a2,0,1762816844441424283,STAT_DESTROYED,"{""size"":88,""address"":""0x7f5575df1ac0""}"
56ae806af7ff8a2,0,1762816844441426102,APPEND_START,"{""count"":3,""offset"":2045,""column_id"":3,""partition"":""0x7f554c05b9e0""}"
56ae806af7ff8a2,0,1762816844442532805,APPEND_START,"{""count"":2048,""offset"":0,""column_id"":0,""partition"":""0x7f554c0fea90""}"
56ae806af7ff8a2,0,1762816844442809596,APPEND_START,"{""count"":2048,""offset"":0,""column_id"":3,""partition"":""0x7f554c059320""}"
56ae806af7ff8a2,0,1762816844442857295,APPEND_START,"{""count"":2048,""offset"":0,""column_id"":0,""partition"":""0x7f554c0fe230""}"
56ae806af7ff8a2,0,1762816844442872372,APPEND_START,"{""count"":2048,""offset"":0,""column_id"":3,""partition"":""0x7f554c05a670""}"
56ae806af7ff8a2,0,1762816844442881122,APPEND_START,"{""count"":2048,""offset"":0,""column_id"":0,""partition"":""0x7f554c0fe630""}"
56ae806af7ff8a2,0,1762816844442890182,APPEND_START,"{""count"":2048,""offset"":0,""column_id"":3,""partition"":""0x7f554c05b9e0""}"
56ae806af7ff8a2,0,1762816844442898657,APPEND_START,"{""count"":2048,""offset"":0,""column_id"":0,""partition"":""0x7f554c0fea90""}"
56ae806af7ff8a2,0,1762816844443129645,APPEND_START,"{""count"":2048,""offset"":0,""column_id"":3,""partition"":""0x7f554c059320""}"
56ae806af7ff8a2,0,1762816844443176958,APPEND_START,"{""count"":2048,""offset"":0,""column_id"":0,""partition"":""0x7f554c0fe230""}"
56ae806af7ff8a2,0,1762816844443188927,APPEND_START,"{""count"":2048,""offset"":0,""column_id"":3,""partition"":""0x7f554c05a670""}"
56ae806af7ff8a2,0,1762816844443197193,APPEND_START,"{""count"":2048,""offset"":0,""column_id"":0,""partition"":""0x7f554c0fe630""}"
56ae806af7ff8a2,0,1762816844443206704,APPEND_START,"{""count"":2048,""offset"":0,""column_id"":3,""partition"":""0x7f554c05b9e0""}"
56ae806af7ff8a2,0,1762816844443214396,APPEND_START,"{""count"":2048,""offset"":0,""column_id"":0,""partition"":""0x7f554c0fea90""}"
56ae806af7ff8a2,0,1762816844443448691,APPEND_START,"{""count"":2048,""offset"":0,""column_id"":3,""partition"":""0x7f554c059320""}"
56ae806af7ff8a2,0,1762816844443496368,APPEND_START,"{""count"":2048,""offset"":0,""column_id"":0,""partition"":""0x7f554c0fe230""}"
56ae806af7ff8a2,0,1762816844443508469,APPEND_START,"{""count"":2048,""offset"":0,""column_id"":3,""partition"":""0x7f554c05a670""}"
56ae806af7ff8a2,0,1762816844443515302,APPEND_START,"{""count"":2048,""offset"":0,""column_id"":0,""partition"":""0x7f554c0fe630""}"
56ae806af7ff8a2,0,1762816844443524273,APPEND_START,"{""count"":2048,""offset"":0,""column_id"":3,""partition"":""0x7f554c05b9e0""}"
56ae806af7ff8a2,0,1762816844443531040,APPEND_START,"{""count"":2048,""offset"":0,""column_id"":0,""partition"":""0x7f554c0fea90""}"
56ae806af7ff8a2,0,1762816844443800624,APPEND_START,"{""count"":2048,""offset"":0,""column_id"":3,""partition"":""0x7f554c059320""}"
56ae806af7ff8a2,0,1762816844443845644,APPEND_START,"{""count"":2048,""offset"":0,""column_id"":0,""partition"":""0x7f554c0fe230""}"
56ae806af7ff8a2,0,1762816844443856478,APPEND_START,"{""count"":2048,""offset"":0,""column_id"":3,""partition"":""0x7f554c05a670""}"
56ae806af7ff8a2,0,1762816844443865063,APPEND_START,"{""count"":2048,""offset"":0,""column_id"":0,""partition"":""0x7f554c0fe630""}"
56ae806af7ff8a2,0,1762816844443879842,APPEND_START,"{""count"":2048,""offset"":0,""column_id"":3,""partition"":""0x7f554c05b9e0""}"
56ae806af7ff8a2,0,1762816844443887865,APPEND_START,"{""count"":2048,""offset"":0,""column_id"":0,""partition"":""0x7f554c0fea90""}"
56ae806af7ff8a2,0,1762816844444152942,APPEND_START,"{""count"":2048,""offset"":0,""column_id"":3,""partition"":""0x7f554c059320""}"
56ae806af7ff8a2,0,1762816844444195428,APPEND_START,"{""count"":2048,""offset"":0,""column_id"":0,""partition"":""0x7f554c0fe230""}"
56ae806af7ff8a2,0,1762816844444206041,APPEND_START,"{""count"":2048,""offset"":0,""column_id"":3,""partition"":""0x7f554c05a670""}"
56ae806af7ff8a2,0,1762816844444212730,APPEND_START,"{""count"":2048,""offset"":0,""column_id"":0,""partition"":""0x7f554c0fe630""}"
56ae806af7ff8a2,0,1762816844444222076,APPEND_START,"{""count"":2048,""offset"":0,""column_id"":3,""partition"":""0x7f554c05b9e0""}"
56ae806af7ff8a2,0,1762816844444228700,APPEND_START,"{""count"":2048,""offset"":0,""column_id"":0,""partition"":""0x7f554c0fea90""}"
56ae806af7ff8a2,0,1762816844444515939,APPEND_START,"{""count"":2048,""offset"":0,""column_id"":3,""partition"":""0x7f554c059320""}"
56ae806af7ff8a2,0,1762816844444567484,APPEND_START,"{""count"":2048,""offset"":0,""column_id"":0,""partition"":""0x7f554c0fe230""}"
56ae806af7ff8a2,0,1762816844444585073,APPEND_START,"{""count"":2048,""offset"":0,""column_id"":3,""partition"":""0x7f554c05a670""}"
56ae806af7ff8a2,0,1762816844444599246,APPEND_START,"{""count"":2048,""offset"":0,""column_id"":0,""partition"":""0x7f554c0fe630""}"
56ae806af7ff8a2,0,1762816844444611424,APPEND_START,"{""count"":2048,""offset"":0,""column_id"":3,""partition"":""0x7f554c05b9e0""}"
56ae806af7ff8a2,0,1762816844444625112,APPEND_START,"{""count"":2048,""offset"":0,""column_id"":0,""partition"":""0x7f554c0fea90""}"
56ae806af7ff8a2,0,1762816844444885141,APPEND_START,"{""count"":2048,""offset"":0,""column_id"":3,""partition"":""0x7f554c059320""}"
56ae806af7ff8a2,0,1762816844444932873,APPEND_START,"{""count"":2048,""offset"":0,""column_id"":0,""partition"":""0x7f554c0fe230""}"
56ae806af7ff8a2,0,1762816844444949933,APPEND_START,"{""count"":2048,""offset"":0,""column_id"":3,""partition"":""0x7f554c05a670""}"
56ae806af7ff8a2,0,1762816844444958607,APPEND_START,"{""count"":2048,""offset"":0,""column_id"":0,""partition"":""0x7f554c0fe630""}"
56ae806af7ff8a2,0,1762816844444975667,APPEND_START,"{""count"":2048,""offset"":0,""column_id"":3,""partition"":""0x7f554c05b9e0""}"
56ae806af7ff8a2,0,1762816844444982555,APPEND_START,"{""count"":2048,""offset"":0,""column_id"":0,""partition"":""0x7f554c0fea90""}"
56ae806af7ff8a2,0,1762816844445251996,APPEND_START,"{""count"":2048,""offset"":0,""column_id"":3,""partition"":""0x7f554c059320""}"
56ae806af7ff8a2,0,1762816844445300620,APPEND_START,"{""count"":2048,""offset"":0,""column_id"":0,""partition"":""0x7f554c0fe230""}"
56ae806af7ff8a2,0,1762816844445317086,APPEND_START,"{""count"":2048,""offset"":0,""column_id"":3,""partition"":""0x7f554c05a670""}"
56ae806af7ff8a2,0,1762816844445326817,APPEND_START,"{""count"":2048,""offset"":0,""column_id"":0,""partition"":""0x7f554c0fe630""}"
56ae806af7ff8a2,0,1762816844445336108,APPEND_START,"{""count"":2048,""offset"":0,""column_id"":3,""partition"":""0x7f554c05b9e0""}"
56ae806af7ff8a2,0,1762816844445373204,APPEND_START,"{""count"":2048,""offset"":0,""column_id"":0,""partition"":""0x7f554c0fea90""}"
56ae806af7ff8a2,0,1762816844445665855,APPEND_START,"{""count"":2048,""offset"":0,""column_id"":3,""partition"":""0x7f554c059320""}"
56ae806af7ff8a2,0,1762816844445716970,APPEND_START,"{""count"":2048,""offset"":0,""column_id"":0,""partition"":""0x7f554c0fe230""}"
56ae806af7ff8a2,0,1762816844445728851,APPEND_START,"{""count"":2048,""offset"":0,""column_id"":3,""partition"":""0x7f554c05a670""}"
56ae806af7ff8a2,0,1762816844445736345,APPEND_START,"{""count"":2048,""offset"":0,""column_id"":0,""partition"":""0x7f554c0fe630""}"
56ae806af7ff8a2,0,1762816844445745504,APPEND_START,"{""count"":2048,""offset"":0,""column_id"":3,""partition"":""0x7f554c05b9e0""}"
56ae806af7ff8a2,0,1762816844445759126,APPEND_START,"{""count"":2048,""offset"":0,""column_id"":0,""partition"":""0x7f554c0fea90""}"
56ae806af7ff8a2,0,1762816844446021601,APPEND_START,"{""count"":2048,""offset"":0,""column_id"":3,""partition"":""0x7f554c059320""}"
56ae806af7ff8a2,0,1762816844446073047,APPEND_START,"{""count"":2048,""offset"":0,""column_id"":0,""partition"":""0x7f554c0fe230""}"
56ae806af7ff8a2,0,1762816844446084068,APPEND_START,"{""count"":2048,""offset"":0,""column_id"":3,""partition"":""0x7f554c05a670""}"
56ae806af7ff8a2,0,1762816844446090669,APPEND_START,"{""count"":2048,""offset"":0,""column_id"":0,""partition"":""0x7f554c0fe630""}"
56ae806af7ff8a2,0,1762816844446099541,APPEND_START,"{""count"":2048,""offset"":0,""column_id"":3,""partition"":""0x7f554c05b9e0""}"
56ae806af7ff8a2,0,1762816844446109273,APPEND_START,"{""count"":2048,""offset"":0,""column_id"":0,""partition"":""0x7f554c0fea90""}"
56ae806af7ff8a2,0,1762816844446379011,APPEND_START,"{""count"":2048,""offset"":0,""column_id"":3,""partition"":""0x7f554c059320""}"
56ae806af7ff8a2,0,1762816844446428726,APPEND_START,"{""count"":2048,""offset"":0,""column_id"":0,""partition"":""0x7f554c0fe230""}"
56ae806af7ff8a2,0,1762816844446439229,APPEND_START,"{""count"":2048,""offset"":0,""column_id"":3,""partition"":""0x7f554c05a670""}"
56ae806af7ff8a2,0,1762816844446446294,APPEND_START,"{""count"":2048,""offset"":0,""column_id"":0,""partition"":""0x7f554c0fe630""}"
56ae806af7ff8a2,0,1762816844446454923,APPEND_START,"{""count"":2048,""offset"":0,""column_id"":3,""partition"":""0x7f554c05b9e0""}"
56ae806af7ff8a2,0,1762816844446464148,APPEND_START,"{""count"":2048,""offset"":0,""column_id"":0,""partition"":""0x7f554c0fea90""}"
56ae806af7ff8a2,0,1762816844446716208,APPEND_START,"{""count"":2048,""offset"":0,""column_id"":3,""partition"":""0x7f554c059320""}"
56ae806af7ff8a2,0,1762816844446760061,APPEND_START,"{""count"":2048,""offset"":0,""column_id"":0,""partition"":""0x7f554c0fe230""}"
56ae806af7ff8a2,0,1762816844446770806,APPEND_START,"{""count"":2048,""offset"":0,""column_id"":3,""partition"":""0x7f554c05a670""}"
56ae806af7ff8a2,0,1762816844446777595,APPEND_START,"{""count"":2048,""offset"":0,""column_id"":0,""partition"":""0x7f554c0fe630""}"
56ae806af7ff8a2,0,1762816844446785684,APPEND_START,"{""count"":2048,""offset"":0,""column_id"":3,""partition"":""0x7f554c05b9e0""}"
56ae806af7ff8a2,0,1762816844446799229,APPEND_START,"{""count"":2048,""offset"":0,""column_id"":0,""partition"":""0x7f554c0fea90""}"
56ae806af7ff8a2,0,1762816844447053648,START_INITIALISE_ADDITIONAL_STATS,"{""stats"":""0x7f554c059370"",""type"":""cluster""}"
56ae806af7ff8a2,0,1762816844448859477,END_INITIALISE_ADDITIONAL_STATS,"{""stats"":""0x7f554c059370"",""type"":""cluster"",""size"":3200}"
56ae806af7ff8a2,0,1762816844448900971,START_INITIALISE_ADDITIONAL_STATS,"{""stats"":""0x7f554c05a6c0"",""type"":""cluster""}"
56ae806af7ff8a2,0,1762816844450557620,END_INITIALISE_ADDITIONAL_STATS,"{""stats"":""0x7f554c05a6c0"",""type"":""cluster"",""size"":3200}"
56ae806af7ff8a2,0,1762816844450599742,START_INITIALISE_ADDITIONAL_STATS,"{""stats"":""0x7f554c05ba30"",""type"":""cluster""}"
56ae806af7ff8a2,0,1762816844452406111,END_INITIALISE_ADDITIONAL_STATS,"{""stats"":""0x7f554c05ba30"",""type"":""cluster"",""size"":3200}"
56ae806af7ff8a2,0,1762816844452450018,STAT_CREATED,"{""size"":88,""address"":""0x7f5575df1bc0""}"
56ae806af7ff8a2,0,1762816844452454967,STAT_CREATED,"{""size"":88,""address"":""0x7f554c05f070""}"
56ae806af7ff8a2,0,1762816844452456918,STAT_DESTROYED,"{""size"":88,""address"":""0x7f5575df1bc0""}"
56ae806af7ff8a2,0,1762816844452459530,STAT_CREATED,"{""size"":88,""address"":""0x7f5575df1bc0""}"
56ae806af7ff8a2,0,1762816844452461095,STAT_CREATED,"{""size"":88,""address"":""0x7f554c05f310""}"
56ae806af7ff8a2,0,1762816844452462527,STAT_DESTROYED,"{""size"":88,""address"":""0x7f5575df1bc0""}"
56ae806af7ff8a2,0,1762816844452464368,STAT_CREATED,"{""size"":88,""address"":""0x7f5575df1bc0""}"
56ae806af7ff8a2,0,1762816844452471796,STAT_CREATED,"{""size"":88,""address"":""0x7f554c05f5b0""}"
56ae806af7ff8a2,0,1762816844452473295,STAT_DESTROYED,"{""size"":88,""address"":""0x7f5575df1bc0""}"
56ae806af7ff8a2,0,1762816844452498070,STAT_CREATED,"{""size"":88,""address"":""0x7f5575df1b80""}"
56ae806af7ff8a2,0,1762816844452505751,STAT_CREATED,"{""size"":88,""address"":""0x7f5575df1c80""}"
56ae806af7ff8a2,0,1762816844452508088,STAT_DESTROYED,"{""size"":88,""address"":""0x7f5575df1b80""}"
56ae806af7ff8a2,0,1762816844452509796,STAT_CREATED,"{""size"":88,""address"":""0x7f5575df1ce0""}"
56ae806af7ff8a2,0,1762816844452511438,STAT_CREATED,"{""size"":88,""address"":""0x7f5575df1b20""}"
56ae806af7ff8a2,0,1762816844452512948,STAT_CREATED,"{""size"":88,""address"":""0x7f554c05f720""}"
56ae806af7ff8a2,0,1762816844452514381,STAT_DESTROYED,"{""size"":88,""address"":""0x7f5575df1b20""}"
56ae806af7ff8a2,0,1762816844452516166,STAT_DESTROYED,"{""size"":88,""address"":""0x7f5575df1ce0""}"
56ae806af7ff8a2,0,1762816844452517555,STAT_DESTROYED,"{""size"":88,""address"":""0x7f5575df1c80""}"
56ae806af7ff8a2,0,1762816844452525093,STAT_CREATED,"{""size"":88,""address"":""0x7f5575df1b80""}"
56ae806af7ff8a2,0,1762816844452526746,STAT_CREATED,"{""size"":88,""address"":""0x7f5575df1c80""}"
56ae806af7ff8a2,0,1762816844452528179,STAT_DESTROYED,"{""size"":88,""address"":""0x7f5575df1b80""}"
56ae806af7ff8a2,0,1762816844452529568,STAT_CREATED,"{""size"":88,""address"":""0x7f5575df1ce0""}"
56ae806af7ff8a2,0,1762816844452531000,STAT_CREATED,"{""size"":88,""address"":""0x7f5575df1b20""}"
56ae806af7ff8a2,0,1762816844452532367,STAT_CREATED,"{""size"":88,""address"":""0x7f554c05f8d0""}"
56ae806af7ff8a2,0,1762816844452533756,STAT_DESTROYED,"{""size"":88,""address"":""0x7f5575df1b20""}"
56ae806af7ff8a2,0,1762816844452541537,STAT_DESTROYED,"{""size"":88,""address"":""0x7f5575df1ce0""}"
56ae806af7ff8a2,0,1762816844452543102,STAT_DESTROYED,"{""size"":88,""address"":""0x7f5575df1c80""}"
56ae806af7ff8a2,0,1762816844452546727,STAT_CREATED,"{""size"":88,""address"":""0x7f5575df1b80""}"
56ae806af7ff8a2,0,1762816844452548248,STAT_CREATED,"{""size"":88,""address"":""0x7f5575df1c80""}"
56ae806af7ff8a2,0,1762816844452549615,STAT_DESTROYED,"{""size"":88,""address"":""0x7f5575df1b80""}"
56ae806af7ff8a2,0,1762816844452551004,STAT_CREATED,"{""size"":88,""address"":""0x7f5575df1ce0""}"
56ae806af7ff8a2,0,1762816844452552392,STAT_CREATED,"{""size"":88,""address"":""0x7f5575df1b20""}"
56ae806af7ff8a2,0,1762816844452553748,STAT_CREATED,"{""size"":88,""address"":""0x7f554c05fac0""}"
56ae806af7ff8a2,0,1762816844452555103,STAT_DESTROYED,"{""size"":88,""address"":""0x7f5575df1b20""}"
56ae806af7ff8a2,0,1762816844452556426,STAT_DESTROYED,"{""size"":88,""address"":""0x7f5575df1ce0""}"
56ae806af7ff8a2,0,1762816844452557748,STAT_DESTROYED,"{""size"":88,""address"":""0x7f5575df1c80""}"
56ae806af7ff8a2,0,1762816844452560327,STAT_CREATED,"{""size"":88,""address"":""0x7f5575df1b80""}"
56ae806af7ff8a2,0,1762816844452561760,STAT_CREATED,"{""size"":88,""address"":""0x7f5575df1c80""}"
56ae806af7ff8a2,0,1762816844452563149,STAT_DESTROYED,"{""size"":88,""address"":""0x7f5575df1b80""}"
56ae806af7ff8a2,0,1762816844452564603,STAT_CREATED,"{""size"":88,""address"":""0x7f5575df1ce0""}"
56ae806af7ff8a2,0,1762816844452566036,STAT_CREATED,"{""size"":88,""address"":""0x7f5575df1b20""}"
56ae806af7ff8a2,0,1762816844452567447,STAT_CREATED,"{""size"":88,""address"":""0x7f554c05fcd0""}"
56ae806af7ff8a2,0,1762816844452568846,STAT_DESTROYED,"{""size"":88,""address"":""0x7f5575df1b20""}"
56ae806af7ff8a2,0,1762816844452576484,STAT_DESTROYED,"{""size"":88,""address"":""0x7f5575df1ce0""}"
56ae806af7ff8a2,0,1762816844452577961,STAT_DESTROYED,"{""size"":88,""address"":""0x7f5575df1c80""}"
56ae806af7ff8a2,0,1762816844452580661,STAT_CREATED,"{""size"":88,""address"":""0x7f5575df1b80""}"
56ae806af7ff8a2,0,1762816844452582193,STAT_CREATED,"{""size"":88,""address"":""0x7f5575df1c80""}"
56ae806af7ff8a2,0,1762816844452583593,STAT_DESTROYED,"{""size"":88,""address"":""0x7f5575df1b80""}"
56ae806af7ff8a2,0,1762816844452585036,STAT_CREATED,"{""size"":88,""address"":""0x7f5575df1ce0""}"
56ae806af7ff8a2,0,1762816844452591693,STAT_CREATED,"{""size"":88,""address"":""0x7f5575df1b20""}"
56ae806af7ff8a2,0,1762816844452593137,STAT_CREATED,"{""size"":88,""address"":""0x7f554c05ff20""}"
56ae806af7ff8a2,0,1762816844452594547,STAT_DESTROYED,"{""size"":88,""address"":""0x7f5575df1b20""}"
56ae806af7ff8a2,0,1762816844452595958,STAT_DESTROYED,"{""size"":88,""address"":""0x7f5575df1ce0""}"
56ae806af7ff8a2,0,1762816844452597501,STAT_DESTROYED,"{""size"":88,""address"":""0x7f5575df1c80""}"
56ae806af7ff8a2,0,1762816844452599981,STAT_CREATED,"{""size"":88,""address"":""0x7f5575df1b80""}"
56ae806af7ff8a2,0,1762816844452601435,STAT_CREATED,"{""size"":88,""address"":""0x7f5575df1c80""}"
56ae806af7ff8a2,0,1762816844452602835,STAT_DESTROYED,"{""size"":88,""address"":""0x7f5575df1b80""}"
56ae806af7ff8a2,0,1762816844452604224,STAT_CREATED,"{""size"":88,""address"":""0x7f5575df1ce0""}"
56ae806af7ff8a2,0,1762816844452605690,STAT_CREATED,"{""size"":88,""address"":""0x7f5575df1b20""}"
56ae806af7ff8a2,0,1762816844452607067,STAT_CREATED,"{""size"":88,""address"":""0x7f554c060130""}"
56ae806af7ff8a2,0,1762816844452608434,STAT_DESTROYED,"{""size"":88,""address"":""0x7f5575df1b20""}"
56ae806af7ff8a2,0,1762816844452623808,STAT_DESTROYED,"{""size"":88,""address"":""0x7f5575df1ce0""}"
56ae806af7ff8a2,0,1762816844452625406,STAT_DESTROYED,"{""size"":88,""address"":""0x7f5575df1c80""}"
56ae806af7ff8a2,0,1762816844452627533,APPEND_START,"{""count"":2048,""offset"":0,""column_id"":0,""partition"":""0x7f554c05f6d0""}"
56ae806af7ff8a2,0,1762816844452638929,APPEND_START,"{""count"":2048,""offset"":0,""column_id"":0,""partition"":""0x7f554c05f880""}"
56ae806af7ff8a2,0,1762816844452652077,APPEND_START,"{""count"":2048,""offset"":0,""column_id"":0,""partition"":""0x7f554c05fa70""}"
56ae806af7ff8a2,0,1762816844452665004,APPEND_START,"{""count"":2048,""offset"":0,""column_id"":0,""partition"":""0x7f554c05fc80""}"
56ae806af7ff8a2,0,1762816844452672455,APPEND_START,"{""count"":2048,""offset"":0,""column_id"":0,""partition"":""0x7f554c05fed0""}"
56ae806af7ff8a2,0,1762816844452680103,APPEND_START,"{""count"":2048,""offset"":0,""column_id"":0,""partition"":""0x7f554c0600e0""}"
56ae806af7ff8a2,0,1762816844452956630,APPEND_START,"{""count"":2048,""offset"":0,""column_id"":0,""partition"":""0x7f554c05f6d0""}"
56ae806af7ff8a2,0,1762816844453001772,APPEND_START,"{""count"":2048,""offset"":0,""column_id"":0,""partition"":""0x7f554c05f880""}"
56ae806af7ff8a2,0,1762816844453010677,APPEND_START,"{""count"":2048,""offset"":0,""column_id"":0,""partition"":""0x7f554c05fa70""}"
56ae806af7ff8a2,0,1762816844453018821,APPEND_START,"{""count"":2048,""offset"":0,""column_id"":0,""partition"":""0x7f554c05fc80""}"
56ae806af7ff8a2,0,1762816844453025092,APPEND_START,"{""count"":2048,""offset"":0,""column_id"":0,""partition"":""0x7f554c05fed0""}"
56ae806af7ff8a2,0,1762816844453031969,APPEND_START,"{""count"":2048,""offset"":0,""column_id"":0,""partition"":""0x7f554c0600e0""}"
56ae806af7ff8a2,0,1762816844453267289,APPEND_START,"{""count"":2048,""offset"":0,""column_id"":0,""partition"":""0x7f554c05f6d0""}"
56ae806af7ff8a2,0,1762816844453311340,APPEND_START,"{""count"":2048,""offset"":0,""column_id"":0,""partition"":""0x7f554c05f880""}"
56ae806af7ff8a2,0,1762816844453321589,APPEND_START,"{""count"":2048,""offset"":0,""column_id"":0,""partition"":""0x7f554c05fa70""}"
56ae806af7ff8a2,0,1762816844453336126,APPEND_START,"{""count"":2048,""offset"":0,""column_id"":0,""partition"":""0x7f554c05fc80""}"
56ae806af7ff8a2,0,1762816844453343411,APPEND_START,"{""count"":2048,""offset"":0,""column_id"":0,""partition"":""0x7f554c05fed0""}"
56ae806af7ff8a2,0,1762816844453350431,APPEND_START,"{""count"":2048,""offset"":0,""column_id"":0,""partition"":""0x7f554c0600e0""}"
56ae806af7ff8a2,0,1762816844453612058,APPEND_START,"{""count"":2048,""offset"":0,""column_id"":0,""partition"":""0x7f554c05f6d0""}"
56ae806af7ff8a2,0,1762816844453653100,APPEND_START,"{""count"":2048,""offset"":0,""column_id"":0,""partition"":""0x7f554c05f880""}"
56ae806af7ff8a2,0,1762816844453701228,APPEND_START,"{""count"":2048,""offset"":0,""column_id"":0,""partition"":""0x7f554c05fa70""}"
56ae806af7ff8a2,0,1762816844453723667,APPEND_START,"{""count"":2048,""offset"":0,""column_id"":0,""partition"":""0x7f554c05fc80""}"
56ae806af7ff8a2,0,1762816844453736319,APPEND_START,"{""count"":2048,""offset"":0,""column_id"":0,""partition"":""0x7f554c05fed0""}"
56ae806af7ff8a2,0,1762816844453743846,APPEND_START,"{""count"":2048,""offset"":0,""column_id"":0,""partition"":""0x7f554c0600e0""}"
56ae806af7ff8a2,0,1762816844453993085,APPEND_START,"{""count"":2048,""offset"":0,""column_id"":0,""partition"":""0x7f554c05f6d0""}"
56ae806af7ff8a2,0,1762816844454031008,APPEND_START,"{""count"":2048,""offset"":0,""column_id"":0,""partition"":""0x7f554c05f880""}"
56ae806af7ff8a2,0,1762816844454040046,APPEND_START,"{""count"":2048,""offset"":0,""column_id"":0,""partition"":""0x7f554c05fa70""}"
56ae806af7ff8a2,0,1762816844454047948,APPEND_START,"{""count"":2048,""offset"":0,""column_id"":0,""partition"":""0x7f554c05fc80""}"
56ae806af7ff8a2,0,1762816844454056202,APPEND_START,"{""count"":2048,""offset"":0,""column_id"":0,""partition"":""0x7f554c05fed0""}"
56ae806af7ff8a2,0,1762816844454064038,APPEND_START,"{""count"":2048,""offset"":0,""column_id"":0,""partition"":""0x7f554c0600e0""}"
56ae806af7ff8a2,0,1762816844454310070,APPEND_START,"{""count"":2048,""offset"":0,""column_id"":0,""partition"":""0x7f554c05f6d0""}"
56ae806af7ff8a2,0,1762816844454345150,APPEND_START,"{""count"":2048,""offset"":0,""column_id"":0,""partition"":""0x7f554c05f880""}"
56ae806af7ff8a2,0,1762816844454352369,APPEND_START,"{""count"":2048,""offset"":0,""column_id"":0,""partition"":""0x7f554c05fa70""}"
56ae806af7ff8a2,0,1762816844454359158,APPEND_START,"{""count"":2048,""offset"":0,""column_id"":0,""partition"":""0x7f554c05fc80""}"
56ae806af7ff8a2,0,1762816844454365693,APPEND_START,"{""count"":2048,""offset"":0,""column_id"":0,""partition"":""0x7f554c05fed0""}"
56ae806af7ff8a2,0,1762816844454371677,APPEND_START,"{""count"":2048,""offset"":0,""column_id"":0,""partition"":""0x7f554c0600e0""}"
56ae806af7ff8a2,0,1762816844454613499,APPEND_START,"{""count"":2048,""offset"":0,""column_id"":0,""partition"":""0x7f554c05f6d0""}"
56ae806af7ff8a2,0,1762816844454647543,APPEND_START,"{""count"":2048,""offset"":0,""column_id"":0,""partition"":""0x7f554c05f880""}"
56ae806af7ff8a2,0,1762816844454654762,APPEND_START,"{""count"":2048,""offset"":0,""column_id"":0,""partition"":""0x7f554c05fa70""}"
56ae806af7ff8a2,0,1762816844454661959,APPEND_START,"{""count"":2048,""offset"":0,""column_id"":0,""partition"":""0x7f554c05fc80""}"
56ae806af7ff8a2,0,1762816844454667800,APPEND_START,"{""count"":2048,""offset"":0,""column_id"":0,""partition"":""0x7f554c05fed0""}"
56ae806af7ff8a2,0,1762816844454673949,APPEND_START,"{""count"":2048,""offset"":0,""column_id"":0,""partition"":""0x7f554c0600e0""}"
56ae806af7ff8a2,0,1762816844454845237,APPEND_START,"{""count"":2048,""offset"":0,""column_id"":0,""partition"":""0x7f554c05f6d0""}"
56ae806af7ff8a2,0,1762816844454880769,APPEND_START,"{""count"":2048,""offset"":0,""column_id"":0,""partition"":""0x7f554c05f880""}"
56ae806af7ff8a2,0,1762816844454886147,APPEND_START,"{""count"":2048,""offset"":0,""column_id"":0,""partition"":""0x7f554c05fa70""}"
56ae806af7ff8a2,0,1762816844454891261,APPEND_START,"{""count"":2048,""offset"":0,""column_id"":0,""partition"":""0x7f554c05fc80""}"
56ae806af7ff8a2,0,1762816844454897047,APPEND_START,"{""count"":2048,""offset"":0,""column_id"":0,""partition"":""0x7f554c05fed0""}"
56ae806af7ff8a2,0,1762816844454904541,APPEND_START,"{""count"":2048,""offset"":0,""column_id"":0,""partition"":""0x7f554c0600e0""}"
56ae806af7ff8a2,0,1762816844455143123,APPEND_START,"{""count"":2048,""offset"":0,""column_id"":0,""partition"":""0x7f554c05f6d0""}"
56ae806af7ff8a2,0,1762816844455259053,APPEND_START,"{""count"":2048,""offset"":0,""column_id"":0,""partition"":""0x7f554c05f880""}"
56ae806af7ff8a2,0,1762816844455304514,APPEND_START,"{""count"":2048,""offset"":0,""column_id"":0,""partition"":""0x7f554c05fa70""}"
56ae806af7ff8a2,0,1762816844455349821,APPEND_START,"{""count"":2048,""offset"":0,""column_id"":0,""partition"":""0x7f554c05fc80""}"
56ae806af7ff8a2,0,1762816844455425932,APPEND_START,"{""count"":2048,""offset"":0,""column_id"":0,""partition"":""0x7f554c05fed0""}"
56ae806af7ff8a2,0,1762816844455466699,APPEND_START,"{""count"":2048,""offset"":0,""column_id"":0,""partition"":""0x7f554c0600e0""}"
56ae806af7ff8a2,0,1762816844455779947,APPEND_START,"{""count"":2048,""offset"":0,""column_id"":0,""partition"":""0x7f554c05f6d0""}"
56ae806af7ff8a2,0,1762816844455828858,APPEND_START,"{""count"":2048,""offset"":0,""column_id"":0,""partition"":""0x7f554c05f880""}"
56ae806af7ff8a2,0,1762816844455836969,APPEND_START,"{""count"":2048,""offset"":0,""column_id"":0,""partition"":""0x7f554c05fa70""}"
56ae806af7ff8a2,0,1762816844455846558,APPEND_START,"{""count"":2048,""offset"":0,""column_id"":0,""partition"":""0x7f554c05fc80""}"
56ae806af7ff8a2,0,1762816844455854371,APPEND_START,"{""count"":2048,""offset"":0,""column_id"":0,""partition"":""0x7f554c05fed0""}"
56ae806af7ff8a2,0,1762816844455865282,APPEND_START,"{""count"":2048,""offset"":0,""column_id"":0,""partition"":""0x7f554c0600e0""}"
56ae806af7ff8a2,0,1762816844456147937,APPEND_START,"{""count"":2048,""offset"":0,""column_id"":0,""partition"":""0x7f554c05f6d0""}"
56ae806af7ff8a2,0,1762816844456198149,APPEND_START,"{""count"":2048,""offset"":0,""column_id"":0,""partition"":""0x7f554c05f880""}"
56ae806af7ff8a2,0,1762816844456206084,APPEND_START,"{""count"":2048,""offset"":0,""column_id"":0,""partition"":""0x7f554c05fa70""}"
56ae806af7ff8a2,0,1762816844456214857,APPEND_START,"{""count"":2048,""offset"":0,""column_id"":0,""partition"":""0x7f554c05fc80""}"
56ae806af7ff8a2,0,1762816844456223475,APPEND_START,"{""count"":2048,""offset"":0,""column_id"":0,""partition"":""0x7f554c05fed0""}"
56ae806af7ff8a2,0,1762816844456233030,APPEND_START,"{""count"":2048,""offset"":0,""column_id"":0,""partition"":""0x7f554c0600e0""}"
56ae806af7ff8a2,0,1762816844456483437,APPEND_START,"{""count"":2048,""offset"":0,""column_id"":0,""partition"":""0x7f554c05f6d0""}"
56ae806af7ff8a2,0,1762816844456522903,APPEND_START,"{""count"":2048,""offset"":0,""column_id"":0,""partition"":""0x7f554c05f880""}"
56ae806af7ff8a2,0,1762816844456535567,APPEND_START,"{""count"":2048,""offset"":0,""column_id"":0,""partition"":""0x7f554c05fa70""}"
56ae806af7ff8a2,0,1762816844456547447,APPEND_START,"{""count"":2048,""offset"":0,""column_id"":0,""partition"":""0x7f554c05fc80""}"
56ae806af7ff8a2,0,1762816844456562028,APPEND_START,"{""count"":2048,""offset"":0,""column_id"":0,""partition"":""0x7f554c05fed0""}"
56ae806af7ff8a2,0,1762816844456571330,APPEND_START,"{""count"":2048,""offset"":0,""column_id"":0,""partition"":""0x7f554c0600e0""}"
56ae806af7ff8a2,0,1762816844456809570,APPEND_START,"{""count"":2048,""offset"":0,""column_id"":0,""partition"":""0x7f554c05f6d0""}"
56ae806af7ff8a2,0,1762816844456847405,APPEND_START,"{""count"":2048,""offset"":0,""column_id"":0,""partition"":""0x7f554c05f880""}"
56ae806af7ff8a2,0,1762816844456892278,APPEND_START,"{""count"":2048,""offset"":0,""column_id"":0,""partition"":""0x7f554c05fa70""}"
56ae806af7ff8a2,0,1762816844456905283,APPEND_START,"{""count"":2048,""offset"":0,""column_id"":0,""partition"":""0x7f554c05fc80""}"
56ae806af7ff8a2,0,1762816844456917384,APPEND_START,"{""count"":2048,""offset"":0,""column_id"":0,""partition"":""0x7f554c05fed0""}"
56ae806af7ff8a2,0,1762816844456926201,APPEND_START,"{""count"":2048,""offset"":0,""column_id"":0,""partition"":""0x7f554c0600e0""}"
56ae806af7ff8a2,0,1762816844457207845,APPEND_START,"{""count"":2048,""offset"":0,""column_id"":0,""partition"":""0x7f554c05f6d0""}"
56ae806af7ff8a2,0,1762816844457253416,APPEND_START,"{""count"":2048,""offset"":0,""column_id"":0,""partition"":""0x7f554c05f880""}"
56ae806af7ff8a2,0,1762816844457264547,APPEND_START,"{""count"":2048,""offset"":0,""column_id"":0,""partition"":""0x7f554c05fa70""}"
56ae806af7ff8a2,0,1762816844457275205,APPEND_START,"{""count"":2048,""offset"":0,""column_id"":0,""partition"":""0x7f554c05fc80""}"
56ae806af7ff8a2,0,1762816844457292408,APPEND_START,"{""count"":2048,""offset"":0,""column_id"":0,""partition"":""0x7f554c05fed0""}"
56ae806af7ff8a2,0,1762816844457312731,APPEND_START,"{""count"":2048,""offset"":0,""column_id"":0,""partition"":""0x7f554c0600e0""}"
56ae806af7ff8a2,0,1762816844457562819,APPEND_START,"{""count"":2048,""offset"":0,""column_id"":0,""partition"":""0x7f554c05f6d0""}"
56ae806af7ff8a2,0,1762816844457606539,APPEND_START,"{""count"":2048,""offset"":0,""column_id"":0,""partition"":""0x7f554c05f880""}"
56ae806af7ff8a2,0,1762816844457619940,APPEND_START,"{""count"":2048,""offset"":0,""column_id"":0,""partition"":""0x7f554c05fa70""}"
56ae806af7ff8a2,0,1762816844457631589,APPEND_START,"{""count"":2048,""offset"":0,""column_id"":0,""partition"":""0x7f554c05fc80""}"
56ae806af7ff8a2,0,1762816844457643117,APPEND_START,"{""count"":2048,""offset"":0,""column_id"":0,""partition"":""0x7f554c05fed0""}"
56ae806af7ff8a2,0,1762816844457658734,APPEND_START,"{""count"":2048,""offset"":0,""column_id"":0,""partition"":""0x7f554c0600e0""}"
56ae806af7ff8a2,0,1762816844457855095,APPEND_START,"{""count"":2048,""offset"":0,""column_id"":0,""partition"":""0x7f554c05f6d0""}"
56ae806af7ff8a2,0,1762816844457900579,START_INITIALISE_ADDITIONAL_STATS,"{""stats"":""0x7f554c05f720"",""type"":""cluster""}"
56ae806af7ff8a2,0,1762816844460036474,END_INITIALISE_ADDITIONAL_STATS,"{""stats"":""0x7f554c05f720"",""type"":""cluster"",""size"":3200}"
56ae806af7ff8a2,0,1762816844460092637,STAT_CREATED,"{""size"":88,""address"":""0x7f5575df19c0""}"
56ae806af7ff8a2,0,1762816844460097663,STAT_CREATED,"{""size"":88,""address"":""0x7f5575df1ac0""}"
56ae806af7ff8a2,0,1762816844460099613,STAT_DESTROYED,"{""size"":88,""address"":""0x7f5575df19c0""}"
56ae806af7ff8a2,0,1762816844460101476,STAT_CREATED,"{""size"":88,""address"":""0x7f5575df1b20""}"
56ae806af7ff8a2,0,1762816844460103096,STAT_CREATED,"{""size"":88,""address"":""0x7f5575df1960""}"
56ae806af7ff8a2,0,1762816844460104540,STAT_CREATED,"{""size"":88,""address"":""0x7f554c061750""}"
56ae806af7ff8a2,0,1762816844460105983,STAT_DESTROYED,"{""size"":88,""address"":""0x7f5575df1960""}"
56ae806af7ff8a2,0,1762816844460107427,STAT_DESTROYED,"{""size"":88,""address"":""0x7f5575df1b20""}"
56ae806af7ff8a2,0,1762816844460126240,STAT_DESTROYED,"{""size"":88,""address"":""0x7f5575df1ac0""}"
56ae806af7ff8a2,0,1762816844460151809,APPEND_START,"{""count"":1,""offset"":2047,""column_id"":1,""partition"":""0x7f554c061700""}"
56ae806af7ff8a2,0,1762816844460166918,APPEND_START,"{""count"":2048,""offset"":0,""column_id"":0,""partition"":""0x7f554c05f880""}"
56ae806af7ff8a2,0,1762816844460179945,APPEND_START,"{""count"":2048,""offset"":0,""column_id"":0,""partition"":""0x7f554c05fa70""}"
56ae806af7ff8a2,0,1762816844460189093,START_INITIALISE_ADDITIONAL_STATS,"{""stats"":""0x7f554c05fac0"",""type"":""cluster""}"
56ae806af7ff8a2,0,1762816844462483226,END_INITIALISE_ADDITIONAL_STATS,"{""stats"":""0x7f554c05fac0"",""type"":""cluster"",""size"":3200}"
56ae806af7ff8a2,0,1762816844462537901,STAT_CREATED,"{""size"":88,""address"":""0x7f5575df19c0""}"
56ae806af7ff8a2,0,1762816844462541803,STAT_CREATED,"{""size"":88,""address"":""0x7f5575df1ac0""}"
56ae806af7ff8a2,0,1762816844462543654,STAT_DESTROYED,"{""size"":88,""address"":""0x7f5575df19c0""}"
56ae806af7ff8a2,0,1762816844462545440,STAT_CREATED,"{""size"":88,""address"":""0x7f5575df1b20""}"
56ae806af7ff8a2,0,1762816844462547005,STAT_CREATED,"{""size"":88,""address"":""0x7f5575df1960""}"
56ae806af7ff8a2,0,1762816844462548592,STAT_CREATED,"{""size"":88,""address"":""0x7f554c062ac0""}"
56ae806af7ff8a2,0,1762816844462550069,STAT_DESTROYED,"{""size"":88,""address"":""0x7f5575df1960""}"
56ae806af7ff8a2,0,1762816844462551501,STAT_DESTROYED,"{""size"":88,""address"":""0x7f5575df1b20""}"
56ae806af7ff8a2,0,1762816844462552879,STAT_DESTROYED,"{""size"":88,""address"":""0x7f5575df1ac0""}"
56ae806af7ff8a2,0,1762816844462555976,APPEND_START,"{""count"":1,""offset"":2047,""column_id"":1,""partition"":""0x7f554c062a70""}"
56ae806af7ff8a2,0,1762816844462563746,APPEND_START,"{""count"":2048,""offset"":0,""column_id"":0,""partition"":""0x7f554c05fc80""}"
56ae806af7ff8a2,0,1762816844462578337,APPEND_START,"{""count"":2048,""offset"":0,""column_id"":0,""partition"":""0x7f554c05fed0""}"
56ae806af7ff8a2,0,1762816844462586702,START_INITIALISE_ADDITIONAL_STATS,"{""stats"":""0x7f554c05ff20"",""type"":""cluster""}"
56ae806af7ff8a2,0,1762816844464647721,END_INITIALISE_ADDITIONAL_STATS,"{""stats"":""0x7f554c05ff20"",""type"":""cluster"",""size"":3200}"
56ae806af7ff8a2,0,1762816844464696125,STAT_CREATED,"{""size"":88,""address"":""0x7f5575df19c0""}"
56ae806af7ff8a2,0,1762816844464699939,STAT_CREATED,"{""size"":88,""address"":""0x7f5575df1ac0""}"
56ae806af7ff8a2,0,1762816844464701801,STAT_DESTROYED,"{""size"":88,""address"":""0x7f5575df19c0""}"
56ae806af7ff8a2,0,1762816844464703410,STAT_CREATED,"{""size"":88,""address"":""0x7f5575df1b20""}"
56ae806af7ff8a2,0,1762816844464705019,STAT_CREATED,"{""size"":88,""address"":""0x7f5575df1960""}"
56ae806af7ff8a2,0,1762816844464706474,STAT_CREATED,"{""size"":88,""address"":""0x7f554c063e30""}"
56ae806af7ff8a2,0,1762816844464707863,STAT_DESTROYED,"{""size"":88,""address"":""0x7f5575df1960""}"
56ae806af7ff8a2,0,1762816844464709284,STAT_DESTROYED,"{""size"":88,""address"":""0x7f5575df1b20""}"
56ae806af7ff8a2,0,1762816844464710684,STAT_DESTROYED,"{""size"":88,""address"":""0x7f5575df1ac0""}"
56ae806af7ff8a2,0,1762816844464713384,APPEND_START,"{""count"":1,""offset"":2047,""column_id"":1,""partition"":""0x7f554c063de0""}"
56ae806af7ff8a2,0,1762816844464720305,APPEND_START,"{""count"":2048,""offset"":0,""column_id"":0,""partition"":""0x7f554c0600e0""}"
56ae806af7ff8a2,0,1762816844464970911,APPEND_START,"{""count"":2048,""offset"":0,""column_id"":1,""partition"":""0x7f554c061700""}"
56ae806af7ff8a2,0,1762816844465011413,APPEND_START,"{""count"":2048,""offset"":0,""column_id"":0,""partition"":""0x7f554c05f880""}"
56ae806af7ff8a2,0,1762816844465026589,APPEND_START,"{""count"":2048,""offset"":0,""column_id"":1,""partition"":""0x7f554c062a70""}"
56ae806af7ff8a2,0,1762816844465041423,APPEND_START,"{""count"":2048,""offset"":0,""column_id"":0,""partition"":""0x7f554c05fc80""}"
56ae806af7ff8a2,0,1762816844465060148,APPEND_START,"{""count"":2048,""offset"":0,""column_id"":1,""partition"":""0x7f554c063de0""}"
56ae806af7ff8a2,0,1762816844465069956,APPEND_START,"{""count"":2048,""offset"":0,""column_id"":0,""partition"":""0x7f554c0600e0""}"
56ae806af7ff8a2,0,1762816844465372405,APPEND_START,"{""count"":2048,""offset"":0,""column_id"":1,""partition"":""0x7f554c061700""}"
56ae806af7ff8a2,0,1762816844465413910,APPEND_START,"{""count"":2048,""offset"":0,""column_id"":0,""partition"":""0x7f554c05f880""}"
56ae806af7ff8a2,0,1762816844465422407,APPEND_START,"{""count"":2048,""offset"":0,""column_id"":1,""partition"":""0x7f554c062a70""}"
56ae806af7ff8a2,0,1762816844465432381,APPEND_START,"{""count"":2048,""offset"":0,""column_id"":0,""partition"":""0x7f554c05fc80""}"
56ae806af7ff8a2,0,1762816844465440569,APPEND_START,"{""count"":2048,""offset"":0,""column_id"":1,""partition"":""0x7f554c063de0""}"
56ae806af7ff8a2,0,1762816844465450301,APPEND_START,"{""count"":2048,""offset"":0,""column_id"":0,""partition"":""0x7f554c0600e0""}"
56ae806af7ff8a2,0,1762816844465696928,APPEND_START,"{""count"":2048,""offset"":0,""column_id"":1,""partition"":""0x7f554c061700""}"
56ae806af7ff8a2,0,1762816844465735567,APPEND_START,"{""count"":2048,""offset"":0,""column_id"":0,""partition"":""0x7f554c05f880""}"
56ae806af7ff8a2,0,1762816844465743051,APPEND_START,"{""count"":2048,""offset"":0,""column_id"":1,""partition"":""0x7f554c062a70""}"
56ae806af7ff8a2,0,1762816844465751713,APPEND_START,"{""count"":2048,""offset"":0,""column_id"":0,""partition"":""0x7f554c05fc80""}"
56ae806af7ff8a2,0,1762816844465760717,APPEND_START,"{""count"":2048,""offset"":0,""column_id"":1,""partition"":""0x7f554c063de0""}"
56ae806af7ff8a2,0,1762816844465769060,APPEND_START,"{""count"":2048,""offset"":0,""column_id"":0,""partition"":""0x7f554c0600e0""}"
56ae806af7ff8a2,0,1762816844466016128,APPEND_START,"{""count"":2048,""offset"":0,""column_id"":1,""partition"":""0x7f554c061700""}"
56ae806af7ff8a2,0,1762816844466063254,APPEND_START,"{""count"":2048,""offset"":0,""column_id"":0,""partition"":""0x7f554c05f880""}"
56ae806af7ff8a2,0,1762816844466070660,APPEND_START,"{""count"":2048,""offset"":0,""column_id"":1,""partition"":""0x7f554c062a70""}"
56ae806af7ff8a2,0,1762816844466084535,APPEND_START,"{""count"":2048,""offset"":0,""column_id"":0,""partition"":""0x7f554c05fc80""}"
56ae806af7ff8a2,0,1762816844466092735,APPEND_START,"{""count"":2048,""offset"":0,""column_id"":1,""partition"":""0x7f554c063de0""}"
56ae806af7ff8a2,0,1762816844466102643,APPEND_START,"{""count"":2048,""offset"":0,""column_id"":0,""partition"":""0x7f554c0600e0""}"
56ae806af7ff8a2,0,1762816844466350217,APPEND_START,"{""count"":2048,""offset"":0,""column_id"":1,""partition"":""0x7f554c061700""}"
56ae806af7ff8a2,0,1762816844466389794,APPEND_START,"{""count"":2048,""offset"":0,""column_id"":0,""partition"":""0x7f554c05f880""}"
56ae806af7ff8a2,0,1762816844466397134,APPEND_START,"{""count"":2048,""offset"":0,""column_id"":1,""partition"":""0x7f554c062a70""}"
56ae806af7ff8a2,0,1762816844466406149,APPEND_START,"{""count"":2048,""offset"":0,""column_id"":0,""partition"":""0x7f554c05fc80""}"
56ae806af7ff8a2,0,1762816844466414404,APPEND_START,"{""count"":2048,""offset"":0,""column_id"":1,""partition"":""0x7f554c063de0""}"
56ae806af7ff8a2,0,1762816844466424256,APPEND_START,"{""count"":2048,""offset"":0,""column_id"":0,""partition"":""0x7f554c0600e0""}"
56ae806af7ff8a2,0,1762816844466686147,APPEND_START,"{""count"":2048,""offset"":0,""column_id"":1,""partition"":""0x7f554c061700""}"
56ae806af7ff8a2,0,1762816844466730419,APPEND_START,"{""count"":2048,""offset"":0,""column_id"":0,""partition"":""0x7f554c05f880""}"
56ae806af7ff8a2,0,1762816844466737759,APPEND_START,"{""count"":2048,""offset"":0,""column_id"":1,""partition"":""0x7f554c062a70""}"
56ae806af7ff8a2,0,1762816844466748151,APPEND_START,"{""count"":2048,""offset"":0,""column_id"":0,""partition"":""0x7f554c05fc80""}"
56ae806af7ff8a2,0,1762816844466756042,APPEND_START,"{""count"":2048,""offset"":0,""column_id"":1,""partition"":""0x7f554c063de0""}"
56ae806af7ff8a2,0,1762816844466764661,APPEND_START,"{""count"":2048,""offset"":0,""column_id"":0,""partition"":""0x7f554c0600e0""}"
56ae806af7ff8a2,0,1762816844467011508,APPEND_START,"{""count"":2048,""offset"":0,""column_id"":1,""partition"":""0x7f554c061700""}"
56ae806af7ff8a2,0,1762816844467051669,APPEND_START,"{""count"":2048,""offset"":0,""column_id"":0,""partition"":""0x7f554c05f880""}"
56ae806af7ff8a2,0,1762816844467059615,APPEND_START,"{""count"":2048,""offset"":0,""column_id"":1,""partition"":""0x7f554c062a70""}"
56ae806af7ff8a2,0,1762816844467072377,APPEND_START,"{""count"":2048,""offset"":0,""column_id"":0,""partition"":""0x7f554c05fc80""}"
56ae806af7ff8a2,0,1762816844467080268,APPEND_START,"{""count"":2048,""offset"":0,""column_id"":1,""partition"":""0x7f554c063de0""}"
56ae806af7ff8a2,0,1762816844467089206,APPEND_START,"{""count"":2048,""offset"":0,""column_id"":0,""partition"":""0x7f554c0600e0""}"
56ae806af7ff8a2,0,1762816844467352618,APPEND_START,"{""count"":2048,""offset"":0,""column_id"":1,""partition"":""0x7f554c061700""}"
56ae806af7ff8a2,0,1762816844467400317,APPEND_START,"{""count"":2048,""offset"":0,""column_id"":0,""partition"":""0x7f554c05f880""}"
56ae806af7ff8a2,0,1762816844467407932,APPEND_START,"{""count"":2048,""offset"":0,""column_id"":1,""partition"":""0x7f554c062a70""}"
56ae806af7ff8a2,0,1762816844467446197,APPEND_START,"{""count"":2048,""offset"":0,""column_id"":0,""partition"":""0x7f554c05fc80""}"
56ae806af7ff8a2,0,1762816844467455289,APPEND_START,"{""count"":2048,""offset"":0,""column_id"":1,""partition"":""0x7f554c063de0""}"
56ae806af7ff8a2,0,1762816844467467611,APPEND_START,"{""count"":2048,""offset"":0,""column_id"":0,""partition"":""0x7f554c0600e0""}"
56ae806af7ff8a2,0,1762816844467719318,APPEND_START,"{""count"":2048,""offset"":0,""column_id"":1,""partition"":""0x7f554c061700""}"
56ae806af7ff8a2,0,1762816844467759016,APPEND_START,"{""count"":2048,""offset"":0,""column_id"":0,""partition"":""0x7f554c05f880""}"
56ae806af7ff8a2,0,1762816844467771569,APPEND_START,"{""count"":2048,""offset"":0,""column_id"":1,""partition"":""0x7f554c062a70""}"
56ae806af7ff8a2,0,1762816844467782303,APPEND_START,"{""count"":2048,""offset"":0,""column_id"":0,""partition"":""0x7f554c05fc80""}"
56ae806af7ff8a2,0,1762816844467790657,APPEND_START,"{""count"":2048,""offset"":0,""column_id"":1,""partition"":""0x7f554c063de0""}"
56ae806af7ff8a2,0,1762816844467800047,APPEND_START,"{""count"":2048,""offset"":0,""column_id"":0,""partition"":""0x7f554c0600e0""}"
56ae806af7ff8a2,0,1762816844468047666,APPEND_START,"{""count"":2048,""offset"":0,""column_id"":1,""partition"":""0x7f554c061700""}"
56ae806af7ff8a2,0,1762816844468085600,APPEND_START,"{""count"":2048,""offset"":0,""column_id"":0,""partition"":""0x7f554c05f880""}"
56ae806af7ff8a2,0,1762816844468093293,APPEND_START,"{""count"":2048,""offset"":0,""column_id"":1,""partition"":""0x7f554c062a70""}"
56ae806af7ff8a2,0,1762816844468104567,APPEND_START,"{""count"":2048,""offset"":0,""column_id"":0,""partition"":""0x7f554c05fc80""}"
56ae806af7ff8a2,0,1762816844468112590,APPEND_START,"{""count"":2048,""offset"":0,""column_id"":1,""partition"":""0x7f554c063de0""}"
56ae806af7ff8a2,0,1762816844468121066,APPEND_START,"{""count"":2048,""offset"":0,""column_id"":0,""partition"":""0x7f554c0600e0""}"
56ae806af7ff8a2,0,1762816844468368740,APPEND_START,"{""count"":2048,""offset"":0,""column_id"":1,""partition"":""0x7f554c061700""}"
56ae806af7ff8a2,0,1762816844468407754,APPEND_START,"{""count"":2048,""offset"":0,""column_id"":0,""partition"":""0x7f554c05f880""}"
56ae806af7ff8a2,0,1762816844468415413,APPEND_START,"{""count"":2048,""offset"":0,""column_id"":1,""partition"":""0x7f554c062a70""}"
56ae806af7ff8a2,0,1762816844468429553,APPEND_START,"{""count"":2048,""offset"":0,""column_id"":0,""partition"":""0x7f554c05fc80""}"
56ae806af7ff8a2,0,1762816844468437841,APPEND_START,"{""count"":2048,""offset"":0,""column_id"":1,""partition"":""0x7f554c063de0""}"
56ae806af7ff8a2,0,1762816844468446691,APPEND_START,"{""count"":2048,""offset"":0,""column_id"":0,""partition"":""0x7f554c0600e0""}"
56ae806af7ff8a2,0,1762816844468694409,APPEND_START,"{""count"":2048,""offset"":0,""column_id"":1,""partition"":""0x7f554c061700""}"
56ae806af7ff8a2,0,1762816844468732156,APPEND_START,"{""count"":2048,""offset"":0,""column_id"":0,""partition"":""0x7f554c05f880""}"
56ae806af7ff8a2,0,1762816844468739419,APPEND_START,"{""count"":2048,""offset"":0,""column_id"":1,""partition"":""0x7f554c062a70""}"
56ae806af7ff8a2,0,1762816844468750638,APPEND_START,"{""count"":2048,""offset"":0,""column_id"":0,""partition"":""0x7f554c05fc80""}"
56ae806af7ff8a2,0,1762816844468758672,APPEND_START,"{""count"":2048,""offset"":0,""column_id"":1,""partition"":""0x7f554c063de0""}"
56ae806af7ff8a2,0,1762816844468767787,APPEND_START,"{""count"":2048,""offset"":0,""column_id"":0,""partition"":""0x7f554c0600e0""}"
56ae806af7ff8a2,0,1762816844469033546,APPEND_START,"{""count"":2048,""offset"":0,""column_id"":1,""partition"":""0x7f554c061700""}"
56ae806af7ff8a2,0,1762816844469077443,APPEND_START,"{""count"":2048,""offset"":0,""column_id"":0,""partition"":""0x7f554c05f880""}"
56ae806af7ff8a2,0,1762816844469084871,APPEND_START,"{""count"":2048,""offset"":0,""column_id"":1,""partition"":""0x7f554c062a70""}"
56ae806af7ff8a2,0,1762816844469096189,APPEND_START,"{""count"":2048,""offset"":0,""column_id"":0,""partition"":""0x7f554c05fc80""}"
56ae806af7ff8a2,0,1762816844469105844,APPEND_START,"{""count"":2048,""offset"":0,""column_id"":1,""partition"":""0x7f554c063de0""}"
56ae806af7ff8a2,0,1762816844469114870,APPEND_START,"{""count"":2048,""offset"":0,""column_id"":0,""partition"":""0x7f554c0600e0""}"
56ae806af7ff8a2,0,1762816844469374259,APPEND_START,"{""count"":2048,""offset"":0,""column_id"":1,""partition"":""0x7f554c061700""}"
56ae806af7ff8a2,0,1762816844469421980,APPEND_START,"{""count"":2048,""offset"":0,""column_id"":0,""partition"":""0x7f554c05f880""}"
56ae806af7ff8a2,0,1762816844469429981,APPEND_START,"{""count"":2048,""offset"":0,""column_id"":1,""partition"":""0x7f554c062a70""}"
56ae806af7ff8a2,0,1762816844469440760,APPEND_START,"{""count"":2048,""offset"":0,""column_id"":0,""partition"":""0x7f554c05fc80""}"
56ae806af7ff8a2,0,1762816844469452365,APPEND_START,"{""count"":2048,""offset"":0,""column_id"":1,""partition"":""0x7f554c063de0""}"
56ae806af7ff8a2,0,1762816844469461203,APPEND_START,"{""count"":2048,""offset"":0,""column_id"":0,""partition"":""0x7f554c0600e0""}"
56ae806af7ff8a2,0,1762816844469708690,APPEND_START,"{""count"":2048,""offset"":0,""column_id"":1,""partition"":""0x7f554c061700""}"
56ae806af7ff8a2,0,1762816844469752245,APPEND_START,"{""count"":2048,""offset"":0,""column_id"":0,""partition"":""0x7f554c05f880""}"
56ae806af7ff8a2,0,1762816844469759761,APPEND_START,"{""count"":2048,""offset"":0,""column_id"":1,""partition"":""0x7f554c062a70""}"
56ae806af7ff8a2,0,1762816844469771333,APPEND_START,"{""count"":2048,""offset"":0,""column_id"":0,""partition"":""0x7f554c05fc80""}"
56ae806af7ff8a2,0,1762816844469778916,APPEND_START,"{""count"":2048,""offset"":0,""column_id"":1,""partition"":""0x7f554c063de0""}"
56ae806af7ff8a2,0,1762816844469788295,APPEND_START,"{""count"":2048,""offset"":0,""column_id"":0,""partition"":""0x7f554c0600e0""}"
56ae806af7ff8a2,0,1762816844470037159,APPEND_START,"{""count"":2048,""offset"":0,""column_id"":1,""partition"":""0x7f554c061700""}"
56ae806af7ff8a2,0,1762816844470075291,START_INITIALISE_ADDITIONAL_STATS,"{""stats"":""0x7f554c061750"",""type"":""cluster""}"
56ae806af7ff8a2,0,1762816844472321243,END_INITIALISE_ADDITIONAL_STATS,"{""stats"":""0x7f554c061750"",""type"":""cluster"",""size"":3200}"
56ae806af7ff8a2,0,1762816844472378960,STAT_CREATED,"{""size"":88,""address"":""0x7f5575df19c0""}"
56ae806af7ff8a2,0,1762816844472382960,STAT_CREATED,"{""size"":88,""address"":""0x7f5575df1ac0""}"
56ae806af7ff8a2,0,1762816844472384757,STAT_DESTROYED,"{""size"":88,""address"":""0x7f5575df19c0""}"
56ae806af7ff8a2,0,1762816844472386531,STAT_CREATED,"{""size"":88,""address"":""0x7f5575df1b20""}"
56ae806af7ff8a2,0,1762816844472388184,STAT_CREATED,"{""size"":88,""address"":""0x7f5575df1960""}"
56ae806af7ff8a2,0,1762816844472389584,STAT_CREATED,"{""size"":88,""address"":""0x7f554c065180""}"
56ae806af7ff8a2,0,1762816844472390972,STAT_DESTROYED,"{""size"":88,""address"":""0x7f5575df1960""}"
56ae806af7ff8a2,0,1762816844472392372,STAT_DESTROYED,"{""size"":88,""address"":""0x7f5575df1b20""}"
56ae806af7ff8a2,0,1762816844472393750,STAT_DESTROYED,"{""size"":88,""address"":""0x7f5575df1ac0""}"
56ae806af7ff8a2,0,1762816844472396560,APPEND_START,"{""count"":2,""offset"":2046,""column_id"":2,""partition"":""0x7f554c065130""}"
56ae806af7ff8a2,0,1762816844472405972,APPEND_START,"{""count"":2048,""offset"":0,""column_id"":0,""partition"":""0x7f554c05f880""}"
56ae806af7ff8a2,0,1762816844472412573,APPEND_START,"{""count"":2048,""offset"":0,""column_id"":1,""partition"":""0x7f554c062a70""}"
56ae806af7ff8a2,0,1762816844472424355,START_INITIALISE_ADDITIONAL_STATS,"{""stats"":""0x7f554c062ac0"",""type"":""cluster""}"
56ae806af7ff8a2,0,1762816844474517247,END_INITIALISE_ADDITIONAL_STATS,"{""stats"":""0x7f554c062ac0"",""type"":""cluster"",""size"":3200}"
56ae806af7ff8a2,0,1762816844474562973,STAT_CREATED,"{""size"":88,""address"":""0x7f5575df19c0""}"
56ae806af7ff8a2,0,1762816844474566136,STAT_CREATED,"{""size"":88,""address"":""0x7f5575df1ac0""}"
56ae806af7ff8a2,0,1762816844474567646,STAT_DESTROYED,"{""size"":88,""address"":""0x7f5575df19c0""}"
56ae806af7ff8a2,0,1762816844474568847,STAT_CREATED,"{""size"":88,""address"":""0x7f5575df1b20""}"
56ae806af7ff8a2,0,1762816844474570115,STAT_CREATED,"{""size"":88,""address"":""0x7f5575df1960""}"
56ae806af7ff8a2,0,1762816844474571140,STAT_CREATED,"{""size"":88,""address"":""0x7f554c0664c0""}"
56ae806af7ff8a2,0,1762816844474572131,STAT_DESTROYED,"{""size"":88,""address"":""0x7f5575df1960""}"
56ae806af7ff8a2,0,1762816844474573167,STAT_DESTROYED,"{""size"":88,""address"":""0x7f5575df1b20""}"
56ae806af7ff8a2,0,1762816844474574159,STAT_DESTROYED,"{""size"":88,""address"":""0x7f5575df1ac0""}"
56ae806af7ff8a2,0,1762816844474576231,APPEND_START,"{""count"":2,""offset"":2046,""column_id"":2,""partition"":""0x7f554c066470""}"
56ae806af7ff8a2,0,1762816844474586745,APPEND_START,"{""count"":2048,""offset"":0,""column_id"":0,""partition"":""0x7f554c05fc80""}"
56ae806af7ff8a2,0,1762816844474596741,APPEND_START,"{""count"":2048,""offset"":0,""column_id"":1,""partition"":""0x7f554c063de0""}"
56ae806af7ff8a2,0,1762816844474604698,START_INITIALISE_ADDITIONAL_STATS,"{""stats"":""0x7f554c063e30"",""type"":""cluster""}"
56ae806af7ff8a2,0,1762816844476549844,END_INITIALISE_ADDITIONAL_STATS,"{""stats"":""0x7f554c063e30"",""type"":""cluster"",""size"":3200}"
56ae806af7ff8a2,0,1762816844476592142,STAT_CREATED,"{""size"":88,""address"":""0x7f5575df19c0""}"
56ae806af7ff8a2,0,1762816844476595195,STAT_CREATED,"{""size"":88,""address"":""0x7f5575df1ac0""}"
56ae806af7ff8a2,0,1762816844476596617,STAT_DESTROYED,"{""size"":88,""address"":""0x7f5575df19c0""}"
56ae806af7ff8a2,0,1762816844476597851,STAT_CREATED,"{""size"":88,""address"":""0x7f5575df1b20""}"
56ae806af7ff8a2,0,1762816844476598953,STAT_CREATED,"{""size"":88,""address"":""0x7f5575df1960""}"
56ae806af7ff8a2,0,1762816844476599956,STAT_CREATED,"{""size"":88,""address"":""0x7f554c067840""}"
56ae806af7ff8a2,0,1762816844476600959,STAT_DESTROYED,"{""size"":88,""address"":""0x7f5575df1960""}"
56ae806af7ff8a2,0,1762816844476602006,STAT_DESTROYED,"{""size"":88,""address"":""0x7f5575df1b20""}"
56ae806af7ff8a2,0,1762816844476603064,STAT_DESTROYED,"{""size"":88,""address"":""0x7f5575df1ac0""}"
56ae806af7ff8a2,0,1762816844476605499,APPEND_START,"{""count"":2,""offset"":2046,""column_id"":2,""partition"":""0x7f554c0677f0""}"
56ae806af7ff8a2,0,1762816844476613214,APPEND_START,"{""count"":2048,""offset"":0,""column_id"":0,""partition"":""0x7f554c0600e0""}"
56ae806af7ff8a2,0,1762816844476769370,APPEND_START,"{""count"":2048,""offset"":0,""column_id"":2,""partition"":""0x7f554c065130""}"
56ae806af7ff8a2,0,1762816844476805321,APPEND_START,"{""count"":2048,""offset"":0,""column_id"":0,""partition"":""0x7f554c05f880""}"
56ae806af7ff8a2,0,1762816844476906934,APPEND_START,"{""count"":2048,""offset"":0,""column_id"":2,""partition"":""0x7f554c066470""}"
56ae806af7ff8a2,0,1762816844476944350,APPEND_START,"{""count"":2048,""offset"":0,""column_id"":0,""partition"":""0x7f554c05fc80""}"
56ae806af7ff8a2,0,1762816844477043528,APPEND_START,"{""count"":2048,""offset"":0,""column_id"":2,""partition"":""0x7f554c0677f0""}"
56ae806af7ff8a2,0,1762816844478005911,APPEND_START,"{""count"":2048,""offset"":0,""column_id"":0,""partition"":""0x7f554c0600e0""}"
56ae806af7ff8a2,0,1762816844478208499,APPEND_START,"{""count"":2048,""offset"":0,""column_id"":2,""partition"":""0x7f554c065130""}"
56ae806af7ff8a2,0,1762816844478246565,APPEND_START,"{""count"":2048,""offset"":0,""column_id"":0,""partition"":""0x7f554c05f880""}"
56ae806af7ff8a2,0,1762816844478254423,APPEND_START,"{""count"":2048,""offset"":0,""column_id"":2,""partition"":""0x7f554c066470""}"
56ae806af7ff8a2,0,1762816844478262039,APPEND_START,"{""count"":2048,""offset"":0,""column_id"":0,""partition"":""0x7f554c05fc80""}"
56ae806af7ff8a2,0,1762816844478269334,APPEND_START,"{""count"":2048,""offset"":0,""column_id"":2,""partition"":""0x7f554c0677f0""}"
56ae806af7ff8a2,0,1762816844478274889,APPEND_START,"{""count"":2048,""offset"":0,""column_id"":0,""partition"":""0x7f554c0600e0""}"
56ae806af7ff8a2,0,1762816844478427783,APPEND_START,"{""count"":2048,""offset"":0,""column_id"":2,""partition"":""0x7f554c065130""}"
56ae806af7ff8a2,0,1762816844478460879,APPEND_START,"{""count"":2048,""offset"":0,""column_id"":0,""partition"":""0x7f554c05f880""}"
56ae806af7ff8a2,0,1762816844478468318,APPEND_START,"{""count"":2048,""offset"":0,""column_id"":2,""partition"":""0x7f554c066470""}"
56ae806af7ff8a2,0,1762816844478475261,APPEND_START,"{""count"":2048,""offset"":0,""column_id"":0,""partition"":""0x7f554c05fc80""}"
56ae806af7ff8a2,0,1762816844478485654,APPEND_START,"{""count"":2048,""offset"":0,""column_id"":2,""partition"":""0x7f554c0677f0""}"
56ae806af7ff8a2,0,1762816844478490823,APPEND_START,"{""count"":2048,""offset"":0,""column_id"":0,""partition"":""0x7f554c0600e0""}"
56ae806af7ff8a2,0,1762816844478647971,APPEND_START,"{""count"":2048,""offset"":0,""column_id"":2,""partition"":""0x7f554c065130""}"
56ae806af7ff8a2,0,1762816844478683932,APPEND_START,"{""count"":2048,""offset"":0,""column_id"":0,""partition"":""0x7f554c05f880""}"
56ae806af7ff8a2,0,1762816844478691129,APPEND_START,"{""count"":2048,""offset"":0,""column_id"":2,""partition"":""0x7f554c066470""}"
56ae806af7ff8a2,0,1762816844478699780,APPEND_START,"{""count"":2048,""offset"":0,""column_id"":0,""partition"":""0x7f554c05fc80""}"
56ae806af7ff8a2,0,1762816844478705754,APPEND_START,"{""count"":2048,""offset"":0,""column_id"":2,""partition"":""0x7f554c0677f0""}"
56ae806af7ff8a2,0,1762816844478711716,APPEND_START,"{""count"":2048,""offset"":0,""column_id"":0,""partition"":""0x7f554c0600e0""}"
56ae806af7ff8a2,0,1762816844478863783,APPEND_START,"{""count"":2048,""offset"":0,""column_id"":2,""partition"":""0x7f554c065130""}"
56ae806af7ff8a2,0,1762816844478898643,APPEND_START,"{""count"":2048,""offset"":0,""column_id"":0,""partition"":""0x7f554c05f880""}"
56ae806af7ff8a2,0,1762816844478906115,APPEND_START,"{""count"":2048,""offset"":0,""column_id"":2,""partition"":""0x7f554c066470""}"
56ae806af7ff8a2,0,1762816844478914281,APPEND_START,"{""count"":2048,""offset"":0,""column_id"":0,""partition"":""0x7f554c05fc80""}"
56ae806af7ff8a2,0,1762816844478919913,APPEND_START,"{""count"":2048,""offset"":0,""column_id"":2,""partition"":""0x7f554c0677f0""}"
56ae806af7ff8a2,0,1762816844478924729,APPEND_START,"{""count"":2048,""offset"":0,""column_id"":0,""partition"":""0x7f554c0600e0""}"
56ae806af7ff8a2,0,1762816844479076896,APPEND_START,"{""count"":2048,""offset"":0,""column_id"":2,""partition"":""0x7f554c065130""}"
56ae806af7ff8a2,0,1762816844479110476,APPEND_START,"{""count"":2048,""offset"":0,""column_id"":0,""partition"":""0x7f554c05f880""}"
56ae806af7ff8a2,0,1762816844479117827,APPEND_START,"{""count"":2048,""offset"":0,""column_id"":2,""partition"":""0x7f554c066470""}"
56ae806af7ff8a2,0,1762816844479125145,APPEND_START,"{""count"":2048,""offset"":0,""column_id"":0,""partition"":""0x7f554c05fc80""}"
56ae806af7ff8a2,0,1762816844479131108,APPEND_START,"{""count"":2048,""offset"":0,""column_id"":2,""partition"":""0x7f554c0677f0""}"
56ae806af7ff8a2,0,1762816844479135825,APPEND_START,"{""count"":2048,""offset"":0,""column_id"":0,""partition"":""0x7f554c0600e0""}"
56ae806af7ff8a2,0,1762816844479287275,APPEND_START,"{""count"":2048,""offset"":0,""column_id"":2,""partition"":""0x7f554c065130""}"
56ae806af7ff8a2,0,1762816844479320580,APPEND_START,"{""count"":2048,""offset"":0,""column_id"":0,""partition"":""0x7f554c05f880""}"
56ae806af7ff8a2,0,1762816844479328074,APPEND_START,"{""count"":2048,""offset"":0,""column_id"":2,""partition"":""0x7f554c066470""}"
56ae806af7ff8a2,0,1762816844479336770,APPEND_START,"{""count"":2048,""offset"":0,""column_id"":0,""partition"":""0x7f554c05fc80""}"
56ae806af7ff8a2,0,1762816844479342688,APPEND_START,"{""count"":2048,""offset"":0,""column_id"":2,""partition"":""0x7f554c0677f0""}"
56ae806af7ff8a2,0,1762816844479347317,APPEND_START,"{""count"":2048,""offset"":0,""column_id"":0,""partition"":""0x7f554c0600e0""}"
56ae806af7ff8a2,0,1762816844479498866,APPEND_START,"{""count"":2048,""offset"":0,""column_id"":2,""partition"":""0x7f554c065130""}"
56ae806af7ff8a2,0,1762816844479535676,APPEND_START,"{""count"":2048,""offset"":0,""column_id"":0,""partition"":""0x7f554c05f880""}"
56ae806af7ff8a2,0,1762816844479544085,APPEND_START,"{""count"":2048,""offset"":0,""column_id"":2,""partition"":""0x7f554c066470""}"
56ae806af7ff8a2,0,1762816844479554026,APPEND_START,"{""count"":2048,""offset"":0,""column_id"":0,""partition"":""0x7f554c05fc80""}"
56ae806af7ff8a2,0,1762816844479560881,APPEND_START,"{""count"":2048,""offset"":0,""column_id"":2,""partition"":""0x7f554c0677f0""}"
56ae806af7ff8a2,0,1762816844479568420,APPEND_START,"{""count"":2048,""offset"":0,""column_id"":0,""partition"":""0x7f554c0600e0""}"
56ae806af7ff8a2,0,1762816844479761904,APPEND_START,"{""count"":2048,""offset"":0,""column_id"":2,""partition"":""0x7f554c065130""}"
56ae806af7ff8a2,0,1762816844479818265,APPEND_START,"{""count"":2048,""offset"":0,""column_id"":0,""partition"":""0x7f554c05f880""}"
56ae806af7ff8a2,0,1762816844479834962,APPEND_START,"{""count"":2048,""offset"":0,""column_id"":2,""partition"":""0x7f554c066470""}"
56ae806af7ff8a2,0,1762816844479842147,APPEND_START,"{""count"":2048,""offset"":0,""column_id"":0,""partition"":""0x7f554c05fc80""}"
56ae806af7ff8a2,0,1762816844479848143,APPEND_START,"{""count"":2048,""offset"":0,""column_id"":2,""partition"":""0x7f554c0677f0""}"
56ae806af7ff8a2,0,1762816844479852882,APPEND_START,"{""count"":2048,""offset"":0,""column_id"":0,""partition"":""0x7f554c0600e0""}"
56ae806af7ff8a2,0,1762816844480004993,APPEND_START,"{""count"":2048,""offset"":0,""column_id"":2,""partition"":""0x7f554c065130""}"
56ae806af7ff8a2,0,1762816844480038144,APPEND_START,"{""count"":2048,""offset"":0,""column_id"":0,""partition"":""0x7f554c05f880""}"
56ae806af7ff8a2,0,1762816844480046531,APPEND_START,"{""count"":2048,""offset"":0,""column_id"":2,""partition"":""0x7f554c066470""}"
56ae806af7ff8a2,0,1762816844480053298,APPEND_START,"{""count"":2048,""offset"":0,""column_id"":0,""partition"":""0x7f554c05fc80""}"
56ae806af7ff8a2,0,1762816844480059370,APPEND_START,"{""count"":2048,""offset"":0,""column_id"":2,""partition"":""0x7f554c0677f0""}"
56ae806af7ff8a2,0,1762816844480064671,APPEND_START,"{""count"":2048,""offset"":0,""column_id"":0,""partition"":""0x7f554c0600e0""}"
56ae806af7ff8a2,0,1762816844480216981,APPEND_START,"{""count"":2048,""offset"":0,""column_id"":2,""partition"":""0x7f554c065130""}"
56ae806af7ff8a2,0,1762816844480282203,APPEND_START,"{""count"":2048,""offset"":0,""column_id"":0,""partition"":""0x7f554c05f880""}"
56ae806af7ff8a2,0,1762816844480320325,APPEND_START,"{""count"":2048,""offset"":0,""column_id"":2,""partition"":""0x7f554c066470""}"
56ae806af7ff8a2,0,1762816844480332822,APPEND_START,"{""count"":2048,""offset"":0,""column_id"":0,""partition"":""0x7f554c05fc80""}"
56ae806af7ff8a2,0,1762816844480340129,APPEND_START,"{""count"":2048,""offset"":0,""column_id"":2,""partition"":""0x7f554c0677f0""}"
56ae806af7ff8a2,0,1762816844480345386,APPEND_START,"{""count"":2048,""offset"":0,""column_id"":0,""partition"":""0x7f554c0600e0""}"
56ae806af7ff8a2,0,1762816844480499349,APPEND_START,"{""count"":2048,""offset"":0,""column_id"":2,""partition"":""0x7f554c065130""}"
56ae806af7ff8a2,0,1762816844480533547,APPEND_START,"{""count"":2048,""offset"":0,""column_id"":0,""partition"":""0x7f554c05f880""}"
56ae806af7ff8a2,0,1762816844480540744,APPEND_START,"{""count"":2048,""offset"":0,""column_id"":2,""partition"":""0x7f554c066470""}"
56ae806af7ff8a2,0,1762816844480547070,APPEND_START,"{""count"":2048,""offset"":0,""column_id"":0,""partition"":""0x7f554c05fc80""}"
56ae806af7ff8a2,0,1762816844480553010,APPEND_START,"{""count"":2048,""offset"":0,""column_id"":2,""partition"":""0x7f554c0677f0""}"
56ae806af7ff8a2,0,1762816844480558179,APPEND_START,"{""count"":2048,""offset"":0,""column_id"":0,""partition"":""0x7f554c0600e0""}"
56ae806af7ff8a2,0,1762816844480710301,APPEND_START,"{""count"":2048,""offset"":0,""column_id"":2,""partition"":""0x7f554c065130""}"
56ae806af7ff8a2,0,1762816844480743662,APPEND_START,"{""count"":2048,""offset"":0,""column_id"":0,""partition"":""0x7f554c05f880""}"
56ae806af7ff8a2,0,1762816844480750936,APPEND_START,"{""count"":2048,""offset"":0,""column_id"":2,""partition"":""0x7f554c066470""}"
56ae806af7ff8a2,0,1762816844480758088,APPEND_START,"{""count"":2048,""offset"":0,""column_id"":0,""partition"":""0x7f554c05fc80""}"
56ae806af7ff8a2,0,1762816844480764073,APPEND_START,"{""count"":2048,""offset"":0,""column_id"":2,""partition"":""0x7f554c0677f0""}"
56ae806af7ff8a2,0,1762816844480769087,APPEND_START,"{""count"":2048,""offset"":0,""column_id"":0,""partition"":""0x7f554c0600e0""}"
56ae806af7ff8a2,0,1762816844480807275,APPEND_START,"{""count"":85,""offset"":0,""column_id"":2,""partition"":""0x7f554c065130""}"
56ae806af7ff8a2,0,1762816844480833659,APPEND_START,"{""count"":85,""offset"":0,""column_id"":0,""partition"":""0x7f554c05f880""}"
56ae806af7ff8a2,0,1762816844480842939,APPEND_START,"{""count"":85,""offset"":0,""column_id"":2,""partition"":""0x7f554c066470""}"
56ae806af7ff8a2,0,1762816844480846498,APPEND_START,"{""count"":85,""offset"":0,""column_id"":0,""partition"":""0x7f554c05fc80""}"
56ae806af7ff8a2,0,1762816844480853949,APPEND_START,"{""count"":85,""offset"":0,""column_id"":2,""partition"":""0x7f554c0677f0""}"
56ae806af7ff8a2,0,1762816844480859966,APPEND_START,"{""count"":85,""offset"":0,""column_id"":0,""partition"":""0x7f554c0600e0""}"
56ae806af7ff8a2,0,1762816844480957116,STAT_DESTROYED,"{""size"":88,""address"":""0x7f554c0335e0""}"
56ae806af7ff8a2,0,1762816844480984778,STAT_DESTROYED,"{""size"":88,""address"":""0x7f554c0337c0""}"
56ae806af7ff8a2,0,1762816844480993507,STAT_DESTROYED,"{""size"":88,""address"":""0x7f554c0338e0""}"
56ae806af7ff8a2,0,1762816844481166547,STAT_DESTROYED,"{""size"":88,""address"":""0x7f554c0036a0""}"
56ae806af7ff8a2,0,1762816844481200007,STAT_DESTROYED,"{""size"":88,""address"":""0x7f554c031b20""}"
56ae806af7ff8a2,0,1762816844481208890,STAT_DESTROYED,"{""size"":88,""address"":""0x7f554c031c20""}"
56ae806af7ff8a2,0,1762816844481225498,STAT_DESTROYED,"{""size"":88,""address"":""0x7f5550001eb0""}"
56ae806af7ff8a2,0,1762816844481227625,STAT_DESTROYED,"{""size"":88,""address"":""0x7f5550030b30""}"
56ae806af7ff8a2,0,1762816844481229312,STAT_DESTROYED,"{""size"":88,""address"":""0x7f5550030c00""}"
56ae806af7ff8a2,0,1762816844483811060,STAT_DESTROYED,"{""size"":88,""address"":""0x7f554c033dc0""}"
56ae806af7ff8a2,0,1762816844483841941,STAT_DESTROYED,"{""size"":88,""address"":""0x7f554c033f50""}"
56ae806af7ff8a2,0,1762816844483848289,STAT_DESTROYED,"{""size"":88,""address"":""0x7f554c034070""}"
56ae806af7ff8a2,0,1762816844483880514,SQL_COMMAND_RUN_END,"{""command"":""create table test as select * from './test-big.csv';""}"
56ae806af7ff8a2,1,1762816856413833456,SQL_COMMAND_RUN_START,"{""command"":""select * from test where A = 1;""}"
56ae806af7ff8a2,1,1762816856414255175,STAT_CREATED,"{""size"":88,""address"":""0x7ffd20ce9860""}"
56ae806af7ff8a2,1,1762816856414292506,STAT_CREATED,"{""size"":88,""address"":""0x55569c040f20""}"
56ae806af7ff8a2,1,1762816856414299863,STAT_DESTROYED,"{""size"":88,""address"":""0x7ffd20ce9860""}"
56ae806af7ff8a2,1,1762816856414301995,STAT_DESTROYED,"{""size"":88,""address"":""0x55569c040f20""}"
56ae806af7ff8a2,1,1762816856414305022,STAT_CREATED,"{""size"":88,""address"":""0x7ffd20ce9860""}"
56ae806af7ff8a2,1,1762816856414306734,STAT_CREATED,"{""size"":88,""address"":""0x55569c040f20""}"
56ae806af7ff8a2,1,1762816856414307801,STAT_DESTROYED,"{""size"":88,""address"":""0x7ffd20ce9860""}"
56ae806af7ff8a2,1,1762816856414308953,STAT_DESTROYED,"{""size"":88,""address"":""0x55569c040f20""}"
56ae806af7ff8a2,1,1762816856414310515,STAT_CREATED,"{""size"":88,""address"":""0x7ffd20ce9860""}"
56ae806af7ff8a2,1,1762816856414311754,STAT_CREATED,"{""size"":88,""address"":""0x55569c040f20""}"
56ae806af7ff8a2,1,1762816856414312852,STAT_DESTROYED,"{""size"":88,""address"":""0x7ffd20ce9860""}"
56ae806af7ff8a2,1,1762816856414313994,STAT_DESTROYED,"{""size"":88,""address"":""0x55569c040f20""}"
56ae806af7ff8a2,1,1762816856414315265,STAT_CREATED,"{""size"":88,""address"":""0x7ffd20ce9890""}"
56ae806af7ff8a2,1,1762816856414316525,STAT_CREATED,"{""size"":88,""address"":""0x55569c040f20""}"
56ae806af7ff8a2,1,1762816856414317602,STAT_DESTROYED,"{""size"":88,""address"":""0x7ffd20ce9890""}"
56ae806af7ff8a2,1,1762816856414319218,STAT_DESTROYED,"{""size"":88,""address"":""0x55569c040f20""}"
56ae806af7ff8a2,1,1762816856414358639,STAT_CREATED,"{""size"":88,""address"":""0x7ffd20ceb080""}"
56ae806af7ff8a2,1,1762816856414380019,STAT_CREATED,"{""size"":88,""address"":""0x55569c040f20""}"
56ae806af7ff8a2,1,1762816856414386880,STAT_DESTROYED,"{""size"":88,""address"":""0x7ffd20ceb080""}"
56ae806af7ff8a2,1,1762816856414390068,STAT_CREATED,"{""size"":88,""address"":""0x7ffd20ceb080""}"
56ae806af7ff8a2,1,1762816856414391608,STAT_CREATED,"{""size"":88,""address"":""0x55569c1fbca0""}"
56ae806af7ff8a2,1,1762816856414392760,STAT_DESTROYED,"{""size"":88,""address"":""0x7ffd20ceb080""}"
56ae806af7ff8a2,1,1762816856414403661,STAT_CREATED,"{""size"":88,""address"":""0x7ffd20ceb080""}"
56ae806af7ff8a2,1,1762816856414405039,STAT_CREATED,"{""size"":88,""address"":""0x7f55500309f0""}"
56ae806af7ff8a2,1,1762816856414406095,STAT_DESTROYED,"{""size"":88,""address"":""0x7ffd20ceb080""}"
56ae806af7ff8a2,1,1762816856414408421,EVAL_STATISTICS_START,"{""statistic"":""0x55569c040f20""}"
56ae806af7ff8a2,1,1762816856414425180,EVAL_STATISTICS_END,"{""statistic"":""0x55569c040f20"",""filter_propagate_result"":0}"
56ae806af7ff8a2,1,1762816856414428433,STAT_CREATED,"{""size"":88,""address"":""0x7f554c00b820""}"
56ae806af7ff8a2,1,1762816856414430070,STAT_CREATED,"{""size"":88,""address"":""0x55569c040cb0""}"
56ae806af7ff8a2,1,1762816856414431406,STAT_CREATED,"{""size"":88,""address"":""0x55569c4f7830""}"
56ae806af7ff8a2,1,1762816856414436630,STAT_DESTROYED,"{""size"":88,""address"":""0x55569c4f7830""}"
56ae806af7ff8a2,1,1762816856414437804,STAT_DESTROYED,"{""size"":88,""address"":""0x7f55500309f0""}"
56ae806af7ff8a2,1,1762816856414438902,STAT_DESTROYED,"{""size"":88,""address"":""0x7f554c00b820""}"
56ae806af7ff8a2,1,1762816856414440001,STAT_DESTROYED,"{""size"":88,""address"":""0x55569c1fbca0""}"
56ae806af7ff8a2,1,1762816856414441154,STAT_DESTROYED,"{""size"":88,""address"":""0x55569c040cb0""}"
56ae806af7ff8a2,1,1762816856414442295,STAT_DESTROYED,"{""size"":88,""address"":""0x55569c040f20""}"
56ae806af7ff8a2,1,1762816856414502568,DONE_PREPARING_SQL_STATEMENT,"{""command"":""select * from test where A = 1;""}"
56ae806af7ff8a2,1,1762816856414610341,EVAL_STATISTICS_START,"{""statistic"":""0x7f554c032080""}"
56ae806af7ff8a2,1,1762816856414644904,EVAL_STATISTICS_START,"{""statistic"":""0x7f5550031060""}"
56ae806af7ff8a2,1,1762816856414660694,EVAL_STATISTICS_END,"{""statistic"":""0x7f5550031060"",""filter_propagate_result"":0}"
56ae806af7ff8a2,1,1762816856414666564,EVAL_STATISTICS_END,"{""statistic"":""0x7f554c032080"",""filter_propagate_result"":0}"
56ae806af7ff8a2,1,1762816856414681471,EVAL_STATISTICS_START,"{""statistic"":""0x7f55500036b0""}"
56ae806af7ff8a2,1,1762816856414684422,EVAL_ADDITIONAL_STATISTICS_START,"{""statistic"":""0x7f55500036b0"",""type""type:""error""}"
56ae806af7ff8a2,1,1762816856414688526,EVAL_STATISTICS_END,"{""statistic"":""0x7f55500036b0"",""filter_propagate_result"":0}"
56ae806af7ff8a2,1,1762816856414696130,SCANNED_ROWS,"{""count"":2048,""offset"":0,""partition"":""0x7f5550003660""}"
56ae806af7ff8a2,1,1762816856414703454,SCANNED_ROWS,"{""count"":2048,""offset"":0,""partition"":""0x7f55500318b0""}"
56ae806af7ff8a2,1,1762816856414707569,EVAL_STATISTICS_START,"{""statistic"":""0x7f554c004cc0""}"
56ae806af7ff8a2,1,1762816856414738524,EVAL_ADDITIONAL_STATISTICS_START,"{""statistic"":""0x7f554c004cc0"",""type""type:""error""}"
56ae806af7ff8a2,1,1762816856414768865,EVAL_STATISTICS_END,"{""statistic"":""0x7f554c004cc0"",""filter_propagate_result"":0}"
56ae806af7ff8a2,1,1762816856414779604,SCANNED_ROWS,"{""count"":2048,""offset"":0,""partition"":""0x7f554c004c70""}"
56ae806af7ff8a2,1,1762816856414803278,SCANNED_ROWS,"{""count"":2048,""offset"":0,""partition"":""0x7f554c032a30""}"
56ae806af7ff8a2,1,1762816856414610540,EVAL_STATISTICS_START,"{""statistic"":""0x7f554c0fda20""}"
56ae806af7ff8a2,1,1762816856414867827,EVAL_STATISTICS_END,"{""statistic"":""0x7f554c0fda20"",""filter_propagate_result"":0}"
56ae806af7ff8a2,1,1762816856414630321,EVAL_STATISTICS_START,"{""statistic"":""0x7f554c05f070""}"
56ae806af7ff8a2,1,1762816856414896208,EVAL_STATISTICS_START,"{""statistic"":""0x7f554c0fe0d0""}"
56ae806af7ff8a2,1,1762816856414909984,EVAL_ADDITIONAL_STATISTICS_START,"{""statistic"":""0x7f554c0fe0d0"",""type""type:""error""}"
56ae806af7ff8a2,1,1762816856414916080,EVAL_STATISTICS_END,"{""statistic"":""0x7f554c0fe0d0"",""filter_propagate_result"":0}"
56ae806af7ff8a2,1,1762816856414921422,SCANNED_ROWS,"{""count"":2048,""offset"":0,""partition"":""0x7f554c0fe080""}"
56ae806af7ff8a2,1,1762816856414952410,SCANNED_ROWS,"{""count"":2048,""offset"":0,""partition"":""0x7f554c0fe230""}"
56ae806af7ff8a2,1,1762816856414902886,EVAL_STATISTICS_END,"{""statistic"":""0x7f554c05f070"",""filter_propagate_result"":0}"
56ae806af7ff8a2,1,1762816856415043153,EVAL_STATISTICS_START,"{""statistic"":""0x7f554c05f720""}"
56ae806af7ff8a2,1,1762816856415054107,EVAL_ADDITIONAL_STATISTICS_START,"{""statistic"":""0x7f554c05f720"",""type""type:""error""}"
56ae806af7ff8a2,1,1762816856415058470,EVAL_STATISTICS_END,"{""statistic"":""0x7f554c05f720"",""filter_propagate_result"":0}"
56ae806af7ff8a2,1,1762816856415061981,SCANNED_ROWS,"{""count"":2048,""offset"":0,""partition"":""0x7f554c05f6d0""}"
56ae806af7ff8a2,1,1762816856415064135,SCANNED_ROWS,"{""count"":2048,""offset"":0,""partition"":""0x7f554c05f880""}"
56ae806af7ff8a2,1,1762816856415762996,SCANNED_ROWS,"{""count"":2048,""offset"":0,""partition"":""0x7f5550031b00""}"
56ae806af7ff8a2,1,1762816856415793790,SCANNED_ROWS,"{""count"":2048,""offset"":0,""partition"":""0x7f5550031d10""}"
56ae806af7ff8a2,1,1762816856415802212,SCANNED_ROWS,"{""count"":2048,""offset"":0,""partition"":""0x7f5550031f90""}"
56ae806af7ff8a2,1,1762816856415804334,SCANNED_ROWS,"{""count"":2048,""offset"":0,""partition"":""0x7f55500321d0""}"
56ae806af7ff8a2,1,1762816856415833135,SCANNED_ROWS,"{""count"":2048,""offset"":0,""partition"":""0x7f555003c700""}"
56ae806af7ff8a2,1,1762816856415843691,SCANNED_ROWS,"{""count"":2048,""offset"":0,""partition"":""0x7f55500318b0""}"
56ae806af7ff8a2,1,1762816856415857251,SCANNED_ROWS,"{""count"":2048,""offset"":0,""partition"":""0x7f5550051a90""}"
56ae806af7ff8a2,1,1762816856415860935,SCANNED_ROWS,"{""count"":2048,""offset"":0,""partition"":""0x7f5550031d10""}"
56ae806af7ff8a2,1,1762816856415869713,SCANNED_ROWS,"{""count"":2048,""offset"":0,""partition"":""0x7f55500525d0""}"
56ae806af7ff8a2,1,1762816856415900366,SCANNED_ROWS,"{""count"":2048,""offset"":0,""partition"":""0x7f55500321d0""}"
56ae806af7ff8a2,1,1762816856415862260,SCANNED_ROWS,"{""count"":2048,""offset"":0,""partition"":""0x7f554c032cb0""}"
56ae806af7ff8a2,1,1762816856415943051,SCANNED_ROWS,"{""count"":2048,""offset"":0,""partition"":""0x7f554c032ef0""}"
56ae806af7ff8a2,1,1762816856415990119,SCANNED_ROWS,"{""count"":2048,""offset"":0,""partition"":""0x7f554c033170""}"
56ae806af7ff8a2,1,1762816856415998337,SCANNED_ROWS,"{""count"":2048,""offset"":0,""partition"":""0x7f554c0333b0""}"
56ae806af7ff8a2,1,1762816856415912850,EVAL_STATISTICS_START,"{""statistic"":""0x7f555003c750""}"
56ae806af7ff8a2,1,1762816856416018699,EVAL_ADDITIONAL_STATISTICS_START,"{""statistic"":""0x7f555003c750"",""type""type:""error""}"
56ae806af7ff8a2,1,1762816856416026163,EVAL_STATISTICS_END,"{""statistic"":""0x7f555003c750"",""filter_propagate_result"":0}"
56ae806af7ff8a2,1,1762816856416030902,SCANNED_ROWS,"{""count"":2048,""offset"":0,""partition"":""0x7f555003c700""}"
56ae806af7ff8a2,1,1762816856416020934,SCANNED_ROWS,"{""count"":2048,""offset"":0,""partition"":""0x7f554c03e130""}"
56ae806af7ff8a2,1,1762816856416036207,SCANNED_ROWS,"{""count"":2048,""offset"":0,""partition"":""0x7f554c032a30""}"
56ae806af7ff8a2,1,1762816856416033595,SCANNED_ROWS,"{""count"":2048,""offset"":0,""partition"":""0x7f55500318b0""}"
56ae806af7ff8a2,1,1762816856416075655,SCANNED_ROWS,"{""count"":2048,""offset"":0,""partition"":""0x7f5550051a90""}"
56ae806af7ff8a2,1,1762816856416126256,SCANNED_ROWS,"{""count"":2048,""offset"":0,""partition"":""0x7f5550031d10""}"
56ae806af7ff8a2,1,1762816856416135626,SCANNED_ROWS,"{""count"":2048,""offset"":0,""partition"":""0x7f55500525d0""}"
56ae806af7ff8a2,1,1762816856416155929,SCANNED_ROWS,"{""count"":2048,""offset"":0,""partition"":""0x7f55500321d0""}"
56ae806af7ff8a2,1,1762816856416081779,SCANNED_ROWS,"{""count"":2048,""offset"":0,""partition"":""0x7f554c05fa70""}"
56ae806af7ff8a2,1,1762816856416204350,SCANNED_ROWS,"{""count"":2048,""offset"":0,""partition"":""0x7f554c05fc80""}"
56ae806af7ff8a2,1,1762816856416251957,SCANNED_ROWS,"{""count"":2048,""offset"":0,""partition"":""0x7f554c05fed0""}"
56ae806af7ff8a2,1,1762816856416278808,SCANNED_ROWS,"{""count"":2048,""offset"":0,""partition"":""0x7f554c0600e0""}"
56ae806af7ff8a2,1,1762816856416209175,SCANNED_ROWS,"{""count"":2048,""offset"":0,""partition"":""0x7f554c0fe420""}"
56ae806af7ff8a2,1,1762816856416343045,SCANNED_ROWS,"{""count"":2048,""offset"":0,""partition"":""0x7f554c0fe630""}"
56ae806af7ff8a2,1,1762816856416040655,SCANNED_ROWS,"{""count"":2048,""offset"":0,""partition"":""0x7f554c053480""}"
56ae806af7ff8a2,1,1762816856416382606,SCANNED_ROWS,"{""count"":2048,""offset"":0,""partition"":""0x7f554c032ef0""}"
56ae806af7ff8a2,1,1762816856416412441,SCANNED_ROWS,"{""count"":2048,""offset"":0,""partition"":""0x7f554c0540b0""}"
56ae806af7ff8a2,1,1762816856416440833,SCANNED_ROWS,"{""count"":2048,""offset"":0,""partition"":""0x7f554c0333b0""}"
56ae806af7ff8a2,1,1762816856416353751,SCANNED_ROWS,"{""count"":2048,""offset"":0,""partition"":""0x7f554c0fe880""}"
56ae806af7ff8a2,1,1762816856416476053,SCANNED_ROWS,"{""count"":2048,""offset"":0,""partition"":""0x7f554c0fea90""}"
56ae806af7ff8a2,1,1762816856416169684,SCANNED_ROWS,"{""count"":2048,""offset"":0,""partition"":""0x7f555003c700""}"
56ae806af7ff8a2,1,1762816856416501063,SCANNED_ROWS,"{""count"":2048,""offset"":0,""partition"":""0x7f554c0fe080""}"
56ae806af7ff8a2,1,1762816856416502959,SCANNED_ROWS,"{""count"":2048,""offset"":0,""partition"":""0x7f554c0fe230""}"
56ae806af7ff8a2,1,1762816856416508829,SCANNED_ROWS,"{""count"":2048,""offset"":0,""partition"":""0x7f554c0fe420""}"
56ae806af7ff8a2,1,1762816856416510143,SCANNED_ROWS,"{""count"":2048,""offset"":0,""partition"":""0x7f554c0fe630""}"
56ae806af7ff8a2,1,1762816856416511500,SCANNED_ROWS,"{""count"":2048,""offset"":0,""partition"":""0x7f554c0fe880""}"
56ae806af7ff8a2,1,1762816856416512631,SCANNED_ROWS,"{""count"":2048,""offset"":0,""partition"":""0x7f554c0fea90""}"
56ae806af7ff8a2,1,1762816856416515840,SCANNED_ROWS,"{""count"":2048,""offset"":0,""partition"":""0x7f554c0fe080""}"
56ae806af7ff8a2,1,1762816856416300522,SCANNED_ROWS,"{""count"":2048,""offset"":0,""partition"":""0x7f554c05f6d0""}"
56ae806af7ff8a2,1,1762816856416454199,EVAL_STATISTICS_START,"{""statistic"":""0x7f554c03e180""}"
56ae806af7ff8a2,1,1762816856416560630,SCANNED_ROWS,"{""count"":2048,""offset"":0,""partition"":""0x7f554c05f880""}"
56ae806af7ff8a2,1,1762816856416516346,SCANNED_ROWS,"{""count"":2048,""offset"":0,""partition"":""0x7f55500318b0""}"
56ae806af7ff8a2,1,1762816856416576162,SCANNED_ROWS,"{""count"":2048,""offset"":0,""partition"":""0x7f554c05fa70""}"
56ae806af7ff8a2,1,1762816856416605975,SCANNED_ROWS,"{""count"":2048,""offset"":0,""partition"":""0x7f554c05fc80""}"
56ae806af7ff8a2,1,1762816856416614635,SCANNED_ROWS,"{""count"":2048,""offset"":0,""partition"":""0x7f554c05fed0""}"
56ae806af7ff8a2,1,1762816856416616660,SCANNED_ROWS,"{""count"":2048,""offset"":0,""partition"":""0x7f554c0600e0""}"
56ae806af7ff8a2,1,1762816856416577126,EVAL_ADDITIONAL_STATISTICS_START,"{""statistic"":""0x7f554c03e180"",""type""type:""error""}"
56ae806af7ff8a2,1,1762816856416649645,EVAL_STATISTICS_END,"{""statistic"":""0x7f554c03e180"",""filter_propagate_result"":0}"
56ae806af7ff8a2,1,1762816856416536133,SCANNED_ROWS,"{""count"":2048,""offset"":0,""partition"":""0x7f554c0fe230""}"
56ae806af7ff8a2,1,1762816856416694614,SCANNED_ROWS,"{""count"":2048,""offset"":0,""partition"":""0x7f554c0fe420""}"
56ae806af7ff8a2,1,1762816856416739420,SCANNED_ROWS,"{""count"":2048,""offset"":0,""partition"":""0x7f554c0fe630""}"
56ae806af7ff8a2,1,1762816856416748144,SCANNED_ROWS,"{""count"":2048,""offset"":0,""partition"":""0x7f554c0fe880""}"
56ae806af7ff8a2,1,1762816856416749965,SCANNED_ROWS,"{""count"":2048,""offset"":0,""partition"":""0x7f554c0fea90""}"
56ae806af7ff8a2,1,1762816856416623822,SCANNED_ROWS,"{""count"":2048,""offset"":0,""partition"":""0x7f554c05f6d0""}"
56ae806af7ff8a2,1,1762816856416782600,SCANNED_ROWS,"{""count"":2048,""offset"":0,""partition"":""0x7f554c05f880""}"
56ae806af7ff8a2,1,1762816856416659382,SCANNED_ROWS,"{""count"":2048,""offset"":0,""partition"":""0x7f554c03e130""}"
56ae806af7ff8a2,1,1762816856416839819,SCANNED_ROWS,"{""count"":2048,""offset"":0,""partition"":""0x7f554c032a30""}"
56ae806af7ff8a2,1,1762816856416889807,SCANNED_ROWS,"{""count"":2048,""offset"":0,""partition"":""0x7f554c053480""}"
56ae806af7ff8a2,1,1762816856416921225,SCANNED_ROWS,"{""count"":2048,""offset"":0,""partition"":""0x7f554c032ef0""}"
56ae806af7ff8a2,1,1762816856416930358,SCANNED_ROWS,"{""count"":2048,""offset"":0,""partition"":""0x7f554c0540b0""}"
56ae806af7ff8a2,1,1762816856416932114,SCANNED_ROWS,"{""count"":2048,""offset"":0,""partition"":""0x7f554c0333b0""}"
56ae806af7ff8a2,1,1762816856416797378,SCANNED_ROWS,"{""count"":2048,""offset"":0,""partition"":""0x7f554c05fa70""}"
56ae806af7ff8a2,1,1762816856416958018,SCANNED_ROWS,"{""count"":2048,""offset"":0,""partition"":""0x7f554c03e130""}"
56ae806af7ff8a2,1,1762816856416585355,SCANNED_ROWS,"{""count"":2048,""offset"":0,""partition"":""0x7f5550051a90""}"
56ae806af7ff8a2,1,1762816856416999980,SCANNED_ROWS,"{""count"":2048,""offset"":0,""partition"":""0x7f5550031d10""}"
56ae806af7ff8a2,1,1762816856416966785,SCANNED_ROWS,"{""count"":2048,""offset"":0,""partition"":""0x7f554c032a30""}"
56ae806af7ff8a2,1,1762816856417044373,SCANNED_ROWS,"{""count"":2048,""offset"":0,""partition"":""0x7f554c053480""}"
56ae806af7ff8a2,1,1762816856416963097,SCANNED_ROWS,"{""count"":2048,""offset"":0,""partition"":""0x7f554c05fc80""}"
56ae806af7ff8a2,1,1762816856417087148,SCANNED_ROWS,"{""count"":2048,""offset"":0,""partition"":""0x7f554c05fed0""}"
56ae806af7ff8a2,1,1762816856417095614,SCANNED_ROWS,"{""count"":2048,""offset"":0,""partition"":""0x7f554c0600e0""}"
56ae806af7ff8a2,1,1762816856417126128,SCANNED_ROWS,"{""count"":2048,""offset"":0,""partition"":""0x7f554c05f6d0""}"
56ae806af7ff8a2,1,1762816856417156598,SCANNED_ROWS,"{""count"":2048,""offset"":0,""partition"":""0x7f554c05f880""}"
56ae806af7ff8a2,1,1762816856417213059,SCANNED_ROWS,"{""count"":2048,""offset"":0,""partition"":""0x7f554c05fa70""}"
56ae806af7ff8a2,1,1762816856417242247,SCANNED_ROWS,"{""count"":2048,""offset"":0,""partition"":""0x7f554c05fc80""}"
56ae806af7ff8a2,1,1762816856417251715,SCANNED_ROWS,"{""count"":2048,""offset"":0,""partition"":""0x7f554c05fed0""}"
56ae806af7ff8a2,1,1762816856417253869,SCANNED_ROWS,"{""count"":2048,""offset"":0,""partition"":""0x7f554c0600e0""}"
56ae806af7ff8a2,1,1762816856417011236,SCANNED_ROWS,"{""count"":2048,""offset"":0,""partition"":""0x7f55500525d0""}"
56ae806af7ff8a2,1,1762816856417287932,SCANNED_ROWS,"{""count"":2048,""offset"":0,""partition"":""0x7f55500321d0""}"
56ae806af7ff8a2,1,1762816856417339545,SCANNED_ROWS,"{""count"":2048,""offset"":0,""partition"":""0x7f555003c700""}"
56ae806af7ff8a2,1,1762816856417365094,SCANNED_ROWS,"{""count"":2048,""offset"":0,""partition"":""0x7f55500318b0""}"
56ae806af7ff8a2,1,1762816856417376091,SCANNED_ROWS,"{""count"":2048,""offset"":0,""partition"":""0x7f5550051a90""}"
56ae806af7ff8a2,1,1762816856417259696,SCANNED_ROWS,"{""count"":2048,""offset"":0,""partition"":""0x7f554c05f6d0""}"
56ae806af7ff8a2,1,1762816856417408656,SCANNED_ROWS,"{""count"":2048,""offset"":0,""partition"":""0x7f554c05f880""}"
56ae806af7ff8a2,1,1762816856417053474,SCANNED_ROWS,"{""count"":2048,""offset"":0,""partition"":""0x7f554c032ef0""}"
56ae806af7ff8a2,1,1762816856417449709,SCANNED_ROWS,"{""count"":2048,""offset"":0,""partition"":""0x7f554c0540b0""}"
56ae806af7ff8a2,1,1762816856417457518,SCANNED_ROWS,"{""count"":2048,""offset"":0,""partition"":""0x7f554c0333b0""}"
56ae806af7ff8a2,1,1762816856416756793,SCANNED_ROWS,"{""count"":2048,""offset"":0,""partition"":""0x7f554c0fe080""}"
56ae806af7ff8a2,1,1762816856417490789,SCANNED_ROWS,"{""count"":2048,""offset"":0,""partition"":""0x7f554c0fe230""}"
56ae806af7ff8a2,1,1762816856417377997,SCANNED_ROWS,"{""count"":2048,""offset"":0,""partition"":""0x7f5550031d10""}"
56ae806af7ff8a2,1,1762816856417534582,SCANNED_ROWS,"{""count"":2048,""offset"":0,""partition"":""0x7f55500525d0""}"
56ae806af7ff8a2,1,1762816856417544384,SCANNED_ROWS,"{""count"":2048,""offset"":0,""partition"":""0x7f55500321d0""}"
56ae806af7ff8a2,1,1762816856417576351,SCANNED_ROWS,"{""count"":2048,""offset"":0,""partition"":""0x7f555003c700""}"
56ae806af7ff8a2,1,1762816856417464637,SCANNED_ROWS,"{""count"":2048,""offset"":0,""partition"":""0x7f554c03e130""}"
56ae806af7ff8a2,1,1762816856417619812,SCANNED_ROWS,"{""count"":2048,""offset"":0,""partition"":""0x7f554c032a30""}"
56ae806af7ff8a2,1,1762816856417508248,SCANNED_ROWS,"{""count"":2048,""offset"":0,""partition"":""0x7f554c0fe420""}"
56ae806af7ff8a2,1,1762816856417658037,SCANNED_ROWS,"{""count"":2048,""offset"":0,""partition"":""0x7f554c0fe630""}"
56ae806af7ff8a2,1,1762816856417668108,SCANNED_ROWS,"{""count"":2048,""offset"":0,""partition"":""0x7f554c0fe880""}"
56ae806af7ff8a2,1,1762816856417688034,SCANNED_ROWS,"{""count"":2048,""offset"":0,""partition"":""0x7f554c0fea90""}"
56ae806af7ff8a2,1,1762816856417738559,SCANNED_ROWS,"{""count"":2048,""offset"":0,""partition"":""0x7f554c0fe080""}"
56ae806af7ff8a2,1,1762816856417632328,SCANNED_ROWS,"{""count"":2048,""offset"":0,""partition"":""0x7f554c053480""}"
56ae806af7ff8a2,1,1762816856417780759,SCANNED_ROWS,"{""count"":2048,""offset"":0,""partition"":""0x7f554c032ef0""}"
56ae806af7ff8a2,1,1762816856417827677,SCANNED_ROWS,"{""count"":2048,""offset"":0,""partition"":""0x7f554c0540b0""}"
56ae806af7ff8a2,1,1762816856417835335,SCANNED_ROWS,"{""count"":2048,""offset"":0,""partition"":""0x7f554c0333b0""}"
56ae806af7ff8a2,1,1762816856417861971,SCANNED_ROWS,"{""count"":2048,""offset"":0,""partition"":""0x7f554c03e130""}"
56ae806af7ff8a2,1,1762816856417887799,SCANNED_ROWS,"{""count"":2048,""offset"":0,""partition"":""0x7f554c032a30""}"
56ae806af7ff8a2,1,1762816856417899679,SCANNED_ROWS,"{""count"":2048,""offset"":0,""partition"":""0x7f554c053480""}"
56ae806af7ff8a2,1,1762816856417919885,SCANNED_ROWS,"{""count"":2048,""offset"":0,""partition"":""0x7f554c032ef0""}"
56ae806af7ff8a2,1,1762816856417928588,SCANNED_ROWS,"{""count"":2048,""offset"":0,""partition"":""0x7f554c0540b0""}"
56ae806af7ff8a2,1,1762816856417930322,SCANNED_ROWS,"{""count"":2048,""offset"":0,""partition"":""0x7f554c0333b0""}"
56ae806af7ff8a2,1,1762816856417953846,SCANNED_ROWS,"{""count"":2048,""offset"":0,""partition"":""0x7f554c03e130""}"
56ae806af7ff8a2,1,1762816856417979609,SCANNED_ROWS,"{""count"":2048,""offset"":0,""partition"":""0x7f554c032a30""}"
56ae806af7ff8a2,1,1762816856417990240,SCANNED_ROWS,"{""count"":2048,""offset"":0,""partition"":""0x7f554c053480""}"
56ae806af7ff8a2,1,1762816856418010263,SCANNED_ROWS,"{""count"":2048,""offset"":0,""partition"":""0x7f554c032ef0""}"
56ae806af7ff8a2,1,1762816856418018890,SCANNED_ROWS,"{""count"":2048,""offset"":0,""partition"":""0x7f554c0540b0""}"
56ae806af7ff8a2,1,1762816856418038988,SCANNED_ROWS,"{""count"":2048,""offset"":0,""partition"":""0x7f554c0333b0""}"
56ae806af7ff8a2,1,1762816856417746077,SCANNED_ROWS,"{""count"":2048,""offset"":0,""partition"":""0x7f554c0fe230""}"
56ae806af7ff8a2,1,1762816856418080187,SCANNED_ROWS,"{""count"":2048,""offset"":0,""partition"":""0x7f554c0fe420""}"
56ae806af7ff8a2,1,1762816856417425081,SCANNED_ROWS,"{""count"":2048,""offset"":0,""partition"":""0x7f554c05fa70""}"
56ae806af7ff8a2,1,1762816856418106424,SCANNED_ROWS,"{""count"":2048,""offset"":0,""partition"":""0x7f554c0fe630""}"
56ae806af7ff8a2,1,1762816856418114944,SCANNED_ROWS,"{""count"":2048,""offset"":0,""partition"":""0x7f554c0fe880""}"
56ae806af7ff8a2,1,1762816856418116689,SCANNED_ROWS,"{""count"":2048,""offset"":0,""partition"":""0x7f554c0fea90""}"
56ae806af7ff8a2,1,1762816856417585808,SCANNED_ROWS,"{""count"":2048,""offset"":0,""partition"":""0x7f55500318b0""}"
56ae806af7ff8a2,1,1762816856418157450,SCANNED_ROWS,"{""count"":2048,""offset"":0,""partition"":""0x7f5550051a90""}"
56ae806af7ff8a2,1,1762816856418188965,SCANNED_ROWS,"{""count"":2048,""offset"":0,""partition"":""0x7f5550031d10""}"
56ae806af7ff8a2,1,1762816856418198519,SCANNED_ROWS,"{""count"":2048,""offset"":0,""partition"":""0x7f55500525d0""}"
56ae806af7ff8a2,1,1762816856418221601,SCANNED_ROWS,"{""count"":2048,""offset"":0,""partition"":""0x7f55500321d0""}"
56ae806af7ff8a2,1,1762816856418116775,SCANNED_ROWS,"{""count"":2048,""offset"":0,""partition"":""0x7f554c05fc80""}"
56ae806af7ff8a2,1,1762816856418259951,SCANNED_ROWS,"{""count"":2048,""offset"":0,""partition"":""0x7f554c05fed0""}"
56ae806af7ff8a2,1,1762816856418308872,SCANNED_ROWS,"{""count"":2048,""offset"":0,""partition"":""0x7f554c0600e0""}"
56ae806af7ff8a2,1,1762816856418050675,SCANNED_ROWS,"{""count"":2048,""offset"":0,""partition"":""0x7f554c03e130""}"
56ae806af7ff8a2,1,1762816856418350985,SCANNED_ROWS,"{""count"":2048,""offset"":0,""partition"":""0x7f554c032a30""}"
56ae806af7ff8a2,1,1762816856418388661,SCANNED_ROWS,"{""count"":2048,""offset"":0,""partition"":""0x7f554c053480""}"
56ae806af7ff8a2,1,1762816856418437033,SCANNED_ROWS,"{""count"":2048,""offset"":0,""partition"":""0x7f554c032ef0""}"
56ae806af7ff8a2,1,1762816856418446220,SCANNED_ROWS,"{""count"":2048,""offset"":0,""partition"":""0x7f554c0540b0""}"
56ae806af7ff8a2,1,1762816856418448148,SCANNED_ROWS,"{""count"":2048,""offset"":0,""partition"":""0x7f554c0333b0""}"
56ae806af7ff8a2,1,1762816856418474354,SCANNED_ROWS,"{""count"":2048,""offset"":0,""partition"":""0x7f554c03e130""}"
56ae806af7ff8a2,1,1762816856418484672,SCANNED_ROWS,"{""count"":2048,""offset"":0,""partition"":""0x7f554c036d10""}"
56ae806af7ff8a2,1,1762816856418236368,SCANNED_ROWS,"{""count"":2048,""offset"":0,""partition"":""0x7f555003c700""}"
56ae806af7ff8a2,1,1762816856418516941,SCANNED_ROWS,"{""count"":2048,""offset"":0,""partition"":""0x7f55500318b0""}"
56ae806af7ff8a2,1,1762816856418529565,SCANNED_ROWS,"{""count"":2048,""offset"":0,""partition"":""0x7f5550051a90""}"
56ae806af7ff8a2,1,1762816856418531363,SCANNED_ROWS,"{""count"":2048,""offset"":0,""partition"":""0x7f5550031d10""}"
56ae806af7ff8a2,1,1762816856418532904,SCANNED_ROWS,"{""count"":2048,""offset"":0,""partition"":""0x7f55500525d0""}"
56ae806af7ff8a2,1,1762816856418124691,SCANNED_ROWS,"{""count"":2048,""offset"":0,""partition"":""0x7f554c0fe080""}"
56ae806af7ff8a2,1,1762816856418552388,SCANNED_ROWS,"{""count"":2048,""offset"":0,""partition"":""0x7f55500321d0""}"
56ae806af7ff8a2,1,1762816856418322809,SCANNED_ROWS,"{""count"":2048,""offset"":0,""partition"":""0x7f554c05f6d0""}"
56ae806af7ff8a2,1,1762816856418490004,SCANNED_ROWS,"{""count"":2048,""offset"":0,""partition"":""0x7f554c053480""}"
56ae806af7ff8a2,1,1762816856418594835,SCANNED_ROWS,"{""count"":2048,""offset"":0,""partition"":""0x7f554c05f880""}"
56ae806af7ff8a2,1,1762816856418565808,SCANNED_ROWS,"{""count"":2048,""offset"":0,""partition"":""0x7f555003c700""}"
56ae806af7ff8a2,1,1762816856418620082,SCANNED_ROWS,"{""count"":2048,""offset"":0,""partition"":""0x7f554c038060""}"
56ae806af7ff8a2,1,1762816856418634569,SCANNED_ROWS,"{""count"":2048,""offset"":0,""partition"":""0x7f55500318b0""}"
56ae806af7ff8a2,1,1762816856418612887,SCANNED_ROWS,"{""count"":2048,""offset"":0,""partition"":""0x7f554c05fa70""}"
56ae806af7ff8a2,1,1762816856418652286,SCANNED_ROWS,"{""count"":2048,""offset"":0,""partition"":""0x7f554c0540b0""}"
56ae806af7ff8a2,1,1762816856418666698,SCANNED_ROWS,"{""count"":2048,""offset"":0,""partition"":""0x7f554c03f450""}"
56ae806af7ff8a2,1,1762816856418670382,SCANNED_ROWS,"{""count"":2048,""offset"":0,""partition"":""0x7f554c05fc80""}"
56ae806af7ff8a2,1,1762816856418679181,SCANNED_ROWS,"{""count"":2048,""offset"":0,""partition"":""0x7f554c03e130""}"
56ae806af7ff8a2,1,1762816856418682068,SCANNED_ROWS,"{""count"":2048,""offset"":0,""partition"":""0x7f554c036d10""}"
56ae806af7ff8a2,1,1762816856418645167,SCANNED_ROWS,"{""count"":2048,""offset"":0,""partition"":""0x7f5550051a90""}"
56ae806af7ff8a2,1,1762816856418697912,SCANNED_ROWS,"{""count"":2048,""offset"":0,""partition"":""0x7f554c05fed0""}"
56ae806af7ff8a2,1,1762816856418705484,SCANNED_ROWS,"{""count"":2048,""offset"":0,""partition"":""0x7f554c0600e0""}"
56ae806af7ff8a2,1,1762816856418570763,SCANNED_ROWS,"{""count"":2048,""offset"":0,""partition"":""0x7f554c0fe230""}"
56ae806af7ff8a2,1,1762816856418687679,SCANNED_ROWS,"{""count"":2048,""offset"":0,""partition"":""0x7f554c053480""}"
56ae806af7ff8a2,1,1762816856418749859,SCANNED_ROWS,"{""count"":2048,""offset"":0,""partition"":""0x7f554c0fe420""}"
56ae806af7ff8a2,1,1762816856418758950,SCANNED_ROWS,"{""count"":2048,""offset"":0,""partition"":""0x7f554c0fe630""}"
56ae806af7ff8a2,1,1762816856418761115,SCANNED_ROWS,"{""count"":2048,""offset"":0,""partition"":""0x7f554c0fe880""}"
56ae806af7ff8a2,1,1762816856418717148,SCANNED_ROWS,"{""count"":2048,""offset"":0,""partition"":""0x7f5550031d10""}"
56ae806af7ff8a2,1,1762816856418784810,SCANNED_ROWS,"{""count"":2048,""offset"":0,""partition"":""0x7f554c0fea90""}"
56ae806af7ff8a2,1,1762816856418713303,SCANNED_ROWS,"{""count"":2048,""offset"":0,""partition"":""0x7f554c05f6d0""}"
56ae806af7ff8a2,1,1762816856418810843,SCANNED_ROWS,"{""count"":2048,""offset"":0,""partition"":""0x7f55500525d0""}"
56ae806af7ff8a2,1,1762816856418818706,SCANNED_ROWS,"{""count"":2048,""offset"":0,""partition"":""0x7f55500321d0""}"
56ae806af7ff8a2,1,1762816856418763801,SCANNED_ROWS,"{""count"":2048,""offset"":0,""partition"":""0x7f554c038060""}"
56ae806af7ff8a2,1,1762816856418798220,SCANNED_ROWS,"{""count"":2048,""offset"":0,""partition"":""0x7f554c0fe080""}"
56ae806af7ff8a2,1,1762816856418862047,SCANNED_ROWS,"{""count"":2048,""offset"":0,""partition"":""0x7f554c0540b0""}"
56ae806af7ff8a2,1,1762816856418874951,SCANNED_ROWS,"{""count"":2048,""offset"":0,""partition"":""0x7f554c03f450""}"
56ae806af7ff8a2,1,1762816856418825965,SCANNED_ROWS,"{""count"":2048,""offset"":0,""partition"":""0x7f555003c700""}"
56ae806af7ff8a2,1,1762816856418911884,SCANNED_ROWS,"{""count"":2048,""offset"":0,""partition"":""0x7f5550035350""}"
56ae806af7ff8a2,1,1762816856418865979,SCANNED_ROWS,"{""count"":2048,""offset"":0,""partition"":""0x7f554c0fe230""}"
56ae806af7ff8a2,1,1762816856418944842,SCANNED_ROWS,"{""count"":2048,""offset"":0,""partition"":""0x7f5550051a90""}"
56ae806af7ff8a2,1,1762816856418955969,SCANNED_ROWS,"{""count"":2048,""offset"":0,""partition"":""0x7f554c0fe420""}"
56ae806af7ff8a2,1,1762816856418982228,SCANNED_ROWS,"{""count"":2048,""offset"":0,""partition"":""0x7f554c0fe630""}"
56ae806af7ff8a2,1,1762816856418990812,SCANNED_ROWS,"{""count"":2048,""offset"":0,""partition"":""0x7f554c0fe880""}"
56ae806af7ff8a2,1,1762816856418992589,SCANNED_ROWS,"{""count"":2048,""offset"":0,""partition"":""0x7f554c0fea90""}"
56ae806af7ff8a2,1,1762816856418832255,SCANNED_ROWS,"{""count"":2048,""offset"":0,""partition"":""0x7f554c05f880""}"
56ae806af7ff8a2,1,1762816856419039420,SCANNED_ROWS,"{""count"":2048,""offset"":0,""partition"":""0x7f554c05fa70""}"
56ae806af7ff8a2,1,1762816856419071937,SCANNED_ROWS,"{""count"":2048,""offset"":0,""partition"":""0x7f554c05fc80""}"
56ae806af7ff8a2,1,1762816856418885043,SCANNED_ROWS,"{""count"":2048,""offset"":0,""partition"":""0x7f554c03e130""}"
56ae806af7ff8a2,1,1762816856419111433,SCANNED_ROWS,"{""count"":2048,""offset"":0,""partition"":""0x7f554c036d10""}"
56ae806af7ff8a2,1,1762816856419124487,SCANNED_ROWS,"{""count"":2048,""offset"":0,""partition"":""0x7f554c053480""}"
56ae806af7ff8a2,1,1762816856419144812,SCANNED_ROWS,"{""count"":2048,""offset"":0,""partition"":""0x7f554c038060""}"
56ae806af7ff8a2,1,1762816856419189791,SCANNED_ROWS,"{""count"":2048,""offset"":0,""partition"":""0x7f554c0540b0""}"
56ae806af7ff8a2,1,1762816856419197470,SCANNED_ROWS,"{""count"":2048,""offset"":0,""partition"":""0x7f554c03f450""}"
56ae806af7ff8a2,1,1762816856419082223,SCANNED_ROWS,"{""count"":2048,""offset"":0,""partition"":""0x7f554c05fed0""}"
56ae806af7ff8a2,1,1762816856419236519,SCANNED_ROWS,"{""count"":2048,""offset"":0,""partition"":""0x7f554c0600e0""}"
56ae806af7ff8a2,1,1762816856419294908,SCANNED_ROWS,"{""count"":2048,""offset"":0,""partition"":""0x7f554c05f6d0""}"
56ae806af7ff8a2,1,1762816856419324527,SCANNED_ROWS,"{""count"":2048,""offset"":0,""partition"":""0x7f554c05f880""}"
56ae806af7ff8a2,1,1762816856419361859,SCANNED_ROWS,"{""count"":2048,""offset"":0,""partition"":""0x7f554c05fa70""}"
56ae806af7ff8a2,1,1762816856418998868,SCANNED_ROWS,"{""count"":2048,""offset"":0,""partition"":""0x7f554c0fe080""}"
56ae806af7ff8a2,1,1762816856419391371,SCANNED_ROWS,"{""count"":2048,""offset"":0,""partition"":""0x7f554c05fc80""}"
56ae806af7ff8a2,1,1762816856419401232,SCANNED_ROWS,"{""count"":2048,""offset"":0,""partition"":""0x7f554c0fe230""}"
56ae806af7ff8a2,1,1762816856419434729,SCANNED_ROWS,"{""count"":2048,""offset"":0,""partition"":""0x7f554c0fe420""}"
56ae806af7ff8a2,1,1762816856419467418,SCANNED_ROWS,"{""count"":2048,""offset"":0,""partition"":""0x7f554c0fe630""}"
56ae806af7ff8a2,1,1762816856419476143,SCANNED_ROWS,"{""count"":2048,""offset"":0,""partition"":""0x7f554c0fe880""}"
56ae806af7ff8a2,1,1762816856419478125,SCANNED_ROWS,"{""count"":2048,""offset"":0,""partition"":""0x7f554c0fea90""}"
56ae806af7ff8a2,1,1762816856418957993,SCANNED_ROWS,"{""count"":2048,""offset"":0,""partition"":""0x7f55500366a0""}"
56ae806af7ff8a2,1,1762816856419512526,SCANNED_ROWS,"{""count"":2048,""offset"":0,""partition"":""0x7f55500525d0""}"
56ae806af7ff8a2,1,1762816856419204665,SCANNED_ROWS,"{""count"":2048,""offset"":0,""partition"":""0x7f554c03e130""}"
56ae806af7ff8a2,1,1762816856419550752,SCANNED_ROWS,"{""count"":2048,""offset"":0,""partition"":""0x7f554c036d10""}"
56ae806af7ff8a2,1,1762816856419403994,SCANNED_ROWS,"{""count"":2048,""offset"":0,""partition"":""0x7f554c05fed0""}"
56ae806af7ff8a2,1,1762816856419590194,SCANNED_ROWS,"{""count"":2048,""offset"":0,""partition"":""0x7f554c0600e0""}"
56ae806af7ff8a2,1,1762816856419485007,SCANNED_ROWS,"{""count"":2048,""offset"":0,""partition"":""0x7f554c0fe080""}"
56ae806af7ff8a2,1,1762816856419625964,SCANNED_ROWS,"{""count"":2048,""offset"":0,""partition"":""0x7f554c0fe230""}"
56ae806af7ff8a2,1,1762816856419522715,SCANNED_ROWS,"{""count"":2048,""offset"":0,""partition"":""0x7f555003da40""}"
56ae806af7ff8a2,1,1762816856419671815,SCANNED_ROWS,"{""count"":2048,""offset"":0,""partition"":""0x7f555003c700""}"
56ae806af7ff8a2,1,1762816856419698290,SCANNED_ROWS,"{""count"":2048,""offset"":0,""partition"":""0x7f5550035350""}"
56ae806af7ff8a2,1,1762816856419709879,SCANNED_ROWS,"{""count"":2048,""offset"":0,""partition"":""0x7f5550051a90""}"
56ae806af7ff8a2,1,1762816856419730699,SCANNED_ROWS,"{""count"":2048,""offset"":0,""partition"":""0x7f55500366a0""}"
56ae806af7ff8a2,1,1762816856419739208,SCANNED_ROWS,"{""count"":2048,""offset"":0,""partition"":""0x7f55500525d0""}"
56ae806af7ff8a2,1,1762816856419741168,SCANNED_ROWS,"{""count"":2048,""offset"":0,""partition"":""0x7f555003da40""}"
56ae806af7ff8a2,1,1762816856419764788,SCANNED_ROWS,"{""count"":2048,""offset"":0,""partition"":""0x7f555003c700""}"
56ae806af7ff8a2,1,1762816856419808442,SCANNED_ROWS,"{""count"":2048,""offset"":0,""partition"":""0x7f5550035350""}"
56ae806af7ff8a2,1,1762816856419818707,SCANNED_ROWS,"{""count"":2048,""offset"":0,""partition"":""0x7f5550051a90""}"
56ae806af7ff8a2,1,1762816856419839204,SCANNED_ROWS,"{""count"":2048,""offset"":0,""partition"":""0x7f55500366a0""}"
56ae806af7ff8a2,1,1762816856419847723,SCANNED_ROWS,"{""count"":2048,""offset"":0,""partition"":""0x7f55500525d0""}"
56ae806af7ff8a2,1,1762816856419849468,SCANNED_ROWS,"{""count"":2048,""offset"":0,""partition"":""0x7f555003da40""}"
56ae806af7ff8a2,1,1762816856419872712,SCANNED_ROWS,"{""count"":2048,""offset"":0,""partition"":""0x7f555003c700""}"
56ae806af7ff8a2,1,1762816856419899552,SCANNED_ROWS,"{""count"":2048,""offset"":0,""partition"":""0x7f5550035350""}"
56ae806af7ff8a2,1,1762816856419909871,SCANNED_ROWS,"{""count"":2048,""offset"":0,""partition"":""0x7f5550051a90""}"
56ae806af7ff8a2,1,1762816856419605499,SCANNED_ROWS,"{""count"":2048,""offset"":0,""partition"":""0x7f554c05f6d0""}"
56ae806af7ff8a2,1,1762816856419929581,SCANNED_ROWS,"{""count"":2048,""offset"":0,""partition"":""0x7f55500366a0""}"
56ae806af7ff8a2,1,1762816856419938112,SCANNED_ROWS,"{""count"":2048,""offset"":0,""partition"":""0x7f55500525d0""}"
56ae806af7ff8a2,1,1762816856419939878,SCANNED_ROWS,"{""count"":2048,""offset"":0,""partition"":""0x7f555003da40""}"
56ae806af7ff8a2,1,1762816856419639277,SCANNED_ROWS,"{""count"":2048,""offset"":0,""partition"":""0x7f554c0fe420""}"
56ae806af7ff8a2,1,1762816856419980215,SCANNED_ROWS,"{""count"":2048,""offset"":0,""partition"":""0x7f554c0fe630""}"
56ae806af7ff8a2,1,1762816856419946599,SCANNED_ROWS,"{""count"":2048,""offset"":0,""partition"":""0x7f555003c700""}"
56ae806af7ff8a2,1,1762816856420023669,SCANNED_ROWS,"{""count"":2048,""offset"":0,""partition"":""0x7f5550035350""}"
56ae806af7ff8a2,1,1762816856420063994,SCANNED_ROWS,"{""count"":2048,""offset"":0,""partition"":""0x7f5550051a90""}"
56ae806af7ff8a2,1,1762816856420093366,SCANNED_ROWS,"{""count"":2048,""offset"":0,""partition"":""0x7f55500366a0""}"
56ae806af7ff8a2,1,1762816856420103275,SCANNED_ROWS,"{""count"":2048,""offset"":0,""partition"":""0x7f55500525d0""}"
56ae806af7ff8a2,1,1762816856420126454,SCANNED_ROWS,"{""count"":2048,""offset"":0,""partition"":""0x7f555003da40""}"
56ae806af7ff8a2,1,1762816856419940557,SCANNED_ROWS,"{""count"":2048,""offset"":0,""partition"":""0x7f554c05f880""}"
56ae806af7ff8a2,1,1762816856420173582,SCANNED_ROWS,"{""count"":2048,""offset"":0,""partition"":""0x7f554c05fa70""}"
56ae806af7ff8a2,1,1762816856420218464,SCANNED_ROWS,"{""count"":2048,""offset"":0,""partition"":""0x7f554c05fc80""}"
56ae806af7ff8a2,1,1762816856420227716,SCANNED_ROWS,"{""count"":2048,""offset"":0,""partition"":""0x7f554c05fed0""}"
56ae806af7ff8a2,1,1762816856420247954,SCANNED_ROWS,"{""count"":2048,""offset"":0,""partition"":""0x7f554c0600e0""}"
56ae806af7ff8a2,1,1762816856420142179,SCANNED_ROWS,"{""count"":2048,""offset"":0,""partition"":""0x7f555003c700""}"
56ae806af7ff8a2,1,1762816856420286869,SCANNED_ROWS,"{""count"":2048,""offset"":0,""partition"":""0x7f5550035350""}"
56ae806af7ff8a2,1,1762816856419563429,SCANNED_ROWS,"{""count"":2048,""offset"":0,""partition"":""0x7f554c053480""}"
56ae806af7ff8a2,1,1762816856420326107,SCANNED_ROWS,"{""count"":2048,""offset"":0,""partition"":""0x7f554c038060""}"
56ae806af7ff8a2,1,1762816856419992806,SCANNED_ROWS,"{""count"":2048,""offset"":0,""partition"":""0x7f554c0fe880""}"
56ae806af7ff8a2,1,1762816856420361263,SCANNED_ROWS,"{""count"":2048,""offset"":0,""partition"":""0x7f554c0fea90""}"
56ae806af7ff8a2,1,1762816856420262086,SCANNED_ROWS,"{""count"":2048,""offset"":0,""partition"":""0x7f554c05f6d0""}"
56ae806af7ff8a2,1,1762816856420405067,SCANNED_ROWS,"{""count"":2048,""offset"":0,""partition"":""0x7f554c05f880""}"
56ae806af7ff8a2,1,1762816856420299439,SCANNED_ROWS,"{""count"":2048,""offset"":0,""partition"":""0x7f5550051a90""}"
56ae806af7ff8a2,1,1762816856420442259,SCANNED_ROWS,"{""count"":2048,""offset"":0,""partition"":""0x7f55500366a0""}"
56ae806af7ff8a2,1,1762816856420451823,SCANNED_ROWS,"{""count"":2048,""offset"":0,""partition"":""0x7f55500525d0""}"
56ae806af7ff8a2,1,1762816856420453859,SCANNED_ROWS,"{""count"":2048,""offset"":0,""partition"":""0x7f555003da40""}"
56ae806af7ff8a2,1,1762816856420479321,SCANNED_ROWS,"{""count"":2048,""offset"":0,""partition"":""0x7f555003c700""}"
56ae806af7ff8a2,1,1762816856420504751,SCANNED_ROWS,"{""count"":2048,""offset"":0,""partition"":""0x7f5550035350""}"
56ae806af7ff8a2,1,1762816856420420362,SCANNED_ROWS,"{""count"":2048,""offset"":0,""partition"":""0x7f554c05fa70""}"
56ae806af7ff8a2,1,1762816856420543730,SCANNED_ROWS,"{""count"":2048,""offset"":0,""partition"":""0x7f554c05fc80""}"
56ae806af7ff8a2,1,1762816856420335833,SCANNED_ROWS,"{""count"":2048,""offset"":0,""partition"":""0x7f554c0540b0""}"
56ae806af7ff8a2,1,1762816856420583830,SCANNED_ROWS,"{""count"":2048,""offset"":0,""partition"":""0x7f554c03f450""}"
56ae806af7ff8a2,1,1762816856420376439,SCANNED_ROWS,"{""count"":2048,""offset"":0,""partition"":""0x7f554c0fe080""}"
56ae806af7ff8a2,1,1762816856420620946,SCANNED_ROWS,"{""count"":2048,""offset"":0,""partition"":""0x7f554c0fe230""}"
56ae806af7ff8a2,1,1762816856420517309,SCANNED_ROWS,"{""count"":2048,""offset"":0,""partition"":""0x7f5550051a90""}"
56ae806af7ff8a2,1,1762816856420656985,SCANNED_ROWS,"{""count"":2048,""offset"":0,""partition"":""0x7f55500366a0""}"
56ae806af7ff8a2,1,1762816856420701403,SCANNED_ROWS,"{""count"":2048,""offset"":0,""partition"":""0x7f55500525d0""}"
56ae806af7ff8a2,1,1762816856420708878,SCANNED_ROWS,"{""count"":2048,""offset"":0,""partition"":""0x7f555003da40""}"
56ae806af7ff8a2,1,1762816856420598263,SCANNED_ROWS,"{""count"":2048,""offset"":0,""partition"":""0x7f554c03e130""}"
56ae806af7ff8a2,1,1762816856420739521,SCANNED_ROWS,"{""count"":2048,""offset"":0,""partition"":""0x7f554c036d10""}"
56ae806af7ff8a2,1,1762816856420788345,SCANNED_ROWS,"{""count"":2048,""offset"":0,""partition"":""0x7f554c053480""}"
56ae806af7ff8a2,1,1762816856420819160,SCANNED_ROWS,"{""count"":2048,""offset"":0,""partition"":""0x7f554c038060""}"
56ae806af7ff8a2,1,1762816856420828714,SCANNED_ROWS,"{""count"":2048,""offset"":0,""partition"":""0x7f554c0540b0""}"
56ae806af7ff8a2,1,1762816856420714339,SCANNED_ROWS,"{""count"":2048,""offset"":0,""partition"":""0x7f555003c700""}"
56ae806af7ff8a2,1,1762816856420861533,SCANNED_ROWS,"{""count"":2048,""offset"":0,""partition"":""0x7f5550035350""}"
56ae806af7ff8a2,1,1762816856420635206,SCANNED_ROWS,"{""count"":2048,""offset"":0,""partition"":""0x7f554c0fe420""}"
56ae806af7ff8a2,1,1762816856420898132,SCANNED_ROWS,"{""count"":2048,""offset"":0,""partition"":""0x7f554c0fe630""}"
56ae806af7ff8a2,1,1762816856420555492,SCANNED_ROWS,"{""count"":2048,""offset"":0,""partition"":""0x7f554c05fed0""}"
56ae806af7ff8a2,1,1762816856420939130,SCANNED_ROWS,"{""count"":2048,""offset"":0,""partition"":""0x7f554c0600e0""}"
56ae806af7ff8a2,1,1762816856420830502,SCANNED_ROWS,"{""count"":2048,""offset"":0,""partition"":""0x7f554c03f450""}"
56ae806af7ff8a2,1,1762816856420955426,SCANNED_ROWS,"{""count"":2048,""offset"":0,""partition"":""0x7f554c05f6d0""}"
56ae806af7ff8a2,1,1762816856420976559,SCANNED_ROWS,"{""count"":2048,""offset"":0,""partition"":""0x7f554c05f880""}"
56ae806af7ff8a2,1,1762816856421026697,SCANNED_ROWS,"{""count"":2048,""offset"":0,""partition"":""0x7f554c05fa70""}"
56ae806af7ff8a2,1,1762816856421052654,SCANNED_ROWS,"{""count"":2048,""offset"":0,""partition"":""0x7f554c05fc80""}"
56ae806af7ff8a2,1,1762816856421061335,SCANNED_ROWS,"{""count"":2048,""offset"":0,""partition"":""0x7f554c05fed0""}"
56ae806af7ff8a2,1,1762816856421063102,SCANNED_ROWS,"{""count"":2048,""offset"":0,""partition"":""0x7f554c0600e0""}"
56ae806af7ff8a2,1,1762816856420874598,SCANNED_ROWS,"{""count"":2048,""offset"":0,""partition"":""0x7f5550051a90""}"
56ae806af7ff8a2,1,1762816856421095011,SCANNED_ROWS,"{""count"":2048,""offset"":0,""partition"":""0x7f55500366a0""}"
56ae806af7ff8a2,1,1762816856421124566,SCANNED_ROWS,"{""count"":2048,""offset"":0,""partition"":""0x7f55500525d0""}"
56ae806af7ff8a2,1,1762816856421132105,SCANNED_ROWS,"{""count"":2048,""offset"":0,""partition"":""0x7f555003da40""}"
56ae806af7ff8a2,1,1762816856421139774,SCANNED_ROWS,"{""count"":2047,""offset"":0,""partition"":""0x7f555003c700""}"
56ae806af7ff8a2,1,1762816856421142854,SCANNED_ROWS,"{""count"":1,""offset"":2047,""partition"":""0x7f555003ee50""}"
56ae806af7ff8a2,1,1762816856421144879,SCANNED_ROWS,"{""count"":2048,""offset"":0,""partition"":""0x7f5550035350""}"
56ae806af7ff8a2,1,1762816856421149403,SCANNED_ROWS,"{""count"":2047,""offset"":0,""partition"":""0x7f5550051a90""}"
56ae806af7ff8a2,1,1762816856421151730,SCANNED_ROWS,"{""count"":1,""offset"":2047,""partition"":""0x7f55500401b0""}"
56ae806af7ff8a2,1,1762816856420981508,SCANNED_ROWS,"{""count"":2048,""offset"":0,""partition"":""0x7f554c03e130""}"
56ae806af7ff8a2,1,1762816856421183769,SCANNED_ROWS,"{""count"":2048,""offset"":0,""partition"":""0x7f554c036d10""}"
56ae806af7ff8a2,1,1762816856421067916,SCANNED_ROWS,"{""count"":2048,""offset"":0,""partition"":""0x7f554c05f6d0""}"
56ae806af7ff8a2,1,1762816856421209123,SCANNED_ROWS,"{""count"":2048,""offset"":0,""partition"":""0x7f554c053480""}"
56ae806af7ff8a2,1,1762816856421216814,SCANNED_ROWS,"{""count"":2048,""offset"":0,""partition"":""0x7f554c038060""}"
56ae806af7ff8a2,1,1762816856421219054,SCANNED_ROWS,"{""count"":2048,""offset"":0,""partition"":""0x7f554c0540b0""}"
56ae806af7ff8a2,1,1762816856421220573,SCANNED_ROWS,"{""count"":2048,""offset"":0,""partition"":""0x7f554c03f450""}"
56ae806af7ff8a2,1,1762816856421222601,SCANNED_ROWS,"{""count"":2048,""offset"":0,""partition"":""0x7f554c05f880""}"
56ae806af7ff8a2,1,1762816856421256292,SCANNED_ROWS,"{""count"":2048,""offset"":0,""partition"":""0x7f554c05fa70""}"
56ae806af7ff8a2,1,1762816856421301098,SCANNED_ROWS,"{""count"":2048,""offset"":0,""partition"":""0x7f554c05fc80""}"
56ae806af7ff8a2,1,1762816856421309769,SCANNED_ROWS,"{""count"":2048,""offset"":0,""partition"":""0x7f554c05fed0""}"
56ae806af7ff8a2,1,1762816856421334843,SCANNED_ROWS,"{""count"":2048,""offset"":0,""partition"":""0x7f554c0600e0""}"
56ae806af7ff8a2,1,1762816856420908321,SCANNED_ROWS,"{""count"":2048,""offset"":0,""partition"":""0x7f554c0fe880""}"
56ae806af7ff8a2,1,1762816856421376009,SCANNED_ROWS,"{""count"":2048,""offset"":0,""partition"":""0x7f554c0fea90""}"
56ae806af7ff8a2,1,1762816856421153238,SCANNED_ROWS,"{""count"":2048,""offset"":0,""partition"":""0x7f55500366a0""}"
56ae806af7ff8a2,1,1762816856421416141,SCANNED_ROWS,"{""count"":2047,""offset"":0,""partition"":""0x7f55500525d0""}"
56ae806af7ff8a2,1,1762816856421425899,SCANNED_ROWS,"{""count"":1,""offset"":2047,""partition"":""0x7f5550040510""}"
56ae806af7ff8a2,1,1762816856421446601,SCANNED_ROWS,"{""count"":2048,""offset"":0,""partition"":""0x7f555003da40""}"
56ae806af7ff8a2,1,1762816856421349491,SCANNED_ROWS,"{""count"":2048,""offset"":0,""partition"":""0x7f554c05f6d0""}"
56ae806af7ff8a2,1,1762816856421487314,SCANNED_ROWS,"{""count"":2048,""offset"":0,""partition"":""0x7f554c05f880""}"
56ae806af7ff8a2,1,1762816856421391853,SCANNED_ROWS,"{""count"":2048,""offset"":0,""partition"":""0x7f554c0fe080""}"
56ae806af7ff8a2,1,1762816856421523719,SCANNED_ROWS,"{""count"":2048,""offset"":0,""partition"":""0x7f554c0fe230""}"
56ae806af7ff8a2,1,1762816856421574450,SCANNED_ROWS,"{""count"":2048,""offset"":0,""partition"":""0x7f554c0fe420""}"
56ae806af7ff8a2,1,1762816856421600084,SCANNED_ROWS,"{""count"":2048,""offset"":0,""partition"":""0x7f554c0fe630""}"
56ae806af7ff8a2,1,1762816856421608625,SCANNED_ROWS,"{""count"":2048,""offset"":0,""partition"":""0x7f554c0fe880""}"
56ae806af7ff8a2,1,1762816856421610456,SCANNED_ROWS,"{""count"":2048,""offset"":0,""partition"":""0x7f554c0fea90""}"
56ae806af7ff8a2,1,1762816856421502199,SCANNED_ROWS,"{""count"":2048,""offset"":0,""partition"":""0x7f554c05fa70""}"
56ae806af7ff8a2,1,1762816856421641610,SCANNED_ROWS,"{""count"":2048,""offset"":0,""partition"":""0x7f554c05fc80""}"
56ae806af7ff8a2,1,1762816856421227272,SCANNED_ROWS,"{""count"":2048,""offset"":0,""partition"":""0x7f554c03e130""}"
56ae806af7ff8a2,1,1762816856421678675,SCANNED_ROWS,"{""count"":2048,""offset"":0,""partition"":""0x7f554c036d10""}"
56ae806af7ff8a2,1,1762816856421460333,EVAL_STATISTICS_START,"{""statistic"":""0x7f555003eea0""}"
56ae806af7ff8a2,1,1762816856421717895,EVAL_ADDITIONAL_STATISTICS_START,"{""statistic"":""0x7f555003eea0"",""type""type:""error""}"
56ae806af7ff8a2,1,1762816856421746190,EVAL_STATISTICS_END,"{""statistic"":""0x7f555003eea0"",""filter_propagate_result"":0}"
56ae806af7ff8a2,1,1762816856421757973,SCANNED_ROWS,"{""count"":2048,""offset"":0,""partition"":""0x7f555003ee50""}"
56ae806af7ff8a2,1,1762816856421778319,SCANNED_ROWS,"{""count"":2048,""offset"":0,""partition"":""0x7f5550035350""}"
56ae806af7ff8a2,1,1762816856421691137,SCANNED_ROWS,"{""count"":2048,""offset"":0,""partition"":""0x7f554c053480""}"
56ae806af7ff8a2,1,1762816856421820562,SCANNED_ROWS,"{""count"":2048,""offset"":0,""partition"":""0x7f554c038060""}"
56ae806af7ff8a2,1,1762816856421848781,SCANNED_ROWS,"{""count"":2048,""offset"":0,""partition"":""0x7f554c0540b0""}"
56ae806af7ff8a2,1,1762816856421651573,SCANNED_ROWS,"{""count"":2048,""offset"":0,""partition"":""0x7f554c05fed0""}"
56ae806af7ff8a2,1,1762816856421887750,SCANNED_ROWS,"{""count"":2048,""offset"":0,""partition"":""0x7f554c0600e0""}"
56ae806af7ff8a2,1,1762816856421792375,SCANNED_ROWS,"{""count"":2048,""offset"":0,""partition"":""0x7f55500401b0""}"
56ae806af7ff8a2,1,1762816856421925706,SCANNED_ROWS,"{""count"":2048,""offset"":0,""partition"":""0x7f55500366a0""}"
56ae806af7ff8a2,1,1762816856421616886,SCANNED_ROWS,"{""count"":2048,""offset"":0,""partition"":""0x7f554c0fe080""}"
56ae806af7ff8a2,1,1762816856421964445,SCANNED_ROWS,"{""count"":2048,""offset"":0,""partition"":""0x7f554c0fe230""}"
56ae806af7ff8a2,1,1762816856421858690,SCANNED_ROWS,"{""count"":2048,""offset"":0,""partition"":""0x7f554c03f450""}"
56ae806af7ff8a2,1,1762816856422012949,SCANNED_ROWS,"{""count"":2048,""offset"":0,""partition"":""0x7f554c03e130""}"
56ae806af7ff8a2,1,1762816856422063873,SCANNED_ROWS,"{""count"":2048,""offset"":0,""partition"":""0x7f554c036d10""}"
56ae806af7ff8a2,1,1762816856421936444,SCANNED_ROWS,"{""count"":2048,""offset"":0,""partition"":""0x7f5550040510""}"
56ae806af7ff8a2,1,1762816856422102645,SCANNED_ROWS,"{""count"":2048,""offset"":0,""partition"":""0x7f555003da40""}"
56ae806af7ff8a2,1,1762816856422156208,SCANNED_ROWS,"{""count"":2048,""offset"":0,""partition"":""0x7f555003ee50""}"
56ae806af7ff8a2,1,1762816856422181993,SCANNED_ROWS,"{""count"":2048,""offset"":0,""partition"":""0x7f5550035350""}"
56ae806af7ff8a2,1,1762816856422075236,SCANNED_ROWS,"{""count"":2048,""offset"":0,""partition"":""0x7f554c053480""}"
56ae806af7ff8a2,1,1762816856422225403,SCANNED_ROWS,"{""count"":2048,""offset"":0,""partition"":""0x7f554c038060""}"
56ae806af7ff8a2,1,1762816856422235398,SCANNED_ROWS,"{""count"":2048,""offset"":0,""partition"":""0x7f554c0540b0""}"
56ae806af7ff8a2,1,1762816856422237197,SCANNED_ROWS,"{""count"":2048,""offset"":0,""partition"":""0x7f554c03f450""}"
56ae806af7ff8a2,1,1762816856421978608,SCANNED_ROWS,"{""count"":2048,""offset"":0,""partition"":""0x7f554c0fe420""}"
56ae806af7ff8a2,1,1762816856422272805,SCANNED_ROWS,"{""count"":2048,""offset"":0,""partition"":""0x7f554c0fe630""}"
56ae806af7ff8a2,1,1762816856421903324,SCANNED_ROWS,"{""count"":2048,""offset"":0,""partition"":""0x7f554c05f6d0""}"
56ae806af7ff8a2,1,1762816856422312516,SCANNED_ROWS,"{""count"":2048,""offset"":0,""partition"":""0x7f554c05f880""}"
56ae806af7ff8a2,1,1762816856422195144,SCANNED_ROWS,"{""count"":2048,""offset"":0,""partition"":""0x7f55500401b0""}"
56ae806af7ff8a2,1,1762816856422351323,SCANNED_ROWS,"{""count"":2048,""offset"":0,""partition"":""0x7f55500366a0""}"
56ae806af7ff8a2,1,1762816856422397530,SCANNED_ROWS,"{""count"":2048,""offset"":0,""partition"":""0x7f5550040510""}"
56ae806af7ff8a2,1,1762816856422405059,SCANNED_ROWS,"{""count"":2048,""offset"":0,""partition"":""0x7f555003da40""}"
56ae806af7ff8a2,1,1762816856422431684,SCANNED_ROWS,"{""count"":2048,""offset"":0,""partition"":""0x7f555003ee50""}"
56ae806af7ff8a2,1,1762816856422457060,SCANNED_ROWS,"{""count"":2048,""offset"":0,""partition"":""0x7f5550035350""}"
56ae806af7ff8a2,1,1762816856422244488,SCANNED_ROWS,"{""count"":2047,""offset"":0,""partition"":""0x7f554c03e130""}"
56ae806af7ff8a2,1,1762816856422497770,SCANNED_ROWS,"{""count"":1,""offset"":2047,""partition"":""0x7f554c040770""}"
56ae806af7ff8a2,1,1762816856422524223,SCANNED_ROWS,"{""count"":2048,""offset"":0,""partition"":""0x7f554c036d10""}"
56ae806af7ff8a2,1,1762816856422327197,SCANNED_ROWS,"{""count"":2048,""offset"":0,""partition"":""0x7f554c05fa70""}"
56ae806af7ff8a2,1,1762816856422571629,SCANNED_ROWS,"{""count"":2048,""offset"":0,""partition"":""0x7f554c05fc80""}"
56ae806af7ff8a2,1,1762816856422469953,SCANNED_ROWS,"{""count"":2048,""offset"":0,""partition"":""0x7f55500401b0""}"
56ae806af7ff8a2,1,1762816856422602056,SCANNED_ROWS,"{""count"":2048,""offset"":0,""partition"":""0x7f554c05fed0""}"
56ae806af7ff8a2,1,1762816856422609714,SCANNED_ROWS,"{""count"":2048,""offset"":0,""partition"":""0x7f554c0600e0""}"
56ae806af7ff8a2,1,1762816856422611836,SCANNED_ROWS,"{""count"":2048,""offset"":0,""partition"":""0x7f55500366a0""}"
56ae806af7ff8a2,1,1762816856422536793,SCANNED_ROWS,"{""count"":2047,""offset"":0,""partition"":""0x7f554c053480""}"
56ae806af7ff8a2,1,1762816856422640766,SCANNED_ROWS,"{""count"":2048,""offset"":0,""partition"":""0x7f5550040510""}"
56ae806af7ff8a2,1,1762816856422648424,SCANNED_ROWS,"{""count"":2048,""offset"":0,""partition"":""0x7f555003da40""}"
56ae806af7ff8a2,1,1762816856422284534,SCANNED_ROWS,"{""count"":2048,""offset"":0,""partition"":""0x7f554c0fe880""}"
56ae806af7ff8a2,1,1762816856422618352,SCANNED_ROWS,"{""count"":2048,""offset"":0,""partition"":""0x7f554c05f6d0""}"
56ae806af7ff8a2,1,1762816856422686941,SCANNED_ROWS,"{""count"":2048,""offset"":0,""partition"":""0x7f554c0fea90""}"
56ae806af7ff8a2,1,1762816856422692907,SCANNED_ROWS,"{""count"":2048,""offset"":0,""partition"":""0x7f554c05f880""}"
56ae806af7ff8a2,1,1762816856422656050,SCANNED_ROWS,"{""count"":2048,""offset"":0,""partition"":""0x7f555003ee50""}"
56ae806af7ff8a2,1,1762816856422729679,SCANNED_ROWS,"{""count"":2048,""offset"":0,""partition"":""0x7f554c05fa70""}"
56ae806af7ff8a2,1,1762816856422738608,SCANNED_ROWS,"{""count"":2048,""offset"":0,""partition"":""0x7f554c05fc80""}"
56ae806af7ff8a2,1,1762816856422653815,SCANNED_ROWS,"{""count"":1,""offset"":2047,""partition"":""0x7f554c041ad0""}"
56ae806af7ff8a2,1,1762816856422702601,SCANNED_ROWS,"{""count"":2048,""offset"":0,""partition"":""0x7f554c0fe080""}"
56ae806af7ff8a2,1,1762816856422768906,SCANNED_ROWS,"{""count"":2048,""offset"":0,""partition"":""0x7f554c038060""}"
56ae806af7ff8a2,1,1762816856422778384,SCANNED_ROWS,"{""count"":2047,""offset"":0,""partition"":""0x7f554c0540b0""}"
56ae806af7ff8a2,1,1762816856422781950,SCANNED_ROWS,"{""count"":2048,""offset"":0,""partition"":""0x7f554c0fe230""}"
56ae806af7ff8a2,1,1762816856422745922,SCANNED_ROWS,"{""count"":2048,""offset"":0,""partition"":""0x7f5550035350""}"
56ae806af7ff8a2,1,1762816856422815684,SCANNED_ROWS,"{""count"":2048,""offset"":0,""partition"":""0x7f554c0fe420""}"
56ae806af7ff8a2,1,1762816856422823245,SCANNED_ROWS,"{""count"":2048,""offset"":0,""partition"":""0x7f554c0fe630""}"
56ae806af7ff8a2,1,1762816856422826476,SCANNED_ROWS,"{""count"":2048,""offset"":0,""partition"":""0x7f554c0fe880""}"
56ae806af7ff8a2,1,1762816856422827984,SCANNED_ROWS,"{""count"":2048,""offset"":0,""partition"":""0x7f554c0fea90""}"
56ae806af7ff8a2,1,1762816856422782262,SCANNED_ROWS,"{""count"":1,""offset"":2047,""partition"":""0x7f554c041e30""}"
56ae806af7ff8a2,1,1762816856422859377,SCANNED_ROWS,"{""count"":2048,""offset"":0,""partition"":""0x7f554c03f450""}"
56ae806af7ff8a2,1,1762816856422832260,SCANNED_ROWS,"{""count"":2048,""offset"":0,""partition"":""0x7f55500401b0""}"
56ae806af7ff8a2,1,1762816856422895097,SCANNED_ROWS,"{""count"":2048,""offset"":0,""partition"":""0x7f55500366a0""}"
56ae806af7ff8a2,1,1762816856422940678,SCANNED_ROWS,"{""count"":2048,""offset"":0,""partition"":""0x7f5550040510""}"
56ae806af7ff8a2,1,1762816856422948218,SCANNED_ROWS,"{""count"":2048,""offset"":0,""partition"":""0x7f555003da40""}"
56ae806af7ff8a2,1,1762816856422740859,SCANNED_ROWS,"{""count"":2048,""offset"":0,""partition"":""0x7f554c05fed0""}"
56ae806af7ff8a2,1,1762816856422981586,SCANNED_ROWS,"{""count"":2048,""offset"":0,""partition"":""0x7f554c0600e0""}"
56ae806af7ff8a2,1,1762816856423033232,SCANNED_ROWS,"{""count"":2047,""offset"":0,""partition"":""0x7f554c05f6d0""}"
56ae806af7ff8a2,1,1762816856423061979,SCANNED_ROWS,"{""count"":1,""offset"":2047,""partition"":""0x7f554c061700""}"
56ae806af7ff8a2,1,1762816856423070929,SCANNED_ROWS,"{""count"":2048,""offset"":0,""partition"":""0x7f554c05f880""}"
56ae806af7ff8a2,1,1762816856423094819,SCANNED_ROWS,"{""count"":2047,""offset"":0,""partition"":""0x7f554c05fa70""}"
56ae806af7ff8a2,1,1762816856423123329,SCANNED_ROWS,"{""count"":1,""offset"":2047,""partition"":""0x7f554c062a70""}"
56ae806af7ff8a2,1,1762816856423131332,SCANNED_ROWS,"{""count"":2048,""offset"":0,""partition"":""0x7f554c05fc80""}"
56ae806af7ff8a2,1,1762816856423153595,SCANNED_ROWS,"{""count"":2047,""offset"":0,""partition"":""0x7f554c05fed0""}"
56ae806af7ff8a2,1,1762816856422955467,SCANNED_ROWS,"{""count"":2048,""offset"":0,""partition"":""0x7f555003ee50""}"
56ae806af7ff8a2,1,1762816856423191206,SCANNED_ROWS,"{""count"":2048,""offset"":0,""partition"":""0x7f5550035350""}"
56ae806af7ff8a2,1,1762816856422873918,EVAL_STATISTICS_START,"{""statistic"":""0x7f554c0407c0""}"
56ae806af7ff8a2,1,1762816856423233956,EVAL_ADDITIONAL_STATISTICS_START,"{""statistic"":""0x7f554c0407c0"",""type""type:""error""}"
56ae806af7ff8a2,1,1762816856423262574,EVAL_STATISTICS_END,"{""statistic"":""0x7f554c0407c0"",""filter_propagate_result"":0}"
56ae806af7ff8a2,1,1762816856423273754,SCANNED_ROWS,"{""count"":2048,""offset"":0,""partition"":""0x7f554c040770""}"
56ae806af7ff8a2,1,1762816856423276112,SCANNED_ROWS,"{""count"":2048,""offset"":0,""partition"":""0x7f554c036d10""}"
56ae806af7ff8a2,1,1762816856423163601,SCANNED_ROWS,"{""count"":1,""offset"":2047,""partition"":""0x7f554c063de0""}"
56ae806af7ff8a2,1,1762816856423319174,SCANNED_ROWS,"{""count"":2048,""offset"":0,""partition"":""0x7f554c0600e0""}"
56ae806af7ff8a2,1,1762816856423205908,SCANNED_ROWS,"{""count"":2048,""offset"":0,""partition"":""0x7f55500401b0""}"
56ae806af7ff8a2,1,1762816856423359144,SCANNED_ROWS,"{""count"":2048,""offset"":0,""partition"":""0x7f55500366a0""}"
56ae806af7ff8a2,1,1762816856423388344,SCANNED_ROWS,"{""count"":2048,""offset"":0,""partition"":""0x7f5550040510""}"
56ae806af7ff8a2,1,1762816856423395905,SCANNED_ROWS,"{""count"":2048,""offset"":0,""partition"":""0x7f555003da40""}"
56ae806af7ff8a2,1,1762816856423284352,SCANNED_ROWS,"{""count"":2048,""offset"":0,""partition"":""0x7f554c041ad0""}"
56ae806af7ff8a2,1,1762816856423426146,SCANNED_ROWS,"{""count"":2048,""offset"":0,""partition"":""0x7f554c038060""}"
56ae806af7ff8a2,1,1762816856423437143,SCANNED_ROWS,"{""count"":2048,""offset"":0,""partition"":""0x7f554c041e30""}"
56ae806af7ff8a2,1,1762816856423334113,EVAL_STATISTICS_START,"{""statistic"":""0x7f554c061750""}"
56ae806af7ff8a2,1,1762816856423457026,SCANNED_ROWS,"{""count"":2048,""offset"":0,""partition"":""0x7f554c03f450""}"
56ae806af7ff8a2,1,1762816856422834931,SCANNED_ROWS,"{""count"":2048,""offset"":0,""partition"":""0x7f554c0fe080""}"
56ae806af7ff8a2,1,1762816856423403627,SCANNED_ROWS,"{""count"":2048,""offset"":0,""partition"":""0x7f555003ee50""}"
56ae806af7ff8a2,1,1762816856423497710,SCANNED_ROWS,"{""count"":2048,""offset"":0,""partition"":""0x7f554c0fe230""}"
56ae806af7ff8a2,1,1762816856423469889,EVAL_ADDITIONAL_STATISTICS_START,"{""statistic"":""0x7f554c061750"",""type""type:""error""}"
56ae806af7ff8a2,1,1762816856423470909,SCANNED_ROWS,"{""count"":2048,""offset"":0,""partition"":""0x7f554c040770""}"
56ae806af7ff8a2,1,1762816856423536636,EVAL_STATISTICS_END,"{""statistic"":""0x7f554c061750"",""filter_propagate_result"":0}"
56ae806af7ff8a2,1,1762816856423511023,SCANNED_ROWS,"{""count"":2048,""offset"":0,""partition"":""0x7f554c0fe420""}"
56ae806af7ff8a2,1,1762816856423555096,SCANNED_ROWS,"{""count"":2048,""offset"":0,""partition"":""0x7f554c036d10""}"
56ae806af7ff8a2,1,1762816856423515558,SCANNED_ROWS,"{""count"":2048,""offset"":0,""partition"":""0x7f5550035350""}"
56ae806af7ff8a2,1,1762816856423576154,SCANNED_ROWS,"{""count"":2048,""offset"":0,""partition"":""0x7f554c0fe630""}"
56ae806af7ff8a2,1,1762816856423547331,SCANNED_ROWS,"{""count"":2048,""offset"":0,""partition"":""0x7f554c061700""}"
56ae806af7ff8a2,1,1762816856423604492,SCANNED_ROWS,"{""count"":2048,""offset"":0,""partition"":""0x7f554c0fe880""}"
56ae806af7ff8a2,1,1762816856423612042,SCANNED_ROWS,"{""count"":2048,""offset"":0,""partition"":""0x7f554c0fea90""}"
56ae806af7ff8a2,1,1762816856423570671,SCANNED_ROWS,"{""count"":2048,""offset"":0,""partition"":""0x7f554c041ad0""}"
56ae806af7ff8a2,1,1762816856423582117,SCANNED_ROWS,"{""count"":2048,""offset"":0,""partition"":""0x7f55500401b0""}"
56ae806af7ff8a2,1,1762816856423641898,SCANNED_ROWS,"{""count"":2048,""offset"":0,""partition"":""0x7f554c038060""}"
56ae806af7ff8a2,1,1762816856423650698,SCANNED_ROWS,"{""count"":2048,""offset"":0,""partition"":""0x7f554c041e30""}"
56ae806af7ff8a2,1,1762816856423652453,SCANNED_ROWS,"{""count"":2048,""offset"":0,""partition"":""0x7f554c03f450""}"
56ae806af7ff8a2,1,1762816856423612580,SCANNED_ROWS,"{""count"":2048,""offset"":0,""partition"":""0x7f554c05f880""}"
56ae806af7ff8a2,1,1762816856423659584,SCANNED_ROWS,"{""count"":2048,""offset"":0,""partition"":""0x7f55500366a0""}"
56ae806af7ff8a2,1,1762816856423698984,SCANNED_ROWS,"{""count"":2048,""offset"":0,""partition"":""0x7f5550040510""}"
56ae806af7ff8a2,1,1762816856423707460,SCANNED_ROWS,"{""count"":2048,""offset"":0,""partition"":""0x7f555003da40""}"
56ae806af7ff8a2,1,1762816856423660370,SCANNED_ROWS,"{""count"":2048,""offset"":0,""partition"":""0x7f554c040770""}"
56ae806af7ff8a2,1,1762816856423755713,SCANNED_ROWS,"{""count"":2048,""offset"":0,""partition"":""0x7f554c036d10""}"
56ae806af7ff8a2,1,1762816856423620400,SCANNED_ROWS,"{""count"":2048,""offset"":0,""partition"":""0x7f554c0fe080""}"
56ae806af7ff8a2,1,1762816856423790309,SCANNED_ROWS,"{""count"":2048,""offset"":0,""partition"":""0x7f554c041ad0""}"
56ae806af7ff8a2,1,1762816856423798075,SCANNED_ROWS,"{""count"":2048,""offset"":0,""partition"":""0x7f554c038060""}"
56ae806af7ff8a2,1,1762816856423800250,SCANNED_ROWS,"{""count"":2048,""offset"":0,""partition"":""0x7f554c0fe230""}"
56ae806af7ff8a2,1,1762816856423716960,SCANNED_ROWS,"{""count"":2048,""offset"":0,""partition"":""0x7f555003ee50""}"
56ae806af7ff8a2,1,1762816856423833144,SCANNED_ROWS,"{""count"":2048,""offset"":0,""partition"":""0x7f554c0fe420""}"
56ae806af7ff8a2,1,1762816856423841825,SCANNED_ROWS,"{""count"":2048,""offset"":0,""partition"":""0x7f554c0fe630""}"
56ae806af7ff8a2,1,1762816856423843484,SCANNED_ROWS,"{""count"":2048,""offset"":0,""partition"":""0x7f5550035350""}"
56ae806af7ff8a2,1,1762816856423672110,SCANNED_ROWS,"{""count"":2048,""offset"":0,""partition"":""0x7f554c062a70""}"
56ae806af7ff8a2,1,1762816856423879954,SCANNED_ROWS,"{""count"":2048,""offset"":0,""partition"":""0x7f55500401b0""}"
56ae806af7ff8a2,1,1762816856423890913,SCANNED_ROWS,"{""count"":2048,""offset"":0,""partition"":""0x7f554c05fc80""}"
56ae806af7ff8a2,1,1762816856423801413,SCANNED_ROWS,"{""count"":2048,""offset"":0,""partition"":""0x7f554c041e30""}"
56ae806af7ff8a2,1,1762816856423928347,SCANNED_ROWS,"{""count"":2048,""offset"":0,""partition"":""0x7f554c03f450""}"
56ae806af7ff8a2,1,1762816856423844238,SCANNED_ROWS,"{""count"":2048,""offset"":0,""partition"":""0x7f554c0fe880""}"
56ae806af7ff8a2,1,1762816856423952678,SCANNED_ROWS,"{""count"":2048,""offset"":0,""partition"":""0x7f554c040770""}"
56ae806af7ff8a2,1,1762816856423954692,SCANNED_ROWS,"{""count"":2048,""offset"":0,""partition"":""0x7f554c036d10""}"
56ae806af7ff8a2,1,1762816856423960832,SCANNED_ROWS,"{""count"":2048,""offset"":0,""partition"":""0x7f554c041ad0""}"
56ae806af7ff8a2,1,1762816856423962103,SCANNED_ROWS,"{""count"":2048,""offset"":0,""partition"":""0x7f554c038060""}"
56ae806af7ff8a2,1,1762816856423963546,SCANNED_ROWS,"{""count"":2048,""offset"":0,""partition"":""0x7f554c041e30""}"
56ae806af7ff8a2,1,1762816856423965011,SCANNED_ROWS,"{""count"":2048,""offset"":0,""partition"":""0x7f554c03f450""}"
56ae806af7ff8a2,1,1762816856423967337,SCANNED_ROWS,"{""count"":2048,""offset"":0,""partition"":""0x7f554c040770""}"
56ae806af7ff8a2,1,1762816856423968339,SCANNED_ROWS,"{""count"":2048,""offset"":0,""partition"":""0x7f554c0fea90""}"
56ae806af7ff8a2,1,1762816856423904602,SCANNED_ROWS,"{""count"":2048,""offset"":0,""partition"":""0x7f554c063de0""}"
56ae806af7ff8a2,1,1762816856424001491,SCANNED_ROWS,"{""count"":2047,""offset"":0,""partition"":""0x7f554c0fe080""}"
56ae806af7ff8a2,1,1762816856424011179,SCANNED_ROWS,"{""count"":2048,""offset"":0,""partition"":""0x7f554c0600e0""}"
56ae806af7ff8a2,1,1762816856423968543,SCANNED_ROWS,"{""count"":2048,""offset"":0,""partition"":""0x7f554c036d10""}"
56ae806af7ff8a2,1,1762816856424048866,SCANNED_ROWS,"{""count"":2048,""offset"":0,""partition"":""0x7f554c061700""}"
56ae806af7ff8a2,1,1762816856424058710,SCANNED_ROWS,"{""count"":2048,""offset"":0,""partition"":""0x7f554c05f880""}"
56ae806af7ff8a2,1,1762816856424012574,SCANNED_ROWS,"{""count"":1,""offset"":2047,""partition"":""0x7f554c100040""}"
56ae806af7ff8a2,1,1762816856424102144,SCANNED_ROWS,"{""count"":2048,""offset"":0,""partition"":""0x7f554c0fe230""}"
56ae806af7ff8a2,1,1762816856424142567,SCANNED_ROWS,"{""count"":2047,""offset"":0,""partition"":""0x7f554c0fe420""}"
56ae806af7ff8a2,1,1762816856424176387,SCANNED_ROWS,"{""count"":1,""offset"":2047,""partition"":""0x7f554c1013b0""}"
56ae806af7ff8a2,1,1762816856424206803,SCANNED_ROWS,"{""count"":2048,""offset"":0,""partition"":""0x7f554c0fe630""}"
56ae806af7ff8a2,1,1762816856424260151,SCANNED_ROWS,"{""count"":2047,""offset"":0,""partition"":""0x7f554c0fe880""}"
56ae806af7ff8a2,1,1762816856424293206,SCANNED_ROWS,"{""count"":1,""offset"":2047,""partition"":""0x7f554c101f10""}"
56ae806af7ff8a2,1,1762816856424323515,SCANNED_ROWS,"{""count"":2048,""offset"":0,""partition"":""0x7f554c0fea90""}"
56ae806af7ff8a2,1,1762816856424383325,EVAL_STATISTICS_START,"{""statistic"":""0x7f554c100090""}"
56ae806af7ff8a2,1,1762816856424413397,EVAL_ADDITIONAL_STATISTICS_START,"{""statistic"":""0x7f554c100090"",""type""type:""error""}"
56ae806af7ff8a2,1,1762816856424443803,EVAL_STATISTICS_END,"{""statistic"":""0x7f554c100090"",""filter_propagate_result"":0}"
56ae806af7ff8a2,1,1762816856424478216,SCANNED_ROWS,"{""count"":2048,""offset"":0,""partition"":""0x7f554c100040""}"
56ae806af7ff8a2,1,1762816856424510151,SCANNED_ROWS,"{""count"":2048,""offset"":0,""partition"":""0x7f554c0fe230""}"
56ae806af7ff8a2,1,1762816856424059308,SCANNED_ROWS,"{""count"":2048,""offset"":0,""partition"":""0x7f554c041ad0""}"
56ae806af7ff8a2,1,1762816856424549569,SCANNED_ROWS,"{""count"":2048,""offset"":0,""partition"":""0x7f554c038060""}"
56ae806af7ff8a2,1,1762816856423896993,SCANNED_ROWS,"{""count"":2048,""offset"":0,""partition"":""0x7f55500366a0""}"
56ae806af7ff8a2,1,1762816856424593980,SCANNED_ROWS,"{""count"":2048,""offset"":0,""partition"":""0x7f5550040510""}"
56ae806af7ff8a2,1,1762816856424621596,SCANNED_ROWS,"{""count"":2048,""offset"":0,""partition"":""0x7f555003da40""}"
56ae806af7ff8a2,1,1762816856424527568,SCANNED_ROWS,"{""count"":2048,""offset"":0,""partition"":""0x7f554c1013b0""}"
56ae806af7ff8a2,1,1762816856424659679,SCANNED_ROWS,"{""count"":2048,""offset"":0,""partition"":""0x7f554c0fe630""}"
56ae806af7ff8a2,1,1762816856424670449,SCANNED_ROWS,"{""count"":2048,""offset"":0,""partition"":""0x7f554c101f10""}"
56ae806af7ff8a2,1,1762816856424691345,SCANNED_ROWS,"{""count"":2048,""offset"":0,""partition"":""0x7f554c0fea90""}"
56ae806af7ff8a2,1,1762816856424742560,SCANNED_ROWS,"{""count"":2048,""offset"":0,""partition"":""0x7f554c100040""}"
56ae806af7ff8a2,1,1762816856424768431,SCANNED_ROWS,"{""count"":2048,""offset"":0,""partition"":""0x7f554c0fe230""}"
56ae806af7ff8a2,1,1762816856424559640,SCANNED_ROWS,"{""count"":2048,""offset"":0,""partition"":""0x7f554c041e30""}"
56ae806af7ff8a2,1,1762816856424807850,SCANNED_ROWS,"{""count"":2048,""offset"":0,""partition"":""0x7f554c03f450""}"
56ae806af7ff8a2,1,1762816856424069707,SCANNED_ROWS,"{""count"":2048,""offset"":0,""partition"":""0x7f554c062a70""}"
56ae806af7ff8a2,1,1762816856424846878,SCANNED_ROWS,"{""count"":2048,""offset"":0,""partition"":""0x7f554c05fc80""}"
56ae806af7ff8a2,1,1762816856424874656,SCANNED_ROWS,"{""count"":2048,""offset"":0,""partition"":""0x7f554c063de0""}"
56ae806af7ff8a2,1,1762816856424919010,SCANNED_ROWS,"{""count"":2048,""offset"":0,""partition"":""0x7f554c0600e0""}"
56ae806af7ff8a2,1,1762816856424822993,SCANNED_ROWS,"{""count"":2048,""offset"":0,""partition"":""0x7f554c040770""}"
56ae806af7ff8a2,1,1762816856424961447,SCANNED_ROWS,"{""count"":2048,""offset"":0,""partition"":""0x7f554c036d10""}"
56ae806af7ff8a2,1,1762816856424635932,SCANNED_ROWS,"{""count"":2048,""offset"":0,""partition"":""0x7f555003ee50""}"
56ae806af7ff8a2,1,1762816856424999833,SCANNED_ROWS,"{""count"":2048,""offset"":0,""partition"":""0x7f5550035350""}"
56ae806af7ff8a2,1,1762816856424780020,SCANNED_ROWS,"{""count"":2048,""offset"":0,""partition"":""0x7f554c1013b0""}"
56ae806af7ff8a2,1,1762816856425040235,SCANNED_ROWS,"{""count"":2048,""offset"":0,""partition"":""0x7f554c0fe630""}"
56ae806af7ff8a2,1,1762816856425068045,SCANNED_ROWS,"{""count"":2048,""offset"":0,""partition"":""0x7f554c101f10""}"
56ae806af7ff8a2,1,1762816856425075692,SCANNED_ROWS,"{""count"":2048,""offset"":0,""partition"":""0x7f554c0fea90""}"
56ae806af7ff8a2,1,1762816856424976386,SCANNED_ROWS,"{""count"":2048,""offset"":0,""partition"":""0x7f554c041ad0""}"
56ae806af7ff8a2,1,1762816856425108823,SCANNED_ROWS,"{""count"":2048,""offset"":0,""partition"":""0x7f554c038060""}"
56ae806af7ff8a2,1,1762816856425119066,SCANNED_ROWS,"{""count"":2048,""offset"":0,""partition"":""0x7f554c041e30""}"
56ae806af7ff8a2,1,1762816856425139089,SCANNED_ROWS,"{""count"":2048,""offset"":0,""partition"":""0x7f554c03f450""}"
56ae806af7ff8a2,1,1762816856424933012,SCANNED_ROWS,"{""count"":2048,""offset"":0,""partition"":""0x7f554c061700""}"
56ae806af7ff8a2,1,1762816856425177896,SCANNED_ROWS,"{""count"":2048,""offset"":0,""partition"":""0x7f554c05f880""}"
56ae806af7ff8a2,1,1762816856425215335,SCANNED_ROWS,"{""count"":2048,""offset"":0,""partition"":""0x7f554c062a70""}"
56ae806af7ff8a2,1,1762816856425241605,SCANNED_ROWS,"{""count"":2048,""offset"":0,""partition"":""0x7f554c05fc80""}"
56ae806af7ff8a2,1,1762816856425250308,SCANNED_ROWS,"{""count"":2048,""offset"":0,""partition"":""0x7f554c063de0""}"
56ae806af7ff8a2,1,1762816856425153446,SCANNED_ROWS,"{""count"":2048,""offset"":0,""partition"":""0x7f554c040770""}"
56ae806af7ff8a2,1,1762816856425271246,SCANNED_ROWS,"{""count"":2048,""offset"":0,""partition"":""0x7f554c0600e0""}"
56ae806af7ff8a2,1,1762816856425083329,SCANNED_ROWS,"{""count"":2048,""offset"":0,""partition"":""0x7f554c100040""}"
56ae806af7ff8a2,1,1762816856425014557,SCANNED_ROWS,"{""count"":2048,""offset"":0,""partition"":""0x7f55500401b0""}"
56ae806af7ff8a2,1,1762816856425313801,SCANNED_ROWS,"{""count"":2048,""offset"":0,""partition"":""0x7f554c0fe230""}"
56ae806af7ff8a2,1,1762816856425322418,SCANNED_ROWS,"{""count"":2048,""offset"":0,""partition"":""0x7f55500366a0""}"
56ae806af7ff8a2,1,1762816856425285399,SCANNED_ROWS,"{""count"":2048,""offset"":0,""partition"":""0x7f554c061700""}"
56ae806af7ff8a2,1,1762816856425350734,SCANNED_ROWS,"{""count"":2048,""offset"":0,""partition"":""0x7f5550040510""}"
56ae806af7ff8a2,1,1762816856425358317,SCANNED_ROWS,"{""count"":2048,""offset"":0,""partition"":""0x7f555003da40""}"
56ae806af7ff8a2,1,1762816856425283435,SCANNED_ROWS,"{""count"":2048,""offset"":0,""partition"":""0x7f554c036d10""}"
56ae806af7ff8a2,1,1762816856425326952,SCANNED_ROWS,"{""count"":2048,""offset"":0,""partition"":""0x7f554c1013b0""}"
56ae806af7ff8a2,1,1762816856425396235,SCANNED_ROWS,"{""count"":2048,""offset"":0,""partition"":""0x7f554c041ad0""}"
56ae806af7ff8a2,1,1762816856425409446,SCANNED_ROWS,"{""count"":2048,""offset"":0,""partition"":""0x7f554c0fe630""}"
56ae806af7ff8a2,1,1762816856425366147,SCANNED_ROWS,"{""count"":2048,""offset"":0,""partition"":""0x7f555003ee50""}"
56ae806af7ff8a2,1,1762816856425361139,SCANNED_ROWS,"{""count"":2048,""offset"":0,""partition"":""0x7f554c05f880""}"
56ae806af7ff8a2,1,1762816856425454015,SCANNED_ROWS,"{""count"":2048,""offset"":0,""partition"":""0x7f5550035350""}"
56ae806af7ff8a2,1,1762816856425420755,SCANNED_ROWS,"{""count"":2048,""offset"":0,""partition"":""0x7f554c101f10""}"
56ae806af7ff8a2,1,1762816856425495924,SCANNED_ROWS,"{""count"":2048,""offset"":0,""partition"":""0x7f554c0fea90""}"
56ae806af7ff8a2,1,1762816856425468620,SCANNED_ROWS,"{""count"":2048,""offset"":0,""partition"":""0x7f554c062a70""}"
56ae806af7ff8a2,1,1762816856425533159,SCANNED_ROWS,"{""count"":2048,""offset"":0,""partition"":""0x7f554c05fc80""}"
56ae806af7ff8a2,1,1762816856425542756,SCANNED_ROWS,"{""count"":2048,""offset"":0,""partition"":""0x7f554c063de0""}"
56ae806af7ff8a2,1,1762816856425563015,SCANNED_ROWS,"{""count"":2048,""offset"":0,""partition"":""0x7f554c0600e0""}"
56ae806af7ff8a2,1,1762816856425422559,SCANNED_ROWS,"{""count"":2048,""offset"":0,""partition"":""0x7f554c038060""}"
56ae806af7ff8a2,1,1762816856425604878,SCANNED_ROWS,"{""count"":2048,""offset"":0,""partition"":""0x7f554c041e30""}"
56ae806af7ff8a2,1,1762816856425511294,SCANNED_ROWS,"{""count"":2048,""offset"":0,""partition"":""0x7f554c100040""}"
56ae806af7ff8a2,1,1762816856425640748,SCANNED_ROWS,"{""count"":2048,""offset"":0,""partition"":""0x7f554c0fe230""}"
56ae806af7ff8a2,1,1762816856425469030,SCANNED_ROWS,"{""count"":2048,""offset"":0,""partition"":""0x7f55500401b0""}"
56ae806af7ff8a2,1,1762816856425680008,SCANNED_ROWS,"{""count"":2048,""offset"":0,""partition"":""0x7f55500366a0""}"
56ae806af7ff8a2,1,1762816856425577125,SCANNED_ROWS,"{""count"":2048,""offset"":0,""partition"":""0x7f554c061700""}"
56ae806af7ff8a2,1,1762816856425718367,SCANNED_ROWS,"{""count"":2048,""offset"":0,""partition"":""0x7f554c05f880""}"
56ae806af7ff8a2,1,1762816856425612762,SCANNED_ROWS,"{""count"":2048,""offset"":0,""partition"":""0x7f554c03f450""}"
56ae806af7ff8a2,1,1762816856425767681,SCANNED_ROWS,"{""count"":2048,""offset"":0,""partition"":""0x7f554c040770""}"
56ae806af7ff8a2,1,1762816856425817765,SCANNED_ROWS,"{""count"":2048,""offset"":0,""partition"":""0x7f554c036d10""}"
56ae806af7ff8a2,1,1762816856425689841,SCANNED_ROWS,"{""count"":2048,""offset"":0,""partition"":""0x7f5550040510""}"
56ae806af7ff8a2,1,1762816856425857434,SCANNED_ROWS,"{""count"":2048,""offset"":0,""partition"":""0x7f555003da40""}"
56ae806af7ff8a2,1,1762816856425732768,SCANNED_ROWS,"{""count"":2048,""offset"":0,""partition"":""0x7f554c062a70""}"
56ae806af7ff8a2,1,1762816856425902203,SCANNED_ROWS,"{""count"":2048,""offset"":0,""partition"":""0x7f554c05fc80""}"
56ae806af7ff8a2,1,1762816856425653048,SCANNED_ROWS,"{""count"":2048,""offset"":0,""partition"":""0x7f554c1013b0""}"
56ae806af7ff8a2,1,1762816856425946078,SCANNED_ROWS,"{""count"":2048,""offset"":0,""partition"":""0x7f554c0fe630""}"
56ae806af7ff8a2,1,1762816856425974448,SCANNED_ROWS,"{""count"":2048,""offset"":0,""partition"":""0x7f554c101f10""}"
56ae806af7ff8a2,1,1762816856425982095,SCANNED_ROWS,"{""count"":2048,""offset"":0,""partition"":""0x7f554c0fea90""}"
56ae806af7ff8a2,1,1762816856426008128,SCANNED_ROWS,"{""count"":2048,""offset"":0,""partition"":""0x7f554c100040""}"
56ae806af7ff8a2,1,1762816856426033935,SCANNED_ROWS,"{""count"":2048,""offset"":0,""partition"":""0x7f554c0fe230""}"
56ae806af7ff8a2,1,1762816856425831487,SCANNED_ROWS,"{""count"":2048,""offset"":0,""partition"":""0x7f554c041ad0""}"
56ae806af7ff8a2,1,1762816856426080163,SCANNED_ROWS,"{""count"":2048,""offset"":0,""partition"":""0x7f554c038060""}"
56ae806af7ff8a2,1,1762816856425872567,SCANNED_ROWS,"{""count"":2048,""offset"":0,""partition"":""0x7f555003ee50""}"
56ae806af7ff8a2,1,1762816856426119519,SCANNED_ROWS,"{""count"":2048,""offset"":0,""partition"":""0x7f5550035350""}"
56ae806af7ff8a2,1,1762816856425916226,SCANNED_ROWS,"{""count"":2048,""offset"":0,""partition"":""0x7f554c063de0""}"
56ae806af7ff8a2,1,1762816856426159274,SCANNED_ROWS,"{""count"":2048,""offset"":0,""partition"":""0x7f554c0600e0""}"
56ae806af7ff8a2,1,1762816856426048012,SCANNED_ROWS,"{""count"":2048,""offset"":0,""partition"":""0x7f554c1013b0""}"
56ae806af7ff8a2,1,1762816856426197252,SCANNED_ROWS,"{""count"":2048,""offset"":0,""partition"":""0x7f554c0fe630""}"
56ae806af7ff8a2,1,1762816856426206763,SCANNED_ROWS,"{""count"":2048,""offset"":0,""partition"":""0x7f554c101f10""}"
56ae806af7ff8a2,1,1762816856426226484,SCANNED_ROWS,"{""count"":2048,""offset"":0,""partition"":""0x7f554c0fea90""}"
56ae806af7ff8a2,1,1762816856426134135,SCANNED_ROWS,"{""count"":2048,""offset"":0,""partition"":""0x7f55500401b0""}"
56ae806af7ff8a2,1,1762816856426266874,SCANNED_ROWS,"{""count"":2048,""offset"":0,""partition"":""0x7f55500366a0""}"
56ae806af7ff8a2,1,1762816856426276848,SCANNED_ROWS,"{""count"":2048,""offset"":0,""partition"":""0x7f5550040510""}"
56ae806af7ff8a2,1,1762816856426278614,SCANNED_ROWS,"{""count"":2048,""offset"":0,""partition"":""0x7f555003da40""}"
56ae806af7ff8a2,1,1762816856426175376,SCANNED_ROWS,"{""count"":2048,""offset"":0,""partition"":""0x7f554c061700""}"
56ae806af7ff8a2,1,1762816856426311799,SCANNED_ROWS,"{""count"":2048,""offset"":0,""partition"":""0x7f554c05f880""}"
56ae806af7ff8a2,1,1762816856426091440,SCANNED_ROWS,"{""count"":2048,""offset"":0,""partition"":""0x7f554c041e30""}"
56ae806af7ff8a2,1,1762816856426348190,SCANNED_ROWS,"{""count"":2048,""offset"":0,""partition"":""0x7f554c03f450""}"
56ae806af7ff8a2,1,1762816856426240346,SCANNED_ROWS,"{""count"":2048,""offset"":0,""partition"":""0x7f554c100040""}"
56ae806af7ff8a2,1,1762816856426388110,SCANNED_ROWS,"{""count"":2048,""offset"":0,""partition"":""0x7f554c0fe230""}"
56ae806af7ff8a2,1,1762816856426400561,SCANNED_ROWS,"{""count"":2048,""offset"":0,""partition"":""0x7f554c1013b0""}"
56ae806af7ff8a2,1,1762816856426420573,SCANNED_ROWS,"{""count"":2048,""offset"":0,""partition"":""0x7f554c0fe630""}"
56ae806af7ff8a2,1,1762816856426429125,SCANNED_ROWS,"{""count"":2048,""offset"":0,""partition"":""0x7f554c101f10""}"
56ae806af7ff8a2,1,1762816856426430892,SCANNED_ROWS,"{""count"":2048,""offset"":0,""partition"":""0x7f554c0fea90""}"
56ae806af7ff8a2,1,1762816856426461782,SCANNED_ROWS,"{""count"":2048,""offset"":0,""partition"":""0x7f554c100040""}"
56ae806af7ff8a2,1,1762816856426487471,SCANNED_ROWS,"{""count"":2048,""offset"":0,""partition"":""0x7f554c0fe230""}"
56ae806af7ff8a2,1,1762816856426499297,SCANNED_ROWS,"{""count"":2048,""offset"":0,""partition"":""0x7f554c1013b0""}"
56ae806af7ff8a2,1,1762816856426519255,SCANNED_ROWS,"{""count"":2048,""offset"":0,""partition"":""0x7f554c0fe630""}"
56ae806af7ff8a2,1,1762816856426563448,SCANNED_ROWS,"{""count"":2048,""offset"":0,""partition"":""0x7f554c101f10""}"
56ae806af7ff8a2,1,1762816856426570987,SCANNED_ROWS,"{""count"":2048,""offset"":0,""partition"":""0x7f554c0fea90""}"
56ae806af7ff8a2,1,1762816856426363959,SCANNED_ROWS,"{""count"":2048,""offset"":0,""partition"":""0x7f554c040770""}"
56ae806af7ff8a2,1,1762816856426606692,SCANNED_ROWS,"{""count"":2048,""offset"":0,""partition"":""0x7f554c036d10""}"
56ae806af7ff8a2,1,1762816856426285798,SCANNED_ROWS,"{""count"":2048,""offset"":0,""partition"":""0x7f555003ee50""}"
56ae806af7ff8a2,1,1762816856426646135,SCANNED_ROWS,"{""count"":2048,""offset"":0,""partition"":""0x7f5550035350""}"
56ae806af7ff8a2,1,1762816856426326706,SCANNED_ROWS,"{""count"":2048,""offset"":0,""partition"":""0x7f554c062a70""}"
56ae806af7ff8a2,1,1762816856426682518,SCANNED_ROWS,"{""count"":2048,""offset"":0,""partition"":""0x7f554c05fc80""}"
56ae806af7ff8a2,1,1762816856426576222,SCANNED_ROWS,"{""count"":2048,""offset"":0,""partition"":""0x7f554c100040""}"
56ae806af7ff8a2,1,1762816856426722130,SCANNED_ROWS,"{""count"":2048,""offset"":0,""partition"":""0x7f554c0fe230""}"
56ae806af7ff8a2,1,1762816856426619606,SCANNED_ROWS,"{""count"":2048,""offset"":0,""partition"":""0x7f554c041ad0""}"
56ae806af7ff8a2,1,1762816856426757385,SCANNED_ROWS,"{""count"":2048,""offset"":0,""partition"":""0x7f554c038060""}"
56ae806af7ff8a2,1,1762816856426768501,SCANNED_ROWS,"{""count"":2048,""offset"":0,""partition"":""0x7f554c041e30""}"
56ae806af7ff8a2,1,1762816856426770289,SCANNED_ROWS,"{""count"":2048,""offset"":0,""partition"":""0x7f554c03f450""}"
56ae806af7ff8a2,1,1762816856426660341,SCANNED_ROWS,"{""count"":2048,""offset"":0,""partition"":""0x7f55500401b0""}"
56ae806af7ff8a2,1,1762816856426798843,SCANNED_ROWS,"{""count"":2048,""offset"":0,""partition"":""0x7f55500366a0""}"
56ae806af7ff8a2,1,1762816856426807804,SCANNED_ROWS,"{""count"":2048,""offset"":0,""partition"":""0x7f5550040510""}"
56ae806af7ff8a2,1,1762816856426809549,SCANNED_ROWS,"{""count"":2048,""offset"":0,""partition"":""0x7f555003da40""}"
56ae806af7ff8a2,1,1762816856426692168,SCANNED_ROWS,"{""count"":2048,""offset"":0,""partition"":""0x7f554c063de0""}"
56ae806af7ff8a2,1,1762816856426846999,SCANNED_ROWS,"{""count"":2048,""offset"":0,""partition"":""0x7f554c0600e0""}"
56ae806af7ff8a2,1,1762816856426882639,SCANNED_ROWS,"{""count"":2048,""offset"":0,""partition"":""0x7f554c061700""}"
56ae806af7ff8a2,1,1762816856426908640,SCANNED_ROWS,"{""count"":2048,""offset"":0,""partition"":""0x7f554c05f880""}"
56ae806af7ff8a2,1,1762816856426816765,SCANNED_ROWS,"{""count"":2048,""offset"":0,""partition"":""0x7f555003ee50""}"
56ae806af7ff8a2,1,1762816856426946758,SCANNED_ROWS,"{""count"":2048,""offset"":0,""partition"":""0x7f5550035350""}"
56ae806af7ff8a2,1,1762816856426996659,SCANNED_ROWS,"{""count"":2048,""offset"":0,""partition"":""0x7f55500401b0""}"
56ae806af7ff8a2,1,1762816856427022573,SCANNED_ROWS,"{""count"":2048,""offset"":0,""partition"":""0x7f55500366a0""}"
56ae806af7ff8a2,1,1762816856427031136,SCANNED_ROWS,"{""count"":2048,""offset"":0,""partition"":""0x7f5550040510""}"
56ae806af7ff8a2,1,1762816856427032892,SCANNED_ROWS,"{""count"":2048,""offset"":0,""partition"":""0x7f555003da40""}"
56ae806af7ff8a2,1,1762816856427057277,SCANNED_ROWS,"{""count"":2048,""offset"":0,""partition"":""0x7f555003ee50""}"
56ae806af7ff8a2,1,1762816856427083213,SCANNED_ROWS,"{""count"":2048,""offset"":0,""partition"":""0x7f5550035350""}"
56ae806af7ff8a2,1,1762816856427094877,SCANNED_ROWS,"{""count"":2048,""offset"":0,""partition"":""0x7f55500401b0""}"
56ae806af7ff8a2,1,1762816856427114889,SCANNED_ROWS,"{""count"":2048,""offset"":0,""partition"":""0x7f55500366a0""}"
56ae806af7ff8a2,1,1762816856427146502,SCANNED_ROWS,"{""count"":2048,""offset"":0,""partition"":""0x7f5550040510""}"
56ae806af7ff8a2,1,1762816856427156325,SCANNED_ROWS,"{""count"":2048,""offset"":0,""partition"":""0x7f555003da40""}"
56ae806af7ff8a2,1,1762816856427180085,SCANNED_ROWS,"{""count"":2048,""offset"":0,""partition"":""0x7f555003ee50""}"
56ae806af7ff8a2,1,1762816856427206990,SCANNED_ROWS,"{""count"":2048,""offset"":0,""partition"":""0x7f5550035350""}"
56ae806af7ff8a2,1,1762816856426922071,SCANNED_ROWS,"{""count"":2048,""offset"":0,""partition"":""0x7f554c062a70""}"
56ae806af7ff8a2,1,1762816856427248662,SCANNED_ROWS,"{""count"":2048,""offset"":0,""partition"":""0x7f554c05fc80""}"
56ae806af7ff8a2,1,1762816856427258808,SCANNED_ROWS,"{""count"":2048,""offset"":0,""partition"":""0x7f554c063de0""}"
56ae806af7ff8a2,1,1762816856427279014,SCANNED_ROWS,"{""count"":2048,""offset"":0,""partition"":""0x7f554c0600e0""}"
56ae806af7ff8a2,1,1762816856427329831,SCANNED_ROWS,"{""count"":2048,""offset"":0,""partition"":""0x7f554c061700""}"
56ae806af7ff8a2,1,1762816856427355799,SCANNED_ROWS,"{""count"":2048,""offset"":0,""partition"":""0x7f554c05f880""}"
56ae806af7ff8a2,1,1762816856426737133,SCANNED_ROWS,"{""count"":2048,""offset"":0,""partition"":""0x7f554c1013b0""}"
56ae806af7ff8a2,1,1762816856427396803,SCANNED_ROWS,"{""count"":2048,""offset"":0,""partition"":""0x7f554c0fe630""}"
56ae806af7ff8a2,1,1762816856426777247,SCANNED_ROWS,"{""count"":2048,""offset"":0,""partition"":""0x7f554c040770""}"
56ae806af7ff8a2,1,1762816856427436332,SCANNED_ROWS,"{""count"":2048,""offset"":0,""partition"":""0x7f554c036d10""}"
56ae806af7ff8a2,1,1762816856427219204,SCANNED_ROWS,"{""count"":2048,""offset"":0,""partition"":""0x7f55500401b0""}"
56ae806af7ff8a2,1,1762816856427473125,SCANNED_ROWS,"{""count"":2048,""offset"":0,""partition"":""0x7f55500366a0""}"
56ae806af7ff8a2,1,1762816856427483336,SCANNED_ROWS,"{""count"":2048,""offset"":0,""partition"":""0x7f5550040510""}"
56ae806af7ff8a2,1,1762816856427502734,SCANNED_ROWS,"{""count"":2048,""offset"":0,""partition"":""0x7f555003da40""}"
56ae806af7ff8a2,1,1762816856427407585,SCANNED_ROWS,"{""count"":2048,""offset"":0,""partition"":""0x7f554c101f10""}"
56ae806af7ff8a2,1,1762816856427543135,SCANNED_ROWS,"{""count"":2048,""offset"":0,""partition"":""0x7f554c0fea90""}"
56ae806af7ff8a2,1,1762816856427451293,SCANNED_ROWS,"{""count"":2048,""offset"":0,""partition"":""0x7f554c041ad0""}"
56ae806af7ff8a2,1,1762816856427590483,SCANNED_ROWS,"{""count"":2048,""offset"":0,""partition"":""0x7f554c038060""}"
56ae806af7ff8a2,1,1762816856427368853,SCANNED_ROWS,"{""count"":2048,""offset"":0,""partition"":""0x7f554c062a70""}"
56ae806af7ff8a2,1,1762816856427628105,SCANNED_ROWS,"{""count"":2048,""offset"":0,""partition"":""0x7f554c05fc80""}"
56ae806af7ff8a2,1,1762816856427516574,SCANNED_ROWS,"{""count"":2048,""offset"":0,""partition"":""0x7f555003ee50""}"
56ae806af7ff8a2,1,1762816856427656766,SCANNED_ROWS,"{""count"":2048,""offset"":0,""partition"":""0x7f554c063de0""}"
56ae806af7ff8a2,1,1762816856427664413,SCANNED_ROWS,"{""count"":2048,""offset"":0,""partition"":""0x7f554c0600e0""}"
56ae806af7ff8a2,1,1762816856427666837,SCANNED_ROWS,"{""count"":2048,""offset"":0,""partition"":""0x7f5550035350""}"
56ae806af7ff8a2,1,1762816856427600565,SCANNED_ROWS,"{""count"":2048,""offset"":0,""partition"":""0x7f554c041e30""}"
56ae806af7ff8a2,1,1762816856427701228,SCANNED_ROWS,"{""count"":2048,""offset"":0,""partition"":""0x7f55500401b0""}"
56ae806af7ff8a2,1,1762816856427671683,SCANNED_ROWS,"{""count"":2048,""offset"":0,""partition"":""0x7f554c061700""}"
56ae806af7ff8a2,1,1762816856427727045,SCANNED_ROWS,"{""count"":2048,""offset"":0,""partition"":""0x7f55500366a0""}"
56ae806af7ff8a2,1,1762816856427735511,SCANNED_ROWS,"{""count"":2048,""offset"":0,""partition"":""0x7f5550040510""}"
56ae806af7ff8a2,1,1762816856427737235,SCANNED_ROWS,"{""count"":2048,""offset"":0,""partition"":""0x7f555003da40""}"
56ae806af7ff8a2,1,1762816856427561155,SCANNED_ROWS,"{""count"":2048,""offset"":0,""partition"":""0x7f554c100040""}"
56ae806af7ff8a2,1,1762816856427707508,SCANNED_ROWS,"{""count"":2048,""offset"":0,""partition"":""0x7f554c03f450""}"
56ae806af7ff8a2,1,1762816856427773252,SCANNED_ROWS,"{""count"":2048,""offset"":0,""partition"":""0x7f554c0fe230""}"
56ae806af7ff8a2,1,1762816856427744074,SCANNED_ROWS,"{""count"":2046,""offset"":0,""partition"":""0x7f555003ee50""}"
56ae806af7ff8a2,1,1762816856427746013,SCANNED_ROWS,"{""count"":2048,""offset"":0,""partition"":""0x7f554c05f880""}"
56ae806af7ff8a2,1,1762816856427815786,SCANNED_ROWS,"{""count"":2,""offset"":2046,""partition"":""0x7f5550040830""}"
56ae806af7ff8a2,1,1762816856427823864,SCANNED_ROWS,"{""count"":2048,""offset"":0,""partition"":""0x7f5550035350""}"
56ae806af7ff8a2,1,1762816856427786727,SCANNED_ROWS,"{""count"":2048,""offset"":0,""partition"":""0x7f554c1013b0""}"
56ae806af7ff8a2,1,1762816856427838459,SCANNED_ROWS,"{""count"":2048,""offset"":0,""partition"":""0x7f554c062a70""}"
56ae806af7ff8a2,1,1762816856427857512,SCANNED_ROWS,"{""count"":2048,""offset"":0,""partition"":""0x7f554c0fe630""}"
56ae806af7ff8a2,1,1762816856427865245,SCANNED_ROWS,"{""count"":2048,""offset"":0,""partition"":""0x7f554c05fc80""}"
56ae806af7ff8a2,1,1762816856427800938,SCANNED_ROWS,"{""count"":2048,""offset"":0,""partition"":""0x7f554c040770""}"
56ae806af7ff8a2,1,1762816856427892679,SCANNED_ROWS,"{""count"":2048,""offset"":0,""partition"":""0x7f554c063de0""}"
56ae806af7ff8a2,1,1762816856427900304,SCANNED_ROWS,"{""count"":2048,""offset"":0,""partition"":""0x7f554c0600e0""}"
56ae806af7ff8a2,1,1762816856427867345,SCANNED_ROWS,"{""count"":2048,""offset"":0,""partition"":""0x7f554c101f10""}"
56ae806af7ff8a2,1,1762816856427831878,SCANNED_ROWS,"{""count"":2046,""offset"":0,""partition"":""0x7f55500401b0""}"
56ae806af7ff8a2,1,1762816856427932929,SCANNED_ROWS,"{""count"":2048,""offset"":0,""partition"":""0x7f554c0fea90""}"
56ae806af7ff8a2,1,1762816856427905560,SCANNED_ROWS,"{""count"":2048,""offset"":0,""partition"":""0x7f554c036d10""}"
56ae806af7ff8a2,1,1762816856427985103,SCANNED_ROWS,"{""count"":2048,""offset"":0,""partition"":""0x7f554c041ad0""}"
56ae806af7ff8a2,1,1762816856428031912,SCANNED_ROWS,"{""count"":2048,""offset"":0,""partition"":""0x7f554c038060""}"
56ae806af7ff8a2,1,1762816856428040734,SCANNED_ROWS,"{""count"":2048,""offset"":0,""partition"":""0x7f554c041e30""}"
56ae806af7ff8a2,1,1762816856427949193,SCANNED_ROWS,"{""count"":2048,""offset"":0,""partition"":""0x7f554c100040""}"
56ae806af7ff8a2,1,1762816856428072655,SCANNED_ROWS,"{""count"":2048,""offset"":0,""partition"":""0x7f554c0fe230""}"
56ae806af7ff8a2,1,1762816856427908113,SCANNED_ROWS,"{""count"":2048,""offset"":0,""partition"":""0x7f554c061700""}"
56ae806af7ff8a2,1,1762816856428110382,SCANNED_ROWS,"{""count"":2048,""offset"":0,""partition"":""0x7f554c05f880""}"
56ae806af7ff8a2,1,1762816856427946812,SCANNED_ROWS,"{""count"":2,""offset"":2046,""partition"":""0x7f5550047bd0""}"
56ae806af7ff8a2,1,1762816856428148352,SCANNED_ROWS,"{""count"":2048,""offset"":0,""partition"":""0x7f55500366a0""}"
56ae806af7ff8a2,1,1762816856428157625,SCANNED_ROWS,"{""count"":2046,""offset"":0,""partition"":""0x7f5550040510""}"
56ae806af7ff8a2,1,1762816856428042565,SCANNED_ROWS,"{""count"":2048,""offset"":0,""partition"":""0x7f554c03f450""}"
56ae806af7ff8a2,1,1762816856428179748,SCANNED_ROWS,"{""count"":2,""offset"":2046,""partition"":""0x7f5550048720""}"
56ae806af7ff8a2,1,1762816856428217392,SCANNED_ROWS,"{""count"":2048,""offset"":0,""partition"":""0x7f555003da40""}"
56ae806af7ff8a2,1,1762816856428085838,SCANNED_ROWS,"{""count"":2048,""offset"":0,""partition"":""0x7f554c1013b0""}"
56ae806af7ff8a2,1,1762816856428257883,SCANNED_ROWS,"{""count"":2048,""offset"":0,""partition"":""0x7f554c0fe630""}"
56ae806af7ff8a2,1,1762816856428287513,SCANNED_ROWS,"{""count"":2048,""offset"":0,""partition"":""0x7f554c101f10""}"
56ae806af7ff8a2,1,1762816856428295010,SCANNED_ROWS,"{""count"":2048,""offset"":0,""partition"":""0x7f554c0fea90""}"
56ae806af7ff8a2,1,1762816856428125192,SCANNED_ROWS,"{""count"":2048,""offset"":0,""partition"":""0x7f554c062a70""}"
56ae806af7ff8a2,1,1762816856428330898,SCANNED_ROWS,"{""count"":2048,""offset"":0,""partition"":""0x7f554c05fc80""}"
56ae806af7ff8a2,1,1762816856428340925,SCANNED_ROWS,"{""count"":2048,""offset"":0,""partition"":""0x7f554c063de0""}"
56ae806af7ff8a2,1,1762816856428361336,SCANNED_ROWS,"{""count"":2048,""offset"":0,""partition"":""0x7f554c0600e0""}"
56ae806af7ff8a2,1,1762816856428412174,SCANNED_ROWS,"{""count"":2048,""offset"":0,""partition"":""0x7f554c061700""}"
56ae806af7ff8a2,1,1762816856428438390,SCANNED_ROWS,"{""count"":2048,""offset"":0,""partition"":""0x7f554c05f880""}"
56ae806af7ff8a2,1,1762816856428231093,EVAL_STATISTICS_START,"{""statistic"":""0x7f5550040880""}"
56ae806af7ff8a2,1,1762816856428487182,EVAL_ADDITIONAL_STATISTICS_START,"{""statistic"":""0x7f5550040880"",""type""type:""error""}"
56ae806af7ff8a2,1,1762816856428539441,EVAL_STATISTICS_END,"{""statistic"":""0x7f5550040880"",""filter_propagate_result"":0}"
56ae806af7ff8a2,1,1762816856428302528,SCANNED_ROWS,"{""count"":2048,""offset"":0,""partition"":""0x7f554c100040""}"
56ae806af7ff8a2,1,1762816856428575987,SCANNED_ROWS,"{""count"":2048,""offset"":0,""partition"":""0x7f554c0fe230""}"
56ae806af7ff8a2,1,1762816856428451412,SCANNED_ROWS,"{""count"":2048,""offset"":0,""partition"":""0x7f554c062a70""}"
56ae806af7ff8a2,1,1762816856428615979,SCANNED_ROWS,"{""count"":2048,""offset"":0,""partition"":""0x7f554c05fc80""}"
56ae806af7ff8a2,1,1762816856428663715,SCANNED_ROWS,"{""count"":2048,""offset"":0,""partition"":""0x7f554c063de0""}"
56ae806af7ff8a2,1,1762816856428671351,SCANNED_ROWS,"{""count"":2048,""offset"":0,""partition"":""0x7f554c0600e0""}"
56ae806af7ff8a2,1,1762816856428699032,SCANNED_ROWS,"{""count"":2048,""offset"":0,""partition"":""0x7f554c061700""}"
56ae806af7ff8a2,1,1762816856428725463,SCANNED_ROWS,"{""count"":2048,""offset"":0,""partition"":""0x7f554c05f880""}"
56ae806af7ff8a2,1,1762816856428738712,SCANNED_ROWS,"{""count"":2048,""offset"":0,""partition"":""0x7f554c062a70""}"
56ae806af7ff8a2,1,1762816856428759165,SCANNED_ROWS,"{""count"":2048,""offset"":0,""partition"":""0x7f554c05fc80""}"
56ae806af7ff8a2,1,1762816856428767814,SCANNED_ROWS,"{""count"":2048,""offset"":0,""partition"":""0x7f554c063de0""}"
56ae806af7ff8a2,1,1762816856428769581,SCANNED_ROWS,"{""count"":2048,""offset"":0,""partition"":""0x7f554c0600e0""}"
56ae806af7ff8a2,1,1762816856428549523,SCANNED_ROWS,"{""count"":2048,""offset"":0,""partition"":""0x7f5550040830""}"
56ae806af7ff8a2,1,1762816856428801257,SCANNED_ROWS,"{""count"":2048,""offset"":0,""partition"":""0x7f5550035350""}"
56ae806af7ff8a2,1,1762816856428588976,SCANNED_ROWS,"{""count"":2048,""offset"":0,""partition"":""0x7f554c1013b0""}"
56ae806af7ff8a2,1,1762816856428839666,SCANNED_ROWS,"{""count"":2048,""offset"":0,""partition"":""0x7f554c0fe630""}"
56ae806af7ff8a2,1,1762816856428849553,SCANNED_ROWS,"{""count"":2048,""offset"":0,""partition"":""0x7f554c101f10""}"
56ae806af7ff8a2,1,1762816856428870287,SCANNED_ROWS,"{""count"":2048,""offset"":0,""partition"":""0x7f554c0fea90""}"
56ae806af7ff8a2,1,1762816856428774287,SCANNED_ROWS,"{""count"":2048,""offset"":0,""partition"":""0x7f554c061700""}"
56ae806af7ff8a2,1,1762816856428912002,SCANNED_ROWS,"{""count"":2048,""offset"":0,""partition"":""0x7f554c05f880""}"
56ae806af7ff8a2,1,1762816856428817359,SCANNED_ROWS,"{""count"":2048,""offset"":0,""partition"":""0x7f5550047bd0""}"
56ae806af7ff8a2,1,1762816856428952457,SCANNED_ROWS,"{""count"":2048,""offset"":0,""partition"":""0x7f55500366a0""}"
56ae806af7ff8a2,1,1762816856428962172,SCANNED_ROWS,"{""count"":2048,""offset"":0,""partition"":""0x7f5550048720""}"
56ae806af7ff8a2,1,1762816856428963950,SCANNED_ROWS,"{""count"":2048,""offset"":0,""partition"":""0x7f555003da40""}"
56ae806af7ff8a2,1,1762816856428970897,SCANNED_ROWS,"{""count"":2048,""offset"":0,""partition"":""0x7f5550040830""}"
56ae806af7ff8a2,1,1762816856428990909,SCANNED_ROWS,"{""count"":2048,""offset"":0,""partition"":""0x7f5550035350""}"
56ae806af7ff8a2,1,1762816856428884117,SCANNED_ROWS,"{""count"":2048,""offset"":0,""partition"":""0x7f554c100040""}"
56ae806af7ff8a2,1,1762816856429027573,SCANNED_ROWS,"{""count"":2048,""offset"":0,""partition"":""0x7f554c0fe230""}"
56ae806af7ff8a2,1,1762816856428927275,SCANNED_ROWS,"{""count"":2048,""offset"":0,""partition"":""0x7f554c062a70""}"
56ae806af7ff8a2,1,1762816856429063386,SCANNED_ROWS,"{""count"":2048,""offset"":0,""partition"":""0x7f554c1013b0""}"
56ae806af7ff8a2,1,1762816856429070645,SCANNED_ROWS,"{""count"":2048,""offset"":0,""partition"":""0x7f554c05fc80""}"
56ae806af7ff8a2,1,1762816856429003091,SCANNED_ROWS,"{""count"":2048,""offset"":0,""partition"":""0x7f5550047bd0""}"
56ae806af7ff8a2,1,1762816856429099209,SCANNED_ROWS,"{""count"":2048,""offset"":0,""partition"":""0x7f554c063de0""}"
56ae806af7ff8a2,1,1762816856429106846,SCANNED_ROWS,"{""count"":2048,""offset"":0,""partition"":""0x7f554c0600e0""}"
56ae806af7ff8a2,1,1762816856429071000,SCANNED_ROWS,"{""count"":2048,""offset"":0,""partition"":""0x7f554c0fe630""}"
56ae806af7ff8a2,1,1762816856428194621,SCANNED_ROWS,"{""count"":2048,""offset"":0,""partition"":""0x7f554c040770""}"
56ae806af7ff8a2,1,1762816856429141904,SCANNED_ROWS,"{""count"":2048,""offset"":0,""partition"":""0x7f554c101f10""}"
56ae806af7ff8a2,1,1762816856429152137,SCANNED_ROWS,"{""count"":2048,""offset"":0,""partition"":""0x7f554c0fea90""}"
56ae806af7ff8a2,1,1762816856429117002,SCANNED_ROWS,"{""count"":2048,""offset"":0,""partition"":""0x7f554c061700""}"
56ae806af7ff8a2,1,1762816856429119232,SCANNED_ROWS,"{""count"":2048,""offset"":0,""partition"":""0x7f55500366a0""}"
56ae806af7ff8a2,1,1762816856429179710,SCANNED_ROWS,"{""count"":2048,""offset"":0,""partition"":""0x7f554c05f880""}"
56ae806af7ff8a2,1,1762816856429155965,SCANNED_ROWS,"{""count"":2048,""offset"":0,""partition"":""0x7f554c036d10""}"
56ae806af7ff8a2,1,1762816856429158276,SCANNED_ROWS,"{""count"":2048,""offset"":0,""partition"":""0x7f554c100040""}"
56ae806af7ff8a2,1,1762816856429228878,SCANNED_ROWS,"{""count"":2048,""offset"":0,""partition"":""0x7f554c041ad0""}"
56ae806af7ff8a2,1,1762816856429196207,SCANNED_ROWS,"{""count"":2048,""offset"":0,""partition"":""0x7f5550048720""}"
56ae806af7ff8a2,1,1762816856429255406,SCANNED_ROWS,"{""count"":2048,""offset"":0,""partition"":""0x7f554c038060""}"
56ae806af7ff8a2,1,1762816856429264131,SCANNED_ROWS,"{""count"":2048,""offset"":0,""partition"":""0x7f554c041e30""}"
56ae806af7ff8a2,1,1762816856429265897,SCANNED_ROWS,"{""count"":2048,""offset"":0,""partition"":""0x7f554c03f450""}"
56ae806af7ff8a2,1,1762816856429273243,SCANNED_ROWS,"{""count"":2048,""offset"":0,""partition"":""0x7f555003da40""}"
56ae806af7ff8a2,1,1762816856429192742,SCANNED_ROWS,"{""count"":2048,""offset"":0,""partition"":""0x7f554c062a70""}"
56ae806af7ff8a2,1,1762816856429306880,SCANNED_ROWS,"{""count"":2048,""offset"":0,""partition"":""0x7f5550040830""}"
56ae806af7ff8a2,1,1762816856429234576,SCANNED_ROWS,"{""count"":2048,""offset"":0,""partition"":""0x7f554c0fe230""}"
56ae806af7ff8a2,1,1762816856429332665,SCANNED_ROWS,"{""count"":2048,""offset"":0,""partition"":""0x7f5550035350""}"
56ae806af7ff8a2,1,1762816856429275623,SCANNED_ROWS,"{""count"":2048,""offset"":0,""partition"":""0x7f554c040770""}"
56ae806af7ff8a2,1,1762816856429354638,SCANNED_ROWS,"{""count"":2048,""offset"":0,""partition"":""0x7f554c1013b0""}"
56ae806af7ff8a2,1,1762816856429370877,SCANNED_ROWS,"{""count"":2048,""offset"":0,""partition"":""0x7f554c036d10""}"
56ae806af7ff8a2,1,1762816856429380423,SCANNED_ROWS,"{""count"":2048,""offset"":0,""partition"":""0x7f554c0fe630""}"
56ae806af7ff8a2,1,1762816856429310305,SCANNED_ROWS,"{""count"":2048,""offset"":0,""partition"":""0x7f554c05fc80""}"
56ae806af7ff8a2,1,1762816856429407167,SCANNED_ROWS,"{""count"":2048,""offset"":0,""partition"":""0x7f554c101f10""}"
56ae806af7ff8a2,1,1762816856429414577,SCANNED_ROWS,"{""count"":2048,""offset"":0,""partition"":""0x7f554c0fea90""}"
56ae806af7ff8a2,1,1762816856429345375,SCANNED_ROWS,"{""count"":2048,""offset"":0,""partition"":""0x7f5550047bd0""}"
56ae806af7ff8a2,1,1762816856429385633,SCANNED_ROWS,"{""count"":2048,""offset"":0,""partition"":""0x7f554c041ad0""}"
56ae806af7ff8a2,1,1762816856429444139,SCANNED_ROWS,"{""count"":2048,""offset"":0,""partition"":""0x7f55500366a0""}"
56ae806af7ff8a2,1,1762816856429467290,SCANNED_ROWS,"{""count"":2048,""offset"":0,""partition"":""0x7f554c038060""}"
56ae806af7ff8a2,1,1762816856429477324,SCANNED_ROWS,"{""count"":2048,""offset"":0,""partition"":""0x7f5550048720""}"
56ae806af7ff8a2,1,1762816856429421363,SCANNED_ROWS,"{""count"":2048,""offset"":0,""partition"":""0x7f554c100040""}"
56ae806af7ff8a2,1,1762816856429503529,SCANNED_ROWS,"{""count"":2048,""offset"":0,""partition"":""0x7f555003da40""}"
56ae806af7ff8a2,1,1762816856429511740,SCANNED_ROWS,"{""count"":2048,""offset"":0,""partition"":""0x7f554c0fe230""}"
56ae806af7ff8a2,1,1762816856429480150,SCANNED_ROWS,"{""count"":2048,""offset"":0,""partition"":""0x7f554c041e30""}"
56ae806af7ff8a2,1,1762816856429540617,SCANNED_ROWS,"{""count"":2048,""offset"":0,""partition"":""0x7f554c1013b0""}"
56ae806af7ff8a2,1,1762816856429548178,SCANNED_ROWS,"{""count"":2048,""offset"":0,""partition"":""0x7f554c0fe630""}"
56ae806af7ff8a2,1,1762816856429421449,SCANNED_ROWS,"{""count"":2048,""offset"":0,""partition"":""0x7f554c063de0""}"
56ae806af7ff8a2,1,1762816856429518135,SCANNED_ROWS,"{""count"":2048,""offset"":0,""partition"":""0x7f5550040830""}"
56ae806af7ff8a2,1,1762816856429579090,SCANNED_ROWS,"{""count"":2048,""offset"":0,""partition"":""0x7f554c0600e0""}"
56ae806af7ff8a2,1,1762816856429550644,SCANNED_ROWS,"{""count"":2048,""offset"":0,""partition"":""0x7f554c101f10""}"
56ae806af7ff8a2,1,1762816856429597949,SCANNED_ROWS,"{""count"":2048,""offset"":0,""partition"":""0x7f554c0fea90""}"
56ae806af7ff8a2,1,1762816856429599199,SCANNED_ROWS,"{""count"":2048,""offset"":0,""partition"":""0x7f5550035350""}"
56ae806af7ff8a2,1,1762816856429554624,SCANNED_ROWS,"{""count"":2048,""offset"":0,""partition"":""0x7f554c03f450""}"
56ae806af7ff8a2,1,1762816856429593598,SCANNED_ROWS,"{""count"":2048,""offset"":0,""partition"":""0x7f554c061700""}"
56ae806af7ff8a2,1,1762816856429651771,SCANNED_ROWS,"{""count"":2048,""offset"":0,""partition"":""0x7f554c040770""}"
56ae806af7ff8a2,1,1762816856429663834,SCANNED_ROWS,"{""count"":2048,""offset"":0,""partition"":""0x7f554c05f880""}"
56ae806af7ff8a2,1,1762816856429637823,SCANNED_ROWS,"{""count"":2048,""offset"":0,""partition"":""0x7f5550047bd0""}"
56ae806af7ff8a2,1,1762816856429604767,SCANNED_ROWS,"{""count"":2048,""offset"":0,""partition"":""0x7f554c100040""}"
56ae806af7ff8a2,1,1762816856429704752,SCANNED_ROWS,"{""count"":2048,""offset"":0,""partition"":""0x7f55500366a0""}"
56ae806af7ff8a2,1,1762816856429677147,SCANNED_ROWS,"{""count"":2048,""offset"":0,""partition"":""0x7f554c062a70""}"
56ae806af7ff8a2,1,1762816856429678666,SCANNED_ROWS,"{""count"":2048,""offset"":0,""partition"":""0x7f554c036d10""}"
56ae806af7ff8a2,1,1762816856429743139,SCANNED_ROWS,"{""count"":2048,""offset"":0,""partition"":""0x7f554c05fc80""}"
56ae806af7ff8a2,1,1762816856429714511,SCANNED_ROWS,"{""count"":2048,""offset"":0,""partition"":""0x7f5550048720""}"
56ae806af7ff8a2,1,1762816856429760448,SCANNED_ROWS,"{""count"":2048,""offset"":0,""partition"":""0x7f554c041ad0""}"
56ae806af7ff8a2,1,1762816856429779994,SCANNED_ROWS,"{""count"":2048,""offset"":0,""partition"":""0x7f555003da40""}"
56ae806af7ff8a2,1,1762816856429753372,SCANNED_ROWS,"{""count"":2048,""offset"":0,""partition"":""0x7f554c063de0""}"
56ae806af7ff8a2,1,1762816856429808730,SCANNED_ROWS,"{""count"":2048,""offset"":0,""partition"":""0x7f5550040830""}"
56ae806af7ff8a2,1,1762816856429816442,SCANNED_ROWS,"{""count"":2048,""offset"":0,""partition"":""0x7f5550035350""}"
56ae806af7ff8a2,1,1762816856429823411,SCANNED_ROWS,"{""count"":2048,""offset"":0,""partition"":""0x7f5550047bd0""}"
56ae806af7ff8a2,1,1762816856429824636,SCANNED_ROWS,"{""count"":2048,""offset"":0,""partition"":""0x7f554c0600e0""}"
56ae806af7ff8a2,1,1762816856429786890,SCANNED_ROWS,"{""count"":2048,""offset"":0,""partition"":""0x7f554c038060""}"
56ae806af7ff8a2,1,1762816856429863335,SCANNED_ROWS,"{""count"":2046,""offset"":0,""partition"":""0x7f554c061700""}"
56ae806af7ff8a2,1,1762816856429824918,SCANNED_ROWS,"{""count"":2048,""offset"":0,""partition"":""0x7f55500366a0""}"
56ae806af7ff8a2,1,1762816856429895411,SCANNED_ROWS,"{""count"":2,""offset"":2046,""partition"":""0x7f554c065130""}"
56ae806af7ff8a2,1,1762816856429918229,SCANNED_ROWS,"{""count"":2048,""offset"":0,""partition"":""0x7f5550048720""}"
56ae806af7ff8a2,1,1762816856429867391,SCANNED_ROWS,"{""count"":2048,""offset"":0,""partition"":""0x7f554c041e30""}"
56ae806af7ff8a2,1,1762816856429961721,SCANNED_ROWS,"{""count"":2048,""offset"":0,""partition"":""0x7f554c03f450""}"
56ae806af7ff8a2,1,1762816856429930002,SCANNED_ROWS,"{""count"":2048,""offset"":0,""partition"":""0x7f555003da40""}"
56ae806af7ff8a2,1,1762816856429717386,SCANNED_ROWS,"{""count"":2048,""offset"":0,""partition"":""0x7f554c0fe230""}"
56ae806af7ff8a2,1,1762816856430042014,SCANNED_ROWS,"{""count"":2048,""offset"":0,""partition"":""0x7f554c1013b0""}"
56ae806af7ff8a2,1,1762816856430086368,SCANNED_ROWS,"{""count"":2048,""offset"":0,""partition"":""0x7f554c0fe630""}"
56ae806af7ff8a2,1,1762816856430094877,SCANNED_ROWS,"{""count"":2048,""offset"":0,""partition"":""0x7f554c101f10""}"
56ae806af7ff8a2,1,1762816856430096708,SCANNED_ROWS,"{""count"":2048,""offset"":0,""partition"":""0x7f554c0fea90""}"
56ae806af7ff8a2,1,1762816856430122116,SCANNED_ROWS,"{""count"":2046,""offset"":0,""partition"":""0x7f554c100040""}"
56ae806af7ff8a2,1,1762816856430008779,SCANNED_ROWS,"{""count"":2048,""offset"":0,""partition"":""0x7f5550040830""}"
56ae806af7ff8a2,1,1762816856430149183,SCANNED_ROWS,"{""count"":2,""offset"":2046,""partition"":""0x7f554c055a00""}"
56ae806af7ff8a2,1,1762816856430157218,SCANNED_ROWS,"{""count"":2048,""offset"":0,""partition"":""0x7f554c0fe230""}"
56ae806af7ff8a2,1,1762816856430159387,SCANNED_ROWS,"{""count"":2048,""offset"":0,""partition"":""0x7f5550035350""}"
56ae806af7ff8a2,1,1762816856429977274,SCANNED_ROWS,"{""count"":2048,""offset"":0,""partition"":""0x7f554c040770""}"
56ae806af7ff8a2,1,1762816856430177320,SCANNED_ROWS,"{""count"":2048,""offset"":0,""partition"":""0x7f5550047bd0""}"
56ae806af7ff8a2,1,1762816856430180461,SCANNED_ROWS,"{""count"":2046,""offset"":0,""partition"":""0x7f554c1013b0""}"
56ae806af7ff8a2,1,1762816856430207798,SCANNED_ROWS,"{""count"":2,""offset"":2046,""partition"":""0x7f554c056cb0""}"
56ae806af7ff8a2,1,1762816856430215563,SCANNED_ROWS,"{""count"":2048,""offset"":0,""partition"":""0x7f554c0fe630""}"
56ae806af7ff8a2,1,1762816856430180864,SCANNED_ROWS,"{""count"":2048,""offset"":0,""partition"":""0x7f55500366a0""}"
56ae806af7ff8a2,1,1762816856430244454,SCANNED_ROWS,"{""count"":2048,""offset"":0,""partition"":""0x7f5550048720""}"
56ae806af7ff8a2,1,1762816856430252005,SCANNED_ROWS,"{""count"":2048,""offset"":0,""partition"":""0x7f555003da40""}"
56ae806af7ff8a2,1,1762816856430177395,SCANNED_ROWS,"{""count"":2048,""offset"":0,""partition"":""0x7f554c036d10""}"
56ae806af7ff8a2,1,1762816856430292351,SCANNED_ROWS,"{""count"":2048,""offset"":0,""partition"":""0x7f554c041ad0""}"
56ae806af7ff8a2,1,1762816856430337664,SCANNED_ROWS,"{""count"":2048,""offset"":0,""partition"":""0x7f554c038060""}"
56ae806af7ff8a2,1,1762816856430346334,SCANNED_ROWS,"{""count"":2048,""offset"":0,""partition"":""0x7f554c041e30""}"
56ae806af7ff8a2,1,1762816856430348198,SCANNED_ROWS,"{""count"":2048,""offset"":0,""partition"":""0x7f554c03f450""}"
56ae806af7ff8a2,1,1762816856430218450,SCANNED_ROWS,"{""count"":2046,""offset"":0,""partition"":""0x7f554c101f10""}"
56ae806af7ff8a2,1,1762816856430374317,SCANNED_ROWS,"{""count"":2046,""offset"":0,""partition"":""0x7f554c040770""}"
56ae806af7ff8a2,1,1762816856430381243,SCANNED_ROWS,"{""count"":2,""offset"":2046,""partition"":""0x7f554c057fe0""}"
56ae806af7ff8a2,1,1762816856430402267,SCANNED_ROWS,"{""count"":2,""offset"":2046,""partition"":""0x7f554c053570""}"
56ae806af7ff8a2,1,1762816856430411207,SCANNED_ROWS,"{""count"":2048,""offset"":0,""partition"":""0x7f554c036d10""}"
56ae806af7ff8a2,1,1762816856430259544,SCANNED_ROWS,"{""count"":2048,""offset"":0,""partition"":""0x7f5550040830""}"
56ae806af7ff8a2,1,1762816856430443936,SCANNED_ROWS,"{""count"":2048,""offset"":0,""partition"":""0x7f5550035350""}"
56ae806af7ff8a2,1,1762816856430482420,SCANNED_ROWS,"{""count"":2048,""offset"":0,""partition"":""0x7f5550047bd0""}"
56ae806af7ff8a2,1,1762816856430525826,SCANNED_ROWS,"{""count"":2048,""offset"":0,""partition"":""0x7f55500366a0""}"
56ae806af7ff8a2,1,1762816856430534357,SCANNED_ROWS,"{""count"":2048,""offset"":0,""partition"":""0x7f5550048720""}"
56ae806af7ff8a2,1,1762816856430536134,SCANNED_ROWS,"{""count"":2048,""offset"":0,""partition"":""0x7f555003da40""}"
56ae806af7ff8a2,1,1762816856430417734,SCANNED_ROWS,"{""count"":2046,""offset"":0,""partition"":""0x7f554c041ad0""}"
56ae806af7ff8a2,1,1762816856430568137,SCANNED_ROWS,"{""count"":2,""offset"":2046,""partition"":""0x7f554c049420""}"
56ae806af7ff8a2,1,1762816856430595107,SCANNED_ROWS,"{""count"":2048,""offset"":0,""partition"":""0x7f554c038060""}"
56ae806af7ff8a2,1,1762816856430604521,SCANNED_ROWS,"{""count"":2046,""offset"":0,""partition"":""0x7f554c041e30""}"
56ae806af7ff8a2,1,1762816856429925773,SCANNED_ROWS,"{""count"":2048,""offset"":0,""partition"":""0x7f554c05f880""}"
56ae806af7ff8a2,1,1762816856430629089,SCANNED_ROWS,"{""count"":2,""offset"":2046,""partition"":""0x7f554c049f40""}"
56ae806af7ff8a2,1,1762816856430543005,SCANNED_ROWS,"{""count"":2048,""offset"":0,""partition"":""0x7f5550040830""}"
56ae806af7ff8a2,1,1762816856430407997,SCANNED_ROWS,"{""count"":2048,""offset"":0,""partition"":""0x7f554c0fea90""}"
56ae806af7ff8a2,1,1762816856430666797,SCANNED_ROWS,"{""count"":2048,""offset"":0,""partition"":""0x7f5550035350""}"
56ae806af7ff8a2,1,1762816856430637102,SCANNED_ROWS,"{""count"":2048,""offset"":0,""partition"":""0x7f554c03f450""}"
56ae806af7ff8a2,1,1762816856430640042,SCANNED_ROWS,"{""count"":2046,""offset"":0,""partition"":""0x7f554c062a70""}"
56ae806af7ff8a2,1,1762816856430718271,SCANNED_ROWS,"{""count"":2,""offset"":2046,""partition"":""0x7f554c066470""}"
56ae806af7ff8a2,1,1762816856430726338,SCANNED_ROWS,"{""count"":2048,""offset"":0,""partition"":""0x7f554c05fc80""}"
56ae806af7ff8a2,1,1762816856430681823,SCANNED_ROWS,"{""count"":2048,""offset"":0,""partition"":""0x7f5550047bd0""}"
56ae806af7ff8a2,1,1762816856430757228,SCANNED_ROWS,"{""count"":2048,""offset"":0,""partition"":""0x7f55500366a0""}"
56ae806af7ff8a2,1,1762816856430768850,SCANNED_ROWS,"{""count"":2048,""offset"":0,""partition"":""0x7f5550048720""}"
56ae806af7ff8a2,1,1762816856430788302,SCANNED_ROWS,"{""count"":2048,""offset"":0,""partition"":""0x7f555003da40""}"
56ae806af7ff8a2,1,1762816856430691581,EVAL_STATISTICS_START,"{""statistic"":""0x7f554c0535c0""}"
56ae806af7ff8a2,1,1762816856430729354,SCANNED_ROWS,"{""count"":2046,""offset"":0,""partition"":""0x7f554c063de0""}"
56ae806af7ff8a2,1,1762816856430887379,EVAL_ADDITIONAL_STATISTICS_START,"{""statistic"":""0x7f554c0535c0"",""type""type:""error""}"
56ae806af7ff8a2,1,1762816856430911337,SCANNED_ROWS,"{""count"":2,""offset"":2046,""partition"":""0x7f554c0677f0""}"
56ae806af7ff8a2,1,1762816856430920643,SCANNED_ROWS,"{""count"":2048,""offset"":0,""partition"":""0x7f554c0600e0""}"
56ae806af7ff8a2,1,1762816856430916374,EVAL_STATISTICS_END,"{""statistic"":""0x7f554c0535c0"",""filter_propagate_result"":0}"
56ae806af7ff8a2,1,1762816856430952004,SCANNED_ROWS,"{""count"":2048,""offset"":0,""partition"":""0x7f554c053570""}"
56ae806af7ff8a2,1,1762816856430995475,SCANNED_ROWS,"{""count"":2048,""offset"":0,""partition"":""0x7f554c036d10""}"
56ae806af7ff8a2,1,1762816856430929109,EVAL_STATISTICS_START,"{""statistic"":""0x7f554c065180""}"
56ae806af7ff8a2,1,1762816856431040376,EVAL_STATISTICS_END,"{""statistic"":""0x7f554c065180"",""filter_propagate_result"":0}"
56ae806af7ff8a2,1,1762816856431071902,SCANNED_ROWS,"{""count"":2048,""offset"":0,""partition"":""0x7f554c065130""}"
56ae806af7ff8a2,1,1762816856431097999,SCANNED_ROWS,"{""count"":2048,""offset"":0,""partition"":""0x7f554c05f880""}"
56ae806af7ff8a2,1,1762816856431149311,SCANNED_ROWS,"{""count"":2048,""offset"":0,""partition"":""0x7f554c066470""}"
56ae806af7ff8a2,1,1762816856431175075,SCANNED_ROWS,"{""count"":2048,""offset"":0,""partition"":""0x7f554c05fc80""}"
56ae806af7ff8a2,1,1762816856431184607,SCANNED_ROWS,"{""count"":2048,""offset"":0,""partition"":""0x7f554c0677f0""}"
56ae806af7ff8a2,1,1762816856431209746,SCANNED_ROWS,"{""count"":2048,""offset"":0,""partition"":""0x7f554c0600e0""}"
56ae806af7ff8a2,1,1762816856431008744,SCANNED_ROWS,"{""count"":2048,""offset"":0,""partition"":""0x7f554c049420""}"
56ae806af7ff8a2,1,1762816856431252253,SCANNED_ROWS,"{""count"":2048,""offset"":0,""partition"":""0x7f554c038060""}"
56ae806af7ff8a2,1,1762816856430802423,SCANNED_ROWS,"{""count"":2048,""offset"":0,""partition"":""0x7f5550040830""}"
56ae806af7ff8a2,1,1762816856431291588,SCANNED_ROWS,"{""count"":2048,""offset"":0,""partition"":""0x7f5550035350""}"
56ae806af7ff8a2,1,1762816856430690439,EVAL_STATISTICS_START,"{""statistic"":""0x7f554c055a50""}"
56ae806af7ff8a2,1,1762816856431333368,EVAL_ADDITIONAL_STATISTICS_START,"{""statistic"":""0x7f554c055a50"",""type""type:""error""}"
56ae806af7ff8a2,1,1762816856431361523,EVAL_STATISTICS_END,"{""statistic"":""0x7f554c055a50"",""filter_propagate_result"":0}"
56ae806af7ff8a2,1,1762816856431263756,SCANNED_ROWS,"{""count"":2048,""offset"":0,""partition"":""0x7f554c049f40""}"
56ae806af7ff8a2,1,1762816856431401242,SCANNED_ROWS,"{""count"":2048,""offset"":0,""partition"":""0x7f554c03f450""}"
56ae806af7ff8a2,1,1762816856431223619,SCANNED_ROWS,"{""count"":2048,""offset"":0,""partition"":""0x7f554c065130""}"
56ae806af7ff8a2,1,1762816856431522255,SCANNED_ROWS,"{""count"":2048,""offset"":0,""partition"":""0x7f554c05f880""}"
56ae806af7ff8a2,1,1762816856431371259,SCANNED_ROWS,"{""count"":2048,""offset"":0,""partition"":""0x7f554c055a00""}"
56ae806af7ff8a2,1,1762816856431564347,SCANNED_ROWS,"{""count"":2048,""offset"":0,""partition"":""0x7f554c0fe230""}"
56ae806af7ff8a2,1,1762816856431306128,SCANNED_ROWS,"{""count"":2048,""offset"":0,""partition"":""0x7f5550047bd0""}"
56ae806af7ff8a2,1,1762816856431609358,SCANNED_ROWS,"{""count"":2048,""offset"":0,""partition"":""0x7f55500366a0""}"
56ae806af7ff8a2,1,1762816856431662329,SCANNED_ROWS,"{""count"":2048,""offset"":0,""partition"":""0x7f5550048720""}"
56ae806af7ff8a2,1,1762816856431670288,SCANNED_ROWS,"{""count"":2048,""offset"":0,""partition"":""0x7f555003da40""}"
56ae806af7ff8a2,1,1762816856431700177,SCANNED_ROWS,"{""count"":2048,""offset"":0,""partition"":""0x7f5550040830""}"
56ae806af7ff8a2,1,1762816856431729280,SCANNED_ROWS,"{""count"":2048,""offset"":0,""partition"":""0x7f5550035350""}"
56ae806af7ff8a2,1,1762816856431471058,SCANNED_ROWS,"{""count"":2048,""offset"":0,""partition"":""0x7f554c053570""}"
56ae806af7ff8a2,1,1762816856431769936,SCANNED_ROWS,"{""count"":2048,""offset"":0,""partition"":""0x7f554c036d10""}"
56ae806af7ff8a2,1,1762816856431537862,SCANNED_ROWS,"{""count"":2048,""offset"":0,""partition"":""0x7f554c066470""}"
56ae806af7ff8a2,1,1762816856431814961,SCANNED_ROWS,"{""count"":2048,""offset"":0,""partition"":""0x7f554c05fc80""}"
56ae806af7ff8a2,1,1762816856431850095,SCANNED_ROWS,"{""count"":2048,""offset"":0,""partition"":""0x7f554c0677f0""}"
56ae806af7ff8a2,1,1762816856431877388,SCANNED_ROWS,"{""count"":2048,""offset"":0,""partition"":""0x7f554c0600e0""}"
56ae806af7ff8a2,1,1762816856431916357,SCANNED_ROWS,"{""count"":2048,""offset"":0,""partition"":""0x7f554c065130""}"
56ae806af7ff8a2,1,1762816856431965084,SCANNED_ROWS,"{""count"":2048,""offset"":0,""partition"":""0x7f554c05f880""}"
56ae806af7ff8a2,1,1762816856431745016,SCANNED_ROWS,"{""count"":2048,""offset"":0,""partition"":""0x7f5550047bd0""}"
56ae806af7ff8a2,1,1762816856432008727,SCANNED_ROWS,"{""count"":2048,""offset"":0,""partition"":""0x7f55500366a0""}"
56ae806af7ff8a2,1,1762816856432018949,SCANNED_ROWS,"{""count"":2048,""offset"":0,""partition"":""0x7f5550048720""}"
56ae806af7ff8a2,1,1762816856432020769,SCANNED_ROWS,"{""count"":2048,""offset"":0,""partition"":""0x7f555003da40""}"
56ae806af7ff8a2,1,1762816856432047308,SCANNED_ROWS,"{""count"":2048,""offset"":0,""partition"":""0x7f5550040830""}"
56ae806af7ff8a2,1,1762816856432091630,SCANNED_ROWS,"{""count"":2048,""offset"":0,""partition"":""0x7f5550035350""}"
56ae806af7ff8a2,1,1762816856431978644,SCANNED_ROWS,"{""count"":2048,""offset"":0,""partition"":""0x7f554c066470""}"
56ae806af7ff8a2,1,1762816856432138019,SCANNED_ROWS,"{""count"":2048,""offset"":0,""partition"":""0x7f554c05fc80""}"
56ae806af7ff8a2,1,1762816856431785026,SCANNED_ROWS,"{""count"":2048,""offset"":0,""partition"":""0x7f554c049420""}"
56ae806af7ff8a2,1,1762816856432177846,SCANNED_ROWS,"{""count"":2048,""offset"":0,""partition"":""0x7f554c038060""}"
56ae806af7ff8a2,1,1762816856432187906,SCANNED_ROWS,"{""count"":2048,""offset"":0,""partition"":""0x7f554c049f40""}"
56ae806af7ff8a2,1,1762816856432189694,SCANNED_ROWS,"{""count"":2048,""offset"":0,""partition"":""0x7f554c03f450""}"
56ae806af7ff8a2,1,1762816856432216470,SCANNED_ROWS,"{""count"":2048,""offset"":0,""partition"":""0x7f554c053570""}"
56ae806af7ff8a2,1,1762816856432242320,SCANNED_ROWS,"{""count"":2048,""offset"":0,""partition"":""0x7f554c036d10""}"
56ae806af7ff8a2,1,1762816856432148219,SCANNED_ROWS,"{""count"":2048,""offset"":0,""partition"":""0x7f554c0677f0""}"
56ae806af7ff8a2,1,1762816856432283667,SCANNED_ROWS,"{""count"":2048,""offset"":0,""partition"":""0x7f554c0600e0""}"
56ae806af7ff8a2,1,1762816856432319641,SCANNED_ROWS,"{""count"":2048,""offset"":0,""partition"":""0x7f554c065130""}"
56ae806af7ff8a2,1,1762816856432363618,SCANNED_ROWS,"{""count"":2048,""offset"":0,""partition"":""0x7f554c05f880""}"
56ae806af7ff8a2,1,1762816856432253586,SCANNED_ROWS,"{""count"":2048,""offset"":0,""partition"":""0x7f554c049420""}"
56ae806af7ff8a2,1,1762816856432405813,SCANNED_ROWS,"{""count"":2048,""offset"":0,""partition"":""0x7f554c038060""}"
56ae806af7ff8a2,1,1762816856431580320,SCANNED_ROWS,"{""count"":2048,""offset"":0,""partition"":""0x7f554c056cb0""}"
56ae806af7ff8a2,1,1762816856432444994,SCANNED_ROWS,"{""count"":2048,""offset"":0,""partition"":""0x7f554c0fe630""}"
56ae806af7ff8a2,1,1762816856432104652,SCANNED_ROWS,"{""count"":2048,""offset"":0,""partition"":""0x7f5550047bd0""}"
56ae806af7ff8a2,1,1762816856432484504,SCANNED_ROWS,"{""count"":2048,""offset"":0,""partition"":""0x7f55500366a0""}"
56ae806af7ff8a2,1,1762816856432496503,SCANNED_ROWS,"{""count"":2048,""offset"":0,""partition"":""0x7f5550048720""}"
56ae806af7ff8a2,1,1762816856432516493,SCANNED_ROWS,"{""count"":2048,""offset"":0,""partition"":""0x7f555003da40""}"
56ae806af7ff8a2,1,1762816856432415841,SCANNED_ROWS,"{""count"":2048,""offset"":0,""partition"":""0x7f554c049f40""}"
56ae806af7ff8a2,1,1762816856432562926,SCANNED_ROWS,"{""count"":2048,""offset"":0,""partition"":""0x7f554c03f450""}"
56ae806af7ff8a2,1,1762816856432456249,SCANNED_ROWS,"{""count"":2048,""offset"":0,""partition"":""0x7f554c057fe0""}"
56ae806af7ff8a2,1,1762816856432601471,SCANNED_ROWS,"{""count"":2048,""offset"":0,""partition"":""0x7f554c0fea90""}"
56ae806af7ff8a2,1,1762816856432376619,SCANNED_ROWS,"{""count"":2048,""offset"":0,""partition"":""0x7f554c066470""}"
56ae806af7ff8a2,1,1762816856432647046,SCANNED_ROWS,"{""count"":2048,""offset"":0,""partition"":""0x7f554c05fc80""}"
56ae806af7ff8a2,1,1762816856432701104,SCANNED_ROWS,"{""count"":2048,""offset"":0,""partition"":""0x7f554c0677f0""}"
56ae806af7ff8a2,1,1762816856432709215,SCANNED_ROWS,"{""count"":2048,""offset"":0,""partition"":""0x7f554c0600e0""}"
56ae806af7ff8a2,1,1762816856432578576,SCANNED_ROWS,"{""count"":2048,""offset"":0,""partition"":""0x7f554c053570""}"
56ae806af7ff8a2,1,1762816856432737962,SCANNED_ROWS,"{""count"":2048,""offset"":0,""partition"":""0x7f554c065130""}"
56ae806af7ff8a2,1,1762816856432530226,SCANNED_ROWS,"{""count"":2048,""offset"":0,""partition"":""0x7f5550040830""}"
56ae806af7ff8a2,1,1762816856432769423,SCANNED_ROWS,"{""count"":2048,""offset"":0,""partition"":""0x7f554c05f880""}"
56ae806af7ff8a2,1,1762816856432783975,SCANNED_ROWS,"{""count"":2048,""offset"":0,""partition"":""0x7f554c066470""}"
56ae806af7ff8a2,1,1762816856432616604,SCANNED_ROWS,"{""count"":2048,""offset"":0,""partition"":""0x7f554c055a00""}"
56ae806af7ff8a2,1,1762816856432810191,SCANNED_ROWS,"{""count"":2048,""offset"":0,""partition"":""0x7f554c05fc80""}"
56ae806af7ff8a2,1,1762816856432815522,SCANNED_ROWS,"{""count"":2048,""offset"":0,""partition"":""0x7f554c0677f0""}"
56ae806af7ff8a2,1,1762816856432829438,SCANNED_ROWS,"{""count"":2048,""offset"":0,""partition"":""0x7f554c0fe230""}"
56ae806af7ff8a2,1,1762816856432838884,SCANNED_ROWS,"{""count"":2048,""offset"":0,""partition"":""0x7f554c056cb0""}"
56ae806af7ff8a2,1,1762816856432851249,SCANNED_ROWS,"{""count"":2048,""offset"":0,""partition"":""0x7f554c0600e0""}"
56ae806af7ff8a2,1,1762816856432860587,SCANNED_ROWS,"{""count"":2048,""offset"":0,""partition"":""0x7f554c065130""}"
56ae806af7ff8a2,1,1762816856432786349,SCANNED_ROWS,"{""count"":2048,""offset"":0,""partition"":""0x7f5550035350""}"
56ae806af7ff8a2,1,1762816856432889647,SCANNED_ROWS,"{""count"":2048,""offset"":0,""partition"":""0x7f554c05f880""}"
56ae806af7ff8a2,1,1762816856432739970,SCANNED_ROWS,"{""count"":2048,""offset"":0,""partition"":""0x7f554c036d10""}"
56ae806af7ff8a2,1,1762816856432918194,SCANNED_ROWS,"{""count"":2048,""offset"":0,""partition"":""0x7f5550047bd0""}"
56ae806af7ff8a2,1,1762816856432968235,SCANNED_ROWS,"{""count"":2048,""offset"":0,""partition"":""0x7f55500366a0""}"
56ae806af7ff8a2,1,1762816856432977864,SCANNED_ROWS,"{""count"":2048,""offset"":0,""partition"":""0x7f5550048720""}"
56ae806af7ff8a2,1,1762816856432980115,SCANNED_ROWS,"{""count"":2048,""offset"":0,""partition"":""0x7f555003da40""}"
56ae806af7ff8a2,1,1762816856433009982,SCANNED_ROWS,"{""count"":2048,""offset"":0,""partition"":""0x7f5550040830""}"
56ae806af7ff8a2,1,1762816856433059873,SCANNED_ROWS,"{""count"":2048,""offset"":0,""partition"":""0x7f5550035350""}"
56ae806af7ff8a2,1,1762816856432904866,SCANNED_ROWS,"{""count"":2048,""offset"":0,""partition"":""0x7f554c066470""}"
56ae806af7ff8a2,1,1762816856433098470,SCANNED_ROWS,"{""count"":2048,""offset"":0,""partition"":""0x7f554c05fc80""}"
56ae806af7ff8a2,1,1762816856432867578,SCANNED_ROWS,"{""count"":2048,""offset"":0,""partition"":""0x7f554c0fe630""}"
56ae806af7ff8a2,1,1762816856433139367,SCANNED_ROWS,"{""count"":2048,""offset"":0,""partition"":""0x7f554c057fe0""}"
56ae806af7ff8a2,1,1762816856433147294,SCANNED_ROWS,"{""count"":2048,""offset"":0,""partition"":""0x7f554c0fea90""}"
56ae806af7ff8a2,1,1762816856432932638,SCANNED_ROWS,"{""count"":2048,""offset"":0,""partition"":""0x7f554c049420""}"
56ae806af7ff8a2,1,1762816856433182138,SCANNED_ROWS,"{""count"":2048,""offset"":0,""partition"":""0x7f554c038060""}"
56ae806af7ff8a2,1,1762816856433191648,SCANNED_ROWS,"{""count"":2048,""offset"":0,""partition"":""0x7f554c049f40""}"
56ae806af7ff8a2,1,1762816856433211585,SCANNED_ROWS,"{""count"":2048,""offset"":0,""partition"":""0x7f554c03f450""}"
56ae806af7ff8a2,1,1762816856433108595,SCANNED_ROWS,"{""count"":2048,""offset"":0,""partition"":""0x7f554c0677f0""}"
56ae806af7ff8a2,1,1762816856433251361,SCANNED_ROWS,"{""count"":2048,""offset"":0,""partition"":""0x7f554c0600e0""}"
56ae806af7ff8a2,1,1762816856433155060,SCANNED_ROWS,"{""count"":2048,""offset"":0,""partition"":""0x7f554c055a00""}"
56ae806af7ff8a2,1,1762816856433290481,SCANNED_ROWS,"{""count"":2048,""offset"":0,""partition"":""0x7f554c0fe230""}"
56ae806af7ff8a2,1,1762816856433073778,SCANNED_ROWS,"{""count"":2048,""offset"":0,""partition"":""0x7f5550047bd0""}"
56ae806af7ff8a2,1,1762816856433335201,SCANNED_ROWS,"{""count"":2048,""offset"":0,""partition"":""0x7f55500366a0""}"
56ae806af7ff8a2,1,1762816856433385027,SCANNED_ROWS,"{""count"":2048,""offset"":0,""partition"":""0x7f5550048720""}"
56ae806af7ff8a2,1,1762816856433410823,SCANNED_ROWS,"{""count"":2048,""offset"":0,""partition"":""0x7f555003da40""}"
56ae806af7ff8a2,1,1762816856433304084,SCANNED_ROWS,"{""count"":2048,""offset"":0,""partition"":""0x7f554c056cb0""}"
56ae806af7ff8a2,1,1762816856433452688,SCANNED_ROWS,"{""count"":2048,""offset"":0,""partition"":""0x7f554c0fe630""}"
56ae806af7ff8a2,1,1762816856433498884,SCANNED_ROWS,"{""count"":2048,""offset"":0,""partition"":""0x7f554c057fe0""}"
56ae806af7ff8a2,1,1762816856433506456,SCANNED_ROWS,"{""count"":2048,""offset"":0,""partition"":""0x7f554c0fea90""}"
56ae806af7ff8a2,1,1762816856433532855,SCANNED_ROWS,"{""count"":2048,""offset"":0,""partition"":""0x7f554c055a00""}"
56ae806af7ff8a2,1,1762816856433558608,SCANNED_ROWS,"{""count"":2048,""offset"":0,""partition"":""0x7f554c0fe230""}"
56ae806af7ff8a2,1,1762816856433595843,SCANNED_ROWS,"{""count"":2048,""offset"":0,""partition"":""0x7f554c056cb0""}"
56ae806af7ff8a2,1,1762816856433621283,SCANNED_ROWS,"{""count"":2048,""offset"":0,""partition"":""0x7f554c0fe630""}"
56ae806af7ff8a2,1,1762816856433629824,SCANNED_ROWS,"{""count"":2048,""offset"":0,""partition"":""0x7f554c057fe0""}"
56ae806af7ff8a2,1,1762816856433631558,SCANNED_ROWS,"{""count"":2048,""offset"":0,""partition"":""0x7f554c0fea90""}"
56ae806af7ff8a2,1,1762816856433654963,SCANNED_ROWS,"{""count"":2048,""offset"":0,""partition"":""0x7f554c055a00""}"
56ae806af7ff8a2,1,1762816856433662492,SCANNED_ROWS,"{""count"":2048,""offset"":0,""partition"":""0x7f554c0fe230""}"
56ae806af7ff8a2,1,1762816856433685412,SCANNED_ROWS,"{""count"":2048,""offset"":0,""partition"":""0x7f554c056cb0""}"
56ae806af7ff8a2,1,1762816856433266193,SCANNED_ROWS,"{""count"":2048,""offset"":0,""partition"":""0x7f554c065130""}"
56ae806af7ff8a2,1,1762816856433711370,SCANNED_ROWS,"{""count"":2048,""offset"":0,""partition"":""0x7f554c0fe630""}"
56ae806af7ff8a2,1,1762816856433720116,SCANNED_ROWS,"{""count"":2048,""offset"":0,""partition"":""0x7f554c057fe0""}"
56ae806af7ff8a2,1,1762816856433427076,SCANNED_ROWS,"{""count"":2048,""offset"":0,""partition"":""0x7f5550040830""}"
56ae806af7ff8a2,1,1762816856433226050,SCANNED_ROWS,"{""count"":2048,""offset"":0,""partition"":""0x7f554c053570""}"
56ae806af7ff8a2,1,1762816856433752436,SCANNED_ROWS,"{""count"":2048,""offset"":0,""partition"":""0x7f5550035350""}"
56ae806af7ff8a2,1,1762816856433721893,SCANNED_ROWS,"{""count"":2048,""offset"":0,""partition"":""0x7f554c0fea90""}"
56ae806af7ff8a2,1,1762816856433723110,SCANNED_ROWS,"{""count"":2048,""offset"":0,""partition"":""0x7f554c05f880""}"
56ae806af7ff8a2,1,1762816856433796685,SCANNED_ROWS,"{""count"":2048,""offset"":0,""partition"":""0x7f554c055a00""}"
56ae806af7ff8a2,1,1762816856433839984,SCANNED_ROWS,"{""count"":2048,""offset"":0,""partition"":""0x7f554c0fe230""}"
56ae806af7ff8a2,1,1762816856433767493,SCANNED_ROWS,"{""count"":2048,""offset"":0,""partition"":""0x7f5550047bd0""}"
56ae806af7ff8a2,1,1762816856433880407,SCANNED_ROWS,"{""count"":2048,""offset"":0,""partition"":""0x7f55500366a0""}"
56ae806af7ff8a2,1,1762816856433815933,SCANNED_ROWS,"{""count"":2048,""offset"":0,""partition"":""0x7f554c066470""}"
56ae806af7ff8a2,1,1762816856433919294,SCANNED_ROWS,"{""count"":2048,""offset"":0,""partition"":""0x7f554c05fc80""}"
56ae806af7ff8a2,1,1762816856433929138,SCANNED_ROWS,"{""count"":2048,""offset"":0,""partition"":""0x7f554c0677f0""}"
56ae806af7ff8a2,1,1762816856433931260,SCANNED_ROWS,"{""count"":2048,""offset"":0,""partition"":""0x7f554c0600e0""}"
56ae806af7ff8a2,1,1762816856433769462,SCANNED_ROWS,"{""count"":2048,""offset"":0,""partition"":""0x7f554c036d10""}"
56ae806af7ff8a2,1,1762816856433852111,SCANNED_ROWS,"{""count"":2048,""offset"":0,""partition"":""0x7f554c056cb0""}"
56ae806af7ff8a2,1,1762816856434017906,SCANNED_ROWS,"{""count"":2048,""offset"":0,""partition"":""0x7f554c0fe630""}"
56ae806af7ff8a2,1,1762816856433890047,SCANNED_ROWS,"{""count"":2048,""offset"":0,""partition"":""0x7f5550048720""}"
56ae806af7ff8a2,1,1762816856434057866,SCANNED_ROWS,"{""count"":2048,""offset"":0,""partition"":""0x7f555003da40""}"
56ae806af7ff8a2,1,1762816856434110879,SCANNED_ROWS,"{""count"":2048,""offset"":0,""partition"":""0x7f5550040830""}"
56ae806af7ff8a2,1,1762816856434137085,SCANNED_ROWS,"{""count"":2048,""offset"":0,""partition"":""0x7f5550035350""}"
56ae806af7ff8a2,1,1762816856434029313,SCANNED_ROWS,"{""count"":2048,""offset"":0,""partition"":""0x7f554c057fe0""}"
56ae806af7ff8a2,1,1762816856434179931,SCANNED_ROWS,"{""count"":2048,""offset"":0,""partition"":""0x7f554c0fea90""}"
56ae806af7ff8a2,1,1762816856433938261,SCANNED_ROWS,"{""count"":2048,""offset"":0,""partition"":""0x7f554c065130""}"
56ae806af7ff8a2,1,1762816856434219319,SCANNED_ROWS,"{""count"":2048,""offset"":0,""partition"":""0x7f554c05f880""}"
56ae806af7ff8a2,1,1762816856433986358,SCANNED_ROWS,"{""count"":2048,""offset"":0,""partition"":""0x7f554c049420""}"
56ae806af7ff8a2,1,1762816856434269656,SCANNED_ROWS,"{""count"":2048,""offset"":0,""partition"":""0x7f554c038060""}"
56ae806af7ff8a2,1,1762816856434150171,SCANNED_ROWS,"{""count"":2048,""offset"":0,""partition"":""0x7f5550047bd0""}"
56ae806af7ff8a2,1,1762816856434304958,SCANNED_ROWS,"{""count"":2048,""offset"":0,""partition"":""0x7f55500366a0""}"
56ae806af7ff8a2,1,1762816856434313973,SCANNED_ROWS,"{""count"":2048,""offset"":0,""partition"":""0x7f5550048720""}"
56ae806af7ff8a2,1,1762816856434335159,SCANNED_ROWS,"{""count"":2048,""offset"":0,""partition"":""0x7f555003da40""}"
56ae806af7ff8a2,1,1762816856434384618,SCANNED_ROWS,"{""count"":2045,""offset"":0,""partition"":""0x7f5550040830""}"
56ae806af7ff8a2,1,1762816856434280675,SCANNED_ROWS,"{""count"":2048,""offset"":0,""partition"":""0x7f554c049f40""}"
56ae806af7ff8a2,1,1762816856434435650,SCANNED_ROWS,"{""count"":2048,""offset"":0,""partition"":""0x7f554c03f450""}"
56ae806af7ff8a2,1,1762816856434488384,SCANNED_ROWS,"{""count"":2048,""offset"":0,""partition"":""0x7f554c053570""}"
56ae806af7ff8a2,1,1762816856434513081,SCANNED_ROWS,"{""count"":2048,""offset"":0,""partition"":""0x7f554c036d10""}"
56ae806af7ff8a2,1,1762816856434542701,SCANNED_ROWS,"{""count"":2048,""offset"":0,""partition"":""0x7f554c049420""}"
56ae806af7ff8a2,1,1762816856434569219,SCANNED_ROWS,"{""count"":2048,""offset"":0,""partition"":""0x7f554c038060""}"
56ae806af7ff8a2,1,1762816856434577900,SCANNED_ROWS,"{""count"":2048,""offset"":0,""partition"":""0x7f554c049f40""}"
56ae806af7ff8a2,1,1762816856434233741,SCANNED_ROWS,"{""count"":2048,""offset"":0,""partition"":""0x7f554c066470""}"
56ae806af7ff8a2,1,1762816856434598020,SCANNED_ROWS,"{""count"":2048,""offset"":0,""partition"":""0x7f554c03f450""}"
56ae806af7ff8a2,1,1762816856434609819,SCANNED_ROWS,"{""count"":2048,""offset"":0,""partition"":""0x7f554c05fc80""}"
56ae806af7ff8a2,1,1762816856434197649,SCANNED_ROWS,"{""count"":2048,""offset"":0,""partition"":""0x7f554c055a00""}"
56ae806af7ff8a2,1,1762816856434646962,SCANNED_ROWS,"{""count"":2048,""offset"":0,""partition"":""0x7f554c0fe230""}"
56ae806af7ff8a2,1,1762816856434610524,SCANNED_ROWS,"{""count"":2048,""offset"":0,""partition"":""0x7f554c053570""}"
56ae806af7ff8a2,1,1762816856434680287,SCANNED_ROWS,"{""count"":2048,""offset"":0,""partition"":""0x7f554c056cb0""}"
56ae806af7ff8a2,1,1762816856434647839,SCANNED_ROWS,"{""count"":2048,""offset"":0,""partition"":""0x7f554c0677f0""}"
56ae806af7ff8a2,1,1762816856434724113,SCANNED_ROWS,"{""count"":2048,""offset"":0,""partition"":""0x7f554c0fe630""}"
56ae806af7ff8a2,1,1762816856434733236,SCANNED_ROWS,"{""count"":2048,""offset"":0,""partition"":""0x7f554c057fe0""}"
56ae806af7ff8a2,1,1762816856434735110,SCANNED_ROWS,"{""count"":2048,""offset"":0,""partition"":""0x7f554c0fea90""}"
56ae806af7ff8a2,1,1762816856434685995,SCANNED_ROWS,"{""count"":2048,""offset"":0,""partition"":""0x7f554c036d10""}"
56ae806af7ff8a2,1,1762816856434395023,SCANNED_ROWS,"{""count"":3,""offset"":2045,""partition"":""0x7f555004e290""}"
56ae806af7ff8a2,1,1762816856434776229,SCANNED_ROWS,"{""count"":2048,""offset"":0,""partition"":""0x7f554c049420""}"
56ae806af7ff8a2,1,1762816856434820648,SCANNED_ROWS,"{""count"":2048,""offset"":0,""partition"":""0x7f554c038060""}"
56ae806af7ff8a2,1,1762816856434829254,SCANNED_ROWS,"{""count"":2048,""offset"":0,""partition"":""0x7f554c049f40""}"
56ae806af7ff8a2,1,1762816856434831063,SCANNED_ROWS,"{""count"":2048,""offset"":0,""partition"":""0x7f554c03f450""}"
56ae806af7ff8a2,1,1762816856434856881,SCANNED_ROWS,"{""count"":2048,""offset"":0,""partition"":""0x7f554c053570""}"
56ae806af7ff8a2,1,1762816856434864453,SCANNED_ROWS,"{""count"":2048,""offset"":0,""partition"":""0x7f554c036d10""}"
56ae806af7ff8a2,1,1762816856434868976,SCANNED_ROWS,"{""count"":2048,""offset"":0,""partition"":""0x7f554c049420""}"
56ae806af7ff8a2,1,1762816856434870398,SCANNED_ROWS,"{""count"":2048,""offset"":0,""partition"":""0x7f554c038060""}"
56ae806af7ff8a2,1,1762816856434737291,SCANNED_ROWS,"{""count"":2048,""offset"":0,""partition"":""0x7f554c0600e0""}"
56ae806af7ff8a2,1,1762816856434741928,SCANNED_ROWS,"{""count"":2048,""offset"":0,""partition"":""0x7f554c055a00""}"
56ae806af7ff8a2,1,1762816856434964796,SCANNED_ROWS,"{""count"":2048,""offset"":0,""partition"":""0x7f554c0fe230""}"
56ae806af7ff8a2,1,1762816856434781618,SCANNED_ROWS,"{""count"":2048,""offset"":0,""partition"":""0x7f5550035350""}"
56ae806af7ff8a2,1,1762816856435007575,SCANNED_ROWS,"{""count"":2045,""offset"":0,""partition"":""0x7f5550047bd0""}"
56ae806af7ff8a2,1,1762816856435036505,SCANNED_ROWS,"{""count"":3,""offset"":2045,""partition"":""0x7f555004f640""}"
56ae806af7ff8a2,1,1762816856435044572,SCANNED_ROWS,"{""count"":2048,""offset"":0,""partition"":""0x7f55500366a0""}"
56ae806af7ff8a2,1,1762816856435065823,SCANNED_ROWS,"{""count"":2045,""offset"":0,""partition"":""0x7f5550048720""}"
56ae806af7ff8a2,1,1762816856434978723,SCANNED_ROWS,"{""count"":2048,""offset"":0,""partition"":""0x7f554c056cb0""}"
56ae806af7ff8a2,1,1762816856435105517,SCANNED_ROWS,"{""count"":2048,""offset"":0,""partition"":""0x7f554c0fe630""}"
56ae806af7ff8a2,1,1762816856434871777,SCANNED_ROWS,"{""count"":2048,""offset"":0,""partition"":""0x7f554c049f40""}"
56ae806af7ff8a2,1,1762816856435142715,SCANNED_ROWS,"{""count"":2048,""offset"":0,""partition"":""0x7f554c03f450""}"
56ae806af7ff8a2,1,1762816856434921649,SCANNED_ROWS,"{""count"":2048,""offset"":0,""partition"":""0x7f554c065130""}"
56ae806af7ff8a2,1,1762816856435188693,SCANNED_ROWS,"{""count"":2048,""offset"":0,""partition"":""0x7f554c05f880""}"
56ae806af7ff8a2,1,1762816856435075894,SCANNED_ROWS,"{""count"":3,""offset"":2045,""partition"":""0x7f55500f8870""}"
56ae806af7ff8a2,1,1762816856435226803,SCANNED_ROWS,"{""count"":2048,""offset"":0,""partition"":""0x7f555003da40""}"
56ae806af7ff8a2,1,1762816856435115620,SCANNED_ROWS,"{""count"":2048,""offset"":0,""partition"":""0x7f554c057fe0""}"
56ae806af7ff8a2,1,1762816856435267358,SCANNED_ROWS,"{""count"":2048,""offset"":0,""partition"":""0x7f554c0fea90""}"
56ae806af7ff8a2,1,1762816856435157751,SCANNED_ROWS,"{""count"":2048,""offset"":0,""partition"":""0x7f554c053570""}"
56ae806af7ff8a2,1,1762816856435308492,SCANNED_ROWS,"{""count"":2048,""offset"":0,""partition"":""0x7f554c036d10""}"
56ae806af7ff8a2,1,1762816856435204914,SCANNED_ROWS,"{""count"":2048,""offset"":0,""partition"":""0x7f554c066470""}"
56ae806af7ff8a2,1,1762816856435353115,SCANNED_ROWS,"{""count"":2048,""offset"":0,""partition"":""0x7f554c05fc80""}"
56ae806af7ff8a2,1,1762816856435239523,EVAL_STATISTICS_START,"{""statistic"":""0x7f555004e2e0""}"
56ae806af7ff8a2,1,1762816856435394959,EVAL_STATISTICS_END,"{""statistic"":""0x7f555004e2e0"",""filter_propagate_result"":0}"
56ae806af7ff8a2,1,1762816856435283148,SCANNED_ROWS,"{""count"":2048,""offset"":0,""partition"":""0x7f554c055a00""}"
56ae806af7ff8a2,1,1762816856435436535,SCANNED_ROWS,"{""count"":2048,""offset"":0,""partition"":""0x7f554c0fe230""}"
56ae806af7ff8a2,1,1762816856435321384,SCANNED_ROWS,"{""count"":2048,""offset"":0,""partition"":""0x7f554c049420""}"
56ae806af7ff8a2,1,1762816856435455061,SCANNED_ROWS,"{""count"":2048,""offset"":0,""partition"":""0x7f554c056cb0""}"
56ae806af7ff8a2,1,1762816856435458518,SCANNED_ROWS,"{""count"":2048,""offset"":0,""partition"":""0x7f554c0fe630""}"
56ae806af7ff8a2,1,1762816856435460941,SCANNED_ROWS,"{""count"":2048,""offset"":0,""partition"":""0x7f554c057fe0""}"
56ae806af7ff8a2,1,1762816856435462686,SCANNED_ROWS,"{""count"":2048,""offset"":0,""partition"":""0x7f554c0fea90""}"
56ae806af7ff8a2,1,1762816856435470947,SCANNED_ROWS,"{""count"":2048,""offset"":0,""partition"":""0x7f554c055a00""}"
56ae806af7ff8a2,1,1762816856435472703,SCANNED_ROWS,"{""count"":2048,""offset"":0,""partition"":""0x7f554c0fe230""}"
56ae806af7ff8a2,1,1762816856435475734,SCANNED_ROWS,"{""count"":2048,""offset"":0,""partition"":""0x7f554c038060""}"
56ae806af7ff8a2,1,1762816856435363842,SCANNED_ROWS,"{""count"":2048,""offset"":0,""partition"":""0x7f554c0677f0""}"
56ae806af7ff8a2,1,1762816856435504342,SCANNED_ROWS,"{""count"":2048,""offset"":0,""partition"":""0x7f554c049f40""}"
56ae806af7ff8a2,1,1762816856435405073,SCANNED_ROWS,"{""count"":2048,""offset"":0,""partition"":""0x7f555004e290""}"
56ae806af7ff8a2,1,1762816856435546608,SCANNED_ROWS,"{""count"":2048,""offset"":0,""partition"":""0x7f5550035350""}"
56ae806af7ff8a2,1,1762816856435512290,SCANNED_ROWS,"{""count"":2048,""offset"":0,""partition"":""0x7f554c03f450""}"
56ae806af7ff8a2,1,1762816856435588644,SCANNED_ROWS,"{""count"":2048,""offset"":0,""partition"":""0x7f554c053570""}"
56ae806af7ff8a2,1,1762816856435615507,SCANNED_ROWS,"{""count"":2048,""offset"":0,""partition"":""0x7f554c036d10""}"
56ae806af7ff8a2,1,1762816856435478756,SCANNED_ROWS,"{""count"":2048,""offset"":0,""partition"":""0x7f554c056cb0""}"
56ae806af7ff8a2,1,1762816856435655375,SCANNED_ROWS,"{""count"":2048,""offset"":0,""partition"":""0x7f554c0fe630""}"
56ae806af7ff8a2,1,1762816856435665500,SCANNED_ROWS,"{""count"":2048,""offset"":0,""partition"":""0x7f554c057fe0""}"
56ae806af7ff8a2,1,1762816856435667298,SCANNED_ROWS,"{""count"":2048,""offset"":0,""partition"":""0x7f554c0fea90""}"
56ae806af7ff8a2,1,1762816856435562172,SCANNED_ROWS,"{""count"":2048,""offset"":0,""partition"":""0x7f555004f640""}"
56ae806af7ff8a2,1,1762816856435702282,SCANNED_ROWS,"{""count"":2048,""offset"":0,""partition"":""0x7f55500366a0""}"
56ae806af7ff8a2,1,1762816856435514633,SCANNED_ROWS,"{""count"":2048,""offset"":0,""partition"":""0x7f554c0600e0""}"
56ae806af7ff8a2,1,1762816856435751935,SCANNED_ROWS,"{""count"":2048,""offset"":0,""partition"":""0x7f554c065130""}"
56ae806af7ff8a2,1,1762816856435778711,SCANNED_ROWS,"{""count"":2048,""offset"":0,""partition"":""0x7f554c05f880""}"
56ae806af7ff8a2,1,1762816856435828235,SCANNED_ROWS,"{""count"":2048,""offset"":0,""partition"":""0x7f554c066470""}"
56ae806af7ff8a2,1,1762816856435854257,SCANNED_ROWS,"{""count"":2048,""offset"":0,""partition"":""0x7f554c05fc80""}"
56ae806af7ff8a2,1,1762816856435862949,SCANNED_ROWS,"{""count"":2048,""offset"":0,""partition"":""0x7f554c0677f0""}"
56ae806af7ff8a2,1,1762816856435864748,SCANNED_ROWS,"{""count"":2048,""offset"":0,""partition"":""0x7f554c0600e0""}"
56ae806af7ff8a2,1,1762816856435626934,SCANNED_ROWS,"{""count"":2048,""offset"":0,""partition"":""0x7f554c049420""}"
56ae806af7ff8a2,1,1762816856435896080,SCANNED_ROWS,"{""count"":2048,""offset"":0,""partition"":""0x7f554c038060""}"
56ae806af7ff8a2,1,1762816856435924375,SCANNED_ROWS,"{""count"":2048,""offset"":0,""partition"":""0x7f554c049f40""}"
56ae806af7ff8a2,1,1762816856435932151,SCANNED_ROWS,"{""count"":2048,""offset"":0,""partition"":""0x7f554c03f450""}"
56ae806af7ff8a2,1,1762816856435958809,SCANNED_ROWS,"{""count"":2048,""offset"":0,""partition"":""0x7f554c053570""}"
56ae806af7ff8a2,1,1762816856435984659,SCANNED_ROWS,"{""count"":2048,""offset"":0,""partition"":""0x7f554c036d10""}"
56ae806af7ff8a2,1,1762816856435674795,SCANNED_ROWS,"{""count"":2048,""offset"":0,""partition"":""0x7f554c055a00""}"
56ae806af7ff8a2,1,1762816856436023800,SCANNED_ROWS,"{""count"":2048,""offset"":0,""partition"":""0x7f554c0fe230""}"
56ae806af7ff8a2,1,1762816856435715788,SCANNED_ROWS,"{""count"":2048,""offset"":0,""partition"":""0x7f55500f8870""}"
56ae806af7ff8a2,1,1762816856436062617,SCANNED_ROWS,"{""count"":2048,""offset"":0,""partition"":""0x7f555003da40""}"
56ae806af7ff8a2,1,1762816856435869702,SCANNED_ROWS,"{""count"":2048,""offset"":0,""partition"":""0x7f554c065130""}"
56ae806af7ff8a2,1,1762816856436101295,SCANNED_ROWS,"{""count"":2048,""offset"":0,""partition"":""0x7f554c05f880""}"
56ae806af7ff8a2,1,1762816856435996022,SCANNED_ROWS,"{""count"":2048,""offset"":0,""partition"":""0x7f554c049420""}"
56ae806af7ff8a2,1,1762816856436139456,SCANNED_ROWS,"{""count"":2048,""offset"":0,""partition"":""0x7f554c038060""}"
56ae806af7ff8a2,1,1762816856436148375,SCANNED_ROWS,"{""count"":2048,""offset"":0,""partition"":""0x7f554c049f40""}"
56ae806af7ff8a2,1,1762816856436150130,SCANNED_ROWS,"{""count"":2048,""offset"":0,""partition"":""0x7f554c03f450""}"
56ae806af7ff8a2,1,1762816856436174354,SCANNED_ROWS,"{""count"":2048,""offset"":0,""partition"":""0x7f554c053570""}"
56ae806af7ff8a2,1,1762816856436181990,SCANNED_ROWS,"{""count"":2048,""offset"":0,""partition"":""0x7f554c036d10""}"
56ae806af7ff8a2,1,1762816856436210543,SCANNED_ROWS,"{""count"":2048,""offset"":0,""partition"":""0x7f554c049420""}"
56ae806af7ff8a2,1,1762816856436236501,SCANNED_ROWS,"{""count"":2048,""offset"":0,""partition"":""0x7f554c038060""}"
56ae806af7ff8a2,1,1762816856436245171,SCANNED_ROWS,"{""count"":2048,""offset"":0,""partition"":""0x7f554c049f40""}"
56ae806af7ff8a2,1,1762816856436265302,SCANNED_ROWS,"{""count"":2048,""offset"":0,""partition"":""0x7f554c03f450""}"
56ae806af7ff8a2,1,1762816856436313178,SCANNED_ROWS,"{""count"":2048,""offset"":0,""partition"":""0x7f554c053570""}"
56ae806af7ff8a2,1,1762816856436338866,SCANNED_ROWS,"{""count"":2048,""offset"":0,""partition"":""0x7f554c036d10""}"
56ae806af7ff8a2,1,1762816856436349379,SCANNED_ROWS,"{""count"":2048,""offset"":0,""partition"":""0x7f554c049420""}"
56ae806af7ff8a2,1,1762816856436369725,SCANNED_ROWS,"{""count"":2048,""offset"":0,""partition"":""0x7f554c038060""}"
56ae806af7ff8a2,1,1762816856436378352,SCANNED_ROWS,"{""count"":2048,""offset"":0,""partition"":""0x7f554c049f40""}"
56ae806af7ff8a2,1,1762816856436077298,SCANNED_ROWS,"{""count"":2048,""offset"":0,""partition"":""0x7f555004e290""}"
56ae806af7ff8a2,1,1762816856436409724,SCANNED_ROWS,"{""count"":2048,""offset"":0,""partition"":""0x7f5550035350""}"
56ae806af7ff8a2,1,1762816856436423952,SCANNED_ROWS,"{""count"":2048,""offset"":0,""partition"":""0x7f555004f640""}"
56ae806af7ff8a2,1,1762816856436115405,SCANNED_ROWS,"{""count"":2048,""offset"":0,""partition"":""0x7f554c066470""}"
56ae806af7ff8a2,1,1762816856436454307,SCANNED_ROWS,"{""count"":2048,""offset"":0,""partition"":""0x7f554c05fc80""}"
56ae806af7ff8a2,1,1762816856436038276,SCANNED_ROWS,"{""count"":2048,""offset"":0,""partition"":""0x7f554c056cb0""}"
56ae806af7ff8a2,1,1762816856436493348,SCANNED_ROWS,"{""count"":2048,""offset"":0,""partition"":""0x7f554c0fe630""}"
56ae806af7ff8a2,1,1762816856436502740,SCANNED_ROWS,"{""count"":2048,""offset"":0,""partition"":""0x7f554c057fe0""}"
56ae806af7ff8a2,1,1762816856436380086,SCANNED_ROWS,"{""count"":2048,""offset"":0,""partition"":""0x7f554c03f450""}"
56ae806af7ff8a2,1,1762816856436522461,SCANNED_ROWS,"{""count"":2048,""offset"":0,""partition"":""0x7f554c0fea90""}"
56ae806af7ff8a2,1,1762816856436425826,SCANNED_ROWS,"{""count"":2048,""offset"":0,""partition"":""0x7f55500366a0""}"
56ae806af7ff8a2,1,1762816856436565214,SCANNED_ROWS,"{""count"":2048,""offset"":0,""partition"":""0x7f55500f8870""}"
56ae806af7ff8a2,1,1762816856436535465,SCANNED_ROWS,"{""count"":2048,""offset"":0,""partition"":""0x7f554c053570""}"
56ae806af7ff8a2,1,1762816856436591549,SCANNED_ROWS,"{""count"":2048,""offset"":0,""partition"":""0x7f555003da40""}"
56ae806af7ff8a2,1,1762816856436599314,SCANNED_ROWS,"{""count"":2048,""offset"":0,""partition"":""0x7f554c036d10""}"
56ae806af7ff8a2,1,1762816856436466392,SCANNED_ROWS,"{""count"":2048,""offset"":0,""partition"":""0x7f554c0677f0""}"
56ae806af7ff8a2,1,1762816856436628686,SCANNED_ROWS,"{""count"":2048,""offset"":0,""partition"":""0x7f554c049420""}"
56ae806af7ff8a2,1,1762816856436645881,SCANNED_ROWS,"{""count"":2048,""offset"":0,""partition"":""0x7f554c0600e0""}"
56ae806af7ff8a2,1,1762816856436605917,SCANNED_ROWS,"{""count"":2048,""offset"":0,""partition"":""0x7f555004e290""}"
56ae806af7ff8a2,1,1762816856436536420,SCANNED_ROWS,"{""count"":2048,""offset"":0,""partition"":""0x7f554c055a00""}"
56ae806af7ff8a2,1,1762816856436685039,SCANNED_ROWS,"{""count"":2048,""offset"":0,""partition"":""0x7f5550035350""}"
56ae806af7ff8a2,1,1762816856436654654,SCANNED_ROWS,"{""count"":2048,""offset"":0,""partition"":""0x7f554c038060""}"
56ae806af7ff8a2,1,1762816856436699988,SCANNED_ROWS,"{""count"":2048,""offset"":0,""partition"":""0x7f555004f640""}"
56ae806af7ff8a2,1,1762816856436662694,SCANNED_ROWS,"{""count"":2048,""offset"":0,""partition"":""0x7f554c065130""}"
56ae806af7ff8a2,1,1762816856436727712,SCANNED_ROWS,"{""count"":2048,""offset"":0,""partition"":""0x7f55500366a0""}"
56ae806af7ff8a2,1,1762816856436701098,SCANNED_ROWS,"{""count"":2048,""offset"":0,""partition"":""0x7f554c0fe230""}"
56ae806af7ff8a2,1,1762816856436776942,SCANNED_ROWS,"{""count"":2048,""offset"":0,""partition"":""0x7f554c056cb0""}"
56ae806af7ff8a2,1,1762816856436825572,SCANNED_ROWS,"{""count"":2048,""offset"":0,""partition"":""0x7f554c0fe630""}"
56ae806af7ff8a2,1,1762816856436834114,SCANNED_ROWS,"{""count"":2048,""offset"":0,""partition"":""0x7f554c057fe0""}"
56ae806af7ff8a2,1,1762816856436835945,SCANNED_ROWS,"{""count"":2048,""offset"":0,""partition"":""0x7f554c0fea90""}"
56ae806af7ff8a2,1,1762816856436739431,SCANNED_ROWS,"{""count"":2048,""offset"":0,""partition"":""0x7f554c05f880""}"
56ae806af7ff8a2,1,1762816856436873586,SCANNED_ROWS,"{""count"":2048,""offset"":0,""partition"":""0x7f554c066470""}"
56ae806af7ff8a2,1,1762816856436918134,SCANNED_ROWS,"{""count"":2048,""offset"":0,""partition"":""0x7f554c05fc80""}"
56ae806af7ff8a2,1,1762816856436926944,SCANNED_ROWS,"{""count"":2048,""offset"":0,""partition"":""0x7f554c0677f0""}"
56ae806af7ff8a2,1,1762816856436947204,SCANNED_ROWS,"{""count"":2048,""offset"":0,""partition"":""0x7f554c0600e0""}"
56ae806af7ff8a2,1,1762816856436842612,SCANNED_ROWS,"{""count"":2048,""offset"":0,""partition"":""0x7f554c055a00""}"
56ae806af7ff8a2,1,1762816856436980219,SCANNED_ROWS,"{""count"":2048,""offset"":0,""partition"":""0x7f554c0fe230""}"
56ae806af7ff8a2,1,1762816856436992638,SCANNED_ROWS,"{""count"":2048,""offset"":0,""partition"":""0x7f554c056cb0""}"
56ae806af7ff8a2,1,1762816856436994469,SCANNED_ROWS,"{""count"":2048,""offset"":0,""partition"":""0x7f554c0fe630""}"
56ae806af7ff8a2,1,1762816856436996020,SCANNED_ROWS,"{""count"":2048,""offset"":0,""partition"":""0x7f554c057fe0""}"
56ae806af7ff8a2,1,1762816856436997172,SCANNED_ROWS,"{""count"":2048,""offset"":0,""partition"":""0x7f554c0fea90""}"
56ae806af7ff8a2,1,1762816856436708002,SCANNED_ROWS,"{""count"":2048,""offset"":0,""partition"":""0x7f554c049f40""}"
56ae806af7ff8a2,1,1762816856437030285,SCANNED_ROWS,"{""count"":2048,""offset"":0,""partition"":""0x7f554c03f450""}"
56ae806af7ff8a2,1,1762816856437045870,SCANNED_ROWS,"{""count"":2048,""offset"":0,""partition"":""0x7f554c053570""}"
56ae806af7ff8a2,1,1762816856437067993,SCANNED_ROWS,"{""count"":2048,""offset"":0,""partition"":""0x7f554c036d10""}"
56ae806af7ff8a2,1,1762816856437079357,SCANNED_ROWS,"{""count"":2048,""offset"":0,""partition"":""0x7f554c049420""}"
56ae806af7ff8a2,1,1762816856437081166,SCANNED_ROWS,"{""count"":2048,""offset"":0,""partition"":""0x7f554c038060""}"
56ae806af7ff8a2,1,1762816856437082836,SCANNED_ROWS,"{""count"":2048,""offset"":0,""partition"":""0x7f554c049f40""}"
56ae806af7ff8a2,1,1762816856437084085,SCANNED_ROWS,"{""count"":2048,""offset"":0,""partition"":""0x7f554c03f450""}"
56ae806af7ff8a2,1,1762816856437107727,SCANNED_ROWS,"{""count"":2045,""offset"":0,""partition"":""0x7f554c053570""}"
56ae806af7ff8a2,1,1762816856437135052,SCANNED_ROWS,"{""count"":3,""offset"":2045,""partition"":""0x7f554c04fb50""}"
56ae806af7ff8a2,1,1762816856437179212,SCANNED_ROWS,"{""count"":2048,""offset"":0,""partition"":""0x7f554c036d10""}"
56ae806af7ff8a2,1,1762816856436961217,SCANNED_ROWS,"{""count"":2048,""offset"":0,""partition"":""0x7f554c065130""}"
56ae806af7ff8a2,1,1762816856437217911,SCANNED_ROWS,"{""count"":2048,""offset"":0,""partition"":""0x7f554c05f880""}"
56ae806af7ff8a2,1,1762816856437270214,SCANNED_ROWS,"{""count"":2048,""offset"":0,""partition"":""0x7f554c066470""}"
56ae806af7ff8a2,1,1762816856437296215,SCANNED_ROWS,"{""count"":2048,""offset"":0,""partition"":""0x7f554c05fc80""}"
56ae806af7ff8a2,1,1762816856437305014,SCANNED_ROWS,"{""count"":2048,""offset"":0,""partition"":""0x7f554c0677f0""}"
56ae806af7ff8a2,1,1762816856437307082,SCANNED_ROWS,"{""count"":2048,""offset"":0,""partition"":""0x7f554c0600e0""}"
56ae806af7ff8a2,1,1762816856437190371,SCANNED_ROWS,"{""count"":2045,""offset"":0,""partition"":""0x7f554c049420""}"
56ae806af7ff8a2,1,1762816856437341048,SCANNED_ROWS,"{""count"":3,""offset"":2045,""partition"":""0x7f554c050e70""}"
56ae806af7ff8a2,1,1762816856437385758,SCANNED_ROWS,"{""count"":2048,""offset"":0,""partition"":""0x7f554c038060""}"
56ae806af7ff8a2,1,1762816856436736275,SCANNED_ROWS,"{""count"":2048,""offset"":0,""partition"":""0x7f55500f8870""}"
56ae806af7ff8a2,1,1762816856437429683,SCANNED_ROWS,"{""count"":2048,""offset"":0,""partition"":""0x7f555003da40""}"
56ae806af7ff8a2,1,1762816856437314880,SCANNED_ROWS,"{""count"":85,""offset"":0,""partition"":""0x7f554c065130""}"
56ae806af7ff8a2,1,1762816856437469000,SCANNED_ROWS,"{""count"":85,""offset"":0,""partition"":""0x7f554c05f880""}"
56ae806af7ff8a2,1,1762816856437395333,SCANNED_ROWS,"{""count"":2045,""offset"":0,""partition"":""0x7f554c049f40""}"
56ae806af7ff8a2,1,1762816856437538080,SCANNED_ROWS,"{""count"":3,""offset"":2045,""partition"":""0x7f555003ec60""}"
56ae806af7ff8a2,1,1762816856437445828,SCANNED_ROWS,"{""count"":1276,""offset"":0,""partition"":""0x7f555004e290""}"
56ae806af7ff8a2,1,1762816856437574693,SCANNED_ROWS,"{""count"":1276,""offset"":0,""partition"":""0x7f5550035350""}"
56ae806af7ff8a2,1,1762816856437002234,SCANNED_ROWS,"{""count"":2048,""offset"":0,""partition"":""0x7f554c055a00""}"
56ae806af7ff8a2,1,1762816856437613156,SCANNED_ROWS,"{""count"":2048,""offset"":0,""partition"":""0x7f554c0fe230""}"
56ae806af7ff8a2,1,1762816856437546115,SCANNED_ROWS,"{""count"":2048,""offset"":0,""partition"":""0x7f554c03f450""}"
56ae806af7ff8a2,1,1762816856437627599,SCANNED_ROWS,"{""count"":2048,""offset"":0,""partition"":""0x7f554c056cb0""}"
56ae806af7ff8a2,1,1762816856437638058,SCANNED_ROWS,"{""count"":2048,""offset"":0,""partition"":""0x7f554c0fe630""}"
56ae806af7ff8a2,1,1762816856437640395,SCANNED_ROWS,"{""count"":2048,""offset"":0,""partition"":""0x7f554c057fe0""}"
56ae806af7ff8a2,1,1762816856437642301,SCANNED_ROWS,"{""count"":2048,""offset"":0,""partition"":""0x7f554c0fea90""}"
56ae806af7ff8a2,1,1762816856437638044,EVAL_STATISTICS_START,"{""statistic"":""0x7f554c04fba0""}"
56ae806af7ff8a2,1,1762816856437648904,SCANNED_ROWS,"{""count"":2048,""offset"":0,""partition"":""0x7f554c055a00""}"
56ae806af7ff8a2,1,1762816856437650606,SCANNED_ROWS,"{""count"":2048,""offset"":0,""partition"":""0x7f554c0fe230""}"
56ae806af7ff8a2,1,1762816856437649751,EVAL_ADDITIONAL_STATISTICS_START,"{""statistic"":""0x7f554c04fba0"",""type""type:""error""}"
56ae806af7ff8a2,1,1762816856437674470,EVAL_STATISTICS_END,"{""statistic"":""0x7f554c04fba0"",""filter_propagate_result"":0}"
56ae806af7ff8a2,1,1762816856437655086,SCANNED_ROWS,"{""count"":2048,""offset"":0,""partition"":""0x7f554c056cb0""}"
56ae806af7ff8a2,1,1762816856437709037,SCANNED_ROWS,"{""count"":2048,""offset"":0,""partition"":""0x7f554c0fe630""}"
56ae806af7ff8a2,1,1762816856437683927,SCANNED_ROWS,"{""count"":2048,""offset"":0,""partition"":""0x7f554c04fb50""}"
56ae806af7ff8a2,1,1762816856437743285,SCANNED_ROWS,"{""count"":2048,""offset"":0,""partition"":""0x7f554c036d10""}"
56ae806af7ff8a2,1,1762816856437791775,SCANNED_ROWS,"{""count"":2048,""offset"":0,""partition"":""0x7f554c050e70""}"
56ae806af7ff8a2,1,1762816856437817323,SCANNED_ROWS,"{""count"":2048,""offset"":0,""partition"":""0x7f554c038060""}"
56ae806af7ff8a2,1,1762816856437826457,SCANNED_ROWS,"{""count"":2048,""offset"":0,""partition"":""0x7f555003ec60""}"
56ae806af7ff8a2,1,1762816856437717697,SCANNED_ROWS,"{""count"":2048,""offset"":0,""partition"":""0x7f554c057fe0""}"
56ae806af7ff8a2,1,1762816856437864632,SCANNED_ROWS,"{""count"":2048,""offset"":0,""partition"":""0x7f554c0fea90""}"
56ae806af7ff8a2,1,1762816856437828503,SCANNED_ROWS,"{""count"":2048,""offset"":0,""partition"":""0x7f554c03f450""}"
56ae806af7ff8a2,1,1762816856437883168,SCANNED_ROWS,"{""count"":2045,""offset"":0,""partition"":""0x7f554c055a00""}"
56ae806af7ff8a2,1,1762816856437960481,SCANNED_ROWS,"{""count"":3,""offset"":2045,""partition"":""0x7f554c059320""}"
56ae806af7ff8a2,1,1762816856437968807,SCANNED_ROWS,"{""count"":2048,""offset"":0,""partition"":""0x7f554c0fe230""}"
56ae806af7ff8a2,1,1762816856437913563,SCANNED_ROWS,"{""count"":2048,""offset"":0,""partition"":""0x7f554c04fb50""}"
56ae806af7ff8a2,1,1762816856438002616,SCANNED_ROWS,"{""count"":2048,""offset"":0,""partition"":""0x7f554c036d10""}"
56ae806af7ff8a2,1,1762816856438052398,SCANNED_ROWS,"{""count"":2048,""offset"":0,""partition"":""0x7f554c050e70""}"
56ae806af7ff8a2,1,1762816856438083688,SCANNED_ROWS,"{""count"":2048,""offset"":0,""partition"":""0x7f554c038060""}"
56ae806af7ff8a2,1,1762816856437974774,SCANNED_ROWS,"{""count"":2045,""offset"":0,""partition"":""0x7f554c056cb0""}"
56ae806af7ff8a2,1,1762816856438123755,SCANNED_ROWS,"{""count"":3,""offset"":2045,""partition"":""0x7f554c05a670""}"
56ae806af7ff8a2,1,1762816856438133050,SCANNED_ROWS,"{""count"":2048,""offset"":0,""partition"":""0x7f554c0fe630""}"
56ae806af7ff8a2,1,1762816856438092444,SCANNED_ROWS,"{""count"":2048,""offset"":0,""partition"":""0x7f555003ec60""}"
56ae806af7ff8a2,1,1762816856438166091,SCANNED_ROWS,"{""count"":2048,""offset"":0,""partition"":""0x7f554c03f450""}"
56ae806af7ff8a2,1,1762816856438137154,SCANNED_ROWS,"{""count"":2045,""offset"":0,""partition"":""0x7f554c057fe0""}"
56ae806af7ff8a2,1,1762816856438181386,SCANNED_ROWS,"{""count"":2048,""offset"":0,""partition"":""0x7f554c04fb50""}"
56ae806af7ff8a2,1,1762816856438192663,SCANNED_ROWS,"{""count"":2048,""offset"":0,""partition"":""0x7f554c036d10""}"
56ae806af7ff8a2,1,1762816856438215077,SCANNED_ROWS,"{""count"":2048,""offset"":0,""partition"":""0x7f554c050e70""}"
56ae806af7ff8a2,1,1762816856438258440,SCANNED_ROWS,"{""count"":2048,""offset"":0,""partition"":""0x7f554c038060""}"
56ae806af7ff8a2,1,1762816856438266970,SCANNED_ROWS,"{""count"":2048,""offset"":0,""partition"":""0x7f555003ec60""}"
56ae806af7ff8a2,1,1762816856438268704,SCANNED_ROWS,"{""count"":2048,""offset"":0,""partition"":""0x7f554c03f450""}"
56ae806af7ff8a2,1,1762816856438190350,SCANNED_ROWS,"{""count"":3,""offset"":2045,""partition"":""0x7f554c05b9e0""}"
56ae806af7ff8a2,1,1762816856438301709,SCANNED_ROWS,"{""count"":2048,""offset"":0,""partition"":""0x7f554c0fea90""}"
56ae806af7ff8a2,1,1762816856438274736,SCANNED_ROWS,"{""count"":2048,""offset"":0,""partition"":""0x7f554c04fb50""}"
56ae806af7ff8a2,1,1762816856438339414,SCANNED_ROWS,"{""count"":2048,""offset"":0,""partition"":""0x7f554c036d10""}"
56ae806af7ff8a2,1,1762816856438350196,SCANNED_ROWS,"{""count"":2048,""offset"":0,""partition"":""0x7f554c050e70""}"
56ae806af7ff8a2,1,1762816856438318576,EVAL_STATISTICS_START,"{""statistic"":""0x7f554c059370""}"
56ae806af7ff8a2,1,1762816856438385097,EVAL_ADDITIONAL_STATISTICS_START,"{""statistic"":""0x7f554c059370"",""type""type:""error""}"
56ae806af7ff8a2,1,1762816856438413973,EVAL_STATISTICS_END,"{""statistic"":""0x7f554c059370"",""filter_propagate_result"":0}"
56ae806af7ff8a2,1,1762816856438424141,SCANNED_ROWS,"{""count"":2048,""offset"":0,""partition"":""0x7f554c059320""}"
56ae806af7ff8a2,1,1762816856438426413,SCANNED_ROWS,"{""count"":2048,""offset"":0,""partition"":""0x7f554c0fe230""}"
56ae806af7ff8a2,1,1762816856438434868,SCANNED_ROWS,"{""count"":2048,""offset"":0,""partition"":""0x7f554c05a670""}"
56ae806af7ff8a2,1,1762816856438436258,SCANNED_ROWS,"{""count"":2048,""offset"":0,""partition"":""0x7f554c0fe630""}"
56ae806af7ff8a2,1,1762816856438438067,SCANNED_ROWS,"{""count"":2048,""offset"":0,""partition"":""0x7f554c05b9e0""}"
56ae806af7ff8a2,1,1762816856438439252,SCANNED_ROWS,"{""count"":2048,""offset"":0,""partition"":""0x7f554c0fea90""}"
56ae806af7ff8a2,1,1762816856438352221,SCANNED_ROWS,"{""count"":2048,""offset"":0,""partition"":""0x7f554c038060""}"
56ae806af7ff8a2,1,1762816856438470419,SCANNED_ROWS,"{""count"":2048,""offset"":0,""partition"":""0x7f555003ec60""}"
56ae806af7ff8a2,1,1762816856438478034,SCANNED_ROWS,"{""count"":2048,""offset"":0,""partition"":""0x7f554c03f450""}"
56ae806af7ff8a2,1,1762816856438445521,SCANNED_ROWS,"{""count"":2048,""offset"":0,""partition"":""0x7f554c059320""}"
56ae806af7ff8a2,1,1762816856438511255,SCANNED_ROWS,"{""count"":2048,""offset"":0,""partition"":""0x7f554c0fe230""}"
56ae806af7ff8a2,1,1762816856438484033,SCANNED_ROWS,"{""count"":2048,""offset"":0,""partition"":""0x7f554c04fb50""}"
56ae806af7ff8a2,1,1762816856438553697,SCANNED_ROWS,"{""count"":2048,""offset"":0,""partition"":""0x7f554c036d10""}"
56ae806af7ff8a2,1,1762816856438524621,SCANNED_ROWS,"{""count"":2048,""offset"":0,""partition"":""0x7f554c05a670""}"
56ae806af7ff8a2,1,1762816856438599166,SCANNED_ROWS,"{""count"":2048,""offset"":0,""partition"":""0x7f554c0fe630""}"
56ae806af7ff8a2,1,1762816856438569702,SCANNED_ROWS,"{""count"":2048,""offset"":0,""partition"":""0x7f554c050e70""}"
56ae806af7ff8a2,1,1762816856438635016,SCANNED_ROWS,"{""count"":2048,""offset"":0,""partition"":""0x7f554c038060""}"
56ae806af7ff8a2,1,1762816856438609172,SCANNED_ROWS,"{""count"":2048,""offset"":0,""partition"":""0x7f554c05b9e0""}"
56ae806af7ff8a2,1,1762816856438669025,SCANNED_ROWS,"{""count"":2048,""offset"":0,""partition"":""0x7f554c0fea90""}"
56ae806af7ff8a2,1,1762816856438643966,SCANNED_ROWS,"{""count"":2048,""offset"":0,""partition"":""0x7f555003ec60""}"
56ae806af7ff8a2,1,1762816856438708496,SCANNED_ROWS,"{""count"":2048,""offset"":0,""partition"":""0x7f554c03f450""}"
56ae806af7ff8a2,1,1762816856438683005,SCANNED_ROWS,"{""count"":2048,""offset"":0,""partition"":""0x7f554c059320""}"
56ae806af7ff8a2,1,1762816856438746865,SCANNED_ROWS,"{""count"":2048,""offset"":0,""partition"":""0x7f554c0fe230""}"
56ae806af7ff8a2,1,1762816856438760943,SCANNED_ROWS,"{""count"":2048,""offset"":0,""partition"":""0x7f554c05a670""}"
56ae806af7ff8a2,1,1762816856438762914,SCANNED_ROWS,"{""count"":2048,""offset"":0,""partition"":""0x7f554c0fe630""}"
56ae806af7ff8a2,1,1762816856438764432,SCANNED_ROWS,"{""count"":2048,""offset"":0,""partition"":""0x7f554c05b9e0""}"
56ae806af7ff8a2,1,1762816856438765639,SCANNED_ROWS,"{""count"":2048,""offset"":0,""partition"":""0x7f554c0fea90""}"
56ae806af7ff8a2,1,1762816856438723683,SCANNED_ROWS,"{""count"":2048,""offset"":0,""partition"":""0x7f554c04fb50""}"
56ae806af7ff8a2,1,1762816856438771283,SCANNED_ROWS,"{""count"":2048,""offset"":0,""partition"":""0x7f554c059320""}"
56ae806af7ff8a2,1,1762816856438834227,SCANNED_ROWS,"{""count"":2048,""offset"":0,""partition"":""0x7f554c0fe230""}"
56ae806af7ff8a2,1,1762816856438848229,SCANNED_ROWS,"{""count"":2048,""offset"":0,""partition"":""0x7f554c05a670""}"
56ae806af7ff8a2,1,1762816856438850092,SCANNED_ROWS,"{""count"":2048,""offset"":0,""partition"":""0x7f554c0fe630""}"
56ae806af7ff8a2,1,1762816856438851794,SCANNED_ROWS,"{""count"":2048,""offset"":0,""partition"":""0x7f554c05b9e0""}"
56ae806af7ff8a2,1,1762816856438853108,SCANNED_ROWS,"{""count"":2048,""offset"":0,""partition"":""0x7f554c0fea90""}"
56ae806af7ff8a2,1,1762816856438859614,SCANNED_ROWS,"{""count"":2048,""offset"":0,""partition"":""0x7f554c059320""}"
56ae806af7ff8a2,1,1762816856438860949,SCANNED_ROWS,"{""count"":2048,""offset"":0,""partition"":""0x7f554c0fe230""}"
56ae806af7ff8a2,1,1762816856438865807,SCANNED_ROWS,"{""count"":2048,""offset"":0,""partition"":""0x7f554c05a670""}"
56ae806af7ff8a2,1,1762816856438867088,SCANNED_ROWS,"{""count"":2048,""offset"":0,""partition"":""0x7f554c0fe630""}"
56ae806af7ff8a2,1,1762816856438869070,SCANNED_ROWS,"{""count"":2048,""offset"":0,""partition"":""0x7f554c05b9e0""}"
56ae806af7ff8a2,1,1762816856438870277,SCANNED_ROWS,"{""count"":2048,""offset"":0,""partition"":""0x7f554c0fea90""}"
56ae806af7ff8a2,1,1762816856438872635,SCANNED_ROWS,"{""count"":2048,""offset"":0,""partition"":""0x7f554c059320""}"
56ae806af7ff8a2,1,1762816856438873885,SCANNED_ROWS,"{""count"":2048,""offset"":0,""partition"":""0x7f554c0fe230""}"
56ae806af7ff8a2,1,1762816856438878301,SCANNED_ROWS,"{""count"":2048,""offset"":0,""partition"":""0x7f554c05a670""}"
56ae806af7ff8a2,1,1762816856438879529,SCANNED_ROWS,"{""count"":2048,""offset"":0,""partition"":""0x7f554c0fe630""}"
56ae806af7ff8a2,1,1762816856438880854,SCANNED_ROWS,"{""count"":2048,""offset"":0,""partition"":""0x7f554c05b9e0""}"
56ae806af7ff8a2,1,1762816856438882264,SCANNED_ROWS,"{""count"":2048,""offset"":0,""partition"":""0x7f554c0fea90""}"
56ae806af7ff8a2,1,1762816856438884419,SCANNED_ROWS,"{""count"":2048,""offset"":0,""partition"":""0x7f554c059320""}"
56ae806af7ff8a2,1,1762816856438885582,SCANNED_ROWS,"{""count"":2048,""offset"":0,""partition"":""0x7f554c0fe230""}"
56ae806af7ff8a2,1,1762816856438889955,SCANNED_ROWS,"{""count"":2048,""offset"":0,""partition"":""0x7f554c05a670""}"
56ae806af7ff8a2,1,1762816856438891150,SCANNED_ROWS,"{""count"":2048,""offset"":0,""partition"":""0x7f554c0fe630""}"
56ae806af7ff8a2,1,1762816856438897279,SCANNED_ROWS,"{""count"":2048,""offset"":0,""partition"":""0x7f554c05b9e0""}"
56ae806af7ff8a2,1,1762816856438898561,SCANNED_ROWS,"{""count"":2048,""offset"":0,""partition"":""0x7f554c0fea90""}"
56ae806af7ff8a2,1,1762816856438900779,SCANNED_ROWS,"{""count"":2048,""offset"":0,""partition"":""0x7f554c059320""}"
56ae806af7ff8a2,1,1762816856438901975,SCANNED_ROWS,"{""count"":2048,""offset"":0,""partition"":""0x7f554c0fe230""}"
56ae806af7ff8a2,1,1762816856438906499,SCANNED_ROWS,"{""count"":2048,""offset"":0,""partition"":""0x7f554c05a670""}"
56ae806af7ff8a2,1,1762816856438907716,SCANNED_ROWS,"{""count"":2048,""offset"":0,""partition"":""0x7f554c0fe630""}"
56ae806af7ff8a2,1,1762816856438909590,SCANNED_ROWS,"{""count"":2048,""offset"":0,""partition"":""0x7f554c05b9e0""}"
56ae806af7ff8a2,1,1762816856438910742,SCANNED_ROWS,"{""count"":2048,""offset"":0,""partition"":""0x7f554c0fea90""}"
56ae806af7ff8a2,1,1762816856438912864,SCANNED_ROWS,"{""count"":2048,""offset"":0,""partition"":""0x7f554c059320""}"
56ae806af7ff8a2,1,1762816856438914038,SCANNED_ROWS,"{""count"":2048,""offset"":0,""partition"":""0x7f554c0fe230""}"
56ae806af7ff8a2,1,1762816856438918853,SCANNED_ROWS,"{""count"":2048,""offset"":0,""partition"":""0x7f554c05a670""}"
56ae806af7ff8a2,1,1762816856438920091,SCANNED_ROWS,"{""count"":2048,""offset"":0,""partition"":""0x7f554c0fe630""}"
56ae806af7ff8a2,1,1762816856438921395,SCANNED_ROWS,"{""count"":2048,""offset"":0,""partition"":""0x7f554c05b9e0""}"
56ae806af7ff8a2,1,1762816856438922558,SCANNED_ROWS,"{""count"":2048,""offset"":0,""partition"":""0x7f554c0fea90""}"
56ae806af7ff8a2,1,1762816856438925218,SCANNED_ROWS,"{""count"":2048,""offset"":0,""partition"":""0x7f554c059320""}"
56ae806af7ff8a2,1,1762816856438926403,SCANNED_ROWS,"{""count"":2048,""offset"":0,""partition"":""0x7f554c0fe230""}"
56ae806af7ff8a2,1,1762816856438930819,SCANNED_ROWS,"{""count"":2048,""offset"":0,""partition"":""0x7f554c05a670""}"
56ae806af7ff8a2,1,1762816856438932015,SCANNED_ROWS,"{""count"":2048,""offset"":0,""partition"":""0x7f554c0fe630""}"
56ae806af7ff8a2,1,1762816856438933329,SCANNED_ROWS,"{""count"":2048,""offset"":0,""partition"":""0x7f554c05b9e0""}"
56ae806af7ff8a2,1,1762816856438934438,SCANNED_ROWS,"{""count"":2048,""offset"":0,""partition"":""0x7f554c0fea90""}"
56ae806af7ff8a2,1,1762816856438936431,SCANNED_ROWS,"{""count"":2048,""offset"":0,""partition"":""0x7f554c059320""}"
56ae806af7ff8a2,1,1762816856438937605,SCANNED_ROWS,"{""count"":2048,""offset"":0,""partition"":""0x7f554c0fe230""}"
56ae806af7ff8a2,1,1762816856438942150,SCANNED_ROWS,"{""count"":2048,""offset"":0,""partition"":""0x7f554c05a670""}"
56ae806af7ff8a2,1,1762816856438943367,SCANNED_ROWS,"{""count"":2048,""offset"":0,""partition"":""0x7f554c0fe630""}"
56ae806af7ff8a2,1,1762816856438944681,SCANNED_ROWS,"{""count"":2048,""offset"":0,""partition"":""0x7f554c05b9e0""}"
56ae806af7ff8a2,1,1762816856438945844,SCANNED_ROWS,"{""count"":2048,""offset"":0,""partition"":""0x7f554c0fea90""}"
56ae806af7ff8a2,1,1762816856438948031,SCANNED_ROWS,"{""count"":2048,""offset"":0,""partition"":""0x7f554c059320""}"
56ae806af7ff8a2,1,1762816856438949216,SCANNED_ROWS,"{""count"":2048,""offset"":0,""partition"":""0x7f554c0fe230""}"
56ae806af7ff8a2,1,1762816856438953125,SCANNED_ROWS,"{""count"":2048,""offset"":0,""partition"":""0x7f554c05a670""}"
56ae806af7ff8a2,1,1762816856438954342,SCANNED_ROWS,"{""count"":2048,""offset"":0,""partition"":""0x7f554c0fe630""}"
56ae806af7ff8a2,1,1762816856438955635,SCANNED_ROWS,"{""count"":2048,""offset"":0,""partition"":""0x7f554c05b9e0""}"
56ae806af7ff8a2,1,1762816856438956766,SCANNED_ROWS,"{""count"":2048,""offset"":0,""partition"":""0x7f554c0fea90""}"
56ae806af7ff8a2,1,1762816856438972671,SCANNED_ROWS,"{""count"":2048,""offset"":0,""partition"":""0x7f554c036d10""}"
56ae806af7ff8a2,1,1762816856438985574,SCANNED_ROWS,"{""count"":2048,""offset"":0,""partition"":""0x7f554c050e70""}"
56ae806af7ff8a2,1,1762816856438987330,SCANNED_ROWS,"{""count"":2048,""offset"":0,""partition"":""0x7f554c038060""}"
56ae806af7ff8a2,1,1762816856438993965,SCANNED_ROWS,"{""count"":2048,""offset"":0,""partition"":""0x7f555003ec60""}"
56ae806af7ff8a2,1,1762816856438995214,SCANNED_ROWS,"{""count"":2048,""offset"":0,""partition"":""0x7f554c03f450""}"
56ae806af7ff8a2,1,1762816856439000513,SCANNED_ROWS,"{""count"":2048,""offset"":0,""partition"":""0x7f554c04fb50""}"
56ae806af7ff8a2,1,1762816856439001720,SCANNED_ROWS,"{""count"":2048,""offset"":0,""partition"":""0x7f554c036d10""}"
56ae806af7ff8a2,1,1762816856439004445,SCANNED_ROWS,"{""count"":2048,""offset"":0,""partition"":""0x7f554c050e70""}"
56ae806af7ff8a2,1,1762816856439005662,SCANNED_ROWS,"{""count"":2048,""offset"":0,""partition"":""0x7f554c038060""}"
56ae806af7ff8a2,1,1762816856439007008,SCANNED_ROWS,"{""count"":2048,""offset"":0,""partition"":""0x7f555003ec60""}"
56ae806af7ff8a2,1,1762816856439008161,SCANNED_ROWS,"{""count"":2048,""offset"":0,""partition"":""0x7f554c03f450""}"
56ae806af7ff8a2,1,1762816856439010444,SCANNED_ROWS,"{""count"":2048,""offset"":0,""partition"":""0x7f554c04fb50""}"
56ae806af7ff8a2,1,1762816856439011661,SCANNED_ROWS,"{""count"":2048,""offset"":0,""partition"":""0x7f554c036d10""}"
56ae806af7ff8a2,1,1762816856439014655,SCANNED_ROWS,"{""count"":2048,""offset"":0,""partition"":""0x7f554c050e70""}"
56ae806af7ff8a2,1,1762816856439015862,SCANNED_ROWS,"{""count"":2048,""offset"":0,""partition"":""0x7f554c038060""}"
56ae806af7ff8a2,1,1762816856439017186,SCANNED_ROWS,"{""count"":2048,""offset"":0,""partition"":""0x7f555003ec60""}"
56ae806af7ff8a2,1,1762816856439018317,SCANNED_ROWS,"{""count"":2048,""offset"":0,""partition"":""0x7f554c03f450""}"
56ae806af7ff8a2,1,1762816856439020622,SCANNED_ROWS,"{""count"":2048,""offset"":0,""partition"":""0x7f554c04fb50""}"
56ae806af7ff8a2,1,1762816856439021839,SCANNED_ROWS,"{""count"":2048,""offset"":0,""partition"":""0x7f554c036d10""}"
56ae806af7ff8a2,1,1762816856439024381,SCANNED_ROWS,"{""count"":2048,""offset"":0,""partition"":""0x7f554c050e70""}"
56ae806af7ff8a2,1,1762816856439025620,SCANNED_ROWS,"{""count"":2048,""offset"":0,""partition"":""0x7f554c038060""}"
56ae806af7ff8a2,1,1762816856439026956,SCANNED_ROWS,"{""count"":2048,""offset"":0,""partition"":""0x7f555003ec60""}"
56ae806af7ff8a2,1,1762816856439028097,SCANNED_ROWS,"{""count"":2048,""offset"":0,""partition"":""0x7f554c03f450""}"
56ae806af7ff8a2,1,1762816856439030122,SCANNED_ROWS,"{""count"":2048,""offset"":0,""partition"":""0x7f554c04fb50""}"
56ae806af7ff8a2,1,1762816856439031382,SCANNED_ROWS,"{""count"":2048,""offset"":0,""partition"":""0x7f554c036d10""}"
56ae806af7ff8a2,1,1762816856439033838,SCANNED_ROWS,"{""count"":2048,""offset"":0,""partition"":""0x7f554c050e70""}"
56ae806af7ff8a2,1,1762816856439035044,SCANNED_ROWS,"{""count"":2048,""offset"":0,""partition"":""0x7f554c038060""}"
56ae806af7ff8a2,1,1762816856439036401,SCANNED_ROWS,"{""count"":2048,""offset"":0,""partition"":""0x7f555003ec60""}"
56ae806af7ff8a2,1,1762816856439037576,SCANNED_ROWS,"{""count"":2048,""offset"":0,""partition"":""0x7f554c03f450""}"
56ae806af7ff8a2,1,1762816856439039557,SCANNED_ROWS,"{""count"":2048,""offset"":0,""partition"":""0x7f554c04fb50""}"
56ae806af7ff8a2,1,1762816856439040742,SCANNED_ROWS,"{""count"":2048,""offset"":0,""partition"":""0x7f554c036d10""}"
56ae806af7ff8a2,1,1762816856439043241,SCANNED_ROWS,"{""count"":2048,""offset"":0,""partition"":""0x7f554c050e70""}"
56ae806af7ff8a2,1,1762816856439044480,SCANNED_ROWS,"{""count"":2048,""offset"":0,""partition"":""0x7f554c038060""}"
56ae806af7ff8a2,1,1762816856439045815,SCANNED_ROWS,"{""count"":2048,""offset"":0,""partition"":""0x7f555003ec60""}"
56ae806af7ff8a2,1,1762816856439046968,SCANNED_ROWS,"{""count"":2048,""offset"":0,""partition"":""0x7f554c03f450""}"
56ae806af7ff8a2,1,1762816856439933270,SQL_COMMAND_RUN_END,"{""command"":""select * from test where A = 1;""}"
