Name,Unit,Query,Min/max,Min/max clusters,Bloom filter,Dictionary
Time,s,1,0.17565,0.16722,0.0608,0.18155
Time,s,1,0.1774,0.16871,0.06271,0.17973
Time,s,1,0.20106,0.16693,0.06238,0.17833
Time,s,1,0.19661,0.17122,0.06221,0.17743
Time,s,1,0.19171,0.16756,0.06287,0.17814
Time,s,1,0.19384,0.16785,0.06332,0.17791
Time,s,1,0.19454,0.16982,0.06262,0.18475
Time,s,1,0.18946,0.16828,0.06235,0.18734
Time,s,1,0.17446,0.16816,0.06197,0.1782
Time,s,1,0.17904,0.16698,0.06167,0.18175
Time,s,1,0.17619,0.16863,0.06175,0.18356
Time,s,1,0.17539,0.16786,0.06136,0.18448
Time,s,1,0.17866,0.17194,0.06143,0.18136
Time,s,1,0.19402,0.16786,0.06261,0.18826
Time,s,1,0.19744,0.17492,0.06174,0.18368
Time,s,1,0.18314,0.17393,0.06142,0.17953
Time,s,1,0.17506,0.16893,0.06141,0.18414
Time,s,1,0.17851,0.17168,0.06103,0.18186
Time,s,1,0.17452,0.16937,0.06093,0.17996
Time,s,1,0.17765,0.17123,0.0663,0.17977
Time,s,1,0.17565,0.17518,0.0613,0.18087
Time,s,1,0.17817,0.17434,0.06268,0.17896
Time,s,1,0.1761,0.17477,0.06685,0.18048
Time,s,1,0.17778,0.17482,0.0624,0.17894
Time,s,1,0.18789,0.16908,0.06123,0.17844
Time,s,1,0.18178,0.16828,0.06114,0.18223
Time,s,1,0.1745,0.16949,0.06164,0.17807
Time,s,1,0.17383,0.16868,0.06426,0.17841
Time,s,1,0.17357,0.16918,0.06092,0.1785
Time,s,1,0.17519,0.17532,0.06173,0.17864
Time,s,1,0.17403,0.17689,0.06765,0.17858
Time,s,1,0.17718,0.17842,0.06447,0.17909
Time,s,1,0.17378,0.16959,0.07187,0.17754
Time,s,1,0.17461,0.17167,0.06304,0.18022
Time,s,1,0.18245,0.16823,0.07058,0.18935
Time,s,1,0.1822,0.16945,0.06634,0.18683
Time,s,1,0.1939,0.1703,0.06527,0.17893
Time,s,1,0.1842,0.16746,0.06634,0.17922
Time,s,1,0.1752,0.1698,0.06044,0.18397
Time,s,1,0.18033,0.175,0.06913,0.17909
Time,s,1,0.19397,0.17121,0.06277,0.18735
Time,s,1,0.18902,0.17225,0.06127,0.18325
Time,s,1,0.17821,0.17038,0.06678,0.18401
Time,s,1,0.17393,0.1713,0.06122,0.18957
Time,s,1,0.17424,0.17116,0.06078,0.18451
Time,s,1,0.17327,0.17337,0.06351,0.18393
Time,s,1,0.17401,0.17346,0.06276,0.18416
Time,s,1,0.17363,0.16789,0.07159,0.19046
Time,s,1,0.17405,0.17371,0.06207,0.18603
Time,s,1,0.17471,0.16926,0.06234,0.1846
Time,s,1,0.17383,0.17456,0.06356,0.18043
Time,s,1,0.17372,0.17005,0.06062,0.18
Time,s,1,0.18134,0.16824,0.06042,0.18405
Time,s,1,0.18431,0.16776,0.06036,0.18728
Time,s,1,0.18137,0.17358,0.06135,0.17903
Time,s,1,0.18681,0.16898,0.06321,0.18172
Time,s,1,0.17864,0.16895,0.06278,0.18013
Time,s,1,0.1787,0.17671,0.06211,0.18087
Time,s,1,0.17883,0.17588,0.06165,0.1796
Time,s,1,0.18008,0.1808,0.06233,0.18302
Time,s,1,0.18424,0.17601,0.06485,0.18138
Time,s,1,0.17937,0.17542,0.06224,0.18734
Time,s,1,0.18219,0.17605,0.06635,0.18012
Time,s,1,0.17643,0.17746,0.06251,0.18084
Time,s,1,0.1791,0.1745,0.06775,0.18084
Time,s,1,0.17742,0.17554,0.06785,0.18756
Time,s,1,0.17418,0.17411,0.06301,0.18763
Time,s,1,0.17405,0.17744,0.06643,0.18782
Time,s,1,0.17678,0.18016,0.06066,0.18999
Time,s,1,0.17656,0.17362,0.06107,0.18044
Time,s,1,0.17746,0.17413,0.06375,0.18257
Time,s,1,0.17475,0.17251,0.06313,0.1842
Time,s,1,0.17599,0.17123,0.0702,0.1812
Time,s,1,0.17644,0.17027,0.06437,0.18592
Time,s,1,0.17729,0.17125,0.06192,0.18305
Time,s,1,0.18341,0.17174,0.06591,0.18624
Time,s,1,0.17501,0.17889,0.06268,0.1792
Time,s,1,0.17843,0.17762,0.06764,0.18257
Time,s,1,0.17878,0.17483,0.06332,0.18514
Time,s,1,0.17709,0.17707,0.06137,0.19331
Time,s,1,0.18076,0.17667,0.06909,0.18523
Time,s,1,0.17303,0.18136,0.06172,0.17619
Time,s,1,0.17469,0.17939,0.06894,0.17368
Time,s,1,0.17718,0.18539,0.0639,0.17713
Time,s,1,0.17604,0.17195,0.06141,0.18103
Time,s,1,0.17655,0.17446,0.06674,0.18172
Time,s,1,0.18008,0.17239,0.06176,0.17465
Time,s,1,0.1756,0.17551,0.06839,0.18048
Time,s,1,0.17672,0.17388,0.0638,0.18134
Time,s,1,0.17596,0.17124,0.06164,0.17896
Time,s,1,0.17553,0.1723,0.06658,0.18083
Time,s,1,0.1757,0.18302,0.06236,0.17645
Time,s,1,0.17644,0.17426,0.06949,0.18094
Time,s,1,0.17528,0.17676,0.06189,0.175
Time,s,1,0.17559,0.17311,0.06185,0.18
Time,s,1,0.1749,0.1763,0.06721,0.17545
Time,s,1,0.17673,0.17691,0.06606,0.17612
Time,s,1,0.18051,0.17697,0.07085,0.18094
Time,s,1,0.17479,0.17448,0.07033,0.17528
Time,s,1,0.1754,0.1719,0.06407,0.17646
Time,s,2,0.18501,0.17205,0.06678,0.17661
Time,s,2,0.18841,0.17217,0.06417,0.17411
Time,s,2,0.18213,0.17361,0.06926,0.17733
Time,s,2,0.18206,0.17187,0.06417,0.17625
Time,s,2,0.18256,0.17084,0.06318,0.17622
Time,s,2,0.17586,0.16873,0.06257,0.17611
Time,s,2,0.18341,0.17917,0.06225,0.17853
Time,s,2,0.18246,0.17482,0.06377,0.17554
Time,s,2,0.18173,0.17641,0.06247,0.17659
Time,s,2,0.17905,0.17494,0.068,0.17599
Time,s,2,0.18289,0.17811,0.06285,0.17556
Time,s,2,0.18152,0.17419,0.06909,0.17642
Time,s,2,0.18145,0.1787,0.06254,0.17597
Time,s,2,0.17774,0.17691,0.06323,0.18321
Time,s,2,0.18458,0.1732,0.06625,0.17465
Time,s,2,0.17709,0.17584,0.06299,0.1864
Time,s,2,0.18015,0.16977,0.06788,0.18442
Time,s,2,0.18255,0.16912,0.06285,0.18409
Time,s,2,0.18157,0.17324,0.06284,0.1826
Time,s,2,0.18288,0.17013,0.06249,0.1847
Time,s,2,0.18152,0.16767,0.06244,0.1841
Time,s,2,0.17916,0.16872,0.06515,0.18424
Time,s,2,0.18378,0.17032,0.06444,0.18149
Time,s,2,0.18686,0.16991,0.07247,0.17515
Time,s,2,0.17954,0.17,0.06591,0.183
Time,s,2,0.18344,0.17991,0.0688,0.18231
Time,s,2,0.18036,0.17558,0.06347,0.17934
Time,s,2,0.17967,0.17553,0.06261,0.1819
Time,s,2,0.17787,0.17734,0.06472,0.18108
Time,s,2,0.17945,0.17466,0.06293,0.18135
Time,s,2,0.17761,0.17482,0.06986,0.18171
Time,s,2,0.1778,0.16945,0.06942,0.17578
Time,s,2,0.17828,0.16873,0.06781,0.18042
Time,s,2,0.17841,0.1698,0.06236,0.18932
Time,s,2,0.18292,0.17522,0.0702,0.18467
Time,s,2,0.17754,0.17188,0.06224,0.17691
Time,s,2,0.17341,0.16867,0.0616,0.18187
Time,s,2,0.17687,0.17028,0.06635,0.17924
Time,s,2,0.17911,0.16942,0.06367,0.17722
Time,s,2,0.17687,0.16757,0.06665,0.18067
Time,s,2,0.17658,0.1705,0.06277,0.17881
Time,s,2,0.1762,0.16911,0.06523,0.18779
Time,s,2,0.17627,0.17141,0.06361,0.17943
Time,s,2,0.17725,0.1726,0.06283,0.17764
Time,s,2,0.1755,0.17612,0.06619,0.17595
Time,s,2,0.17612,0.17634,0.062,0.17555
Time,s,2,0.18241,0.17764,0.06248,0.17399
Time,s,2,0.17519,0.17135,0.06694,0.17484
Time,s,2,0.1748,0.1728,0.07406,0.17446
Time,s,2,0.1768,0.1714,0.07096,0.1751
Time,s,2,0.17762,0.17116,0.06934,0.17498
Time,s,2,0.18008,0.1691,0.07175,0.18103
Time,s,2,0.17785,0.17217,0.06987,0.17496
Time,s,2,0.17449,0.17799,0.06935,0.17598
Time,s,2,0.17438,0.1699,0.06955,0.1744
Time,s,2,0.17694,0.16823,0.07394,0.17568
Time,s,2,0.18139,0.16908,0.06854,0.17493
Time,s,2,0.17399,0.17601,0.07497,0.17666
Time,s,2,0.17529,0.17756,0.06789,0.17568
Time,s,2,0.17429,0.16949,0.06447,0.17504
Time,s,2,0.17775,0.1804,0.06971,0.18655
Time,s,2,0.17436,0.17464,0.07202,0.18122
Time,s,2,0.17582,0.17398,0.07821,0.18066
Time,s,2,0.17543,0.17296,0.07439,0.17593
Time,s,2,0.17651,0.17033,0.08163,0.17722
Time,s,2,0.18148,0.17286,0.07025,0.18084
Time,s,2,0.18146,0.17016,0.06388,0.17602
Time,s,2,0.18128,0.16916,0.06778,0.18067
Time,s,2,0.18498,0.17048,0.06876,0.1812
Time,s,2,0.18653,0.17007,0.07181,0.18364
Time,s,2,0.1746,0.16982,0.06803,0.18403
Time,s,2,0.18052,0.18114,0.07308,0.17583
Time,s,2,0.174,0.16905,0.06774,0.17546
Time,s,2,0.18085,0.17604,0.07275,0.174
Time,s,2,0.18259,0.17427,0.06518,0.18029
Time,s,2,0.18088,0.17526,0.06524,0.18203
Time,s,2,0.18032,0.17123,0.06752,0.17529
Time,s,2,0.18057,0.17709,0.06305,0.17818
Time,s,2,0.18346,0.17144,0.06833,0.1854
Time,s,2,0.18121,0.17427,0.0629,0.17689
Time,s,2,0.17965,0.17343,0.06928,0.17953
Time,s,2,0.17824,0.17429,0.06432,0.17712
Time,s,2,0.18287,0.1713,0.06245,0.17618
Time,s,2,0.17426,0.17065,0.06272,0.1762
Time,s,2,0.1793,0.17733,0.0624,0.17662
Time,s,2,0.18075,0.16947,0.06718,0.17525
Time,s,2,0.18357,0.17515,0.06258,0.17684
Time,s,2,0.18317,0.17509,0.06824,0.18792
Time,s,2,0.18344,0.17298,0.06235,0.18741
Time,s,2,0.2086,0.1714,0.06312,0.18356
Time,s,2,0.20207,0.17666,0.06337,0.19007
Time,s,2,0.23232,0.17038,0.06216,0.19717
Time,s,2,0.20597,0.17326,0.06555,0.17992
Time,s,2,0.2002,0.17074,0.06307,0.18001
Time,s,2,0.20895,0.16911,0.06691,0.18129
Time,s,2,0.19546,0.16984,0.06294,0.18242
Time,s,2,0.1792,0.17098,0.07057,0.18364
Time,s,2,0.18363,0.17792,0.06599,0.18152
Time,s,2,0.1771,0.1771,0.06003,0.1804
Time,s,2,0.17545,0.18189,0.06367,0.1803
Time,s,3,0.1747,0.16929,0.0603,0.18115
Time,s,3,0.17399,0.17283,0.0649,0.1796
Time,s,3,0.17447,0.17905,0.06064,0.17994
Time,s,3,0.17823,0.17799,0.06806,0.18005
Time,s,3,0.17573,0.17226,0.06289,0.18034
Time,s,3,0.17496,0.17621,0.06082,0.18383
Time,s,3,0.17465,0.17197,0.0653,0.18046
Time,s,3,0.17361,0.16996,0.06177,0.17965
Time,s,3,0.17552,0.17358,0.06828,0.18296
Time,s,3,0.17593,0.1707,0.0614,0.18887
Time,s,3,0.18292,0.17792,0.06129,0.17935
Time,s,3,0.18304,0.17137,0.06371,0.18816
Time,s,3,0.18034,0.17371,0.06264,0.18699
Time,s,3,0.17473,0.16752,0.06627,0.18791
Time,s,3,0.18117,0.17375,0.05969,0.18493
Time,s,3,0.17945,0.17193,0.06673,0.18735
Time,s,3,0.17727,0.16922,0.06773,0.18476
Time,s,3,0.18003,0.17387,0.06083,0.18108
Time,s,3,0.17964,0.17105,0.06269,0.18255
Time,s,3,0.17869,0.16882,0.06117,0.18618
Time,s,3,0.17563,0.16801,0.06653,0.18067
Time,s,3,0.17687,0.17602,0.06386,0.18262
Time,s,3,0.17733,0.17489,0.06466,0.18583
Time,s,3,0.17417,0.17528,0.06544,0.18518
Time,s,3,0.17498,0.17053,0.06148,0.18164
Time,s,3,0.17633,0.17234,0.06411,0.1811
Time,s,3,0.18622,0.17343,0.06113,0.18159
Time,s,3,0.18707,0.17841,0.06691,0.18121
Time,s,3,0.19715,0.16983,0.06146,0.17561
Time,s,3,0.18824,0.17605,0.06226,0.17419
Time,s,3,0.1853,0.1729,0.06388,0.17344
Time,s,3,0.18078,0.17076,0.06113,0.17446
Time,s,3,0.17991,0.16849,0.06641,0.18154
Time,s,3,0.17979,0.17661,0.06088,0.1759
Time,s,3,0.17825,0.17601,0.06071,0.17669
Time,s,3,0.18017,0.17074,0.06329,0.17533
Time,s,3,0.18016,0.1759,0.06076,0.1752
Time,s,3,0.17899,0.17165,0.06452,0.17546
Time,s,3,0.17454,0.17071,0.06112,0.17685
Time,s,3,0.1801,0.17085,0.06719,0.17706
Time,s,3,0.17576,0.17746,0.06054,0.18504
Time,s,3,0.17777,0.1699,0.06195,0.184
Time,s,3,0.1807,0.17522,0.06439,0.18207
Time,s,3,0.18162,0.17467,0.06033,0.1807
Time,s,3,0.18015,0.17253,0.06622,0.1764
Time,s,3,0.17681,0.17673,0.06111,0.18013
Time,s,3,0.17528,0.17051,0.06115,0.18063
Time,s,3,0.18186,0.17104,0.06517,0.17589
Time,s,3,0.17899,0.16929,0.06528,0.18431
Time,s,3,0.17696,0.17299,0.06656,0.1782
Time,s,3,0.17964,0.1697,0.06226,0.18474
Time,s,3,0.17599,0.17956,0.06088,0.17921
Time,s,3,0.17788,0.18479,0.06204,0.17742
Time,s,3,0.17762,0.17804,0.06055,0.17695
Time,s,3,0.17569,0.18823,0.06078,0.17793
Time,s,3,0.17542,0.17919,0.06129,0.17825
Time,s,3,0.17456,0.17537,0.06072,0.18233
Time,s,3,0.17712,0.17405,0.06144,0.17749
Time,s,3,0.17501,0.17548,0.061,0.17757
Time,s,3,0.17382,0.17481,0.06344,0.17943
Time,s,3,0.18118,0.17489,0.0613,0.17571
Time,s,3,0.17572,0.17683,0.06514,0.17913
Time,s,3,0.18144,0.18155,0.06091,0.17664
Time,s,3,0.17536,0.18043,0.06199,0.17526
Time,s,3,0.17661,0.18379,0.06109,0.17537
Time,s,3,0.1735,0.18471,0.06115,0.17688
Time,s,3,0.17693,0.17481,0.06086,0.17707
Time,s,3,0.17952,0.17698,0.06077,0.1754
Time,s,3,0.17996,0.17528,0.06518,0.17976
Time,s,3,0.18281,0.17485,0.06064,0.18408
Time,s,3,0.18214,0.18322,0.06789,0.18325
Time,s,3,0.18333,0.18726,0.06059,0.17557
Time,s,3,0.17747,0.17776,0.0601,0.17776
Time,s,3,0.18156,0.18324,0.06709,0.17471
Time,s,3,0.18249,0.17817,0.06824,0.18086
Time,s,3,0.18226,0.17449,0.06647,0.18287
Time,s,3,0.17561,0.1785,0.06273,0.18039
Time,s,3,0.18009,0.17472,0.06035,0.18327
Time,s,3,0.17964,0.17718,0.06131,0.17799
Time,s,3,0.17935,0.17545,0.06107,0.17607
Time,s,3,0.1785,0.1829,0.06615,0.17807
Time,s,3,0.18009,0.18042,0.0617,0.17844
Time,s,3,0.18106,0.18527,0.0604,0.17982
Time,s,3,0.17609,0.18033,0.06217,0.17837
Time,s,3,0.18011,0.17809,0.05967,0.18395
Time,s,3,0.1838,0.17686,0.06151,0.17566
Time,s,3,0.17779,0.17408,0.06195,0.17909
Time,s,3,0.17643,0.17536,0.0657,0.1768
Time,s,3,0.17687,0.17644,0.06033,0.17552
Time,s,3,0.17631,0.17532,0.0599,0.17771
Time,s,3,0.17575,0.17756,0.06261,0.17699
Time,s,3,0.17706,0.17545,0.06027,0.17672
Time,s,3,0.1751,0.18386,0.06015,0.17652
Time,s,3,0.18711,0.17432,0.06221,0.17518
Time,s,3,0.17573,0.16986,0.0672,0.17545
Time,s,3,0.17594,0.17289,0.06169,0.1859
Time,s,3,0.17504,0.18373,0.05996,0.18691
Time,s,3,0.17592,0.17291,0.06453,0.18256
Time,s,3,0.17523,0.1765,0.06099,0.18077
Time,s,3,0.17593,0.17447,0.06725,0.18097
Time,s,4,0.1758,0.16749,0.06564,0.18131
Time,s,4,0.18062,0.17171,0.06049,0.18426
Time,s,4,0.18362,0.16986,0.06486,0.18036
Time,s,4,0.17974,0.16856,0.05986,0.18086
Time,s,4,0.1884,0.17516,0.06796,0.18177
Time,s,4,0.17607,0.17587,0.06373,0.1787
Time,s,4,0.1836,0.17599,0.06178,0.17976
Time,s,4,0.18175,0.17577,0.06128,0.17697
Time,s,4,0.18123,0.17275,0.06102,0.17603
Time,s,4,0.1838,0.17146,0.06045,0.17627
Time,s,4,0.17503,0.17405,0.06197,0.17694
Time,s,4,0.17644,0.17014,0.06078,0.17756
Time,s,4,0.18271,0.16935,0.06435,0.17381
Time,s,4,0.18382,0.16885,0.06031,0.17851
Time,s,4,0.1815,0.16995,0.06764,0.17614
Time,s,4,0.18252,0.17117,0.0648,0.17604
Time,s,4,0.17757,0.16998,0.06135,0.17595
Time,s,4,0.17738,0.17706,0.06638,0.178
Time,s,4,0.1764,0.17831,0.0616,0.17706
Time,s,4,0.17714,0.17583,0.06064,0.17629
Time,s,4,0.1766,0.17614,0.0635,0.18536
Time,s,4,0.17787,0.1724,0.06053,0.18628
Time,s,4,0.17478,0.17124,0.06664,0.1845
Time,s,4,0.17631,0.17166,0.06204,0.17739
Time,s,4,0.1758,0.17005,0.06077,0.18116
Time,s,4,0.17617,0.17023,0.0662,0.17897
Time,s,4,0.17398,0.16936,0.06516,0.17927
Time,s,4,0.175,0.16903,0.0622,0.17975
Time,s,4,0.17504,0.1697,0.06292,0.18242
Time,s,4,0.17545,0.17831,0.06095,0.17638
Time,s,4,0.17847,0.16893,0.06457,0.17754
Time,s,4,0.1814,0.17257,0.0617,0.17945
Time,s,4,0.18218,0.16997,0.06845,0.17667
Time,s,4,0.18095,0.17426,0.06191,0.17787
Time,s,4,0.18201,0.16894,0.06071,0.17516
Time,s,4,0.18185,0.16878,0.06505,0.17655
Time,s,4,0.18007,0.16888,0.0641,0.17611
Time,s,4,0.17851,0.16904,0.06047,0.17565
Time,s,4,0.17504,0.18091,0.06203,0.17909
Time,s,4,0.17778,0.16858,0.06131,0.17606
Time,s,4,0.17801,0.17553,0.06494,0.17662
Time,s,4,0.17845,0.17607,0.06113,0.17832
Time,s,4,0.18033,0.16967,0.06799,0.17608
Time,s,4,0.1785,0.17188,0.06178,0.18464
Time,s,4,0.1738,0.17306,0.06104,0.18346
Time,s,4,0.17539,0.17112,0.067,0.18271
Time,s,4,0.17489,0.17059,0.05998,0.17567
Time,s,4,0.17586,0.17378,0.06062,0.18206
Time,s,4,0.17882,0.16964,0.06013,0.1795
Time,s,4,0.17629,0.17477,0.06207,0.17822
Time,s,4,0.17496,0.1687,0.06698,0.18176
Time,s,4,0.17551,0.16986,0.06358,0.17883
Time,s,4,0.17461,0.16828,0.06331,0.17604
Time,s,4,0.17619,0.17468,0.06318,0.17751
Time,s,4,0.17552,0.17167,0.05902,0.17718
Time,s,4,0.1801,0.17207,0.06499,0.1786
Time,s,4,0.17438,0.17149,0.06038,0.17631
Time,s,4,0.18268,0.17311,0.0608,0.17545
Time,s,4,0.17826,0.16945,0.06402,0.17688
Time,s,4,0.18126,0.17113,0.05982,0.17904
Time,s,4,0.18057,0.17247,0.06594,0.17623
Time,s,4,0.18016,0.17047,0.06414,0.17898
Time,s,4,0.17562,0.16892,0.06438,0.17627
Time,s,4,0.17485,0.16868,0.06051,0.18221
Time,s,4,0.17662,0.16879,0.06078,0.17525
Time,s,4,0.17455,0.17241,0.06539,0.17619
Time,s,4,0.17731,0.17099,0.06351,0.18238
Time,s,4,0.17697,0.16844,0.06051,0.18387
Time,s,4,0.17523,0.16765,0.06527,0.18601
Time,s,4,0.18159,0.16891,0.06008,0.1828
Time,s,4,0.1758,0.1679,0.06748,0.17509
Time,s,4,0.17603,0.16969,0.06603,0.17894
Time,s,4,0.17544,0.17566,0.06104,0.17745
Time,s,4,0.17487,0.16989,0.06673,0.17912
Time,s,4,0.18305,0.16663,0.06091,0.17856
Time,s,4,0.18439,0.17828,0.06016,0.17898
Time,s,4,0.17427,0.17378,0.06437,0.17918
Time,s,4,0.18199,0.17411,0.06872,0.17785
Time,s,4,0.17366,0.1745,0.05982,0.1777
Time,s,4,0.18048,0.16838,0.06067,0.18277
Time,s,4,0.18543,0.17051,0.06082,0.18124
Time,s,4,0.1815,0.16802,0.06304,0.18155
Time,s,4,0.17838,0.16964,0.05965,0.18118
Time,s,4,0.17716,0.17099,0.06779,0.18229
Time,s,4,0.17588,0.17141,0.06005,0.182
Time,s,4,0.17973,0.17174,0.05969,0.18138
Time,s,4,0.17375,0.16846,0.06312,0.18349
Time,s,4,0.17623,0.17001,0.06455,0.18004
Time,s,4,0.18076,0.16869,0.06568,0.18016
Time,s,4,0.17678,0.17135,0.06206,0.18011
Time,s,4,0.17585,0.16781,0.06013,0.18241
Time,s,4,0.17464,0.17139,0.06069,0.18056
Time,s,4,0.17495,0.16826,0.06162,0.1879
Time,s,4,0.17755,0.1739,0.06685,0.18567
Time,s,4,0.17652,0.1806,0.06212,0.18713
Time,s,4,0.17554,0.17261,0.06069,0.18492
Time,s,4,0.17397,0.17384,0.06496,0.18337
Time,s,4,0.17557,0.16986,0.06029,0.18421
Time,s,4,0.17376,0.17401,0.06172,0.17968
Time,s,4,0.17376,0.17229,0.06273,0.18405
Time,s,5,0.17469,0.17083,0.06177,0.18671
Time,s,5,0.17452,0.17116,0.06106,0.18886
Time,s,5,0.17791,0.16878,0.06231,0.18758
Time,s,5,0.18455,0.17663,0.06451,0.1872
Time,s,5,0.18127,0.16854,0.06546,0.18326
Time,s,5,0.18143,0.16845,0.06175,0.18142
Time,s,5,0.17601,0.17364,0.06678,0.18226
Time,s,5,0.18041,0.17159,0.0629,0.18307
Time,s,5,0.1742,0.17784,0.06072,0.18457
Time,s,5,0.17835,0.17028,0.06461,0.18569
Time,s,5,0.17924,0.17775,0.06121,0.18205
Time,s,5,0.17634,0.17017,0.06081,0.18049
Time,s,5,0.17863,0.17132,0.06363,0.18161
Time,s,5,0.17557,0.17949,0.06174,0.18404
Time,s,5,0.17955,0.17551,0.06094,0.18207
Time,s,5,0.17859,0.17449,0.06062,0.18394
Time,s,5,0.17669,0.17658,0.06115,0.17378
Time,s,5,0.17709,0.17521,0.06688,0.17417
Time,s,5,0.17793,0.17596,0.06125,0.17308
Time,s,5,0.17475,0.17654,0.06152,0.17377
Time,s,5,0.17717,0.17669,0.06411,0.17399
Time,s,5,0.17533,0.17099,0.06152,0.17755
Time,s,5,0.1748,0.17813,0.06804,0.17698
Time,s,5,0.17647,0.17139,0.06281,0.17538
Time,s,5,0.17352,0.17351,0.06213,0.17587
Time,s,5,0.17567,0.16998,0.06497,0.17693
Time,s,5,0.17485,0.1705,0.0623,0.17723
Time,s,5,0.175,0.17518,0.0703,0.18102
Time,s,5,0.17402,0.17149,0.06524,0.17609
Time,s,5,0.17747,0.17142,0.0624,0.18223
Time,s,5,0.1735,0.17675,0.0674,0.18142
Time,s,5,0.17407,0.18133,0.0617,0.18804
Time,s,5,0.17325,0.17564,0.0612,0.17876
Time,s,5,0.17265,0.17655,0.0651,0.18177
Time,s,5,0.17642,0.17679,0.06221,0.18153
Time,s,5,0.17609,0.17492,0.06719,0.18193
Time,s,5,0.17528,0.17221,0.0651,0.17826
Time,s,5,0.17426,0.17227,0.06086,0.17884
Time,s,5,0.17572,0.17217,0.06543,0.18463
Time,s,5,0.17449,0.17196,0.0616,0.18323
Time,s,5,0.18293,0.17483,0.0611,0.18086
Time,s,5,0.18154,0.1751,0.0634,0.1759
Time,s,5,0.18333,0.17005,0.0602,0.17652
Time,s,5,0.18097,0.17107,0.06666,0.17617
Time,s,5,0.17901,0.17151,0.06138,0.17724
Time,s,5,0.18138,0.17649,0.05996,0.17633
Time,s,5,0.1748,0.17778,0.06454,0.1756
Time,s,5,0.17821,0.17651,0.06145,0.1749
Time,s,5,0.17554,0.1701,0.06254,0.17736
Time,s,5,0.17781,0.16986,0.06401,0.17874
Time,s,5,0.17722,0.17651,0.05836,0.17576
Time,s,5,0.18173,0.1724,0.06684,0.17611
Time,s,5,0.17729,0.17375,0.06363,0.17664
Time,s,5,0.18312,0.17674,0.06161,0.1749
Time,s,5,0.17837,0.17287,0.06546,0.1748
Time,s,5,0.18346,0.17223,0.06088,0.17521
Time,s,5,0.17835,0.17164,0.0679,0.17765
Time,s,5,0.18239,0.17452,0.0631,0.17696
Time,s,5,0.1757,0.17379,0.0611,0.17759
Time,s,5,0.17463,0.17501,0.0656,0.17851
Time,s,5,0.17503,0.17239,0.06093,0.17532
Time,s,5,0.18419,0.17072,0.0614,0.17508
Time,s,5,0.18133,0.17123,0.06369,0.1765
Time,s,5,0.18249,0.17988,0.06241,0.17565
Time,s,5,0.18347,0.18116,0.0677,0.17522
Time,s,5,0.17898,0.18067,0.0628,0.17533
Time,s,5,0.17536,0.18177,0.06097,0.1767
Time,s,5,0.1768,0.17228,0.06125,0.17741
Time,s,5,0.17918,0.17913,0.06197,0.18925
Time,s,5,0.17619,0.17509,0.06012,0.18408
Time,s,5,0.17911,0.17692,0.06248,0.18472
Time,s,5,0.18235,0.17595,0.06366,0.17568
Time,s,5,0.17855,0.17375,0.0676,0.18403
Time,s,5,0.17992,0.17506,0.06237,0.18063
Time,s,5,0.18113,0.17461,0.06127,0.18408
Time,s,5,0.17829,0.17307,0.06541,0.17591
Time,s,5,0.17678,0.17541,0.06177,0.18016
Time,s,5,0.17631,0.17295,0.06809,0.17583
Time,s,5,0.17593,0.17538,0.06342,0.18148
Time,s,5,0.17758,0.17429,0.06693,0.17563
Time,s,5,0.17506,0.17237,0.06686,0.17925
Time,s,5,0.17607,0.1723,0.06356,0.18349
Time,s,5,0.17629,0.1721,0.06055,0.17456
Time,s,5,0.17658,0.17194,0.06523,0.17492
Time,s,5,0.1778,0.17231,0.06308,0.17771
Time,s,5,0.17687,0.17729,0.06769,0.17864
Time,s,5,0.17476,0.18162,0.06215,0.18287
Time,s,5,0.17646,0.18155,0.06114,0.17812
Time,s,5,0.1773,0.17484,0.06566,0.17785
Time,s,5,0.17657,0.17953,0.06256,0.17558
Time,s,5,0.17668,0.17829,0.06145,0.17774
Time,s,5,0.17815,0.17585,0.06391,0.17585
Time,s,5,0.17648,0.17243,0.06113,0.17485
Time,s,5,0.18749,0.17437,0.061,0.17856
Time,s,5,0.18344,0.17256,0.06249,0.17661
Time,s,5,0.18136,0.17429,0.06041,0.17659
Time,s,5,0.17707,0.17983,0.06495,0.17501
Time,s,5,0.18435,0.17407,0.06155,0.176
Time,s,5,0.18038,0.17283,0.06871,0.17547
Time,s,5,0.18024,0.16853,0.06306,0.17632
Time,s,6,0.1768,0.16817,0.06115,0.17456
Time,s,6,0.18097,0.16953,0.06558,0.1752
Time,s,6,0.17907,0.17103,0.05987,0.17543
Time,s,6,0.17811,0.16789,0.06771,0.17663
Time,s,6,0.17668,0.17631,0.06481,0.17872
Time,s,6,0.17605,0.17366,0.06455,0.17566
Time,s,6,0.17722,0.17822,0.06037,0.17522
Time,s,6,0.17802,0.17333,0.06754,0.17673
Time,s,6,0.17501,0.17462,0.06417,0.17948
Time,s,6,0.17943,0.16865,0.06306,0.17976
Time,s,6,0.17493,0.17063,0.0669,0.18164
Time,s,6,0.1771,0.17292,0.06237,0.18293
Time,s,6,0.17334,0.16761,0.06742,0.18238
Time,s,6,0.1745,0.17082,0.06328,0.18463
Time,s,6,0.18432,0.17565,0.06867,0.18272
Time,s,6,0.18509,0.17412,0.06438,0.17535
Time,s,6,0.18167,0.1755,0.06445,0.18173
Time,s,6,0.18334,0.17823,0.06507,0.17619
Time,s,6,0.18391,0.16845,0.06365,0.18062
Time,s,6,0.18468,0.16962,0.06409,0.18164
Time,s,6,0.17708,0.17892,0.06313,0.17879
Time,s,6,0.17829,0.17701,0.06656,0.18138
Time,s,6,0.17623,0.17282,0.06346,0.18416
Time,s,6,0.17462,0.17472,0.06796,0.18176
Time,s,6,0.17589,0.17598,0.06315,0.1756
Time,s,6,0.17861,0.1702,0.06938,0.18145
Time,s,6,0.17537,0.16906,0.0651,0.18315
Time,s,6,0.17558,0.16948,0.06342,0.17639
Time,s,6,0.17482,0.16918,0.06578,0.17728
Time,s,6,0.17753,0.16891,0.06691,0.17818
Time,s,6,0.17455,0.16735,0.06688,0.18142
Time,s,6,0.17731,0.1682,0.06351,0.18431
Time,s,6,0.18218,0.16958,0.06716,0.185
Time,s,6,0.18376,0.17152,0.06354,0.17653
Time,s,6,0.18082,0.17166,0.06483,0.18591
Time,s,6,0.17472,0.17212,0.06348,0.18159
Time,s,6,0.17981,0.17488,0.06952,0.1806
Time,s,6,0.17975,0.17207,0.06199,0.17721
Time,s,6,0.17743,0.1756,0.06336,0.17913
Time,s,6,0.17801,0.17068,0.06582,0.18207
Time,s,6,0.18001,0.17224,0.06363,0.18086
Time,s,6,0.17744,0.17122,0.06723,0.18522
Time,s,6,0.17591,0.16838,0.06374,0.17694
Time,s,6,0.17643,0.17273,0.06933,0.17669
Time,s,6,0.17419,0.16935,0.06371,0.17733
Time,s,6,0.17563,0.16953,0.06968,0.17704
Time,s,6,0.17384,0.16933,0.06403,0.17849
Time,s,6,0.18259,0.17738,0.0716,0.17938
Time,s,6,0.17422,0.17519,0.06788,0.17755
Time,s,6,0.18344,0.1751,0.06316,0.18245
Time,s,6,0.18062,0.17751,0.06597,0.17826
Time,s,6,0.18172,0.17518,0.0657,0.17619
Time,s,6,0.17911,0.1809,0.06668,0.17886
Time,s,6,0.17859,0.172,0.06546,0.17758
Time,s,6,0.17844,0.1715,0.06888,0.18006
Time,s,6,0.1811,0.16756,0.0678,0.18108
Time,s,6,0.18325,0.16814,0.06988,0.1786
Time,s,6,0.1775,0.16941,0.06307,0.17794
Time,s,6,0.17978,0.17008,0.06277,0.18043
Time,s,6,0.1752,0.1677,0.06409,0.18276
Time,s,6,0.17624,0.16815,0.06463,0.18136
Time,s,6,0.17623,0.17019,0.06615,0.17784
Time,s,6,0.17457,0.17587,0.06379,0.18268
Time,s,6,0.17474,0.16689,0.0676,0.18583
Time,s,6,0.17484,0.16917,0.06407,0.18377
Time,s,6,0.17795,0.17255,0.06303,0.18169
Time,s,6,0.18327,0.16718,0.06299,0.18353
Time,s,6,0.17992,0.17406,0.07127,0.18741
Time,s,6,0.18268,0.17431,0.06401,0.18182
Time,s,6,0.18246,0.1733,0.06268,0.18356
Time,s,6,0.18047,0.174,0.0651,0.19015
Time,s,6,0.17463,0.17201,0.06273,0.18556
Time,s,6,0.17913,0.16738,0.06484,0.18538
Time,s,6,0.18091,0.16847,0.06313,0.18501
Time,s,6,0.17705,0.17058,0.06821,0.18497
Time,s,6,0.17674,0.16726,0.0638,0.18446
Time,s,6,0.17379,0.1683,0.06908,0.18721
Time,s,6,0.17749,0.17308,0.06321,0.18622
Time,s,6,0.17536,0.16774,0.06496,0.18453
Time,s,6,0.17489,0.16841,0.06912,0.18236
Time,s,6,0.1742,0.17352,0.06297,0.18378
Time,s,6,0.17562,0.16915,0.06677,0.18077
Time,s,6,0.17456,0.17948,0.06358,0.18492
Time,s,6,0.17643,0.1703,0.06772,0.18335
Time,s,6,0.17367,0.17223,0.06357,0.19034
Time,s,6,0.17471,0.17306,0.07019,0.18294
Time,s,6,0.17306,0.16783,0.06462,0.18045
Time,s,6,0.17537,0.17198,0.06593,0.17948
Time,s,6,0.17921,0.17705,0.06534,0.18124
Time,s,6,0.18149,0.1737,0.06249,0.17881
Time,s,6,0.18153,0.16972,0.0639,0.18275
Time,s,6,0.18024,0.16966,0.06384,0.18176
Time,s,6,0.18356,0.16771,0.06301,0.18152
Time,s,6,0.17473,0.16772,0.06304,0.18193
Time,s,6,0.18163,0.16656,0.06835,0.18644
Time,s,6,0.18418,0.1692,0.06002,0.18095
Time,s,6,0.18401,0.17161,0.06895,0.18181
Time,s,6,0.20554,0.16751,0.06437,0.18298
Time,s,6,0.18254,0.16762,0.06384,0.18084
Time,s,6,0.1819,0.17151,0.06588,0.18029
Time,s,7,0.17555,0.16792,0.06482,0.18189
Time,s,7,0.1779,0.17651,0.07064,0.18601
Time,s,7,0.1738,0.16896,0.06454,0.18336
Time,s,7,0.17417,0.17365,0.06445,0.18439
Time,s,7,0.17408,0.17492,0.06859,0.18054
Time,s,7,0.17557,0.18152,0.06428,0.1814
Time,s,7,0.17332,0.18017,0.06985,0.18188
Time,s,7,0.17591,0.18315,0.06571,0.1915
Time,s,7,0.17429,0.18376,0.06444,0.19044
Time,s,7,0.17536,0.17595,0.06934,0.18234
Time,s,7,0.18453,0.18131,0.06348,0.18588
Time,s,7,0.17756,0.17724,0.06317,0.18509
Time,s,7,0.17982,0.17477,0.06777,0.18024
Time,s,7,0.1833,0.17357,0.06375,0.18018
Time,s,7,0.17652,0.17635,0.06324,0.18242
Time,s,7,0.17916,0.17442,0.06848,0.17629
Time,s,7,0.1823,0.17475,0.06365,0.17977
Time,s,7,0.17865,0.18131,0.07157,0.1756
Time,s,7,0.17751,0.17703,0.06575,0.18037
Time,s,7,0.17962,0.1745,0.06335,0.17512
Time,s,7,0.17553,0.1765,0.06832,0.178
Time,s,7,0.17735,0.18113,0.06394,0.17862
Time,s,7,0.17666,0.17454,0.0639,0.17701
Time,s,7,0.1755,0.17381,0.06832,0.17643
Time,s,7,0.17317,0.18098,0.06299,0.17702
Time,s,7,0.17411,0.17465,0.06993,0.17524
Time,s,7,0.17422,0.18048,0.06643,0.17466
Time,s,7,0.17637,0.18268,0.06484,0.17702
Time,s,7,0.18494,0.17438,0.07028,0.17582
Time,s,7,0.17432,0.17529,0.06753,0.18052
Time,s,7,0.17362,0.17686,0.064,0.17923
Time,s,7,0.17359,0.17451,0.06559,0.17678
Time,s,7,0.17463,0.17548,0.06416,0.17626
Time,s,7,0.17469,0.17575,0.07151,0.17638
Time,s,7,0.18108,0.17481,0.06457,0.17515
Time,s,7,0.17456,0.17385,0.0646,0.17549
Time,s,7,0.18076,0.18258,0.06934,0.17688
Time,s,7,0.18139,0.17716,0.06246,0.17629
Time,s,7,0.18182,0.17489,0.06349,0.18595
Time,s,7,0.18134,0.17648,0.06751,0.1878
Time,s,7,0.18131,0.17353,0.06372,0.18461
Time,s,7,0.17704,0.17697,0.06276,0.17982
Time,s,7,0.17926,0.1776,0.06686,0.18361
Time,s,7,0.17749,0.1744,0.06364,0.18098
Time,s,7,0.1794,0.17141,0.06938,0.17495
Time,s,7,0.17935,0.17263,0.06592,0.18107
Time,s,7,0.18015,0.1717,0.06443,0.18164
Time,s,7,0.17826,0.17336,0.06865,0.18361
Time,s,7,0.17349,0.16981,0.06578,0.18336
Time,s,7,0.17525,0.17114,0.0643,0.17783
Time,s,7,0.17507,0.17173,0.0679,0.17688
Time,s,7,0.17516,0.17158,0.06342,0.17642
Time,s,7,0.17437,0.1688,0.06504,0.1803
Time,s,7,0.17607,0.16865,0.06659,0.17757
Time,s,7,0.17506,0.17426,0.06683,0.17538
Time,s,7,0.18337,0.17493,0.06755,0.17544
Time,s,7,0.18076,0.16834,0.06489,0.17817
Time,s,7,0.18032,0.16929,0.06404,0.17886
Time,s,7,0.1812,0.17001,0.06678,0.17546
Time,s,7,0.18094,0.17794,0.06378,0.17528
Time,s,7,0.18006,0.17431,0.07093,0.17653
Time,s,7,0.18601,0.17674,0.06679,0.17583
Time,s,7,0.18007,0.17578,0.06506,0.18273
Time,s,7,0.17968,0.18057,0.07466,0.1767
Time,s,7,0.17983,0.17804,0.07028,0.17845
Time,s,7,0.18661,0.17182,0.06906,0.17578
Time,s,7,0.18,0.17626,0.07284,0.1786
Time,s,7,0.17972,0.1725,0.06992,0.17666
Time,s,7,0.18019,0.17179,0.07585,0.17407
Time,s,7,0.18011,0.17461,0.06889,0.17639
Time,s,7,0.17968,0.17257,0.06685,0.17556
Time,s,7,0.1801,0.168,0.07168,0.17445
Time,s,7,0.1848,0.16912,0.06731,0.17497
Time,s,7,0.18956,0.16929,0.06669,0.17292
Time,s,7,0.18917,0.17367,0.07136,0.17429
Time,s,7,0.18312,0.16869,0.06586,0.17517
Time,s,7,0.19108,0.16973,0.06817,0.17582
Time,s,7,0.18061,0.17025,0.06866,0.17392
Time,s,7,0.18647,0.17452,0.06872,0.17418
Time,s,7,0.18675,0.17317,0.06914,0.1746
Time,s,7,0.18541,0.17327,0.06476,0.1748
Time,s,7,0.18767,0.17499,0.06447,0.1824
Time,s,7,0.18409,0.17346,0.07077,0.1741
Time,s,7,0.18485,0.17737,0.06697,0.177
Time,s,7,0.18079,0.17736,0.06666,0.18053
Time,s,7,0.17995,0.17041,0.06718,0.18282
Time,s,7,0.18288,0.1792,0.06328,0.17425
Time,s,7,0.1808,0.17552,0.07334,0.1771
Time,s,7,0.18285,0.17114,0.06694,0.18308
Time,s,7,0.18699,0.17105,0.06431,0.18115
Time,s,7,0.1879,0.16812,0.06968,0.18076
Time,s,7,0.18347,0.17434,0.06479,0.1814
Time,s,7,0.18404,0.17555,0.06338,0.17958
Time,s,7,0.17669,0.16901,0.06861,0.17778
Time,s,7,0.17454,0.17495,0.06347,0.17767
Time,s,7,0.17554,0.17711,0.07053,0.17299
Time,s,7,0.18025,0.16832,0.06785,0.17532
Time,s,7,0.17398,0.1727,0.06524,0.17387
Time,s,7,0.17386,0.1728,0.07263,0.17213
Time,s,7,0.17411,0.17497,0.06519,0.17515
Time,s,8,0.17416,0.16927,0.06346,0.175
Time,s,8,0.17769,0.16987,0.0703,0.17401
Time,s,8,0.17415,0.17564,0.06757,0.1747
Time,s,8,0.18164,0.17083,0.07199,0.17837
Time,s,8,0.17425,0.16961,0.06389,0.17434
Time,s,8,0.18222,0.1688,0.06504,0.17359
Time,s,8,0.1811,0.17882,0.06698,0.18441
Time,s,8,0.17938,0.16889,0.06319,0.17263
Time,s,8,0.18013,0.16901,0.06955,0.17481
Time,s,8,0.17395,0.16909,0.065,0.18255
Time,s,8,0.18,0.16979,0.06226,0.18025
Time,s,8,0.17947,0.17257,0.06882,0.18131
Time,s,8,0.1857,0.16854,0.06385,0.18126
Time,s,8,0.18321,0.17619,0.06451,0.18024
Time,s,8,0.18072,0.16967,0.06747,0.18329
Time,s,8,0.18024,0.17483,0.06306,0.17267
Time,s,8,0.18062,0.17445,0.06206,0.17434
Time,s,8,0.17477,0.17398,0.06256,0.18076
Time,s,8,0.17444,0.17293,0.06224,0.18008
Time,s,8,0.18888,0.17095,0.0687,0.1859
Time,s,8,0.18183,0.17624,0.06238,0.18151
Time,s,8,0.17888,0.16808,0.06826,0.18668
Time,s,8,0.1738,0.17169,0.06346,0.18747
Time,s,8,0.17962,0.17048,0.06285,0.18698
Time,s,8,0.1791,0.16846,0.06689,0.18078
Time,s,8,0.18042,0.16954,0.06391,0.18284
Time,s,8,0.17405,0.16909,0.06352,0.18485
Time,s,8,0.17505,0.16998,0.06936,0.18276
Time,s,8,0.17844,0.16847,0.06281,0.18108
Time,s,8,0.17432,0.17394,0.06865,0.18243
Time,s,8,0.17371,0.17897,0.06336,0.18664
Time,s,8,0.17367,0.17641,0.06257,0.18161
Time,s,8,0.17386,0.17592,0.06323,0.1822
Time,s,8,0.17403,0.17023,0.06182,0.18033
Time,s,8,0.17818,0.16833,0.06161,0.18524
Time,s,8,0.18211,0.16816,0.06398,0.18033
Time,s,8,0.17997,0.17345,0.06332,0.18202
Time,s,8,0.18503,0.16947,0.06895,0.18347
Time,s,8,0.17959,0.16935,0.06236,0.18233
Time,s,8,0.17867,0.17625,0.0622,0.18367
Time,s,8,0.18248,0.17145,0.06641,0.18059
Time,s,8,0.17647,0.1723,0.0625,0.18052
Time,s,8,0.17475,0.1702,0.06272,0.18654
Time,s,8,0.17769,0.17655,0.0623,0.18035
Time,s,8,0.1756,0.17332,0.06182,0.18091
Time,s,8,0.17372,0.16929,0.06538,0.1801
Time,s,8,0.17684,0.17088,0.06078,0.18048
Time,s,8,0.18929,0.17083,0.06671,0.18088
Time,s,8,0.17746,0.17325,0.06096,0.18534
Time,s,8,0.17854,0.16811,0.06123,0.1805
Time,s,8,0.17962,0.16856,0.06382,0.1817
Time,s,8,0.17764,0.1724,0.06101,0.18099
Time,s,8,0.18246,0.16895,0.06198,0.18097
Time,s,8,0.19227,0.17545,0.06711,0.18022
Time,s,8,0.20159,0.16816,0.05976,0.1828
Time,s,8,0.19004,0.16787,0.06475,0.18026
Time,s,8,0.19539,0.17199,0.06016,0.18188
Time,s,8,0.18995,0.17289,0.06094,0.18476
Time,s,8,0.19347,0.17353,0.06106,0.18071
Time,s,8,0.20003,0.16933,0.06092,0.17992
Time,s,8,0.19071,0.16897,0.06617,0.18053
Time,s,8,0.19549,0.16939,0.06067,0.17807
Time,s,8,0.19685,0.1686,0.06068,0.18222
Time,s,8,0.20531,0.17032,0.06525,0.17927
Time,s,8,0.19967,0.17307,0.06071,0.17854
Time,s,8,0.19838,0.1683,0.06863,0.18031
Time,s,8,0.19532,0.16871,0.06353,0.18957
Time,s,8,0.19394,0.17359,0.06027,0.1848
Time,s,8,0.1932,0.17533,0.06546,0.18371
Time,s,8,0.20126,0.17301,0.06137,0.18315
Time,s,8,0.20048,0.16903,0.0607,0.18515
Time,s,8,0.19738,0.17247,0.0643,0.18478
Time,s,8,0.19082,0.17156,0.06037,0.17989
Time,s,8,0.18919,0.17061,0.06597,0.1818
Time,s,8,0.2004,0.17002,0.06324,0.18585
Time,s,8,0.19558,0.16877,0.0614,0.18082
Time,s,8,0.19148,0.17132,0.06416,0.1825
Time,s,8,0.1888,0.1712,0.06126,0.18305
Time,s,8,0.18997,0.1696,0.06912,0.1843
Time,s,8,0.19287,0.16782,0.0642,0.18674
Time,s,8,0.19318,0.16861,0.06027,0.18078
Time,s,8,0.19843,0.16873,0.06624,0.17828
Time,s,8,0.1903,0.16772,0.06221,0.18512
Time,s,8,0.18933,0.1699,0.06144,0.18007
Time,s,8,0.19411,0.16797,0.06055,0.18204
Time,s,8,0.19343,0.17014,0.062,0.17904
Time,s,8,0.19096,0.17227,0.06563,0.18017
Time,s,8,0.20199,0.16916,0.06035,0.18048
Time,s,8,0.19595,0.17092,0.06057,0.17933
Time,s,8,0.20337,0.17628,0.0632,0.18411
Time,s,8,0.20909,0.16881,0.06113,0.17845
Time,s,8,0.18971,0.16799,0.06632,0.17912
Time,s,8,0.17581,0.17678,0.06217,0.18099
Time,s,8,0.18215,0.16881,0.06023,0.18082
Time,s,8,0.17321,0.17052,0.06459,0.17879
Time,s,8,0.17363,0.17188,0.06063,0.18466
Time,s,8,0.18891,0.16899,0.06127,0.17939
Time,s,8,0.20905,0.16922,0.06539,0.17703
Time,s,8,0.20999,0.16752,0.06195,0.17374
Time,s,8,0.19613,0.16856,0.06833,0.17376
Time,s,9,0.20198,0.17557,0.06248,0.17378
Time,s,9,0.19411,0.16847,0.06201,0.17371
Time,s,9,0.19345,0.17185,0.0612,0.17593
Time,s,9,0.20389,0.17239,0.06355,0.17546
Time,s,9,0.19628,0.17321,0.06657,0.17264
Time,s,9,0.19616,0.17577,0.06173,0.17654
Time,s,9,0.19405,0.1791,0.06634,0.17838
Time,s,9,0.2034,0.17755,0.06215,0.17519
Time,s,9,0.20349,0.17285,0.06782,0.17523
Time,s,9,0.19287,0.17247,0.06246,0.17632
Time,s,9,0.19424,0.17101,0.06888,0.17606
Time,s,9,0.19183,0.17154,0.06084,0.17618
Time,s,9,0.19634,0.17247,0.06281,0.18429
Time,s,9,0.19242,0.17832,0.06517,0.1809
Time,s,9,0.18511,0.17555,0.06271,0.18097
Time,s,9,0.20011,0.1747,0.06631,0.17657
Time,s,9,0.19242,0.17254,0.06328,0.18217
Time,s,9,0.19378,0.17197,0.06837,0.18312
Time,s,9,0.19379,0.17216,0.06309,0.18086
Time,s,9,0.19367,0.17284,0.06281,0.18287
Time,s,9,0.19884,0.17229,0.06382,0.17984
Time,s,9,0.19965,0.17186,0.06199,0.17482
Time,s,9,0.19534,0.17316,0.06633,0.17902
Time,s,9,0.19508,0.17324,0.06172,0.1811
Time,s,9,0.19965,0.17403,0.06297,0.17783
Time,s,9,0.19972,0.17305,0.06199,0.17931
Time,s,9,0.19503,0.17265,0.06863,0.17348
Time,s,9,0.19197,0.1716,0.06315,0.17601
Time,s,9,0.20196,0.17322,0.06286,0.17868
Time,s,9,0.20134,0.17275,0.07011,0.17966
Time,s,9,0.19806,0.17254,0.06242,0.17923
Time,s,9,0.19588,0.1741,0.0668,0.1765
Time,s,9,0.19203,0.17349,0.06407,0.17529
Time,s,9,0.20033,0.1759,0.06844,0.17654
Time,s,9,0.19284,0.17444,0.06245,0.17409
Time,s,9,0.19449,0.17326,0.06141,0.17525
Time,s,9,0.19828,0.17152,0.06353,0.17749
Time,s,9,0.20195,0.1721,0.06238,0.17632
Time,s,9,0.19032,0.17292,0.06621,0.17631
Time,s,9,0.19035,0.17212,0.06222,0.17764
Time,s,9,0.19129,0.1725,0.06599,0.17483
Time,s,9,0.19083,0.17737,0.06197,0.17465
Time,s,9,0.20054,0.17343,0.0687,0.17431
Time,s,9,0.19544,0.17313,0.06321,0.178
Time,s,9,0.19598,0.17262,0.06176,0.17578
Time,s,9,0.19596,0.17727,0.06531,0.18441
Time,s,9,0.18995,0.17328,0.06243,0.17725
Time,s,9,0.19622,0.17039,0.06818,0.17709
Time,s,9,0.19896,0.16795,0.06224,0.18448
Time,s,9,0.19199,0.16898,0.06434,0.18229
Time,s,9,0.19099,0.17005,0.06328,0.18296
Time,s,9,0.19406,0.16931,0.06907,0.17537
Time,s,9,0.19478,0.17303,0.06409,0.18133
Time,s,9,0.19367,0.17379,0.06432,0.17989
Time,s,9,0.20017,0.16875,0.07063,0.17497
Time,s,9,0.19782,0.17036,0.06292,0.18049
Time,s,9,0.19575,0.1685,0.06675,0.17925
Time,s,9,0.19517,0.16976,0.06272,0.18014
Time,s,9,0.19203,0.16852,0.06312,0.17767
Time,s,9,0.18975,0.16994,0.0629,0.17765
Time,s,9,0.193,0.16848,0.0663,0.17428
Time,s,9,0.19257,0.17099,0.06686,0.1793
Time,s,9,0.19993,0.16815,0.06297,0.17412
Time,s,9,0.18974,0.17075,0.06722,0.179
Time,s,9,0.19359,0.17208,0.06273,0.18286
Time,s,9,0.1931,0.16966,0.06802,0.18365
Time,s,9,0.19406,0.16928,0.06254,0.18266
Time,s,9,0.19865,0.17036,0.07012,0.17558
Time,s,9,0.19522,0.17029,0.0625,0.17619
Time,s,9,0.18805,0.17225,0.06359,0.17972
Time,s,9,0.18908,0.17443,0.0671,0.17658
Time,s,9,0.19661,0.1741,0.06238,0.17836
Time,s,9,0.20205,0.169,0.06644,0.17882
Time,s,9,0.19176,0.17721,0.06375,0.17888
Time,s,9,0.19892,0.16933,0.06786,0.17851
Time,s,9,0.19873,0.16936,0.06341,0.18028
Time,s,9,0.19693,0.16903,0.06928,0.17832
Time,s,9,0.19687,0.17038,0.0644,0.17987
Time,s,9,0.19291,0.16965,0.06375,0.1763
Time,s,9,0.19221,0.16898,0.06909,0.17581
Time,s,9,0.18806,0.17294,0.06265,0.17919
Time,s,9,0.19101,0.17049,0.06287,0.17776
Time,s,9,0.19546,0.17054,0.06398,0.17712
Time,s,9,0.18867,0.16975,0.06233,0.17743
Time,s,9,0.1892,0.17013,0.06351,0.17838
Time,s,9,0.19065,0.17115,0.06251,0.17591
Time,s,9,0.19137,0.17061,0.06243,0.17621
Time,s,9,0.19939,0.16899,0.06583,0.17615
Time,s,9,0.20463,0.17242,0.06596,0.1757
Time,s,9,0.18964,0.17138,0.06276,0.17679
Time,s,9,0.19002,0.17069,0.06801,0.17514
Time,s,9,0.19181,0.17592,0.06313,0.17634
Time,s,9,0.18815,0.16876,0.06931,0.17657
Time,s,9,0.19675,0.16839,0.06383,0.17922
Time,s,9,0.19213,0.17964,0.0629,0.17888
Time,s,9,0.18924,0.16858,0.06656,0.17675
Time,s,9,0.19063,0.17021,0.06275,0.18292
Time,s,9,0.19267,0.17498,0.06649,0.1827
Time,s,9,0.19077,0.17012,0.06282,0.18101
Time,s,9,0.19491,0.17655,0.07044,0.18279
Time,s,10,0.19446,0.17519,0.0634,0.18296
Time,s,10,0.19256,0.17581,0.06249,0.17872
Time,s,10,0.19102,0.17918,0.06534,0.19105
Time,s,10,0.19049,0.17376,0.06442,0.18381
Time,s,10,0.18854,0.17461,0.06979,0.17857
Time,s,10,0.19768,0.17938,0.06321,0.18
Time,s,10,0.19137,0.17513,0.06276,0.18212
Time,s,10,0.19078,0.17528,0.0629,0.18157
Time,s,10,0.19407,0.17363,0.06877,0.1852
Time,s,10,0.18894,0.17826,0.0626,0.18794
Time,s,10,0.18895,0.16947,0.06368,0.1804
Time,s,10,0.19073,0.17531,0.06648,0.18502
Time,s,10,0.19685,0.17264,0.06309,0.18066
Time,s,10,0.19531,0.17043,0.06742,0.18219
Time,s,10,0.19019,0.16989,0.06286,0.18003
Time,s,10,0.18765,0.16821,0.07063,0.17886
Time,s,10,0.19189,0.17072,0.06351,0.18031
Time,s,10,0.19029,0.1713,0.0705,0.17978
Time,s,10,0.19317,0.17065,0.06412,0.17855
Time,s,10,0.19157,0.16866,0.06279,0.18268
Time,s,10,0.19334,0.17357,0.06652,0.18511
Time,s,10,0.18948,0.16861,0.06289,0.18067
Time,s,10,0.19118,0.1695,0.06767,0.1839
Time,s,10,0.1899,0.16871,0.06354,0.18149
Time,s,10,0.18998,0.16912,0.06859,0.18003
Time,s,10,0.1995,0.17843,0.06429,0.18181
Time,s,10,0.19631,0.17936,0.06343,0.18045
Time,s,10,0.18923,0.17202,0.06778,0.17926
Time,s,10,0.18886,0.17359,0.06717,0.17993
Time,s,10,0.19188,0.17416,0.06691,0.18263
Time,s,10,0.18973,0.16908,0.06404,0.18123
Time,s,10,0.19208,0.17303,0.06993,0.18116
Time,s,10,0.20024,0.17089,0.06379,0.18019
Time,s,10,0.19236,0.17538,0.06963,0.18199
Time,s,10,0.18932,0.17019,0.06207,0.17986
Time,s,10,0.19775,0.16921,0.06247,0.18006
Time,s,10,0.19009,0.17586,0.06584,0.17936
Time,s,10,0.20507,0.17085,0.06275,0.18204
Time,s,10,0.19624,0.17025,0.06745,0.18337
Time,s,10,0.19232,0.1689,0.06303,0.17829
Time,s,10,0.19828,0.16883,0.06932,0.17962
Time,s,10,0.19021,0.16797,0.0648,0.18376
Time,s,10,0.19147,0.16764,0.06291,0.17972
Time,s,10,0.19791,0.16727,0.06502,0.18682
Time,s,10,0.19677,0.17294,0.06282,0.18212
Time,s,10,0.19613,0.16982,0.06657,0.18025
Time,s,10,0.18886,0.17154,0.06324,0.18004
Time,s,10,0.17521,0.16832,0.06883,0.17731
Time,s,10,0.17459,0.16818,0.06469,0.17888
Time,s,10,0.17399,0.16883,0.06718,0.17968
Time,s,10,0.17421,0.17798,0.06448,0.18085
Time,s,10,0.17451,0.16842,0.06382,0.17805
Time,s,10,0.17343,0.17026,0.06654,0.18355
Time,s,10,0.17654,0.16787,0.06507,0.17768
Time,s,10,0.17639,0.16792,0.06672,0.17549
Time,s,10,0.18365,0.17156,0.06112,0.17849
Time,s,10,0.18331,0.17587,0.0676,0.18391
Time,s,10,0.18404,0.16955,0.06302,0.18426
Time,s,10,0.17878,0.17244,0.06893,0.18044
Time,s,10,0.17821,0.1685,0.06407,0.17716
Time,s,10,0.17853,0.16978,0.06215,0.17927
Time,s,10,0.17892,0.17231,0.06333,0.18162
Time,s,10,0.18178,0.16813,0.06262,0.17776
Time,s,10,0.18405,0.16822,0.06739,0.18251
Time,s,10,0.17392,0.17203,0.06398,0.17723
Time,s,10,0.18224,0.17658,0.06284,0.17825
Time,s,10,0.17504,0.17177,0.06273,0.17652
Time,s,10,0.17553,0.16874,0.06264,0.18306
Time,s,10,0.17571,0.17385,0.0629,0.17765
Time,s,10,0.17446,0.16914,0.06245,0.17851
Time,s,10,0.17356,0.17251,0.06621,0.18281
Time,s,10,0.17451,0.1688,0.06436,0.17871
Time,s,10,0.17667,0.16948,0.06667,0.17715
Time,s,10,0.173,0.16954,0.06474,0.17801
Time,s,10,0.18255,0.17267,0.07238,0.17775
Time,s,10,0.17724,0.17097,0.06741,0.17684
Time,s,10,0.17587,0.16945,0.0669,0.17809
Time,s,10,0.17648,0.16844,0.06961,0.17804
Time,s,10,0.18479,0.17233,0.06556,0.17618
Time,s,10,0.18319,0.16878,0.06891,0.18027
Time,s,10,0.18559,0.16843,0.06678,0.17662
Time,s,10,0.18715,0.17052,0.07268,0.1761
Time,s,10,0.18536,0.17549,0.06347,0.17617
Time,s,10,0.18224,0.17666,0.0624,0.18403
Time,s,10,0.18214,0.17195,0.06259,0.17478
Time,s,10,0.18313,0.16949,0.06318,0.17734
Time,s,10,0.18414,0.16994,0.06601,0.17695
Time,s,10,0.18109,0.17214,0.06251,0.17582
Time,s,10,0.17612,0.17082,0.06747,0.17825
Time,s,10,0.18236,0.17345,0.06253,0.17899
Time,s,10,0.18156,0.17497,0.06893,0.17593
Time,s,10,0.17628,0.16724,0.06377,0.17882
Time,s,10,0.17668,0.17141,0.06296,0.18044
Time,s,10,0.17569,0.17196,0.06475,0.17528
Time,s,10,0.17608,0.16814,0.06337,0.17548
Time,s,10,0.17574,0.16698,0.06191,0.17566
Time,s,10,0.17586,0.16933,0.06404,0.17606
Time,s,10,0.17556,0.1684,0.07002,0.17731
Time,s,10,0.17629,0.16948,0.06395,0.17688
Time,s,10,0.18732,0.1743,0.06946,0.1818
Time,s,11,0.18448,0.16716,0.06498,0.18276
Time,s,11,0.18488,0.16728,0.06316,0.18514
Time,s,11,0.18213,0.17655,0.07121,0.18508
Time,s,11,0.1822,0.17263,0.06267,0.18073
Time,s,11,0.18193,0.17326,0.06805,0.18347
Time,s,11,0.17604,0.17243,0.06415,0.18391
Time,s,11,0.17805,0.17355,0.0624,0.18331
Time,s,11,0.17962,0.17161,0.068,0.17682
Time,s,11,0.18078,0.1724,0.06133,0.17567
Time,s,11,0.17743,0.17915,0.06895,0.18258
Time,s,11,0.17856,0.17209,0.06292,0.18569
Time,s,11,0.18032,0.18143,0.06155,0.18287
Time,s,11,0.17639,0.18204,0.06397,0.18244
Time,s,11,0.17912,0.17681,0.06236,0.17737
Time,s,11,0.18223,0.17655,0.06364,0.18174
Time,s,11,0.18035,0.17781,0.06353,0.18664
Time,s,11,0.17755,0.17936,0.06191,0.18741
Time,s,11,0.17988,0.17323,0.06479,0.17563
Time,s,11,0.1826,0.17789,0.06141,0.18091
Time,s,11,0.18279,0.1806,0.06709,0.1798
Time,s,11,0.17519,0.17748,0.06111,0.1787
Time,s,11,0.17988,0.17966,0.06031,0.18106
Time,s,11,0.1826,0.17423,0.06487,0.18091
Time,s,11,0.17944,0.17359,0.06171,0.18025
Time,s,11,0.18064,0.17436,0.06734,0.18048
Time,s,11,0.18035,0.1743,0.06311,0.17831
Time,s,11,0.18083,0.17456,0.06345,0.17839
Time,s,11,0.17858,0.17501,0.06874,0.18069
Time,s,11,0.18271,0.18033,0.06307,0.18021
Time,s,11,0.17768,0.17355,0.06969,0.17788
Time,s,11,0.17873,0.17842,0.06413,0.17777
Time,s,11,0.18417,0.17269,0.06182,0.17698
Time,s,11,0.18255,0.17261,0.06165,0.18295
Time,s,11,0.17809,0.17163,0.06223,0.17739
Time,s,11,0.17673,0.17411,0.0666,0.17533
Time,s,11,0.17672,0.1728,0.06496,0.17566
Time,s,11,0.17542,0.17356,0.06382,0.17886
Time,s,11,0.17444,0.17019,0.06654,0.18223
Time,s,11,0.17432,0.16544,0.07086,0.1852
Time,s,11,0.17428,0.16621,0.07697,0.17692
Time,s,11,0.17591,0.16838,0.06887,0.17837
Time,s,11,0.18415,0.16555,0.07094,0.17871
Time,s,11,0.1804,0.1669,0.09326,0.17903
Time,s,11,0.17852,0.16535,0.07017,0.17902
Time,s,11,0.18164,0.16599,0.07895,0.17791
Time,s,11,0.1785,0.16607,0.07925,0.17947
Time,s,11,0.17782,0.16572,0.07103,0.18115
Time,s,11,0.1761,0.1655,0.07131,0.17948
Time,s,11,0.17707,0.16769,0.07129,0.18066
Time,s,11,0.17878,0.18072,0.07737,0.17831
Time,s,11,0.17515,0.17757,0.07462,0.18152
Time,s,11,0.17633,0.1795,0.06359,0.17934
Time,s,11,0.18338,0.17488,0.0664,0.17561
Time,s,11,0.17696,0.17321,0.06482,0.17647
Time,s,11,0.18083,0.17134,0.06778,0.17641
Time,s,11,0.17585,0.1686,0.06431,0.17709
Time,s,11,0.17515,0.16825,0.06346,0.17438
Time,s,11,0.18121,0.17387,0.06629,0.17952
Time,s,11,0.1769,0.17254,0.0635,0.17686
Time,s,11,0.18156,0.17571,0.06929,0.17558
Time,s,11,0.18017,0.17071,0.06491,0.17834
Time,s,11,0.17908,0.17226,0.06503,0.17533
Time,s,11,0.17926,0.17289,0.06608,0.17493
Time,s,11,0.17753,0.16765,0.06509,0.1804
Time,s,11,0.17623,0.17026,0.06775,0.18077
Time,s,11,0.17501,0.17038,0.06337,0.17569
Time,s,11,0.17358,0.17086,0.06385,0.17598
Time,s,11,0.17537,0.1694,0.06557,0.17552
Time,s,11,0.17378,0.17004,0.06321,0.17651
Time,s,11,0.17401,0.17127,0.06811,0.18209
Time,s,11,0.17588,0.16755,0.06376,0.18543
Time,s,11,0.18105,0.16766,0.06985,0.18281
Time,s,11,0.17388,0.17559,0.06578,0.18007
Time,s,11,0.18263,0.16781,0.0632,0.18443
Time,s,11,0.18279,0.17595,0.06475,0.18344
Time,s,11,0.1815,0.16809,0.06331,0.17517
Time,s,11,0.17535,0.16803,0.07247,0.18205
Time,s,11,0.17736,0.16952,0.06595,0.17484
Time,s,11,0.1768,0.17049,0.06373,0.1802
Time,s,11,0.1821,0.16754,0.06717,0.18056
Time,s,11,0.17954,0.17679,0.06432,0.18142
Time,s,11,0.17599,0.17412,0.07149,0.18566
Time,s,11,0.17614,0.17115,0.06548,0.18198
Time,s,11,0.17497,0.17588,0.06382,0.17884
Time,s,11,0.17457,0.17586,0.06787,0.17992
Time,s,11,0.1751,0.1749,0.0634,0.18517
Time,s,11,0.17441,0.17266,0.07103,0.18201
Time,s,11,0.17415,0.17326,0.06576,0.17611
Time,s,11,0.18338,0.17338,0.06292,0.17615
Time,s,11,0.18253,0.1681,0.06926,0.17556
Time,s,11,0.18003,0.16873,0.06377,0.17678
Time,s,11,0.17881,0.17145,0.06943,0.17787
Time,s,11,0.17392,0.17269,0.06519,0.17693
Time,s,11,0.17862,0.17537,0.0632,0.17588
Time,s,11,0.17804,0.17037,0.0679,0.1753
Time,s,11,0.17701,0.17028,0.06389,0.17678
Time,s,11,0.17507,0.17496,0.06943,0.17653
Time,s,11,0.1747,0.17723,0.06521,0.17768
Time,s,11,0.17673,0.16807,0.0639,0.177
Time,s,11,0.17452,0.16935,0.06947,0.18287
Time,s,12,0.17378,0.17043,0.0654,0.18492
Time,s,12,0.18132,0.16505,0.06941,0.18354
Time,s,12,0.17372,0.16481,0.06343,0.17991
Time,s,12,0.17663,0.16738,0.07039,0.17991
Time,s,12,0.1743,0.16577,0.06469,0.18212
Time,s,12,0.17424,0.1668,0.0623,0.18086
Time,s,12,0.18383,0.1709,0.06474,0.18134
Time,s,12,0.18335,0.16666,0.06181,0.18023
Time,s,12,0.17426,0.16538,0.06901,0.18082
Time,s,12,0.18004,0.16449,0.06274,0.18414
Time,s,12,0.17772,0.16615,0.06966,0.18246
Time,s,12,0.17894,0.16489,0.06624,0.18037
Time,s,12,0.17753,0.17388,0.06332,0.18034
Time,s,12,0.17739,0.17336,0.06822,0.18043
Time,s,12,0.17655,0.17185,0.06232,0.17953
Time,s,12,0.17463,0.17286,0.06641,0.18031
Time,s,12,0.17778,0.17468,0.06142,0.18149
Time,s,12,0.17867,0.17205,0.06892,0.18234
Time,s,12,0.17776,0.16612,0.06378,0.17941
Time,s,12,0.17708,0.17216,0.06233,0.18327
Time,s,12,0.17458,0.16562,0.06498,0.1843
Time,s,12,0.17644,0.16855,0.06257,0.18963
Time,s,12,0.17679,0.16641,0.06694,0.17985
Time,s,12,0.17594,0.16581,0.06283,0.18107
Time,s,12,0.17469,0.16984,0.06951,0.18059
Time,s,12,0.17646,0.17353,0.06286,0.18076
Time,s,12,0.17535,0.16724,0.06609,0.18133
Time,s,12,0.1759,0.16625,0.06461,0.18031
Time,s,12,0.1757,0.17013,0.06389,0.18924
Time,s,12,0.17301,0.16568,0.06692,0.19478
Time,s,12,0.17455,0.16722,0.06429,0.19023
Time,s,12,0.17747,0.17487,0.06228,0.18045
Time,s,12,0.1746,0.16512,0.0627,0.18362
Time,s,12,0.17574,0.16931,0.06345,0.17393
Time,s,12,0.17578,0.16948,0.06554,0.17422
Time,s,12,0.17323,0.16774,0.06394,0.18157
Time,s,12,0.18198,0.16669,0.06605,0.17273
Time,s,12,0.18337,0.1679,0.06406,0.17823
Time,s,12,0.18117,0.16604,0.06781,0.17385
Time,s,12,0.18502,0.16524,0.06275,0.18218
Time,s,12,0.17892,0.16679,0.06949,0.18018
Time,s,12,0.18026,0.16615,0.06322,0.18324
Time,s,12,0.17445,0.16617,0.0627,0.17967
Time,s,12,0.17962,0.1664,0.06713,0.18366
Time,s,12,0.17561,0.17253,0.06342,0.18636
Time,s,12,0.17449,0.17611,0.06907,0.18463
Time,s,12,0.17459,0.17387,0.06291,0.17968
Time,s,12,0.1741,0.17319,0.06317,0.18173
Time,s,12,0.17512,0.16656,0.062,0.18303
Time,s,12,0.17466,0.17089,0.06329,0.17608
Time,s,12,0.17357,0.17632,0.06525,0.18051
Time,s,12,0.17978,0.17078,0.06495,0.18245
Time,s,12,0.17515,0.17157,0.06913,0.17604
Time,s,12,0.17454,0.17531,0.06075,0.18207
Time,s,12,0.17619,0.17119,0.06588,0.17694
Time,s,12,0.17466,0.17531,0.0591,0.18004
Time,s,12,0.17362,0.16926,0.06131,0.18246
Time,s,12,0.17508,0.17357,0.0636,0.18351
Time,s,12,0.17553,0.17553,0.0615,0.18767
Time,s,12,0.18053,0.1749,0.06489,0.18264
Time,s,12,0.18064,0.17568,0.06176,0.18049
Time,s,12,0.18204,0.16944,0.06069,0.18263
Time,s,12,0.18388,0.17651,0.06208,0.1805
Time,s,12,0.17977,0.17753,0.06798,0.18127
Time,s,12,0.17815,0.17458,0.06117,0.18333
Time,s,12,0.17983,0.17532,0.06328,0.17928
Time,s,12,0.18148,0.16831,0.06508,0.1816
Time,s,12,0.1792,0.1718,0.06137,0.17651
Time,s,12,0.1806,0.17172,0.06504,0.18323
Time,s,12,0.17896,0.1734,0.0631,0.18281
Time,s,12,0.17819,0.16775,0.06175,0.18189
Time,s,12,0.18051,0.17059,0.06186,0.18071
Time,s,12,0.18449,0.17452,0.06165,0.18321
Time,s,12,0.17616,0.17214,0.06451,0.17863
Time,s,12,0.1767,0.16751,0.06204,0.1762
Time,s,12,0.17848,0.17268,0.06741,0.17753
Time,s,12,0.18189,0.17077,0.06415,0.17961
Time,s,12,0.17794,0.17945,0.06372,0.17939
Time,s,12,0.17638,0.17103,0.06664,0.17636
Time,s,12,0.17677,0.17041,0.06308,0.17674
Time,s,12,0.18662,0.17167,0.06364,0.17653
Time,s,12,0.17919,0.1716,0.06139,0.17781
Time,s,12,0.18224,0.17242,0.06652,0.17962
Time,s,12,0.17672,0.17245,0.0618,0.1762
Time,s,12,0.18043,0.17282,0.06146,0.17812
Time,s,12,0.17607,0.17396,0.06261,0.18472
Time,s,12,0.18008,0.1699,0.06101,0.17571
Time,s,12,0.18432,0.17161,0.06011,0.17575
Time,s,12,0.18021,0.17098,0.06162,0.18238
Time,s,12,0.18151,0.16874,0.06463,0.17794
Time,s,12,0.17729,0.16925,0.0607,0.17836
Time,s,12,0.17748,0.17777,0.06677,0.17873
Time,s,12,0.17764,0.17171,0.06247,0.17624
Time,s,12,0.18016,0.16778,0.06852,0.17609
Time,s,12,0.18491,0.16992,0.06323,0.17769
Time,s,12,0.17605,0.16798,0.06269,0.17605
Time,s,12,0.17656,0.16851,0.06129,0.1752
Time,s,12,0.17613,0.16976,0.06138,0.17681
Time,s,12,0.17934,0.16932,0.06673,0.17756
Time,s,12,0.1803,0.16841,0.06302,0.17582
Time,s,13,0.17892,0.18106,0.06029,0.18195
Time,s,13,0.17659,0.17695,0.06209,0.17469
Time,s,13,0.18533,0.17929,0.0622,0.17595
Time,s,13,0.18489,0.17234,0.06713,0.17568
Time,s,13,0.18271,0.1758,0.06187,0.17882
Time,s,13,0.18264,0.181,0.06105,0.17591
Time,s,13,0.17615,0.17243,0.06575,0.17652
Time,s,13,0.18328,0.18011,0.06271,0.17625
Time,s,13,0.17535,0.18172,0.06076,0.17572
Time,s,13,0.18147,0.17953,0.06496,0.17864
Time,s,13,0.18025,0.18035,0.06122,0.18338
Time,s,13,0.17866,0.18142,0.06072,0.1748
Time,s,13,0.17885,0.17742,0.06292,0.17641
Time,s,13,0.17656,0.17329,0.06358,0.18175
Time,s,13,0.17708,0.17704,0.06608,0.18178
Time,s,13,0.1747,0.18194,0.06304,0.17718
Time,s,13,0.17693,0.17609,0.06338,0.18163
Time,s,13,0.17475,0.1808,0.06579,0.17512
Time,s,13,0.17519,0.1782,0.06117,0.18403
Time,s,13,0.17935,0.18156,0.06496,0.18016
Time,s,13,0.17448,0.173,0.06512,0.17916
Time,s,13,0.17949,0.17589,0.06165,0.18198
Time,s,13,0.17527,0.17439,0.0682,0.18188
Time,s,13,0.17437,0.17873,0.0636,0.17531
Time,s,13,0.17464,0.17684,0.06133,0.18046
Time,s,13,0.17667,0.17789,0.06666,0.17646
Time,s,13,0.1777,0.1731,0.06249,0.17898
Time,s,13,0.17534,0.18013,0.06416,0.18097
Time,s,13,0.18227,0.17803,0.06551,0.17791
Time,s,13,0.18231,0.1793,0.064,0.17586
Time,s,13,0.18233,0.17723,0.06819,0.17514
Time,s,13,0.18258,0.18276,0.06405,0.17534
Time,s,13,0.18135,0.1726,0.06132,0.17687
Time,s,13,0.17915,0.17529,0.06825,0.17613
Time,s,13,0.1777,0.1756,0.06337,0.18496
Time,s,13,0.17799,0.1778,0.06199,0.18179
Time,s,13,0.17838,0.17301,0.06633,0.1811
Time,s,13,0.17761,0.17811,0.06063,0.17579
Time,s,13,0.17733,0.18088,0.06124,0.17543
Time,s,13,0.17608,0.17255,0.06408,0.17533
Time,s,13,0.17623,0.17148,0.06067,0.17602
Time,s,13,0.17731,0.17171,0.06798,0.17547
Time,s,13,0.17589,0.17235,0.06328,0.185
Time,s,13,0.18114,0.16828,0.061,0.17636
Time,s,13,0.17992,0.16839,0.06759,0.17572
Time,s,13,0.17435,0.16632,0.06251,0.17953
Time,s,13,0.17382,0.17107,0.06191,0.17792
Time,s,13,0.1754,0.1712,0.06838,0.17871
Time,s,13,0.17538,0.16889,0.06351,0.18095
Time,s,13,0.17407,0.16918,0.06727,0.18332
Time,s,13,0.17498,0.1688,0.06584,0.18483
Time,s,13,0.17444,0.16786,0.06133,0.18331
Time,s,13,0.18348,0.17385,0.06633,0.18607
Time,s,13,0.1762,0.17565,0.06545,0.18193
Time,s,13,0.18112,0.17401,0.0654,0.1839
Time,s,13,0.17442,0.17083,0.06518,0.18048
Time,s,13,0.18041,0.17141,0.06101,0.18275
Time,s,13,0.17883,0.16922,0.06214,0.1812
Time,s,13,0.17808,0.16957,0.06394,0.18053
Time,s,13,0.1756,0.17326,0.06247,0.18172
Time,s,13,0.18042,0.17303,0.06964,0.17872
Time,s,13,0.18195,0.17095,0.06293,0.1813
Time,s,13,0.18127,0.17338,0.06213,0.17813
Time,s,13,0.17523,0.17797,0.06328,0.18229
Time,s,13,0.17612,0.16806,0.06115,0.18436
Time,s,13,0.17524,0.17057,0.06161,0.18044
Time,s,13,0.17517,0.17041,0.06427,0.17844
Time,s,13,0.17596,0.16841,0.06261,0.17732
Time,s,13,0.17468,0.16971,0.06779,0.17714
Time,s,13,0.17348,0.16928,0.06567,0.17773
Time,s,13,0.17754,0.17117,0.06157,0.17904
Time,s,13,0.17485,0.1698,0.06631,0.1783
Time,s,13,0.17402,0.16874,0.06225,0.17999
Time,s,13,0.17452,0.1686,0.06182,0.17744
Time,s,13,0.17336,0.16971,0.06721,0.17726
Time,s,13,0.17402,0.17487,0.06219,0.17739
Time,s,13,0.18287,0.16801,0.06093,0.1779
Time,s,13,0.18291,0.16818,0.06556,0.17913
Time,s,13,0.1787,0.16787,0.06423,0.17684
Time,s,13,0.17614,0.16763,0.07243,0.17723
Time,s,13,0.17791,0.16776,0.06418,0.17853
Time,s,13,0.17396,0.16852,0.06105,0.17993
Time,s,13,0.17636,0.17169,0.06642,0.17619
Time,s,13,0.17565,0.176,0.06262,0.17748
Time,s,13,0.17694,0.17703,0.06236,0.17779
Time,s,13,0.17463,0.1768,0.06499,0.17739
Time,s,13,0.17688,0.1729,0.06046,0.17703
Time,s,13,0.175,0.17603,0.06749,0.17742
Time,s,13,0.17594,0.17532,0.06105,0.17768
Time,s,13,0.17437,0.16831,0.06023,0.17961
Time,s,13,0.17416,0.17499,0.06614,0.17904
Time,s,13,0.17421,0.17512,0.06151,0.1869
Time,s,13,0.17345,0.17749,0.0601,0.18182
Time,s,13,0.18122,0.17604,0.0597,0.18808
Time,s,13,0.17354,0.17665,0.0608,0.19278
Time,s,13,0.18075,0.17322,0.06062,0.18488
Time,s,13,0.18063,0.17229,0.06269,0.18383
Time,s,13,0.17565,0.17603,0.06407,0.17981
Time,s,13,0.18072,0.17236,0.06582,0.19347
Time,s,13,0.17445,0.17211,0.06231,0.18871
Time,s,14,0.1733,0.17192,0.05979,0.18578
Time,s,14,0.1781,0.17104,0.06505,0.18672
Time,s,14,0.17436,0.17614,0.0649,0.18445
Time,s,14,0.1754,0.17457,0.06584,0.18416
Time,s,14,0.17768,0.16762,0.06389,0.183
Time,s,14,0.17442,0.16966,0.06949,0.1841
Time,s,14,0.17579,0.16708,0.06048,0.1841
Time,s,14,0.18097,0.17031,0.06187,0.18279
Time,s,14,0.17423,0.17125,0.06178,0.18151
Time,s,14,0.17502,0.17254,0.06088,0.1805
Time,s,14,0.17395,0.17293,0.0642,0.18662
Time,s,14,0.17372,0.17399,0.06026,0.17881
Time,s,14,0.18291,0.17599,0.06552,0.18151
Time,s,14,0.18215,0.18027,0.06146,0.18547
Time,s,14,0.1832,0.17109,0.0677,0.17953
Time,s,14,0.18135,0.17518,0.06111,0.18368
Time,s,14,0.18191,0.16714,0.06144,0.18349
Time,s,14,0.17988,0.17286,0.06415,0.18003
Time,s,14,0.18526,0.17194,0.06205,0.18354
Time,s,14,0.17565,0.1685,0.06368,0.18002
Time,s,14,0.17861,0.16993,0.06057,0.18216
Time,s,14,0.17594,0.17416,0.06668,0.18815
Time,s,14,0.17495,0.17717,0.06119,0.18215
Time,s,14,0.17928,0.17661,0.06751,0.18024
Time,s,14,0.17545,0.16844,0.06071,0.18592
Time,s,14,0.17806,0.17572,0.06042,0.18525
Time,s,14,0.18182,0.17502,0.06305,0.18345
Time,s,14,0.18293,0.17019,0.06052,0.17966
Time,s,14,0.17957,0.17385,0.06399,0.17426
Time,s,14,0.17853,0.17164,0.06395,0.17329
Time,s,14,0.18041,0.17514,0.06989,0.17431
Time,s,14,0.17914,0.179,0.06118,0.17443
Time,s,14,0.17843,0.17823,0.0687,0.17488
Time,s,14,0.18357,0.17555,0.06274,0.17499
Time,s,14,0.18446,0.18046,0.06056,0.1758
Time,s,14,0.17625,0.16749,0.06248,0.17614
Time,s,14,0.17502,0.17599,0.06043,0.18333
Time,s,14,0.17473,0.17533,0.06114,0.17891
Time,s,14,0.17468,0.16584,0.06079,0.17614
Time,s,14,0.17647,0.16846,0.06526,0.17747
Time,s,14,0.18134,0.17095,0.06049,0.17684
Time,s,14,0.17554,0.17438,0.06692,0.17976
Time,s,14,0.18239,0.17017,0.06319,0.17613
Time,s,14,0.1844,0.16751,0.06098,0.1781
Time,s,14,0.18008,0.16857,0.06327,0.17672
Time,s,14,0.17797,0.1675,0.05813,0.1774
Time,s,14,0.1776,0.16827,0.06528,0.17548
Time,s,14,0.17402,0.16816,0.06143,0.18253
Time,s,14,0.17639,0.16865,0.0659,0.18376
Time,s,14,0.17746,0.1674,0.0628,0.18549
Time,s,14,0.18192,0.17044,0.06067,0.18154
Time,s,14,0.17538,0.16741,0.06216,0.18121
Time,s,14,0.17759,0.16993,0.06165,0.1827
Time,s,14,0.17889,0.18252,0.06341,0.17996
Time,s,14,0.17592,0.17489,0.06056,0.18338
Time,s,14,0.18156,0.1753,0.07064,0.18176
Time,s,14,0.18257,0.17433,0.06038,0.18255
Time,s,14,0.17782,0.17412,0.06648,0.18196
Time,s,14,0.17966,0.17809,0.06139,0.17491
Time,s,14,0.18028,0.17687,0.06952,0.17766
Time,s,14,0.18374,0.17466,0.06192,0.17611
Time,s,14,0.18439,0.17558,0.0593,0.18212
Time,s,14,0.17958,0.177,0.0632,0.1817
Time,s,14,0.18092,0.17476,0.06096,0.18045
Time,s,14,0.17943,0.17499,0.06557,0.18101
Time,s,14,0.17873,0.17637,0.06034,0.17783
Time,s,14,0.17989,0.17347,0.06545,0.17856
Time,s,14,0.18425,0.17487,0.06041,0.18007
Time,s,14,0.18185,0.17765,0.0677,0.17648
Time,s,14,0.17987,0.1765,0.06391,0.17704
Time,s,14,0.18979,0.17302,0.05995,0.18256
Time,s,14,0.18591,0.17456,0.06318,0.18058
Time,s,14,0.19136,0.17363,0.06078,0.17634
Time,s,14,0.18784,0.17526,0.06441,0.17578
Time,s,14,0.18707,0.17375,0.06016,0.17923
Time,s,14,0.18132,0.1759,0.0667,0.1782
Time,s,14,0.18123,0.17502,0.05863,0.17532
Time,s,14,0.18132,0.17602,0.06002,0.17463
Time,s,14,0.17948,0.17931,0.06309,0.17888
Time,s,14,0.18509,0.17789,0.06063,0.18218
Time,s,14,0.18307,0.17463,0.06548,0.18368
Time,s,14,0.18077,0.17633,0.06622,0.18052
Time,s,14,0.18117,0.17807,0.06524,0.17496
Time,s,14,0.17893,0.17787,0.06086,0.18326
Time,s,14,0.18097,0.17786,0.06721,0.17934
Time,s,14,0.18067,0.17672,0.05972,0.17787
Time,s,14,0.18649,0.17864,0.06228,0.17797
Time,s,14,0.18382,0.17993,0.064,0.17968
Time,s,14,0.18214,0.18075,0.06694,0.17737
Time,s,14,0.184,0.17412,0.06602,0.17617
Time,s,14,0.17963,0.17654,0.0622,0.17652
Time,s,14,0.18423,0.17371,0.06588,0.17512
Time,s,14,0.18251,0.18046,0.06056,0.17559
Time,s,14,0.18466,0.17992,0.06677,0.17713
Time,s,14,0.18263,0.18343,0.06116,0.17467
Time,s,14,0.17981,0.16991,0.06138,0.17397
Time,s,14,0.17869,0.17255,0.06384,0.17429
Time,s,14,0.17593,0.1758,0.06093,0.17511
Time,s,14,0.17366,0.17681,0.06478,0.17656
Time,s,14,0.17303,0.17719,0.06139,0.18572
Time,s,15,0.17362,0.17359,0.06555,0.18446
Time,s,15,0.17333,0.17506,0.06114,0.1826
Time,s,15,0.17531,0.17517,0.06111,0.18127
Time,s,15,0.1745,0.16893,0.06687,0.18076
Time,s,15,0.17467,0.17044,0.06118,0.1834
Time,s,15,0.18299,0.17378,0.06342,0.18431
Time,s,15,0.17551,0.17217,0.06611,0.17932
Time,s,15,0.17985,0.17285,0.05974,0.17638
Time,s,15,0.17931,0.17259,0.06512,0.17968
Time,s,15,0.18046,0.17433,0.06012,0.17569
Time,s,15,0.18125,0.17309,0.05954,0.17829
Time,s,15,0.17853,0.17288,0.06143,0.17459
Time,s,15,0.17882,0.17118,0.06092,0.17892
Time,s,15,0.18074,0.16989,0.06037,0.1819
Time,s,15,0.1774,0.17022,0.0617,0.17949
Time,s,15,0.17897,0.17437,0.06197,0.17539
Time,s,15,0.17667,0.17458,0.0642,0.17987
Time,s,15,0.17457,0.17373,0.06022,0.17747
Time,s,15,0.17674,0.17015,0.06746,0.17495
Time,s,15,0.17309,0.17109,0.06243,0.17462
Time,s,15,0.17445,0.1688,0.06172,0.17442
Time,s,15,0.17429,0.16933,0.06517,0.17653
Time,s,15,0.17468,0.1698,0.06021,0.17854
Time,s,15,0.17445,0.17116,0.06077,0.1791
Time,s,15,0.17759,0.17072,0.06442,0.17893
Time,s,15,0.18198,0.17257,0.06137,0.18138
Time,s,15,0.18357,0.17708,0.06595,0.17526
Time,s,15,0.17425,0.17724,0.06205,0.17428
Time,s,15,0.17419,0.17782,0.06093,0.17512
Time,s,15,0.17956,0.17847,0.06449,0.17383
Time,s,15,0.17916,0.17559,0.06081,0.17822
Time,s,15,0.18293,0.17527,0.07001,0.17421
Time,s,15,0.17489,0.17585,0.06482,0.17607
Time,s,15,0.18359,0.1732,0.06063,0.17801
Time,s,15,0.17439,0.17446,0.06613,0.17576
Time,s,15,0.1742,0.17008,0.05975,0.17702
Time,s,15,0.17433,0.17191,0.06044,0.17719
Time,s,15,0.17447,0.17086,0.06462,0.18772
Time,s,15,0.17464,0.1694,0.05979,0.18142
Time,s,15,0.18156,0.17108,0.06613,0.18091
Time,s,15,0.17373,0.17076,0.06106,0.19126
Time,s,15,0.18478,0.16903,0.0599,0.18114
Time,s,15,0.17751,0.17198,0.06366,0.18152
Time,s,15,0.1779,0.17313,0.0612,0.18119
Time,s,15,0.1749,0.17089,0.06758,0.18702
Time,s,15,0.17659,0.16798,0.06212,0.18053
Time,s,15,0.17411,0.17095,0.06012,0.18149
Time,s,15,0.17593,0.166,0.06526,0.18495
Time,s,15,0.17779,0.16837,0.06096,0.1868
Time,s,15,0.18009,0.17504,0.06042,0.18708
Time,s,15,0.17368,0.17064,0.06125,0.18789
Time,s,15,0.17478,0.17359,0.06107,0.18783
Time,s,15,0.17649,0.1737,0.06677,0.18195
Time,s,15,0.17515,0.17625,0.06109,0.18171
Time,s,15,0.17447,0.17331,0.06186,0.18028
Time,s,15,0.18226,0.17107,0.06343,0.19001
Time,s,15,0.18274,0.16739,0.0609,0.18384
Time,s,15,0.17969,0.17376,0.06534,0.18645
Time,s,15,0.18023,0.17358,0.06241,0.18438
Time,s,15,0.17932,0.16709,0.06125,0.18452
Time,s,15,0.17499,0.16832,0.06475,0.18683
Time,s,15,0.17964,0.17519,0.06117,0.18943
Time,s,15,0.17419,0.17099,0.06814,0.18219
Time,s,15,0.1741,0.16967,0.06339,0.18151
Time,s,15,0.17311,0.16665,0.06046,0.18293
Time,s,15,0.17416,0.17533,0.06068,0.18141
Time,s,15,0.1743,0.17306,0.06138,0.1812
Time,s,15,0.17985,0.17242,0.06032,0.18129
Time,s,15,0.18062,0.16731,0.06416,0.19488
Time,s,15,0.17599,0.17185,0.06054,0.18159
Time,s,15,0.1773,0.17364,0.06575,0.18256
Time,s,15,0.17795,0.17261,0.06279,0.18295
Time,s,15,0.17728,0.17519,0.06039,0.18072
Time,s,15,0.17486,0.17245,0.06536,0.18135
Time,s,15,0.17361,0.16717,0.06018,0.18082
Time,s,15,0.17387,0.16905,0.06774,0.18061
Time,s,15,0.17403,0.16828,0.06244,0.1826
Time,s,15,0.17399,0.17269,0.06156,0.18155
Time,s,15,0.17272,0.16692,0.0663,0.18332
Time,s,15,0.17575,0.16864,0.06241,0.18014
Time,s,15,0.17228,0.17084,0.06155,0.18137
Time,s,15,0.17336,0.17096,0.06197,0.18732
Time,s,15,0.17338,0.16672,0.06221,0.1846
Time,s,15,0.18396,0.16783,0.07359,0.18454
Time,s,15,0.17415,0.16637,0.06236,0.18375
Time,s,15,0.1787,0.16783,0.06246,0.18093
Time,s,15,0.17335,0.16666,0.06642,0.1816
Time,s,15,0.18133,0.16706,0.06208,0.17669
Time,s,15,0.1776,0.17048,0.06234,0.18605
Time,s,15,0.17489,0.16741,0.06135,0.18423
Time,s,15,0.18056,0.16812,0.06245,0.17901
Time,s,15,0.17548,0.17411,0.0672,0.18158
Time,s,15,0.17602,0.16712,0.06284,0.1766
Time,s,15,0.17773,0.17141,0.0622,0.17932
Time,s,15,0.17832,0.17297,0.06432,0.18275
Time,s,15,0.17493,0.17266,0.06219,0.18146
Time,s,15,0.17365,0.17325,0.06817,0.18773
Time,s,15,0.17781,0.16954,0.06386,0.18069
Time,s,15,0.17339,0.17146,0.06182,0.18195
Time,s,15,0.17371,0.16869,0.06758,0.17718
Time,s,16,0.17266,0.17856,0.06327,0.17832
Time,s,16,0.17696,0.16729,0.06915,0.17842
Time,s,16,0.17415,0.17334,0.06312,0.17655
Time,s,16,0.17382,0.16616,0.06141,0.17774
Time,s,16,0.17458,0.1701,0.06217,0.18139
Time,s,16,0.17677,0.16625,0.06391,0.18103
Time,s,16,0.18633,0.16815,0.06186,0.17932
Time,s,16,0.18535,0.16701,0.06288,0.18246
Time,s,16,0.18812,0.16715,0.07469,0.17716
Time,s,16,0.18625,0.16936,0.06307,0.17896
Time,s,16,0.18704,0.16819,0.06192,0.17584
Time,s,16,0.18728,0.16759,0.06652,0.17655
Time,s,16,0.18721,0.16697,0.06147,0.17711
Time,s,16,0.17819,0.16804,0.06831,0.17766
Time,s,16,0.1784,0.16913,0.06399,0.1781
Time,s,16,0.17916,0.17264,0.0615,0.17642
Time,s,16,0.18134,0.17484,0.07312,0.1896
Time,s,16,0.18258,0.16771,0.06259,0.18221
Time,s,16,0.1832,0.16725,0.06217,0.18254
Time,s,16,0.18287,0.18011,0.06316,0.18468
Time,s,16,0.18353,0.17234,0.06243,0.18203
Time,s,16,0.18197,0.17314,0.06212,0.17927
Time,s,16,0.18107,0.17085,0.06234,0.18304
Time,s,16,0.18253,0.17112,0.06466,0.17903
Time,s,16,0.17993,0.16978,0.06228,0.18359
Time,s,16,0.17879,0.16809,0.06655,0.17575
Time,s,16,0.1781,0.17027,0.06234,0.17891
Time,s,16,0.17839,0.1704,0.06879,0.17476
Time,s,16,0.17795,0.17339,0.06266,0.17615
Time,s,16,0.17907,0.17055,0.06241,0.17636
Time,s,16,0.17805,0.1686,0.06382,0.17881
Time,s,16,0.17904,0.16768,0.0616,0.17688
Time,s,16,0.17965,0.16796,0.06738,0.17823
Time,s,16,0.18104,0.16781,0.06885,0.17435
Time,s,16,0.17873,0.16687,0.06281,0.18313
Time,s,16,0.18005,0.173,0.0645,0.17544
Time,s,16,0.18548,0.16736,0.06201,0.17841
Time,s,16,0.18588,0.17118,0.06628,0.17586
Time,s,16,0.18574,0.16931,0.06241,0.1757
Time,s,16,0.18376,0.1677,0.06957,0.17349
Time,s,16,0.17793,0.16714,0.06328,0.1746
Time,s,16,0.17782,0.16644,0.06214,0.17303
Time,s,16,0.18743,0.17683,0.06536,0.17698
Time,s,16,0.17787,0.17446,0.0614,0.1774
Time,s,16,0.17953,0.17188,0.06735,0.17607
Time,s,16,0.1842,0.17946,0.06306,0.175
Time,s,16,0.17877,0.17493,0.06958,0.17902
Time,s,16,0.17837,0.17836,0.06426,0.17461
Time,s,16,0.1736,0.17115,0.06126,0.17413
Time,s,16,0.17553,0.17199,0.06187,0.18157
Time,s,16,0.1759,0.16663,0.06201,0.18218
Time,s,16,0.17646,0.17182,0.0618,0.17373
Time,s,16,0.17438,0.17483,0.06241,0.17763
Time,s,16,0.17544,0.17076,0.06275,0.17985
Time,s,16,0.18109,0.17368,0.06425,0.18093
Time,s,16,0.18154,0.17454,0.06138,0.17523
Time,s,16,0.1835,0.17692,0.0675,0.18082
Time,s,16,0.18189,0.17054,0.0646,0.17867
Time,s,16,0.17919,0.17809,0.07084,0.1782
Time,s,16,0.17895,0.16994,0.06272,0.17867
Time,s,16,0.18049,0.17824,0.0627,0.17453
Time,s,16,0.18239,0.17019,0.06215,0.17743
Time,s,16,0.18117,0.17136,0.06364,0.17762
Time,s,16,0.17547,0.17047,0.06224,0.18164
Time,s,16,0.17554,0.17097,0.06215,0.17836
Time,s,16,0.17717,0.17065,0.06852,0.17391
Time,s,16,0.1771,0.17349,0.06419,0.17877
Time,s,16,0.17508,0.1718,0.06299,0.17766
Time,s,16,0.17701,0.16996,0.06362,0.17906
Time,s,16,0.18056,0.17169,0.06224,0.18297
Time,s,16,0.17686,0.17885,0.06272,0.18146
Time,s,16,0.18068,0.17086,0.06344,0.17538
Time,s,16,0.17516,0.17626,0.06324,0.1797
Time,s,16,0.17403,0.17901,0.06606,0.17708
Time,s,16,0.18762,0.17458,0.06327,0.17428
Time,s,16,0.18356,0.17811,0.06781,0.17893
Time,s,16,0.17426,0.17662,0.06362,0.17557
Time,s,16,0.18174,0.16958,0.06256,0.17915
Time,s,16,0.18191,0.17512,0.06381,0.1783
Time,s,16,0.17842,0.17289,0.063,0.17854
Time,s,16,0.1804,0.1739,0.06538,0.17509
Time,s,16,0.18055,0.17613,0.06379,0.17398
Time,s,16,0.17881,0.17839,0.06722,0.18278
Time,s,16,0.17854,0.17697,0.06554,0.17645
Time,s,16,0.17705,0.17572,0.0742,0.17749
Time,s,16,0.17837,0.17168,0.06335,0.1776
Time,s,16,0.17687,0.17728,0.06325,0.17555
Time,s,16,0.17744,0.17306,0.06568,0.17629
Time,s,16,0.17448,0.17199,0.0631,0.17857
Time,s,16,0.17557,0.18272,0.06905,0.17697
Time,s,16,0.17464,0.17096,0.06395,0.17666
Time,s,16,0.17522,0.17518,0.07064,0.17634
Time,s,16,0.17491,0.17293,0.06288,0.17758
Time,s,16,0.1763,0.17766,0.06283,0.17631
Time,s,16,0.17422,0.17803,0.06629,0.17664
Time,s,16,0.18273,0.16814,0.0627,0.17574
Time,s,16,0.17476,0.1663,0.0681,0.17732
Time,s,16,0.18037,0.16819,0.06331,0.17799
Time,s,16,0.1808,0.16832,0.06258,0.17698
Time,s,16,0.17315,0.16806,0.0675,0.17669
Time,s,17,0.17734,0.16729,0.06564,0.18266
Time,s,17,0.17382,0.16611,0.06812,0.18525
Time,s,17,0.17807,0.16915,0.06539,0.17975
Time,s,17,0.17903,0.16927,0.07044,0.17617
Time,s,17,0.17273,0.1682,0.06519,0.1827
Time,s,17,0.18011,0.16634,0.0636,0.18355
Time,s,17,0.18083,0.16635,0.06708,0.18346
Time,s,17,0.17469,0.16706,0.06384,0.17636
Time,s,17,0.17742,0.16811,0.07267,0.18143
Time,s,17,0.1758,0.16689,0.06825,0.17762
Time,s,17,0.17428,0.17845,0.0635,0.18119
Time,s,17,0.17532,0.16848,0.06583,0.18181
Time,s,17,0.17318,0.16751,0.06374,0.18086
Time,s,17,0.17418,0.17173,0.06875,0.1781
Time,s,17,0.18535,0.1678,0.06357,0.17824
Time,s,17,0.17752,0.16818,0.07138,0.17989
Time,s,17,0.17869,0.16715,0.06535,0.17834
Time,s,17,0.1805,0.1673,0.064,0.17676
Time,s,17,0.17873,0.18374,0.06616,0.17748
Time,s,17,0.17401,0.16616,0.06405,0.17638
Time,s,17,0.17836,0.17304,0.07035,0.17626
Time,s,17,0.17977,0.16726,0.06425,0.17547
Time,s,17,0.17769,0.17696,0.06376,0.1769
Time,s,17,0.176,0.16815,0.06746,0.17679
Time,s,17,0.17942,0.17099,0.06418,0.17862
Time,s,17,0.17602,0.1709,0.06906,0.17857
Time,s,17,0.18008,0.17084,0.06464,0.17801
Time,s,17,0.17666,0.17424,0.07077,0.17828
Time,s,17,0.17565,0.1685,0.06509,0.18726
Time,s,17,0.17832,0.16894,0.06487,0.18452
Time,s,17,0.17388,0.17152,0.06717,0.18431
Time,s,17,0.17388,0.17121,0.06495,0.18559
Time,s,17,0.17292,0.17211,0.06945,0.18786
Time,s,17,0.17653,0.17372,0.06692,0.18854
Time,s,17,0.17332,0.16813,0.07595,0.1879
Time,s,17,0.17389,0.16966,0.06634,0.18481
Time,s,17,0.17299,0.16934,0.06431,0.18016
Time,s,17,0.18183,0.16872,0.06835,0.18002
Time,s,17,0.17463,0.17334,0.06143,0.18522
Time,s,17,0.18071,0.16743,0.07099,0.17862
Time,s,17,0.17381,0.16896,0.06479,0.18068
Time,s,17,0.17604,0.17133,0.06473,0.18208
Time,s,17,0.17505,0.16944,0.06692,0.18567
Time,s,17,0.17402,0.17463,0.06509,0.18148
Time,s,17,0.17452,0.1756,0.07018,0.1804
Time,s,17,0.17402,0.17104,0.06475,0.17913
Time,s,17,0.17645,0.17424,0.07141,0.18056
Time,s,17,0.17568,0.17694,0.06643,0.17992
Time,s,17,0.17261,0.17411,0.06518,0.17947
Time,s,17,0.17435,0.17309,0.06495,0.1787
Time,s,17,0.17467,0.17844,0.06459,0.18151
Time,s,17,0.17772,0.17169,0.07004,0.18165
Time,s,17,0.1739,0.17312,0.06504,0.17931
Time,s,17,0.17447,0.17469,0.06492,0.18037
Time,s,17,0.17503,0.17442,0.06701,0.17851
Time,s,17,0.17289,0.17864,0.06447,0.17937
Time,s,17,0.17567,0.16917,0.06971,0.18065
Time,s,17,0.17453,0.17054,0.06593,0.17873
Time,s,17,0.17431,0.16851,0.07395,0.17871
Time,s,17,0.17444,0.17159,0.06696,0.18073
Time,s,17,0.17637,0.1704,0.06594,0.18078
Time,s,17,0.18139,0.16751,0.06879,0.18844
Time,s,17,0.1746,0.16818,0.06493,0.18592
Time,s,17,0.18046,0.17503,0.07015,0.17745
Time,s,17,0.17773,0.16749,0.06533,0.176
Time,s,17,0.18152,0.17575,0.0652,0.17935
Time,s,17,0.17513,0.1678,0.06514,0.17323
Time,s,17,0.18083,0.17536,0.06694,0.17454
Time,s,17,0.17479,0.16848,0.07153,0.17446
Time,s,17,0.18111,0.17112,0.06611,0.17978
Time,s,17,0.18127,0.17463,0.07224,0.17879
Time,s,17,0.18045,0.1721,0.06445,0.17603
Time,s,17,0.18073,0.17028,0.06537,0.17852
Time,s,17,0.1811,0.17731,0.06413,0.17784
Time,s,17,0.1788,0.17332,0.06486,0.17626
Time,s,17,0.17858,0.17371,0.07009,0.17997
Time,s,17,0.17405,0.16798,0.06314,0.17669
Time,s,17,0.17666,0.17443,0.06898,0.17856
Time,s,17,0.17796,0.18478,0.06435,0.18209
Time,s,17,0.18023,0.17539,0.06177,0.17705
Time,s,17,0.17629,0.17137,0.06628,0.17838
Time,s,17,0.17416,0.1676,0.06291,0.17632
Time,s,17,0.17998,0.17015,0.06998,0.17801
Time,s,17,0.17483,0.17165,0.06762,0.17718
Time,s,17,0.17451,0.16823,0.06356,0.17667
Time,s,17,0.17295,0.17023,0.06611,0.17908
Time,s,17,0.17437,0.16771,0.06217,0.17735
Time,s,17,0.17673,0.16839,0.0622,0.17612
Time,s,17,0.17517,0.17232,0.06394,0.17852
Time,s,17,0.17413,0.16777,0.06402,0.17668
Time,s,17,0.17504,0.16845,0.06396,0.17643
Time,s,17,0.17444,0.16786,0.06325,0.17586
Time,s,17,0.18069,0.16768,0.06603,0.17677
Time,s,17,0.18302,0.16753,0.06303,0.17556
Time,s,17,0.18227,0.16744,0.06283,0.18479
Time,s,17,0.18016,0.16718,0.06355,0.18347
Time,s,17,0.17781,0.17795,0.06261,0.18539
Time,s,17,0.18303,0.17711,0.06435,0.17853
Time,s,17,0.18317,0.17572,0.06382,0.18237
Time,s,17,0.17536,0.17517,0.06836,0.17793
Time,s,18,0.17633,0.16983,0.06279,0.18042
Time,s,18,0.18089,0.16931,0.06991,0.17542
Time,s,18,0.1797,0.17363,0.06532,0.17896
Time,s,18,0.17952,0.17657,0.0626,0.17999
Time,s,18,0.1813,0.17108,0.06776,0.18215
Time,s,18,0.18293,0.17233,0.06332,0.17593
Time,s,18,0.18074,0.17113,0.06832,0.17851
Time,s,18,0.17746,0.17696,0.06319,0.17869
Time,s,18,0.1784,0.1686,0.07307,0.17715
Time,s,18,0.1769,0.16914,0.0635,0.18006
Time,s,18,0.17663,0.16972,0.06418,0.17843
Time,s,18,0.17883,0.16888,0.06524,0.1803
Time,s,18,0.17553,0.16874,0.06264,0.17606
Time,s,18,0.17651,0.17585,0.06815,0.17646
Time,s,18,0.17838,0.1751,0.06489,0.17635
Time,s,18,0.17636,0.16886,0.06828,0.17874
Time,s,18,0.17624,0.18076,0.0652,0.17785
Time,s,18,0.17615,0.17423,0.06995,0.17701
Time,s,18,0.17566,0.17712,0.06511,0.17578
Time,s,18,0.17525,0.16931,0.06287,0.1758
Time,s,18,0.17911,0.1769,0.06637,0.17687
Time,s,18,0.17568,0.17275,0.06034,0.17618
Time,s,18,0.1806,0.17321,0.07139,0.17585
Time,s,18,0.18325,0.17405,0.06347,0.17729
Time,s,18,0.1827,0.1736,0.06888,0.18723
Time,s,18,0.17846,0.1741,0.06393,0.17629
Time,s,18,0.17837,0.17231,0.06361,0.17721
Time,s,18,0.17939,0.17291,0.06535,0.17668
Time,s,18,0.17941,0.17156,0.06307,0.17666
Time,s,18,0.17663,0.17223,0.06796,0.17595
Time,s,18,0.17918,0.16811,0.06393,0.1841
Time,s,18,0.17631,0.16863,0.06552,0.17628
Time,s,18,0.17644,0.17031,0.06533,0.18279
Time,s,18,0.1799,0.16897,0.06493,0.18458
Time,s,18,0.17601,0.17027,0.06534,0.17619
Time,s,18,0.176,0.1838,0.06234,0.182
Time,s,18,0.17559,0.1762,0.06611,0.18031
Time,s,18,0.17527,0.16785,0.06344,0.17897
Time,s,18,0.17695,0.17638,0.07005,0.18332
Time,s,18,0.17626,0.16881,0.06211,0.18158
Time,s,18,0.17726,0.1715,0.06315,0.18094
Time,s,18,0.17488,0.17392,0.06391,0.1757
Time,s,18,0.18143,0.17516,0.06309,0.18121
Time,s,18,0.18271,0.17333,0.06714,0.18239
Time,s,18,0.18142,0.17703,0.05944,0.18304
Time,s,18,0.17509,0.16945,0.06375,0.17954
Time,s,18,0.1746,0.1736,0.0633,0.17736
Time,s,18,0.18039,0.17582,0.06541,0.17581
Time,s,18,0.17994,0.17034,0.06591,0.17554
Time,s,18,0.18032,0.17254,0.05994,0.18149
Time,s,18,0.17489,0.18186,0.0668,0.17807
Time,s,18,0.17967,0.17417,0.06372,0.17951
Time,s,18,0.17495,0.17973,0.06945,0.1763
Time,s,18,0.17556,0.17989,0.06368,0.17603
Time,s,18,0.18261,0.17655,0.07032,0.17581
Time,s,18,0.17527,0.17434,0.06633,0.17537
Time,s,18,0.17959,0.1722,0.06493,0.17692
Time,s,18,0.17462,0.17347,0.07412,0.17577
Time,s,18,0.17546,0.17353,0.06385,0.1767
Time,s,18,0.17663,0.17443,0.06922,0.18023
Time,s,18,0.17725,0.17373,0.06437,0.17818
Time,s,18,0.17396,0.17287,0.07118,0.17677
Time,s,18,0.1749,0.17232,0.06566,0.17628
Time,s,18,0.17449,0.17618,0.06472,0.17554
Time,s,18,0.17398,0.17308,0.0665,0.17635
Time,s,18,0.1835,0.17141,0.06344,0.18326
Time,s,18,0.17849,0.18446,0.06768,0.18247
Time,s,18,0.18274,0.1794,0.06388,0.17666
Time,s,18,0.17911,0.18015,0.06927,0.18406
Time,s,18,0.18154,0.17677,0.06386,0.18203
Time,s,18,0.18146,0.17284,0.06259,0.18273
Time,s,18,0.17969,0.17856,0.06707,0.17978
Time,s,18,0.17495,0.17718,0.06385,0.17524
Time,s,18,0.1784,0.17778,0.06712,0.17969
Time,s,18,0.17379,0.18058,0.06319,0.17609
Time,s,18,0.17997,0.17772,0.06976,0.17591
Time,s,18,0.17896,0.17864,0.06198,0.17881
Time,s,18,0.17853,0.17708,0.06323,0.18237
Time,s,18,0.18178,0.17827,0.06323,0.17829
Time,s,18,0.17515,0.17559,0.06349,0.17632
Time,s,18,0.1737,0.17756,0.06849,0.17683
Time,s,18,0.1767,0.17722,0.06382,0.18495
Time,s,18,0.1745,0.17567,0.07416,0.17876
Time,s,18,0.17615,0.17332,0.06279,0.17917
Time,s,18,0.17413,0.17577,0.07041,0.18133
Time,s,18,0.17495,0.17332,0.06539,0.18174
Time,s,18,0.17385,0.17328,0.06422,0.18198
Time,s,18,0.1777,0.17122,0.06751,0.17785
Time,s,18,0.17592,0.17113,0.06407,0.17669
Time,s,18,0.17432,0.17227,0.068,0.17655
Time,s,18,0.17445,0.17083,0.06411,0.17592
Time,s,18,0.17902,0.17401,0.07002,0.17773
Time,s,18,0.18264,0.17369,0.06363,0.17628
Time,s,18,0.17678,0.1716,0.06289,0.18172
Time,s,18,0.18128,0.16744,0.06649,0.17713
Time,s,18,0.18082,0.18321,0.06378,0.17759
Time,s,18,0.18375,0.17388,0.06875,0.17953
Time,s,18,0.17948,0.17509,0.06394,0.17504
Time,s,18,0.17797,0.16944,0.06951,0.17484
Time,s,18,0.17659,0.16938,0.0632,0.17499
Time,s,19,0.17876,0.17115,0.06294,0.17525
Time,s,19,0.17821,0.17077,0.06584,0.17764
Time,s,19,0.17532,0.17086,0.06232,0.17557
Time,s,19,0.17891,0.17201,0.0691,0.1777
Time,s,19,0.17589,0.16687,0.06391,0.17837
Time,s,19,0.17727,0.16914,0.06456,0.18032
Time,s,19,0.17497,0.16844,0.07146,0.17999
Time,s,19,0.1748,0.16824,0.06308,0.17847
Time,s,19,0.17645,0.16835,0.06224,0.17595
Time,s,19,0.18263,0.17002,0.06593,0.18305
Time,s,19,0.17535,0.17885,0.06259,0.19143
Time,s,19,0.18279,0.17638,0.06961,0.17577
Time,s,19,0.1822,0.16755,0.06499,0.17554
Time,s,19,0.17449,0.17562,0.06216,0.18421
Time,s,19,0.1816,0.16997,0.06706,0.18619
Time,s,19,0.18035,0.16871,0.06343,0.17645
Time,s,19,0.17803,0.1731,0.05906,0.18214
Time,s,19,0.1788,0.16857,0.06618,0.18416
Time,s,19,0.179,0.16835,0.0624,0.17653
Time,s,19,0.17944,0.17345,0.06928,0.18903
Time,s,19,0.17788,0.16915,0.0647,0.18076
Time,s,19,0.17659,0.16789,0.06352,0.18096
Time,s,19,0.17671,0.17053,0.07579,0.18144
Time,s,19,0.17731,0.16878,0.06327,0.1877
Time,s,19,0.17489,0.1706,0.06286,0.18134
Time,s,19,0.1741,0.16867,0.06611,0.18794
Time,s,19,0.17432,0.16823,0.06289,0.18479
Time,s,19,0.17476,0.17487,0.06284,0.18205
Time,s,19,0.17414,0.18097,0.06387,0.18409
Time,s,19,0.17587,0.17409,0.06403,0.18666
Time,s,19,0.17433,0.17494,0.06936,0.1815
Time,s,19,0.17421,0.17269,0.06643,0.18318
Time,s,19,0.17691,0.17666,0.06263,0.18276
Time,s,19,0.17601,0.17112,0.06515,0.18071
Time,s,19,0.17277,0.17067,0.0628,0.18163
Time,s,19,0.17593,0.16907,0.06924,0.17927
Time,s,19,0.17522,0.16866,0.06314,0.18027
Time,s,19,0.17395,0.16806,0.0625,0.18162
Time,s,19,0.17605,0.17233,0.06746,0.18587
Time,s,19,0.17494,0.17276,0.06229,0.18025
Time,s,19,0.17404,0.17473,0.06253,0.18111
Time,s,19,0.17455,0.17643,0.06622,0.18163
Time,s,19,0.17748,0.17343,0.06296,0.18346
Time,s,19,0.18255,0.16886,0.06801,0.18098
Time,s,19,0.18215,0.1735,0.06383,0.18115
Time,s,19,0.18328,0.1726,0.0629,0.18034
Time,s,19,0.17366,0.16977,0.06631,0.18234
Time,s,19,0.18284,0.17558,0.0622,0.18058
Time,s,19,0.18017,0.16857,0.06234,0.18155
Time,s,19,0.17474,0.16879,0.06518,0.18171
Time,s,19,0.18211,0.17478,0.06252,0.19028
Time,s,19,0.18003,0.17369,0.06801,0.18483
Time,s,19,0.18004,0.1675,0.06217,0.18577
Time,s,19,0.17786,0.16958,0.06281,0.17998
Time,s,19,0.17968,0.16885,0.06834,0.17959
Time,s,19,0.1767,0.16821,0.06407,0.17969
Time,s,19,0.174,0.16879,0.06797,0.18111
Time,s,19,0.18075,0.17632,0.0648,0.17703
Time,s,19,0.1746,0.17432,0.06395,0.17522
Time,s,19,0.17669,0.17398,0.06793,0.17316
Time,s,19,0.17823,0.17684,0.06243,0.18049
Time,s,19,0.17531,0.17281,0.06283,0.1757
Time,s,19,0.17523,0.17649,0.06762,0.1756
Time,s,19,0.17978,0.17677,0.06232,0.17746
Time,s,19,0.17942,0.17197,0.06931,0.17545
Time,s,19,0.17773,0.16883,0.06304,0.17529
Time,s,19,0.17767,0.17538,0.0625,0.17975
Time,s,19,0.17632,0.16834,0.06827,0.18343
Time,s,19,0.17732,0.16729,0.06059,0.17559
Time,s,19,0.17646,0.16958,0.06263,0.17863
Time,s,19,0.17692,0.16869,0.0626,0.1787
Time,s,19,0.17424,0.17551,0.06402,0.17548
Time,s,19,0.17628,0.17868,0.06875,0.17623
Time,s,19,0.17573,0.17542,0.06535,0.17757
Time,s,19,0.17773,0.17396,0.06255,0.17621
Time,s,19,0.17432,0.17321,0.06792,0.17623
Time,s,19,0.17418,0.17492,0.06338,0.17725
Time,s,19,0.17365,0.17219,0.06215,0.18397
Time,s,19,0.1777,0.17116,0.06198,0.18571
Time,s,19,0.17729,0.17178,0.06357,0.18525
Time,s,19,0.17403,0.17047,0.06894,0.18312
Time,s,19,0.17519,0.17088,0.06906,0.17619
Time,s,19,0.17456,0.17124,0.06258,0.17913
Time,s,19,0.17412,0.17002,0.06794,0.1768
Time,s,19,0.17499,0.17819,0.06235,0.18393
Time,s,19,0.17386,0.17167,0.06306,0.18213
Time,s,19,0.17412,0.16917,0.06555,0.17894
Time,s,19,0.1771,0.16788,0.06525,0.17931
Time,s,19,0.18101,0.16885,0.07087,0.1799
Time,s,19,0.18253,0.16754,0.06339,0.17625
Time,s,19,0.18382,0.17581,0.06339,0.1768
Time,s,19,0.1834,0.17408,0.06671,0.17626
Time,s,19,0.17745,0.17095,0.06217,0.17618
Time,s,19,0.1795,0.16805,0.06325,0.17687
Time,s,19,0.18079,0.17625,0.06672,0.19112
Time,s,19,0.18132,0.17032,0.06354,0.17625
Time,s,19,0.18367,0.1713,0.0674,0.18337
Time,s,19,0.18101,0.17279,0.0633,0.18153
Time,s,19,0.18106,0.17285,0.06241,0.17828
Time,s,19,0.18183,0.17647,0.06754,0.17601
Time,s,20,0.18063,0.1693,0.06431,0.17553
Time,s,20,0.18216,0.17143,0.07065,0.17825
Time,s,20,0.17964,0.1698,0.06477,0.17579
Time,s,20,0.18134,0.17453,0.06306,0.1774
Time,s,20,0.17957,0.17269,0.06781,0.17542
Time,s,20,0.18817,0.1707,0.06597,0.17807
Time,s,20,0.17967,0.17903,0.07323,0.17517
Time,s,20,0.17583,0.1713,0.06404,0.1762
Time,s,20,0.17679,0.17111,0.06249,0.17638
Time,s,20,0.17714,0.17969,0.06649,0.17656
Time,s,20,0.17694,0.18,0.06323,0.17629
Time,s,20,0.17733,0.18072,0.0624,0.17599
Time,s,20,0.17573,0.17786,0.0646,0.17599
Time,s,20,0.17705,0.18489,0.06339,0.18828
Time,s,20,0.17875,0.17608,0.06231,0.18475
Time,s,20,0.17592,0.1756,0.06325,0.17631
Time,s,20,0.17655,0.17483,0.06718,0.17519
Time,s,20,0.17599,0.17152,0.06268,0.18212
Time,s,20,0.17698,0.17314,0.06919,0.17648
Time,s,20,0.18232,0.17423,0.0647,0.17605
Time,s,20,0.17567,0.17266,0.06275,0.18134
Time,s,20,0.17752,0.17233,0.06883,0.17559
Time,s,20,0.18485,0.17508,0.06304,0.17932
Time,s,20,0.18619,0.17166,0.06941,0.18381
Time,s,20,0.18687,0.17394,0.06383,0.17984
Time,s,20,0.18173,0.17099,0.06339,0.18065
Time,s,20,0.17787,0.17201,0.06496,0.18278
Time,s,20,0.18304,0.17162,0.06359,0.17747
Time,s,20,0.17633,0.16999,0.06914,0.18114
Time,s,20,0.17999,0.17137,0.06326,0.17601
Time,s,20,0.17599,0.17162,0.06545,0.17844
Time,s,20,0.17561,0.17479,0.07148,0.17897
Time,s,20,0.17967,0.17601,0.06383,0.17939
Time,s,20,0.17764,0.17717,0.06946,0.17733
Time,s,20,0.17518,0.18008,0.06257,0.17896
Time,s,20,0.1764,0.17231,0.07035,0.17703
Time,s,20,0.17883,0.17585,0.06396,0.17649
Time,s,20,0.17444,0.17091,0.06598,0.17561
Time,s,20,0.1749,0.17612,0.0637,0.17837
Time,s,20,0.17585,0.17931,0.06345,0.1778
Time,s,20,0.17454,0.17909,0.0694,0.17684
Time,s,20,0.1745,0.17326,0.06565,0.17914
Time,s,20,0.17708,0.18057,0.06472,0.17676
Time,s,20,0.17368,0.17323,0.06535,0.17742
Time,s,20,0.1733,0.17243,0.06352,0.17794
Time,s,20,0.17546,0.17263,0.06988,0.17871
Time,s,20,0.1751,0.17127,0.0633,0.17653
Time,s,20,0.17605,0.17272,0.06274,0.17653
Time,s,20,0.17452,0.17273,0.06332,0.17725
Time,s,20,0.17374,0.1734,0.06342,0.17642
Time,s,20,0.17337,0.1756,0.0682,0.18796
Time,s,20,0.18388,0.17232,0.06352,0.18634
Time,s,20,0.17932,0.17406,0.06962,0.18999
Time,s,20,0.17502,0.1785,0.06521,0.18087
Time,s,20,0.18103,0.17255,0.06663,0.18252
Time,s,20,0.18056,0.17236,0.07069,0.1809
Time,s,20,0.18074,0.18165,0.06428,0.18263
Time,s,20,0.18145,0.18084,0.07008,0.18526
Time,s,20,0.18062,0.17698,0.06242,0.18484
Time,s,20,0.18166,0.18228,0.06276,0.18965
Time,s,20,0.18279,0.17763,0.06634,0.18302
Time,s,20,0.1755,0.17737,0.06417,0.17566
Time,s,20,0.18004,0.17783,0.06954,0.17923
Time,s,20,0.17798,0.17716,0.06505,0.18057
Time,s,20,0.17569,0.17596,0.0702,0.18052
Time,s,20,0.17663,0.17252,0.06587,0.18476
Time,s,20,0.17646,0.1723,0.06314,0.17971
Time,s,20,0.18179,0.17724,0.06863,0.18283
Time,s,20,0.1744,0.17839,0.06471,0.18314
Time,s,20,0.1781,0.17483,0.06874,0.17859
Time,s,20,0.17435,0.17136,0.06327,0.17987
Time,s,20,0.17399,0.17402,0.06194,0.17913
Time,s,20,0.183,0.17473,0.06583,0.17692
Time,s,20,0.1737,0.17126,0.06316,0.17615
Time,s,20,0.17455,0.17132,0.06232,0.1775
Time,s,20,0.18252,0.17244,0.06363,0.1791
Time,s,20,0.18104,0.17257,0.06313,0.17604
Time,s,20,0.18212,0.18122,0.06551,0.18024
Time,s,20,0.18238,0.17527,0.06282,0.1782
Time,s,20,0.18227,0.17869,0.06743,0.17802
Time,s,20,0.17358,0.18164,0.06685,0.17723
Time,s,20,0.18069,0.1796,0.07115,0.18596
Time,s,20,0.17919,0.17626,0.06534,0.18975
Time,s,20,0.17503,0.1779,0.06287,0.18863
Time,s,20,0.17935,0.17762,0.06662,0.19151
Time,s,20,0.1738,0.17685,0.06292,0.18866
Time,s,20,0.17587,0.17267,0.06934,0.19786
Time,s,20,0.17985,0.1752,0.0637,0.18744
Time,s,20,0.18174,0.17154,0.06475,0.18659
Time,s,20,0.17442,0.1725,0.06737,0.1869
Time,s,20,0.17403,0.17169,0.06203,0.18294
Time,s,20,0.17607,0.16796,0.0683,0.18951
Time,s,20,0.18147,0.1704,0.06307,0.18136
Time,s,20,0.17636,0.168,0.06337,0.18015
Time,s,20,0.17977,0.16931,0.06482,0.17685
Time,s,20,0.17704,0.17052,0.06294,0.18199
Time,s,20,0.18271,0.17233,0.06722,0.18313
Time,s,20,0.17966,0.16875,0.05916,0.18155
Time,s,20,0.17884,0.16923,0.06897,0.18164
Time,s,20,0.17541,0.16994,0.06384,0.18172
Time,s,21,0.17507,0.16931,0.06141,0.18152
Time,s,21,0.17593,0.16822,0.06285,0.18586
Time,s,21,0.17465,0.1703,0.06295,0.18494
Time,s,21,0.17948,0.16774,0.06808,0.18575
Time,s,21,0.17475,0.17614,0.06511,0.18919
Time,s,21,0.18608,0.16891,0.06865,0.18469
Time,s,21,0.18235,0.17575,0.06549,0.17909
Time,s,21,0.17424,0.16838,0.06148,0.18662
Time,s,21,0.17922,0.16872,0.06698,0.18555
Time,s,21,0.17784,0.17136,0.06264,0.17942
Time,s,21,0.1776,0.17168,0.0706,0.18045
Time,s,21,0.17471,0.17128,0.06325,0.1851
Time,s,21,0.17567,0.16892,0.06243,0.18736
Time,s,21,0.1741,0.17347,0.06568,0.18761
Time,s,21,0.17586,0.17077,0.06296,0.17929
Time,s,21,0.17387,0.17849,0.06276,0.18126
Time,s,21,0.17576,0.1711,0.06325,0.18213
Time,s,21,0.17543,0.17181,0.06934,0.17964
Time,s,21,0.17692,0.17116,0.06439,0.17958
Time,s,21,0.17526,0.17037,0.06212,0.17967
Time,s,21,0.17462,0.17139,0.0688,0.18149
Time,s,21,0.17441,0.17161,0.06306,0.1819
Time,s,21,0.18311,0.16974,0.06789,0.18798
Time,s,21,0.17841,0.16948,0.06259,0.183
Time,s,21,0.17968,0.17118,0.06351,0.17968
Time,s,21,0.17664,0.17043,0.06525,0.17853
Time,s,21,0.17666,0.16878,0.06399,0.1782
Time,s,21,0.17465,0.16847,0.06821,0.17852
Time,s,21,0.17494,0.1688,0.06233,0.1803
Time,s,21,0.17508,0.16921,0.06985,0.18129
Time,s,21,0.17642,0.17634,0.06913,0.1789
Time,s,21,0.17328,0.16915,0.06207,0.18116
Time,s,21,0.17569,0.16818,0.06603,0.18123
Time,s,21,0.17504,0.17553,0.06237,0.17853
Time,s,21,0.17468,0.17206,0.06859,0.18225
Time,s,21,0.17461,0.17509,0.0631,0.17948
Time,s,21,0.17525,0.1772,0.06894,0.17966
Time,s,21,0.1739,0.17385,0.06532,0.17833
Time,s,21,0.18156,0.17343,0.06336,0.18061
Time,s,21,0.18171,0.17572,0.06623,0.1848
Time,s,21,0.1756,0.17292,0.05992,0.18224
Time,s,21,0.17722,0.17187,0.06876,0.18373
Time,s,21,0.17868,0.16888,0.06289,0.1797
Time,s,21,0.17632,0.17462,0.06307,0.18506
Time,s,21,0.17906,0.16783,0.06381,0.18567
Time,s,21,0.17628,0.17296,0.06251,0.17984
Time,s,21,0.17799,0.16888,0.06612,0.18428
Time,s,21,0.17485,0.17483,0.063,0.18342
Time,s,21,0.1753,0.1711,0.06863,0.1811
Time,s,21,0.17493,0.16966,0.064,0.1848
Time,s,21,0.17637,0.17117,0.06211,0.17669
Time,s,21,0.17388,0.17311,0.06603,0.17465
Time,s,21,0.18037,0.169,0.06592,0.17623
Time,s,21,0.17997,0.16989,0.06349,0.17521
Time,s,21,0.17612,0.16982,0.0646,0.17656
Time,s,21,0.17886,0.17257,0.07415,0.17459
Time,s,21,0.17988,0.17269,0.06133,0.17661
Time,s,21,0.18002,0.17044,0.0621,0.17431
Time,s,21,0.17628,0.16744,0.06627,0.17845
Time,s,21,0.17877,0.16835,0.06316,0.18145
Time,s,21,0.17743,0.17679,0.06982,0.17447
Time,s,21,0.17506,0.16957,0.0641,0.17427
Time,s,21,0.17373,0.17334,0.06345,0.17661
Time,s,21,0.17449,0.16809,0.06651,0.17613
Time,s,21,0.1743,0.16868,0.06259,0.17616
Time,s,21,0.17604,0.16725,0.06849,0.17771
Time,s,21,0.17518,0.16791,0.06326,0.17619
Time,s,21,0.17864,0.17145,0.06886,0.17717
Time,s,21,0.18145,0.17114,0.06441,0.18149
Time,s,21,0.17878,0.16759,0.06273,0.18231
Time,s,21,0.17295,0.16896,0.06403,0.18468
Time,s,21,0.17361,0.17148,0.0621,0.18412
Time,s,21,0.17774,0.16918,0.06325,0.17916
Time,s,21,0.17874,0.16774,0.0628,0.17535
Time,s,21,0.1745,0.16893,0.07011,0.18222
Time,s,21,0.1759,0.16788,0.06295,0.18653
Time,s,21,0.18308,0.16972,0.06481,0.18268
Time,s,21,0.17745,0.17708,0.06576,0.17517
Time,s,21,0.17586,0.17392,0.06314,0.17552
Time,s,21,0.17378,0.17772,0.07273,0.17579
Time,s,21,0.17675,0.17773,0.06313,0.17522
Time,s,21,0.17719,0.17901,0.06285,0.1752
Time,s,21,0.17821,0.16883,0.06524,0.17704
Time,s,21,0.17947,0.16766,0.06239,0.17928
Time,s,21,0.17933,0.16735,0.0658,0.17788
Time,s,21,0.18793,0.17358,0.0622,0.17855
Time,s,21,0.18359,0.17235,0.06966,0.17508
Time,s,21,0.1866,0.17485,0.06422,0.17482
Time,s,21,0.1864,0.17192,0.06322,0.17619
Time,s,21,0.1799,0.17348,0.0657,0.1752
Time,s,21,0.18071,0.17632,0.06361,0.17835
Time,s,21,0.18146,0.16793,0.0627,0.17434
Time,s,21,0.17927,0.17875,0.06308,0.18415
Time,s,21,0.18064,0.16905,0.06628,0.17895
Time,s,21,0.17723,0.16968,0.06621,0.18584
Time,s,21,0.17894,0.17014,0.06584,0.18095
Time,s,21,0.18209,0.16821,0.06467,0.18052
Time,s,21,0.17735,0.17056,0.06435,0.17738
Time,s,21,0.18057,0.17042,0.06428,0.18196
Time,s,21,0.17847,0.17742,0.06445,0.17743
Time,s,22,0.18701,0.17427,0.06444,0.17495
Time,s,22,0.17947,0.17425,0.0663,0.17784
Time,s,22,0.18525,0.17313,0.06378,0.17833
Time,s,22,0.18349,0.17468,0.07094,0.18251
Time,s,22,0.1817,0.17444,0.06707,0.17569
Time,s,22,0.18415,0.17363,0.07276,0.17571
Time,s,22,0.17784,0.17297,0.06894,0.17902
Time,s,22,0.17931,0.17375,0.06458,0.17547
Time,s,22,0.18112,0.17532,0.06763,0.17607
Time,s,22,0.18179,0.17707,0.06546,0.18351
Time,s,22,0.17908,0.17406,0.07156,0.18019
Time,s,22,0.1777,0.17587,0.06608,0.18214
Time,s,22,0.17824,0.17451,0.07274,0.18392
Time,s,22,0.17817,0.17332,0.06766,0.18009
Time,s,22,0.17981,0.17619,0.06493,0.18226
Time,s,22,0.178,0.17347,0.06807,0.18184
Time,s,22,0.17822,0.17458,0.06414,0.18065
Time,s,22,0.1849,0.17488,0.06428,0.17832
Time,s,22,0.17763,0.17822,0.06442,0.177
Time,s,22,0.18795,0.17985,0.06517,0.17541
Time,s,22,0.18363,0.18489,0.0689,0.17823
Time,s,22,0.17719,0.17563,0.06439,0.17989
Time,s,22,0.17777,0.17359,0.06932,0.17623
Time,s,22,0.17533,0.18226,0.06072,0.17568
Time,s,22,0.17474,0.17928,0.07162,0.1823
Time,s,22,0.17545,0.17973,0.06589,0.17628
Time,s,22,0.17672,0.17973,0.06548,0.17648
Time,s,22,0.17582,0.18176,0.06846,0.17533
Time,s,22,0.17656,0.17772,0.06742,0.17636
Time,s,22,0.18102,0.17607,0.07771,0.17958
Time,s,22,0.17364,0.17573,0.06464,0.17917
Time,s,22,0.17394,0.17701,0.06491,0.17632
Time,s,22,0.17544,0.17482,0.06772,0.18155
Time,s,22,0.18306,0.1747,0.06485,0.18492
Time,s,22,0.18091,0.17371,0.06448,0.17673
Time,s,22,0.17261,0.17599,0.06584,0.18207
Time,s,22,0.17853,0.17529,0.0718,0.18319
Time,s,22,0.17951,0.17763,0.06449,0.18405
Time,s,22,0.178,0.17385,0.06654,0.18082
Time,s,22,0.17776,0.17417,0.06456,0.18615
Time,s,22,0.17922,0.1691,0.06592,0.17624
Time,s,22,0.18591,0.1821,0.06502,0.17581
Time,s,22,0.1769,0.1754,0.06609,0.18042
Time,s,22,0.17472,0.17828,0.07369,0.17583
Time,s,22,0.17475,0.17484,0.06879,0.17599
Time,s,22,0.17882,0.17652,0.0678,0.17605
Time,s,22,0.18244,0.18291,0.07806,0.1774
Time,s,22,0.181,0.1741,0.06824,0.17941
Time,s,22,0.17804,0.171,0.0647,0.17949
Time,s,22,0.17412,0.1697,0.06518,0.17518
Time,s,22,0.17914,0.17118,0.06445,0.17592
Time,s,22,0.17503,0.17252,0.06772,0.17546
Time,s,22,0.17622,0.16791,0.06553,0.17631
Time,s,22,0.17476,0.16745,0.07383,0.17552
Time,s,22,0.1744,0.17264,0.0656,0.17675
Time,s,22,0.17422,0.17395,0.07161,0.17534
Time,s,22,0.17404,0.16745,0.06639,0.18034
Time,s,22,0.1752,0.17001,0.0649,0.18213
Time,s,22,0.17337,0.16857,0.06872,0.1814
Time,s,22,0.18465,0.16842,0.06523,0.18882
Time,s,22,0.17958,0.17102,0.06953,0.18585
Time,s,22,0.17912,0.16902,0.0636,0.17912
Time,s,22,0.17322,0.16817,0.06462,0.1851
Time,s,22,0.17481,0.16919,0.06774,0.19474
Time,s,22,0.17586,0.17158,0.0631,0.18659
Time,s,22,0.18196,0.18234,0.06956,0.18373
Time,s,22,0.1778,0.16961,0.06402,0.18708
Time,s,22,0.17491,0.17325,0.07183,0.18159
Time,s,22,0.17773,0.17617,0.06422,0.18318
Time,s,22,0.18076,0.17605,0.06563,0.17992
Time,s,22,0.17478,0.17561,0.06749,0.18151
Time,s,22,0.18044,0.17108,0.06449,0.17927
Time,s,22,0.17527,0.1693,0.06512,0.18015
Time,s,22,0.18104,0.17249,0.06416,0.18098
Time,s,22,0.17439,0.17466,0.07078,0.18006
Time,s,22,0.17609,0.17016,0.068,0.18363
Time,s,22,0.17768,0.17196,0.06488,0.1812
Time,s,22,0.1757,0.17259,0.06395,0.18271
Time,s,22,0.17363,0.17684,0.06806,0.17975
Time,s,22,0.17462,0.16961,0.07005,0.17888
Time,s,22,0.17402,0.16882,0.06484,0.1807
Time,s,22,0.17481,0.16997,0.06397,0.18611
Time,s,22,0.17431,0.16933,0.06624,0.18072
Time,s,22,0.17433,0.17183,0.06415,0.18501
Time,s,22,0.18008,0.16786,0.06828,0.18731
Time,s,22,0.17967,0.17489,0.06441,0.18628
Time,s,22,0.18025,0.17709,0.07221,0.1794
Time,s,22,0.17493,0.17464,0.06709,0.17936
Time,s,22,0.17759,0.17799,0.0626,0.1833
Time,s,22,0.17626,0.17268,0.06149,0.18389
Time,s,22,0.17426,0.17191,0.06103,0.18137
Time,s,22,0.17843,0.17323,0.06838,0.17986
Time,s,22,0.17426,0.17047,0.06201,0.18047
Time,s,22,0.1736,0.17337,0.06078,0.17996
Time,s,22,0.17396,0.16946,0.06343,0.18239
Time,s,22,0.17537,0.17084,0.06223,0.17907
Time,s,22,0.18205,0.16714,0.06678,0.17701
Time,s,22,0.17493,0.16782,0.06154,0.17335
Time,s,22,0.17331,0.1689,0.06155,0.17409
Time,s,22,0.17841,0.16839,0.0635,0.17404
Time,s,23,0.17471,0.16937,0.06185,0.17651
Time,s,23,0.17667,0.16995,0.06572,0.17722
Time,s,23,0.17475,0.17149,0.06213,0.17712
Time,s,23,0.17507,0.16877,0.07197,0.17926
Time,s,23,0.17356,0.17724,0.06159,0.18565
Time,s,23,0.17609,0.17468,0.06614,0.18176
Time,s,23,0.17535,0.17195,0.06179,0.17572
Time,s,23,0.17291,0.17794,0.06642,0.18459
Time,s,23,0.17288,0.16943,0.06216,0.18386
Time,s,23,0.17484,0.17226,0.06791,0.17752
Time,s,23,0.18316,0.16837,0.06319,0.18089
Time,s,23,0.17852,0.17999,0.06183,0.18113
Time,s,23,0.17497,0.16929,0.06139,0.17814
Time,s,23,0.17743,0.17035,0.06182,0.18201
Time,s,23,0.17962,0.17031,0.06464,0.18136
Time,s,23,0.1778,0.1685,0.06256,0.17939
Time,s,23,0.17677,0.16842,0.06736,0.17594
Time,s,23,0.17385,0.16991,0.06331,0.17644
Time,s,23,0.17948,0.17291,0.07087,0.17719
Time,s,23,0.17397,0.17103,0.06402,0.18068
Time,s,23,0.1741,0.16775,0.07023,0.1794
Time,s,23,0.17393,0.17294,0.0632,0.18572
Time,s,23,0.17317,0.17485,0.06216,0.17778
Time,s,23,0.17668,0.17909,0.06165,0.17977
Time,s,23,0.17468,0.17765,0.06222,0.18436
Time,s,23,0.18213,0.16992,0.06627,0.17533
Time,s,23,0.18567,0.16848,0.06279,0.18066
Time,s,23,0.18147,0.17399,0.06629,0.17619
Time,s,23,0.17967,0.17376,0.06527,0.17746
Time,s,23,0.17972,0.17392,0.0701,0.1775
Time,s,23,0.17963,0.17706,0.0633,0.17904
Time,s,23,0.17816,0.17386,0.06938,0.17575
Time,s,23,0.17872,0.16914,0.06379,0.18592
Time,s,23,0.17763,0.17441,0.06262,0.1762
Time,s,23,0.17855,0.16845,0.06492,0.17532
Time,s,23,0.1778,0.16898,0.06229,0.17691
Time,s,23,0.17569,0.16945,0.06575,0.17606
Time,s,23,0.17565,0.17224,0.06342,0.17572
Time,s,23,0.17728,0.169,0.06285,0.17626
Time,s,23,0.17489,0.17068,0.06208,0.18476
Time,s,23,0.17576,0.16961,0.06822,0.1829
Time,s,23,0.18705,0.16823,0.05859,0.18496
Time,s,23,0.17996,0.17514,0.07042,0.1769
Time,s,23,0.18013,0.16945,0.06348,0.18172
Time,s,23,0.17506,0.17003,0.0629,0.18555
Time,s,23,0.18026,0.17689,0.06617,0.17657
Time,s,23,0.18038,0.17793,0.0634,0.18204
Time,s,23,0.18111,0.17597,0.06621,0.18512
Time,s,23,0.17734,0.16994,0.06281,0.17877
Time,s,23,0.17605,0.17668,0.06669,0.178
Time,s,23,0.17784,0.17678,0.06353,0.17877
Time,s,23,0.17557,0.17554,0.06745,0.17838
Time,s,23,0.17949,0.17232,0.06292,0.17724
Time,s,23,0.17521,0.17255,0.07421,0.18537
Time,s,23,0.17552,0.17143,0.06382,0.17849
Time,s,23,0.17569,0.16941,0.06349,0.17771
Time,s,23,0.17479,0.17646,0.06477,0.17663
Time,s,23,0.17466,0.17133,0.06319,0.17916
Time,s,23,0.17948,0.17431,0.06634,0.17629
Time,s,23,0.1834,0.17186,0.06302,0.17811
Time,s,23,0.18082,0.1699,0.06788,0.1776
Time,s,23,0.18017,0.17033,0.0633,0.18171
Time,s,23,0.18368,0.16991,0.06978,0.17716
Time,s,23,0.17997,0.17168,0.06417,0.17596
Time,s,23,0.17868,0.17043,0.06362,0.17805
Time,s,23,0.17803,0.16916,0.06353,0.17526
Time,s,23,0.17665,0.17763,0.06301,0.18048
Time,s,23,0.17738,0.18074,0.06445,0.18388
Time,s,23,0.17675,0.17362,0.06233,0.18802
Time,s,23,0.17527,0.17711,0.0662,0.18527
Time,s,23,0.17522,0.17652,0.06369,0.18007
Time,s,23,0.17919,0.17564,0.06706,0.18136
Time,s,23,0.17599,0.17524,0.06411,0.18177
Time,s,23,0.1839,0.1739,0.06829,0.18154
Time,s,23,0.18364,0.17369,0.06284,0.18319
Time,s,23,0.17773,0.17472,0.06955,0.18305
Time,s,23,0.17631,0.17564,0.06286,0.17787
Time,s,23,0.17939,0.17405,0.0646,0.17624
Time,s,23,0.1843,0.17154,0.07055,0.17742
Time,s,23,0.17701,0.17413,0.06241,0.17626
Time,s,23,0.1776,0.16924,0.0631,0.18344
Time,s,23,0.17761,0.17117,0.0619,0.17761
Time,s,23,0.17694,0.17026,0.06666,0.17789
Time,s,23,0.17715,0.16914,0.06204,0.17594
Time,s,23,0.17828,0.16917,0.06678,0.17926
Time,s,23,0.17678,0.16989,0.06243,0.17772
Time,s,23,0.18444,0.17495,0.06878,0.18075
Time,s,23,0.17853,0.17629,0.06375,0.17526
Time,s,23,0.17785,0.1694,0.06357,0.17692
Time,s,23,0.18484,0.17667,0.06296,0.17633
Time,s,23,0.17733,0.16967,0.063,0.17669
Time,s,23,0.18347,0.16918,0.06714,0.17754
Time,s,23,0.18373,0.16942,0.05946,0.18122
Time,s,23,0.18432,0.17813,0.06747,0.18566
Time,s,23,0.17759,0.1776,0.06316,0.18149
Time,s,23,0.18033,0.17811,0.06818,0.18059
Time,s,23,0.1766,0.17374,0.06361,0.1782
Time,s,23,0.17725,0.17822,0.06982,0.18099
Time,s,23,0.17921,0.17241,0.06355,0.1767
Time,s,23,0.17637,0.17715,0.06329,0.18078
Time,s,24,0.17769,0.17287,0.06383,0.18349
Time,s,24,0.17721,0.17515,0.06437,0.18303
Time,s,24,0.17611,0.17522,0.06527,0.184
Time,s,24,0.17773,0.17324,0.07111,0.17985
Time,s,24,0.18301,0.17407,0.07079,0.17543
Time,s,24,0.18905,0.17759,0.06564,0.17708
Time,s,24,0.18261,0.17378,0.06343,0.1767
Time,s,24,0.18358,0.17421,0.06784,0.17773
Time,s,24,0.18143,0.17055,0.06536,0.17667
Time,s,24,0.18258,0.17597,0.07036,0.17684
Time,s,24,0.17656,0.17276,0.0647,0.17589
Time,s,24,0.18139,0.17311,0.06414,0.18053
Time,s,24,0.18149,0.17338,0.06605,0.1745
Time,s,24,0.18399,0.17328,0.06436,0.17668
Time,s,24,0.18308,0.17502,0.06936,0.17639
Time,s,24,0.17912,0.17958,0.06487,0.17486
Time,s,24,0.1847,0.17938,0.07116,0.17766
Time,s,24,0.17577,0.17325,0.06675,0.17424
Time,s,24,0.17625,0.1729,0.06408,0.17467
Time,s,24,0.17546,0.17079,0.06952,0.17473
Time,s,24,0.1752,0.17177,0.06413,0.1772
Time,s,24,0.17495,0.17198,0.07105,0.17543
Time,s,24,0.17316,0.17252,0.06551,0.17976
Time,s,24,0.18289,0.17491,0.06474,0.17514
Time,s,24,0.1817,0.17432,0.0649,0.18019
Time,s,24,0.17396,0.17199,0.06446,0.18179
Time,s,24,0.17913,0.17152,0.06571,0.17948
Time,s,24,0.18301,0.17236,0.06814,0.1831
Time,s,24,0.17997,0.17192,0.06551,0.1815
Time,s,24,0.17867,0.17183,0.06627,0.17945
Time,s,24,0.17325,0.17653,0.0639,0.17983
Time,s,24,0.17465,0.17319,0.0687,0.18004
Time,s,24,0.17806,0.17526,0.0636,0.17494
Time,s,24,0.18163,0.18363,0.07047,0.1816
Time,s,24,0.17471,0.18023,0.06649,0.17988
Time,s,24,0.17437,0.17859,0.06525,0.17799
Time,s,24,0.17383,0.17299,0.0699,0.17893
Time,s,24,0.17497,0.17592,0.06374,0.1799
Time,s,24,0.17305,0.17732,0.0641,0.18472
Time,s,24,0.1747,0.17429,0.06522,0.1781
Time,s,24,0.17394,0.17405,0.06542,0.17757
Time,s,24,0.17587,0.16735,0.06798,0.17918
Time,s,24,0.17367,0.17134,0.06414,0.17846
Time,s,24,0.17895,0.17251,0.06837,0.17773
Time,s,24,0.17921,0.17312,0.06422,0.17575
Time,s,24,0.18127,0.17352,0.06332,0.1809
Time,s,24,0.18556,0.18204,0.06587,0.18429
Time,s,24,0.1792,0.17399,0.06371,0.18789
Time,s,24,0.17803,0.17553,0.06849,0.18018
Time,s,24,0.17328,0.1746,0.06709,0.17964
Time,s,24,0.17858,0.17337,0.07202,0.17992
Time,s,24,0.17623,0.17972,0.06826,0.17966
Time,s,24,0.17495,0.17337,0.06695,0.18035
Time,s,24,0.17368,0.16998,0.06747,0.18071
Time,s,24,0.17559,0.16927,0.06332,0.1807
Time,s,24,0.17495,0.17039,0.06951,0.17959
Time,s,24,0.17319,0.17128,0.06548,0.1813
Time,s,24,0.17361,0.17826,0.06415,0.18124
Time,s,24,0.17441,0.16982,0.06677,0.18396
Time,s,24,0.17653,0.17528,0.06459,0.18219
Time,s,24,0.17338,0.17214,0.07027,0.17953
Time,s,24,0.17282,0.1778,0.06479,0.17888
Time,s,24,0.17501,0.16873,0.06458,0.17952
Time,s,24,0.17358,0.17005,0.06598,0.18177
Time,s,24,0.17524,0.16916,0.06534,0.18128
Time,s,24,0.17593,0.16865,0.06788,0.17894
Time,s,24,0.18021,0.17964,0.06424,0.18099
Time,s,24,0.1812,0.1788,0.06928,0.17925
Time,s,24,0.18266,0.17883,0.065,0.17947
Time,s,24,0.17911,0.1772,0.06539,0.18711
Time,s,24,0.17951,0.17218,0.06796,0.1878
Time,s,24,0.18379,0.17283,0.06453,0.18492
Time,s,24,0.17541,0.17354,0.06468,0.18717
Time,s,24,0.17599,0.17573,0.06414,0.18245
Time,s,24,0.17668,0.17376,0.06415,0.18479
Time,s,24,0.17703,0.17585,0.07014,0.19071
Time,s,24,0.17531,0.17449,0.06864,0.18571
Time,s,24,0.17749,0.17173,0.06406,0.17931
Time,s,24,0.17479,0.17039,0.06371,0.18501
Time,s,24,0.17358,0.17871,0.06971,0.18063
Time,s,24,0.1736,0.17158,0.06399,0.18794
Time,s,24,0.17502,0.16938,0.06576,0.18781
Time,s,24,0.17525,0.17824,0.06921,0.18088
Time,s,24,0.17396,0.17058,0.06487,0.18284
Time,s,24,0.17395,0.16947,0.07018,0.18357
Time,s,24,0.17326,0.16949,0.06462,0.18247
Time,s,24,0.18395,0.16985,0.06357,0.18317
Time,s,24,0.18229,0.17608,0.06652,0.17969
Time,s,24,0.18314,0.17268,0.06494,0.17963
Time,s,24,0.17872,0.16946,0.06853,0.17847
Time,s,24,0.17951,0.16956,0.06409,0.17499
Time,s,24,0.1811,0.16917,0.06921,0.17847
Time,s,24,0.18045,0.17637,0.06324,0.17863
Time,s,24,0.17882,0.16899,0.06284,0.18204
Time,s,24,0.17981,0.16995,0.06432,0.17588
Time,s,24,0.17764,0.17663,0.06389,0.17632
Time,s,24,0.17499,0.17708,0.07119,0.17623
Time,s,24,0.17332,0.1757,0.06597,0.17629
Time,s,24,0.1768,0.17547,0.06335,0.1752
Time,s,24,0.17941,0.17645,0.07096,0.17725
Time,s,25,0.17677,0.17588,0.06434,0.17751
Time,s,25,0.17863,0.17609,0.06495,0.17695
Time,s,25,0.18045,0.17388,0.06218,0.17777
Time,s,25,0.17484,0.17449,0.06723,0.1751
Time,s,25,0.18463,0.17123,0.06335,0.17474
Time,s,25,0.17364,0.17333,0.06208,0.17651
Time,s,25,0.18265,0.17178,0.06474,0.182
Time,s,25,0.18127,0.17361,0.06167,0.18181
Time,s,25,0.17831,0.16844,0.06724,0.17667
Time,s,25,0.17986,0.1726,0.06202,0.17571
Time,s,25,0.17818,0.16881,0.06937,0.1754
Time,s,25,0.17852,0.17024,0.06274,0.18405
Time,s,25,0.17991,0.1686,0.06228,0.18373
Time,s,25,0.17905,0.16867,0.06517,0.17691
Time,s,25,0.17338,0.16839,0.06102,0.18238
Time,s,25,0.17431,0.17066,0.06702,0.17521
Time,s,25,0.17424,0.17289,0.0599,0.17908
Time,s,25,0.17478,0.17879,0.06168,0.17906
Time,s,25,0.17611,0.16951,0.06437,0.17943
Time,s,25,0.17679,0.174,0.06289,0.17549
Time,s,25,0.17694,0.17664,0.06623,0.18209
Time,s,25,0.18185,0.17008,0.06288,0.17909
Time,s,25,0.18025,0.17614,0.06839,0.17568
Time,s,25,0.17661,0.17486,0.06265,0.17772
Time,s,25,0.17679,0.1801,0.06974,0.17932
Time,s,25,0.18398,0.17389,0.07019,0.17555
Time,s,25,0.18071,0.1763,0.06176,0.17703
Time,s,25,0.18446,0.16958,0.06592,0.17536
Time,s,25,0.18279,0.17179,0.06284,0.17611
Time,s,25,0.18201,0.16922,0.06909,0.18006
Time,s,25,0.18171,0.17019,0.06354,0.17726
Time,s,25,0.18766,0.1686,0.07023,0.17595
Time,s,25,0.18255,0.16867,0.06332,0.17987
Time,s,25,0.18403,0.16835,0.06277,0.17542
Time,s,25,0.17813,0.16769,0.06822,0.17572
Time,s,25,0.18002,0.17302,0.06188,0.17523
Time,s,25,0.18021,0.17059,0.06297,0.17824
Time,s,25,0.17853,0.17535,0.06217,0.18377
Time,s,25,0.17794,0.17907,0.06339,0.18466
Time,s,25,0.17955,0.17859,0.06353,0.18248
Time,s,25,0.18521,0.17668,0.06228,0.18188
Time,s,25,0.1765,0.17496,0.06504,0.18071
Time,s,25,0.17689,0.17702,0.06179,0.17711
Time,s,25,0.17742,0.17299,0.06649,0.18185
Time,s,25,0.18002,0.17371,0.06271,0.17556
Time,s,25,0.17785,0.17448,0.06274,0.1809
Time,s,25,0.17678,0.16956,0.06469,0.18082
Time,s,25,0.18341,0.16991,0.06241,0.18331
Time,s,25,0.17673,0.16892,0.06562,0.17806
Time,s,25,0.18125,0.16898,0.06347,0.17566
Time,s,25,0.18426,0.16823,0.07326,0.17466
Time,s,25,0.17644,0.16817,0.06343,0.17568
Time,s,25,0.1774,0.1694,0.06208,0.17714
Time,s,25,0.18513,0.16753,0.06476,0.17793
Time,s,25,0.18181,0.1756,0.06279,0.178
Time,s,25,0.18219,0.16867,0.06634,0.17576
Time,s,25,0.18102,0.16914,0.06304,0.17823
Time,s,25,0.18302,0.1753,0.06738,0.17625
Time,s,25,0.1825,0.17678,0.06273,0.17564
Time,s,25,0.17871,0.17555,0.06198,0.17566
Time,s,25,0.18064,0.17624,0.06423,0.17635
Time,s,25,0.18023,0.1747,0.06284,0.1764
Time,s,25,0.17838,0.17266,0.06309,0.17558
Time,s,25,0.176,0.1766,0.06244,0.18441
Time,s,25,0.17518,0.16832,0.06699,0.17669
Time,s,25,0.17456,0.17151,0.0631,0.18416
Time,s,25,0.177,0.16878,0.06307,0.18161
Time,s,25,0.17805,0.17108,0.06564,0.18342
Time,s,25,0.17648,0.169,0.06359,0.18055
Time,s,25,0.17456,0.16944,0.06631,0.17949
Time,s,25,0.18185,0.16753,0.06258,0.18129
Time,s,25,0.17607,0.16885,0.06873,0.17938
Time,s,25,0.18246,0.16954,0.06315,0.17925
Time,s,25,0.18102,0.17309,0.06224,0.17881
Time,s,25,0.17946,0.16823,0.06624,0.18234
Time,s,25,0.18188,0.17212,0.06769,0.17695
Time,s,25,0.17431,0.17397,0.06517,0.17631
Time,s,25,0.1781,0.17822,0.06219,0.17513
Time,s,25,0.17556,0.17382,0.06229,0.17663
Time,s,25,0.1777,0.17493,0.06359,0.17687
Time,s,25,0.17393,0.17284,0.0625,0.17572
Time,s,25,0.17474,0.16918,0.07053,0.17951
Time,s,25,0.17579,0.17437,0.06581,0.17737
Time,s,25,0.17487,0.17131,0.06849,0.17774
Time,s,25,0.18072,0.17185,0.06912,0.17663
Time,s,25,0.17571,0.17265,0.07175,0.17647
Time,s,25,0.18749,0.16809,0.06113,0.18028
Time,s,25,0.18121,0.16967,0.06661,0.18183
Time,s,25,0.17764,0.16813,0.06763,0.18238
Time,s,25,0.18123,0.16787,0.06407,0.18219
Time,s,25,0.17994,0.16857,0.06221,0.17673
Time,s,25,0.1793,0.17213,0.0635,0.17905
Time,s,25,0.1791,0.16912,0.07041,0.18028
Time,s,25,0.17852,0.17654,0.06319,0.17684
Time,s,25,0.17733,0.17617,0.06419,0.17765
Time,s,25,0.17832,0.18123,0.06439,0.17582
Time,s,25,0.17542,0.17463,0.06233,0.17463
Time,s,25,0.17546,0.1829,0.07129,0.17565
Time,s,25,0.17428,0.17582,0.06671,0.17548
Time,s,25,0.17416,0.17905,0.07581,0.17944
Time,s,26,0.17491,0.17936,0.0687,0.17521
Time,s,26,0.17413,0.17536,0.06974,0.18007
Time,s,26,0.1737,0.17591,0.06773,0.17657
Time,s,26,0.17497,0.17434,0.06684,0.17944
Time,s,26,0.17837,0.1762,0.06752,0.17539
Time,s,26,0.18084,0.17359,0.0635,0.17609
Time,s,26,0.18177,0.1734,0.07075,0.17524
Time,s,26,0.18006,0.17732,0.06793,0.17564
Time,s,26,0.17563,0.1776,0.0766,0.17889
Time,s,26,0.17908,0.17468,0.06754,0.182
Time,s,26,0.17906,0.17783,0.06881,0.18328
Time,s,26,0.17535,0.17345,0.07184,0.18492
Time,s,26,0.18194,0.17322,0.06673,0.17612
Time,s,26,0.17618,0.17325,0.07008,0.1804
Time,s,26,0.17994,0.18231,0.06814,0.17696
Time,s,26,0.17561,0.18069,0.07672,0.18137
Time,s,26,0.18175,0.18398,0.06722,0.17525
Time,s,26,0.1749,0.18414,0.06487,0.18058
Time,s,26,0.17446,0.17341,0.06857,0.1803
Time,s,26,0.17361,0.1796,0.06561,0.17876
Time,s,26,0.17495,0.17606,0.06514,0.17705
Time,s,26,0.1828,0.17362,0.06505,0.17741
Time,s,26,0.18247,0.17649,0.07117,0.17657
Time,s,26,0.18182,0.17604,0.07048,0.17805
Time,s,26,0.17771,0.179,0.0635,0.17953
Time,s,26,0.17746,0.17472,0.06657,0.17638
Time,s,26,0.18174,0.17308,0.06551,0.17619
Time,s,26,0.17933,0.17319,0.06822,0.17979
Time,s,26,0.17967,0.17594,0.06418,0.17629
Time,s,26,0.1795,0.17567,0.07107,0.17729
Time,s,26,0.17526,0.16767,0.06355,0.17555
Time,s,26,0.17836,0.16707,0.06391,0.17552
Time,s,26,0.17703,0.17029,0.06997,0.17657
Time,s,26,0.17504,0.17498,0.06551,0.17758
Time,s,26,0.17574,0.17489,0.06795,0.17501
Time,s,26,0.17409,0.17481,0.06386,0.18371
Time,s,26,0.17611,0.17377,0.06966,0.1749
Time,s,26,0.17571,0.16992,0.06515,0.17585
Time,s,26,0.18025,0.17267,0.06396,0.18421
Time,s,26,0.18319,0.17032,0.06542,0.18546
Time,s,26,0.19249,0.17171,0.06381,0.18139
Time,s,26,0.18302,0.17746,0.06781,0.18285
Time,s,26,0.18011,0.17434,0.05993,0.18303
Time,s,26,0.17625,0.17105,0.07034,0.18512
Time,s,26,0.19012,0.17076,0.06356,0.18325
Time,s,26,0.17618,0.16845,0.07487,0.18526
Time,s,26,0.18218,0.16895,0.06398,0.18275
Time,s,26,0.18349,0.17249,0.06687,0.185
Time,s,26,0.18243,0.17099,0.07059,0.1804
Time,s,26,0.18531,0.1703,0.06481,0.18074
Time,s,26,0.17873,0.16879,0.06883,0.18116
Time,s,26,0.17967,0.1688,0.06274,0.18148
Time,s,26,0.18003,0.16932,0.06837,0.18012
Time,s,26,0.18069,0.16973,0.06273,0.18301
Time,s,26,0.1766,0.17125,0.0603,0.18855
Time,s,26,0.17518,0.17537,0.06417,0.17995
Time,s,26,0.17539,0.16863,0.06093,0.1891
Time,s,26,0.17453,0.17187,0.0667,0.18639
Time,s,26,0.18684,0.16786,0.06043,0.18626
Time,s,26,0.17882,0.17735,0.06665,0.18446
Time,s,26,0.18219,0.17954,0.06283,0.1853
Time,s,26,0.17834,0.17932,0.06146,0.18082
Time,s,26,0.17821,0.18083,0.06077,0.18386
Time,s,26,0.18847,0.18057,0.06054,0.18594
Time,s,26,0.20084,0.18199,0.06445,0.19004
Time,s,26,0.19214,0.16959,0.06552,0.1871
Time,s,26,0.19598,0.17747,0.06937,0.18059
Time,s,26,0.1955,0.17335,0.06068,0.18138
Time,s,26,0.1938,0.16934,0.06169,0.18192
Time,s,26,0.20141,0.16963,0.063,0.18136
Time,s,26,0.19613,0.17031,0.06047,0.18185
Time,s,26,0.18857,0.16816,0.06531,0.18096
Time,s,26,0.19871,0.17205,0.0625,0.18179
Time,s,26,0.19051,0.17153,0.07139,0.18166
Time,s,26,0.19945,0.17416,0.06125,0.18889
Time,s,26,0.19983,0.171,0.06078,0.18878
Time,s,26,0.19003,0.16997,0.06378,0.18797
Time,s,26,0.19086,0.16982,0.06068,0.18567
Time,s,26,0.19049,0.17447,0.06458,0.18127
Time,s,26,0.19882,0.18109,0.06083,0.18183
Time,s,26,0.19531,0.16986,0.06098,0.17552
Time,s,26,0.19327,0.16785,0.06509,0.17276
Time,s,26,0.19513,0.16972,0.0611,0.17809
Time,s,26,0.19443,0.169,0.06331,0.18015
Time,s,26,0.1924,0.16932,0.06261,0.1777
Time,s,26,0.19988,0.1749,0.0686,0.17514
Time,s,26,0.19551,0.16931,0.06168,0.17701
Time,s,26,0.19871,0.17156,0.06658,0.17709
Time,s,26,0.18992,0.16828,0.06092,0.17907
Time,s,26,0.19319,0.168,0.06058,0.1754
Time,s,26,0.19131,0.17585,0.06323,0.17594
Time,s,26,0.19227,0.17421,0.06069,0.17536
Time,s,26,0.1957,0.17425,0.05987,0.17956
Time,s,26,0.18951,0.17426,0.0607,0.18348
Time,s,26,0.19606,0.17164,0.06645,0.17682
Time,s,26,0.19252,0.17459,0.06117,0.17474
Time,s,26,0.18775,0.17255,0.0683,0.18355
Time,s,26,0.19769,0.17993,0.06557,0.1842
Time,s,26,0.18955,0.17411,0.06501,0.18402
Time,s,26,0.19027,0.17165,0.06355,0.18041
Time,s,27,0.1956,0.16998,0.06061,0.17611
Time,s,27,0.19203,0.16963,0.06478,0.18045
Time,s,27,0.19059,0.16911,0.06058,0.17673
Time,s,27,0.19533,0.17215,0.05989,0.17448
Time,s,27,0.19514,0.17047,0.06249,0.17901
Time,s,27,0.19035,0.17406,0.0614,0.1775
Time,s,27,0.19504,0.16646,0.06461,0.17832
Time,s,27,0.19888,0.1665,0.05907,0.17525
Time,s,27,0.20722,0.17334,0.05878,0.17551
Time,s,27,0.19437,0.16676,0.05968,0.17643
Time,s,27,0.19765,0.17119,0.06019,0.18018
Time,s,27,0.19756,0.16794,0.06335,0.17801
Time,s,27,0.19756,0.1668,0.05945,0.17698
Time,s,27,0.1959,0.17017,0.05964,0.1767
Time,s,27,0.20438,0.17229,0.06172,0.17807
Time,s,27,0.19961,0.16854,0.05968,0.18195
Time,s,27,0.19868,0.17073,0.06354,0.18067
Time,s,27,0.20041,0.1658,0.05997,0.18424
Time,s,27,0.19767,0.16692,0.0676,0.18285
Time,s,27,0.19665,0.16627,0.05993,0.18567
Time,s,27,0.20711,0.16497,0.06049,0.17585
Time,s,27,0.20228,0.1705,0.06461,0.17751
Time,s,27,0.19946,0.16939,0.06074,0.17789
Time,s,27,0.19813,0.16729,0.06526,0.18377
Time,s,27,0.19807,0.16712,0.06156,0.17457
Time,s,27,0.19713,0.16693,0.06542,0.17593
Time,s,27,0.20542,0.16593,0.06361,0.17804
Time,s,27,0.19712,0.1656,0.06133,0.1768
Time,s,27,0.1996,0.16558,0.06664,0.17919
Time,s,27,0.19913,0.16605,0.06174,0.1806
Time,s,27,0.19575,0.16658,0.06149,0.17431
Time,s,27,0.19497,0.16633,0.05995,0.17479
Time,s,27,0.20096,0.17004,0.06165,0.17464
Time,s,27,0.20111,0.16597,0.06601,0.17445
Time,s,27,0.19977,0.1649,0.06011,0.17446
Time,s,27,0.19587,0.16662,0.06054,0.17729
Time,s,27,0.19551,0.16671,0.06326,0.17483
Time,s,27,0.19579,0.1666,0.06075,0.1783
Time,s,27,0.20504,0.16523,0.06527,0.17525
Time,s,27,0.19769,0.16799,0.05977,0.17697
Time,s,27,0.20322,0.16604,0.06011,0.17472
Time,s,27,0.20073,0.16728,0.06213,0.18384
Time,s,27,0.19591,0.17317,0.06067,0.17432
Time,s,27,0.1962,0.16526,0.06412,0.18185
Time,s,27,0.19658,0.16575,0.0601,0.18113
Time,s,27,0.19661,0.17018,0.06735,0.1819
Time,s,27,0.19806,0.16608,0.06219,0.1848
Time,s,27,0.19548,0.16867,0.06067,0.18481
Time,s,27,0.19366,0.16917,0.06519,0.17971
Time,s,27,0.19811,0.16836,0.06026,0.1792
Time,s,27,0.19144,0.16823,0.06674,0.18132
Time,s,27,0.19113,0.18166,0.06873,0.17545
Time,s,27,0.19575,0.17023,0.06031,0.17576
Time,s,27,0.19432,0.17512,0.06588,0.1812
Time,s,27,0.18754,0.1788,0.06008,0.17748
Time,s,27,0.19091,0.17145,0.06617,0.17836
Time,s,27,0.19137,0.17474,0.0606,0.17582
Time,s,27,0.19473,0.17222,0.0599,0.17453
Time,s,27,0.17435,0.17384,0.06536,0.17673
Time,s,27,0.17457,0.17238,0.06043,0.17538
Time,s,27,0.18123,0.17987,0.06725,0.17584
Time,s,27,0.1737,0.17528,0.06045,0.17487
Time,s,27,0.17963,0.17367,0.06735,0.1764
Time,s,27,0.18333,0.16825,0.063,0.17485
Time,s,27,0.18786,0.16758,0.05957,0.17699
Time,s,27,0.1872,0.17159,0.06561,0.18377
Time,s,27,0.18112,0.17449,0.06022,0.18202
Time,s,27,0.17815,0.17136,0.06747,0.18332
Time,s,27,0.17673,0.17878,0.06547,0.18064
Time,s,27,0.18367,0.17414,0.05954,0.17913
Time,s,27,0.18484,0.17487,0.06871,0.18118
Time,s,27,0.17663,0.1716,0.05968,0.18576
Time,s,27,0.18151,0.16916,0.06657,0.18225
Time,s,27,0.185,0.17101,0.06253,0.18148
Time,s,27,0.18039,0.16967,0.0602,0.17718
Time,s,27,0.17471,0.16733,0.06396,0.17735
Time,s,27,0.17615,0.16784,0.06028,0.1748
Time,s,27,0.1759,0.1693,0.06834,0.17612
Time,s,27,0.18123,0.16877,0.06113,0.17732
Time,s,27,0.1736,0.1836,0.06316,0.17548
Time,s,27,0.17515,0.1701,0.06203,0.17564
Time,s,27,0.17392,0.17549,0.05937,0.17524
Time,s,27,0.17377,0.17466,0.06574,0.17871
Time,s,27,0.17488,0.175,0.06027,0.17592
Time,s,27,0.1756,0.17372,0.06065,0.17676
Time,s,27,0.17395,0.17255,0.06251,0.17803
Time,s,27,0.17401,0.17266,0.05976,0.17737
Time,s,27,0.17413,0.17311,0.06526,0.18731
Time,s,27,0.17414,0.17301,0.06093,0.18649
Time,s,27,0.17578,0.17147,0.06834,0.18489
Time,s,27,0.17575,0.16877,0.0635,0.17782
Time,s,27,0.17471,0.16978,0.05962,0.18766
Time,s,27,0.17394,0.17003,0.06478,0.18174
Time,s,27,0.17622,0.1732,0.06046,0.17939
Time,s,27,0.17498,0.17173,0.06636,0.18236
Time,s,27,0.17414,0.17161,0.06096,0.17772
Time,s,27,0.1845,0.17028,0.0596,0.17706
Time,s,27,0.17488,0.17041,0.06407,0.18473
Time,s,27,0.18604,0.17493,0.06039,0.18657
Time,s,27,0.17974,0.17014,0.06696,0.17766
Time,s,28,0.17409,0.18132,0.06265,0.17966
Time,s,28,0.17941,0.1743,0.06132,0.17864
Time,s,28,0.18449,0.17072,0.06338,0.17659
Time,s,28,0.17989,0.17314,0.06569,0.18016
Time,s,28,0.18072,0.18199,0.06986,0.17874
Time,s,28,0.17702,0.18024,0.0621,0.17981
Time,s,28,0.1742,0.17933,0.06221,0.17764
Time,s,28,0.17632,0.18007,0.06379,0.17925
Time,s,28,0.17493,0.17935,0.06093,0.18128
Time,s,28,0.1762,0.17763,0.06689,0.18057
Time,s,28,0.17538,0.18113,0.06136,0.17832
Time,s,28,0.17587,0.17611,0.0606,0.17724
Time,s,28,0.18069,0.18083,0.06508,0.17789
Time,s,28,0.17611,0.18275,0.06243,0.17893
Time,s,28,0.17332,0.17306,0.06019,0.1769
Time,s,28,0.1736,0.17129,0.06083,0.17763
Time,s,28,0.17614,0.17193,0.06045,0.1871
Time,s,28,0.17406,0.17623,0.06479,0.18693
Time,s,28,0.17412,0.17307,0.06196,0.18897
Time,s,28,0.17854,0.17262,0.06545,0.1785
Time,s,28,0.17577,0.1808,0.06007,0.18304
Time,s,28,0.17441,0.17867,0.06791,0.18246
Time,s,28,0.17521,0.17994,0.06436,0.18629
Time,s,28,0.18228,0.17909,0.06131,0.18851
Time,s,28,0.17831,0.17967,0.06479,0.18093
Time,s,28,0.18247,0.176,0.06004,0.18391
Time,s,28,0.18312,0.1784,0.06643,0.18159
Time,s,28,0.17882,0.17544,0.06253,0.18118
Time,s,28,0.17479,0.17138,0.06054,0.17812
Time,s,28,0.17936,0.17427,0.06699,0.18269
Time,s,28,0.18114,0.17393,0.06228,0.18093
Time,s,28,0.17763,0.17084,0.06036,0.18001
Time,s,28,0.17592,0.17332,0.06389,0.18284
Time,s,28,0.17407,0.17215,0.06031,0.18164
Time,s,28,0.17765,0.17213,0.06089,0.18116
Time,s,28,0.17442,0.17584,0.06143,0.1834
Time,s,28,0.17528,0.17549,0.06609,0.18274
Time,s,28,0.17414,0.16651,0.06157,0.18092
Time,s,28,0.17698,0.16804,0.06084,0.18048
Time,s,28,0.17389,0.17379,0.06499,0.18032
Time,s,28,0.18077,0.16767,0.06143,0.18024
Time,s,28,0.17346,0.17599,0.06686,0.17969
Time,s,28,0.17452,0.1728,0.05863,0.17949
Time,s,28,0.17524,0.16862,0.0593,0.18051
Time,s,28,0.17431,0.1711,0.06137,0.18805
Time,s,28,0.17364,0.17188,0.05992,0.19215
Time,s,28,0.1796,0.16994,0.06411,0.18039
Time,s,28,0.18136,0.17036,0.06002,0.17986
Time,s,28,0.18127,0.17312,0.05902,0.17853
Time,s,28,0.17547,0.16821,0.06283,0.1846
Time,s,28,0.17944,0.16802,0.05994,0.18649
Time,s,28,0.17929,0.1714,0.06596,0.18513
Time,s,28,0.17909,0.16916,0.06012,0.18588
Time,s,28,0.17785,0.16776,0.06646,0.18088
Time,s,28,0.17736,0.17268,0.065,0.18907
Time,s,28,0.18309,0.17533,0.06543,0.19201
Time,s,28,0.17562,0.17556,0.06956,0.19281
Time,s,28,0.1735,0.1727,0.06247,0.19017
Time,s,28,0.17957,0.17603,0.0714,0.18309
Time,s,28,0.1772,0.17281,0.06451,0.18015
Time,s,28,0.17437,0.16951,0.06355,0.18026
Time,s,28,0.17665,0.172,0.06685,0.18093
Time,s,28,0.18036,0.17101,0.06038,0.18028
Time,s,28,0.17433,0.17172,0.07051,0.19542
Time,s,28,0.17459,0.17281,0.06129,0.18753
Time,s,28,0.17809,0.16912,0.05947,0.18632
Time,s,28,0.17599,0.16903,0.06433,0.18632
Time,s,28,0.17702,0.17237,0.0596,0.18536
Time,s,28,0.18015,0.1682,0.06667,0.18348
Time,s,28,0.17918,0.16968,0.06603,0.18112
Time,s,28,0.18426,0.1683,0.05901,0.17835
Time,s,28,0.18241,0.16788,0.06257,0.17383
Time,s,28,0.18323,0.17837,0.05985,0.17793
Time,s,28,0.18267,0.17778,0.06512,0.17527
Time,s,28,0.17681,0.17379,0.06081,0.17406
Time,s,28,0.17504,0.17122,0.06106,0.17453
Time,s,28,0.18105,0.17218,0.06285,0.17503
Time,s,28,0.1789,0.17196,0.05913,0.17634
Time,s,28,0.18081,0.16792,0.05806,0.17916
Time,s,28,0.1794,0.17118,0.05893,0.17523
Time,s,28,0.17719,0.17101,0.05977,0.17471
Time,s,28,0.17467,0.17365,0.06778,0.18156
Time,s,28,0.17615,0.17151,0.05903,0.18134
Time,s,28,0.1761,0.17242,0.05927,0.17412
Time,s,28,0.17578,0.16875,0.05924,0.17992
Time,s,28,0.17457,0.16779,0.05918,0.17937
Time,s,28,0.17414,0.16666,0.06165,0.17794
Time,s,28,0.1742,0.1682,0.05988,0.18202
Time,s,28,0.17466,0.17946,0.06486,0.17552
Time,s,28,0.17548,0.17395,0.05944,0.17991
Time,s,28,0.17409,0.16815,0.05907,0.18105
Time,s,28,0.17471,0.17541,0.06107,0.18168
Time,s,28,0.1845,0.17693,0.06087,0.17661
Time,s,28,0.18295,0.16861,0.06054,0.17938
Time,s,28,0.18397,0.17081,0.05876,0.17484
Time,s,28,0.18081,0.17089,0.06044,0.17383
Time,s,28,0.18552,0.17166,0.06195,0.17427
Time,s,28,0.17715,0.16792,0.05991,0.17468
Time,s,28,0.18239,0.16733,0.06281,0.17532
Time,s,28,0.17627,0.16916,0.0596,0.17677
Time,s,29,0.18218,0.16738,0.06517,0.17636
Time,s,29,0.17641,0.17139,0.06209,0.17551
Time,s,29,0.17948,0.16806,0.05996,0.17523
Time,s,29,0.18016,0.16779,0.06085,0.17548
Time,s,29,0.18027,0.16822,0.05863,0.17352
Time,s,29,0.17817,0.169,0.06325,0.17872
Time,s,29,0.17781,0.16753,0.05887,0.17396
Time,s,29,0.1777,0.16757,0.06783,0.17612
Time,s,29,0.1786,0.16773,0.06093,0.1742
Time,s,29,0.17697,0.16867,0.05855,0.17648
Time,s,29,0.17778,0.17997,0.06271,0.17421
Time,s,29,0.17974,0.1794,0.05814,0.17354
Time,s,29,0.17909,0.17523,0.06321,0.17414
Time,s,29,0.18483,0.17355,0.05888,0.18212
Time,s,29,0.18387,0.17306,0.06337,0.18088
Time,s,29,0.18449,0.17079,0.05833,0.17618
Time,s,29,0.1853,0.17114,0.06455,0.17955
Time,s,29,0.18406,0.17152,0.06028,0.1802
Time,s,29,0.1773,0.1685,0.05937,0.18262
Time,s,29,0.18526,0.17124,0.0631,0.1775
Time,s,29,0.18384,0.1718,0.0586,0.175
Time,s,29,0.18076,0.16816,0.06377,0.17567
Time,s,29,0.17816,0.16959,0.05917,0.17638
Time,s,29,0.17845,0.16749,0.05963,0.1799
Time,s,29,0.18061,0.16818,0.06045,0.17616
Time,s,29,0.17846,0.16855,0.05899,0.17578
Time,s,29,0.17839,0.16782,0.06131,0.17498
Time,s,29,0.17609,0.16771,0.0622,0.17853
Time,s,29,0.17942,0.17098,0.06301,0.18045
Time,s,29,0.17949,0.18135,0.05939,0.17502
Time,s,29,0.17764,0.16771,0.06564,0.17468
Time,s,29,0.17783,0.17204,0.05977,0.17601
Time,s,29,0.17699,0.175,0.05871,0.18325
Time,s,29,0.17707,0.17284,0.06103,0.18383
Time,s,29,0.17885,0.17558,0.06405,0.18575
Time,s,29,0.18365,0.17194,0.0621,0.175
Time,s,29,0.18344,0.1759,0.05924,0.17824
Time,s,29,0.17978,0.1718,0.06341,0.1781
Time,s,29,0.18093,0.17137,0.06279,0.18047
Time,s,29,0.18007,0.17475,0.05863,0.18047
Time,s,29,0.17473,0.17211,0.06107,0.18315
Time,s,29,0.17338,0.16904,0.05927,0.18081
Time,s,29,0.17712,0.16884,0.06249,0.17955
Time,s,29,0.17801,0.16872,0.05921,0.17704
Time,s,29,0.17755,0.16773,0.06344,0.18075
Time,s,29,0.17565,0.16958,0.06134,0.18198
Time,s,29,0.17749,0.1736,0.05861,0.17542
Time,s,29,0.18069,0.17413,0.05807,0.17508
Time,s,29,0.17886,0.18169,0.05831,0.17547
Time,s,29,0.17972,0.17734,0.06134,0.17544
Time,s,29,0.17452,0.17369,0.05827,0.17671
Time,s,29,0.17403,0.1832,0.05935,0.17693
Time,s,29,0.17569,0.18313,0.05977,0.17606
Time,s,29,0.17246,0.18146,0.06469,0.17587
Time,s,29,0.17453,0.17356,0.05859,0.17725
Time,s,29,0.17356,0.17808,0.06077,0.17597
Time,s,29,0.1857,0.1812,0.06269,0.17464
Time,s,29,0.18344,0.18084,0.05867,0.17656
Time,s,29,0.18188,0.17409,0.06333,0.18023
Time,s,29,0.18114,0.17514,0.06111,0.18248
Time,s,29,0.18147,0.17737,0.06817,0.17938
Time,s,29,0.17551,0.17433,0.05945,0.17766
Time,s,29,0.17399,0.17334,0.05942,0.17943
Time,s,29,0.17845,0.1745,0.0594,0.18319
Time,s,29,0.17826,0.17381,0.05777,0.17821
Time,s,29,0.17723,0.17516,0.06316,0.17758
Time,s,29,0.18088,0.17531,0.05862,0.17854
Time,s,29,0.17509,0.17843,0.06449,0.18348
Time,s,29,0.17439,0.17491,0.06053,0.17837
Time,s,29,0.17415,0.1738,0.05818,0.18316
Time,s,29,0.18182,0.17604,0.06025,0.17966
Time,s,29,0.17392,0.17367,0.05823,0.18069
Time,s,29,0.1743,0.1755,0.06271,0.17851
Time,s,29,0.17442,0.18168,0.05912,0.17463
Time,s,29,0.18352,0.18548,0.05883,0.17919
Time,s,29,0.17443,0.1828,0.05908,0.17687
Time,s,29,0.17444,0.1861,0.05778,0.18345
Time,s,29,0.17468,0.18004,0.05966,0.18123
Time,s,29,0.18064,0.17452,0.05773,0.17852
Time,s,29,0.18721,0.17392,0.06169,0.17991
Time,s,29,0.18084,0.179,0.05849,0.17971
Time,s,29,0.17993,0.1789,0.06364,0.18322
Time,s,29,0.18116,0.18047,0.06158,0.17932
Time,s,29,0.18103,0.17759,0.06509,0.18548
Time,s,29,0.18118,0.17812,0.0582,0.17917
Time,s,29,0.18416,0.17914,0.05859,0.17933
Time,s,29,0.17469,0.17893,0.06351,0.17981
Time,s,29,0.17398,0.17033,0.06093,0.18249
Time,s,29,0.17457,0.16737,0.05812,0.18168
Time,s,29,0.17404,0.16855,0.0578,0.1819
Time,s,29,0.17622,0.17292,0.06412,0.18151
Time,s,29,0.17422,0.17452,0.05917,0.17828
Time,s,29,0.17626,0.16847,0.06038,0.18529
Time,s,29,0.17285,0.16973,0.06059,0.18285
Time,s,29,0.17366,0.16852,0.05818,0.1879
Time,s,29,0.17415,0.17438,0.0578,0.18488
Time,s,29,0.17334,0.171,0.05746,0.18618
Time,s,29,0.17332,0.17205,0.06459,0.18619
Time,s,29,0.17415,0.1758,0.05918,0.1855
Time,s,29,0.17306,0.17137,0.05872,0.18765
Time,s,30,0.17243,0.16997,0.05901,0.18412
Time,s,30,0.17519,0.17021,0.05956,0.18557
Time,s,30,0.17628,0.17792,0.06356,0.17917
Time,s,30,0.17907,0.1709,0.05959,0.18617
Time,s,30,0.17257,0.17419,0.05853,0.17957
Time,s,30,0.17339,0.17056,0.06231,0.18346
Time,s,30,0.17293,0.17169,0.05845,0.18291
Time,s,30,0.18138,0.17151,0.06483,0.18057
Time,s,30,0.18204,0.17031,0.05845,0.18566
Time,s,30,0.17908,0.17181,0.05841,0.18645
Time,s,30,0.17327,0.17064,0.06198,0.18221
Time,s,30,0.1804,0.17095,0.05866,0.18025
Time,s,30,0.17904,0.17001,0.0648,0.1806
Time,s,30,0.17814,0.16947,0.06321,0.1798
Time,s,30,0.1736,0.18241,0.06894,0.18845
Time,s,30,0.17391,0.17928,0.05974,0.17968
Time,s,30,0.18187,0.16894,0.06041,0.18302
Time,s,30,0.1802,0.18042,0.06338,0.18322
Time,s,30,0.17896,0.17058,0.06204,0.18069
Time,s,30,0.17849,0.18096,0.06568,0.17352
Time,s,30,0.18133,0.17058,0.0617,0.17648
Time,s,30,0.17847,0.17839,0.05877,0.17581
Time,s,30,0.17282,0.17633,0.06351,0.17713
Time,s,30,0.17415,0.17919,0.05886,0.17745
Time,s,30,0.17481,0.17166,0.06469,0.1758
Time,s,30,0.17527,0.17463,0.06018,0.17618
Time,s,30,0.17545,0.17978,0.05924,0.18432
Time,s,30,0.17337,0.17516,0.06239,0.17495
Time,s,30,0.17373,0.17015,0.05916,0.17734
Time,s,30,0.17504,0.1692,0.06421,0.17542
Time,s,30,0.17416,0.17784,0.05964,0.175
Time,s,30,0.17363,0.17528,0.05877,0.1751
Time,s,30,0.17839,0.17649,0.06297,0.17507
Time,s,30,0.17327,0.17215,0.06127,0.17589
Time,s,30,0.17341,0.17425,0.06552,0.18584
Time,s,30,0.17361,0.17396,0.06112,0.18683
Time,s,30,0.17352,0.17337,0.05897,0.18248
Time,s,30,0.17307,0.1758,0.06295,0.17944
Time,s,30,0.17658,0.17154,0.06056,0.18069
Time,s,30,0.17451,0.1732,0.06901,0.18321
Time,s,30,0.17919,0.16877,0.05976,0.17661
Time,s,30,0.18283,0.1684,0.05936,0.18183
Time,s,30,0.17961,0.17036,0.06298,0.17906
Time,s,30,0.18377,0.16864,0.05891,0.18334
Time,s,30,0.17956,0.17037,0.06559,0.18086
Time,s,30,0.18452,0.16918,0.05933,0.17608
Time,s,30,0.18274,0.169,0.05948,0.17775
Time,s,30,0.18758,0.16803,0.06185,0.17512
Time,s,30,0.18121,0.16855,0.06007,0.17467
Time,s,30,0.18008,0.16827,0.06502,0.17946
Time,s,30,0.17971,0.16771,0.06125,0.17556
Time,s,30,0.17891,0.17277,0.06055,0.17995
Time,s,30,0.177,0.16909,0.06127,0.17847
Time,s,30,0.1793,0.16831,0.06218,0.17859
Time,s,30,0.17708,0.17277,0.06344,0.17552
Time,s,30,0.17755,0.1697,0.06228,0.17518
Time,s,30,0.17908,0.16769,0.06633,0.17562
Time,s,30,0.17805,0.17523,0.06136,0.17437
Time,s,30,0.17679,0.1691,0.05864,0.17476
Time,s,30,0.17537,0.17017,0.06282,0.17732
Time,s,30,0.1765,0.17151,0.05966,0.18112
Time,s,30,0.17581,0.17506,0.06603,0.17647
Time,s,30,0.17584,0.16753,0.06154,0.18087
Time,s,30,0.17762,0.16703,0.05899,0.17559
Time,s,30,0.17586,0.16847,0.05926,0.17662
Time,s,30,0.17791,0.16892,0.06388,0.17739
Time,s,30,0.17669,0.16793,0.05893,0.18215
Time,s,30,0.17624,0.16838,0.06157,0.17599
Time,s,30,0.17637,0.1691,0.05965,0.18193
Time,s,30,0.17636,0.16832,0.06282,0.17546
Time,s,30,0.17543,0.17435,0.05961,0.18108
Time,s,30,0.17616,0.17478,0.06444,0.18638
Time,s,30,0.17554,0.17317,0.06051,0.18173
Time,s,30,0.17537,0.17445,0.06012,0.17928
Time,s,30,0.18734,0.17076,0.05894,0.17555
Time,s,30,0.18599,0.17333,0.05887,0.17555
Time,s,30,0.18191,0.17413,0.0645,0.17601
Time,s,30,0.17529,0.16822,0.0601,0.1829
Time,s,30,0.18074,0.1709,0.05939,0.17908
Time,s,30,0.17579,0.17887,0.06225,0.18012
Time,s,30,0.18015,0.17186,0.06075,0.1762
Time,s,30,0.18208,0.17131,0.06726,0.17886
Time,s,30,0.18084,0.16917,0.06275,0.17666
Time,s,30,0.17801,0.17105,0.06083,0.17678
Time,s,30,0.17856,0.1719,0.06226,0.1768
Time,s,30,0.17999,0.1692,0.0605,0.17551
Time,s,30,0.17815,0.1704,0.0654,0.17884
Time,s,30,0.18007,0.16917,0.05898,0.17693
Time,s,30,0.18675,0.172,0.0598,0.17725
Time,s,30,0.18109,0.17191,0.06097,0.17891
Time,s,30,0.18425,0.16895,0.05835,0.17938
Time,s,30,0.18414,0.17734,0.06964,0.1753
Time,s,30,0.18073,0.16966,0.05905,0.17634
Time,s,30,0.17751,0.16871,0.06111,0.17623
Time,s,30,0.17709,0.1683,0.06245,0.1753
Time,s,30,0.17703,0.16773,0.06172,0.17744
Time,s,30,0.17598,0.17355,0.06247,0.18243
Time,s,30,0.17755,0.17759,0.05927,0.18638
Time,s,30,0.17965,0.1743,0.06629,0.18232
Time,s,30,0.17581,0.17312,0.06181,0.18466
Time,s,31,0.17983,0.17453,0.05888,0.1806
Time,s,31,0.17804,0.17432,0.06139,0.17666
Time,s,31,0.17854,0.17662,0.06056,0.17844
Time,s,31,0.17722,0.17306,0.06496,0.1796
Time,s,31,0.18179,0.17281,0.05908,0.1794
Time,s,31,0.18549,0.17176,0.06733,0.17879
Time,s,31,0.18135,0.1684,0.06202,0.17634
Time,s,31,0.18304,0.17419,0.05775,0.1834
Time,s,31,0.17704,0.17218,0.06213,0.18306
Time,s,31,0.17597,0.16896,0.05906,0.17998
Time,s,31,0.17851,0.17184,0.0643,0.17526
Time,s,31,0.18558,0.17306,0.06193,0.17691
Time,s,31,0.18185,0.17017,0.06439,0.17885
Time,s,31,0.18058,0.17022,0.06053,0.177
Time,s,31,0.1813,0.17134,0.05798,0.18066
Time,s,31,0.18177,0.16874,0.0625,0.17575
Time,s,31,0.18238,0.1847,0.05959,0.1755
Time,s,31,0.18165,0.17487,0.06934,0.17795
Time,s,31,0.18065,0.17554,0.0589,0.1767
Time,s,31,0.18252,0.17317,0.06563,0.17588
Time,s,31,0.17917,0.17382,0.06233,0.17624
Time,s,31,0.17854,0.17061,0.05974,0.17483
Time,s,31,0.18004,0.16982,0.05993,0.17539
Time,s,31,0.17738,0.1715,0.05841,0.17512
Time,s,31,0.17822,0.17357,0.06157,0.17551
Time,s,31,0.17993,0.17471,0.05916,0.1758
Time,s,31,0.17739,0.17582,0.06322,0.17772
Time,s,31,0.17713,0.17283,0.0588,0.17381
Time,s,31,0.17681,0.17228,0.06598,0.17603
Time,s,31,0.17761,0.16881,0.06073,0.1745
Time,s,31,0.17579,0.16911,0.05894,0.17522
Time,s,31,0.17412,0.17089,0.06148,0.17803
Time,s,31,0.17311,0.17613,0.05792,0.17604
Time,s,31,0.17414,0.17138,0.06277,0.18643
Time,s,31,0.17493,0.16917,0.05877,0.18126
Time,s,31,0.17421,0.17397,0.06439,0.18265
Time,s,31,0.17425,0.16916,0.05961,0.17379
Time,s,31,0.17374,0.17734,0.05982,0.18186
Time,s,31,0.17558,0.17556,0.061,0.18369
Time,s,31,0.1735,0.17438,0.05825,0.1824
Time,s,31,0.17277,0.17473,0.06349,0.18177
Time,s,31,0.18181,0.17631,0.05764,0.17454
Time,s,31,0.18173,0.17508,0.06539,0.17553
Time,s,31,0.17343,0.17716,0.0631,0.17914
Time,s,31,0.1792,0.17692,0.06305,0.18377
Time,s,31,0.17522,0.17211,0.06054,0.17489
Time,s,31,0.17968,0.17338,0.06018,0.1779
Time,s,31,0.17852,0.17199,0.06012,0.17766
Time,s,31,0.17402,0.18359,0.06098,0.18607
Time,s,31,0.17494,0.18461,0.06566,0.17475
Time,s,31,0.17569,0.1834,0.06108,0.17539
Time,s,31,0.17598,0.1929,0.06714,0.18177
Time,s,31,0.17599,0.18185,0.06039,0.1748
Time,s,31,0.17949,0.1925,0.05993,0.17707
Time,s,31,0.17783,0.17664,0.06484,0.17657
Time,s,31,0.1788,0.17883,0.06125,0.17652
Time,s,31,0.17759,0.17782,0.06713,0.17915
Time,s,31,0.17574,0.17981,0.06106,0.17744
Time,s,31,0.17651,0.18749,0.06722,0.17498
Time,s,31,0.17807,0.17582,0.06285,0.17618
Time,s,31,0.17698,0.17731,0.05988,0.17592
Time,s,31,0.17509,0.17741,0.06456,0.17684
Time,s,31,0.17314,0.17676,0.06064,0.17923
Time,s,31,0.17898,0.19048,0.06472,0.17581
Time,s,31,0.17366,0.18884,0.06169,0.17571
Time,s,31,0.17811,0.17896,0.06605,0.17411
Time,s,31,0.17433,0.17826,0.06401,0.17431
Time,s,31,0.17973,0.17717,0.06154,0.17766
Time,s,31,0.18096,0.1777,0.06307,0.18087
Time,s,31,0.17981,0.1762,0.0621,0.18316
Time,s,31,0.18101,0.1742,0.06907,0.19045
Time,s,31,0.17895,0.17881,0.06093,0.19121
Time,s,31,0.17356,0.17324,0.06617,0.187
Time,s,31,0.17826,0.17212,0.06079,0.18781
Time,s,31,0.18052,0.17344,0.06114,0.19018
Time,s,31,0.17864,0.17408,0.05945,0.17914
Time,s,31,0.17867,0.17547,0.06061,0.17909
Time,s,31,0.18062,0.18574,0.06324,0.1797
Time,s,31,0.17435,0.17248,0.06834,0.18571
Time,s,31,0.17593,0.17386,0.0602,0.1814
Time,s,31,0.1742,0.17197,0.06082,0.18998
Time,s,31,0.17382,0.17651,0.0615,0.18198
Time,s,31,0.17312,0.18122,0.06174,0.18351
Time,s,31,0.17763,0.17527,0.06126,0.18178
Time,s,31,0.17336,0.17462,0.0636,0.18229
Time,s,31,0.18082,0.17412,0.06023,0.1827
Time,s,31,0.17836,0.17387,0.06463,0.18069
Time,s,31,0.17707,0.1722,0.05981,0.18326
Time,s,31,0.17304,0.17253,0.06727,0.18092
Time,s,31,0.17522,0.17052,0.06127,0.18227
Time,s,31,0.17673,0.17591,0.06171,0.18212
Time,s,31,0.17701,0.16865,0.06383,0.18104
Time,s,31,0.17501,0.16884,0.06201,0.18287
Time,s,31,0.17775,0.16947,0.06491,0.18234
Time,s,31,0.17277,0.17095,0.06048,0.18051
Time,s,31,0.17521,0.16983,0.06667,0.18142
Time,s,31,0.17817,0.17327,0.06764,0.1808
Time,s,31,0.17264,0.16892,0.06341,0.19063
Time,s,31,0.17419,0.16899,0.06362,0.18696
Time,s,31,0.17379,0.1713,0.06088,0.18919
Time,s,32,0.17308,0.17973,0.06525,0.18639
Time,s,32,0.1762,0.17023,0.0616,0.18031
Time,s,32,0.18285,0.17451,0.06819,0.18524
Time,s,32,0.18421,0.17695,0.06189,0.18577
Time,s,32,0.17334,0.17403,0.06171,0.18633
Time,s,32,0.17714,0.17319,0.06423,0.18505
Time,s,32,0.18031,0.18265,0.06136,0.1855
Time,s,32,0.18008,0.17084,0.06274,0.18651
Time,s,32,0.17622,0.16906,0.0621,0.18766
Time,s,32,0.17284,0.17407,0.06801,0.18627
Time,s,32,0.17948,0.16857,0.06285,0.18555
Time,s,32,0.17504,0.16899,0.06137,0.17723
Time,s,32,0.17315,0.16876,0.06514,0.17612
Time,s,32,0.17862,0.1711,0.06515,0.17562
Time,s,32,0.17334,0.16767,0.06671,0.17652
Time,s,32,0.17325,0.16986,0.06277,0.18177
Time,s,32,0.17429,0.17437,0.0612,0.17983
Time,s,32,0.17332,0.16924,0.06349,0.17586
Time,s,32,0.1726,0.17635,0.06148,0.17621
Time,s,32,0.17678,0.16994,0.06639,0.17616
Time,s,32,0.1803,0.17028,0.06579,0.17484
Time,s,32,0.18527,0.17034,0.06159,0.17727
Time,s,32,0.18278,0.16886,0.06444,0.17668
Time,s,32,0.1787,0.17047,0.06571,0.17803
Time,s,32,0.17896,0.16772,0.06324,0.17991
Time,s,32,0.18329,0.16788,0.06133,0.18013
Time,s,32,0.17899,0.17217,0.06672,0.17602
Time,s,32,0.18036,0.17098,0.06402,0.17497
Time,s,32,0.17596,0.17134,0.06117,0.17528
Time,s,32,0.17313,0.17553,0.06407,0.18694
Time,s,32,0.17819,0.17284,0.0645,0.18357
Time,s,32,0.18145,0.17292,0.06081,0.18123
Time,s,32,0.18793,0.17532,0.06107,0.17514
Time,s,32,0.1804,0.16875,0.0674,0.1818
Time,s,32,0.18079,0.17344,0.0617,0.18688
Time,s,32,0.17957,0.17238,0.0609,0.1829
Time,s,32,0.18451,0.1714,0.06448,0.1805
Time,s,32,0.1891,0.17288,0.06142,0.17829
Time,s,32,0.18805,0.17033,0.06633,0.17709
Time,s,32,0.1836,0.1685,0.0626,0.17691
Time,s,32,0.18723,0.17305,0.06866,0.1774
Time,s,32,0.18821,0.16807,0.0631,0.17652
Time,s,32,0.1848,0.16871,0.0629,0.17517
Time,s,32,0.18742,0.16813,0.06566,0.17763
Time,s,32,0.18023,0.17075,0.06237,0.17743
Time,s,32,0.18324,0.17629,0.06634,0.17633
Time,s,32,0.18394,0.17014,0.06238,0.17557
Time,s,32,0.1811,0.17505,0.06034,0.1758
Time,s,32,0.1812,0.17168,0.06698,0.17698
Time,s,32,0.17956,0.17104,0.06443,0.17547
Time,s,32,0.17967,0.17123,0.06712,0.17545
Time,s,32,0.17981,0.17247,0.06027,0.1777
Time,s,32,0.18145,0.16992,0.06731,0.17572
Time,s,32,0.17992,0.17207,0.06249,0.17903
Time,s,32,0.17926,0.17055,0.06017,0.18094
Time,s,32,0.19046,0.16784,0.06269,0.17463
Time,s,32,0.18129,0.17455,0.05875,0.1755
Time,s,32,0.18507,0.1815,0.06474,0.17485
Time,s,32,0.18943,0.177,0.05953,0.17427
Time,s,32,0.18296,0.17544,0.05995,0.176
Time,s,32,0.18339,0.1731,0.06178,0.18199
Time,s,32,0.18552,0.17255,0.05869,0.17976
Time,s,32,0.18411,0.17152,0.05939,0.18536
Time,s,32,0.18823,0.1748,0.05796,0.18214
Time,s,32,0.18574,0.17451,0.06447,0.18202
Time,s,32,0.18708,0.1734,0.06036,0.1764
Time,s,32,0.18042,0.16869,0.05866,0.17999
Time,s,32,0.17943,0.16991,0.06204,0.17431
Time,s,32,0.17358,0.17002,0.05878,0.18222
Time,s,32,0.17387,0.17745,0.06445,0.18185
Time,s,32,0.17515,0.16883,0.05973,0.17787
Time,s,32,0.17274,0.17407,0.05894,0.17923
Time,s,32,0.17426,0.17558,0.05923,0.1758
Time,s,32,0.18107,0.17804,0.05879,0.17933
Time,s,32,0.18187,0.1707,0.06405,0.17648
Time,s,32,0.1818,0.176,0.06452,0.17778
Time,s,32,0.17762,0.17207,0.06077,0.17836
Time,s,32,0.17446,0.17148,0.06015,0.17769
Time,s,32,0.18037,0.16877,0.05968,0.17613
Time,s,32,0.17656,0.17042,0.06363,0.17871
Time,s,32,0.17898,0.16996,0.05908,0.17813
Time,s,32,0.18131,0.17391,0.06526,0.17798
Time,s,32,0.17937,0.16998,0.05949,0.17521
Time,s,32,0.17551,0.17122,0.05882,0.17607
Time,s,32,0.17345,0.17802,0.06269,0.17609
Time,s,32,0.17441,0.17614,0.0594,0.17503
Time,s,32,0.17508,0.17103,0.06372,0.17594
Time,s,32,0.17385,0.17272,0.05899,0.1758
Time,s,32,0.17482,0.17649,0.06506,0.17678
Time,s,32,0.17384,0.17809,0.05903,0.17777
Time,s,32,0.17341,0.17095,0.05902,0.17951
Time,s,32,0.17794,0.16926,0.06203,0.17991
Time,s,32,0.18083,0.16898,0.0592,0.17518
Time,s,32,0.17843,0.17281,0.06505,0.18052
Time,s,32,0.17396,0.17077,0.06152,0.17714
Time,s,32,0.17616,0.16823,0.05861,0.17693
Time,s,32,0.17737,0.16806,0.06165,0.1771
Time,s,32,0.17825,0.169,0.06078,0.17466
Time,s,32,0.1745,0.17101,0.06253,0.18095
Time,s,32,0.17448,0.17703,0.05886,0.17563
Time,s,33,0.17407,0.17845,0.06008,0.17401
Time,s,33,0.17565,0.17064,0.06345,0.17621
Time,s,33,0.17408,0.18049,0.0608,0.17552
Time,s,33,0.17533,0.17029,0.06187,0.17417
Time,s,33,0.17446,0.17388,0.05944,0.17526
Time,s,33,0.17344,0.17372,0.0644,0.1768
Time,s,33,0.17377,0.17329,0.06025,0.17452
Time,s,33,0.18053,0.16996,0.06666,0.20928
Time,s,33,0.181,0.17386,0.06021,0.23389
Time,s,33,0.1818,0.1694,0.05938,0.20022
Time,s,33,0.17631,0.17027,0.06413,0.21186
Time,s,33,0.17997,0.17019,0.0616,0.20323
Time,s,33,0.17342,0.17293,0.06531,0.20201
Time,s,33,0.174,0.16891,0.06497,0.17756
Time,s,33,0.17496,0.16961,0.06013,0.17671
Time,s,33,0.1796,0.17044,0.05896,0.17929
Time,s,33,0.17891,0.17675,0.05839,0.17692
Time,s,33,0.17722,0.1775,0.06267,0.17615
Time,s,33,0.17564,0.17092,0.05927,0.17662
Time,s,33,0.1774,0.17564,0.05946,0.17583
Time,s,33,0.17304,0.17571,0.06072,0.17649
Time,s,33,0.17404,0.17999,0.05941,0.17561
Time,s,33,0.17269,0.1745,0.06306,0.18419
Time,s,33,0.17326,0.17274,0.05924,0.18234
Time,s,33,0.17309,0.16925,0.0661,0.1862
Time,s,33,0.17461,0.17216,0.05945,0.176
Time,s,33,0.17958,0.16961,0.06631,0.1787
Time,s,33,0.1785,0.16901,0.06422,0.1751
Time,s,33,0.18088,0.17231,0.063,0.18192
Time,s,33,0.17667,0.1706,0.064,0.18207
Time,s,33,0.18058,0.17027,0.05932,0.17702
Time,s,33,0.17504,0.17315,0.05941,0.18088
Time,s,33,0.17796,0.1702,0.06131,0.1784
Time,s,33,0.17481,0.17813,0.05982,0.18544
Time,s,33,0.17497,0.17489,0.06227,0.18034
Time,s,33,0.17399,0.1794,0.05984,0.17626
Time,s,33,0.18024,0.17871,0.06675,0.18037
Time,s,33,0.17677,0.17451,0.06273,0.17628
Time,s,33,0.17324,0.17326,0.06724,0.18187
Time,s,33,0.17753,0.17409,0.06051,0.17566
Time,s,33,0.17429,0.17472,0.06153,0.17964
Time,s,33,0.17524,0.17697,0.06575,0.1769
Time,s,33,0.1817,0.17221,0.05925,0.17994
Time,s,33,0.1831,0.17298,0.0598,0.17898
Time,s,33,0.17929,0.17263,0.06005,0.19139
Time,s,33,0.18389,0.17315,0.06649,0.19459
Time,s,33,0.1828,0.17105,0.06305,0.19527
Time,s,33,0.17605,0.17276,0.05969,0.18
Time,s,33,0.17856,0.17254,0.05996,0.18229
Time,s,33,0.17738,0.17374,0.06125,0.1818
Time,s,33,0.17621,0.1754,0.05961,0.17574
Time,s,33,0.17319,0.17159,0.05983,0.18993
Time,s,33,0.17335,0.17258,0.05978,0.17915
Time,s,33,0.17293,0.17629,0.06398,0.18226
Time,s,33,0.17317,0.17199,0.0634,0.17554
Time,s,33,0.17677,0.17669,0.06144,0.17518
Time,s,33,0.17493,0.17688,0.06299,0.17611
Time,s,33,0.1733,0.17171,0.06498,0.18149
Time,s,33,0.17339,0.17611,0.0631,0.18847
Time,s,33,0.17241,0.17892,0.05889,0.18808
Time,s,33,0.17439,0.1767,0.06272,0.18658
Time,s,33,0.18163,0.17427,0.06007,0.18118
Time,s,33,0.18114,0.17361,0.06287,0.18148
Time,s,33,0.17381,0.17146,0.06035,0.18214
Time,s,33,0.17982,0.17746,0.0659,0.1814
Time,s,33,0.17428,0.17446,0.06206,0.18182
Time,s,33,0.17544,0.17291,0.05995,0.18191
Time,s,33,0.17471,0.17191,0.06648,0.1823
Time,s,33,0.17773,0.18123,0.06038,0.17941
Time,s,33,0.17447,0.17851,0.06422,0.18342
Time,s,33,0.17345,0.18411,0.06049,0.1794
Time,s,33,0.17392,0.17692,0.05984,0.1795
Time,s,33,0.17403,0.1781,0.05988,0.18064
Time,s,33,0.17616,0.17519,0.05959,0.18199
Time,s,33,0.17438,0.1785,0.06356,0.1792
Time,s,33,0.1733,0.17845,0.06065,0.17887
Time,s,33,0.17195,0.17322,0.06615,0.18163
Time,s,33,0.18006,0.17584,0.06057,0.17882
Time,s,33,0.18018,0.17309,0.05914,0.18196
Time,s,33,0.18135,0.173,0.06461,0.18
Time,s,33,0.17592,0.17202,0.0655,0.18032
Time,s,33,0.18448,0.18073,0.06038,0.17931
Time,s,33,0.17546,0.17147,0.0589,0.18065
Time,s,33,0.17915,0.18148,0.06586,0.17904
Time,s,33,0.17879,0.1813,0.06339,0.18043
Time,s,33,0.17878,0.17708,0.05938,0.1794
Time,s,33,0.1767,0.17757,0.05904,0.1805
Time,s,33,0.17517,0.17489,0.06001,0.17924
Time,s,33,0.1744,0.16854,0.06683,0.18258
Time,s,33,0.17424,0.16941,0.06033,0.18883
Time,s,33,0.17391,0.16853,0.06654,0.18457
Time,s,33,0.17712,0.17305,0.05952,0.18769
Time,s,33,0.17464,0.17116,0.05978,0.18613
Time,s,33,0.1749,0.17347,0.0628,0.18587
Time,s,33,0.18442,0.16866,0.06087,0.18703
Time,s,33,0.18061,0.16923,0.06569,0.18807
Time,s,33,0.18021,0.17316,0.06075,0.18854
Time,s,33,0.18024,0.17002,0.05971,0.18614
Time,s,33,0.17848,0.16907,0.06336,0.18458
Time,s,33,0.17428,0.17331,0.05889,0.18189
Time,s,34,0.17645,0.17771,0.06415,0.18202
Time,s,34,0.17832,0.17946,0.05828,0.17753
Time,s,34,0.17847,0.17701,0.06571,0.18086
Time,s,34,0.17471,0.17847,0.06094,0.1799
Time,s,34,0.17547,0.17447,0.05943,0.17927
Time,s,34,0.1765,0.17678,0.0647,0.18671
Time,s,34,0.17356,0.1724,0.06218,0.17552
Time,s,34,0.17516,0.17323,0.06337,0.18087
Time,s,34,0.17481,0.16939,0.05829,0.17997
Time,s,34,0.18036,0.16972,0.05863,0.18114
Time,s,34,0.1743,0.16891,0.06077,0.17739
Time,s,34,0.17455,0.16953,0.05889,0.17772
Time,s,34,0.17911,0.16966,0.06335,0.1767
Time,s,34,0.17842,0.1702,0.05944,0.17525
Time,s,34,0.17809,0.17068,0.06495,0.17702
Time,s,34,0.18145,0.18011,0.06005,0.17465
Time,s,34,0.17728,0.17587,0.06007,0.17595
Time,s,34,0.17635,0.16915,0.06185,0.17713
Time,s,34,0.17853,0.17271,0.05911,0.17584
Time,s,34,0.17691,0.16864,0.06402,0.17844
Time,s,34,0.17871,0.17352,0.06197,0.17458
Time,s,34,0.17496,0.17201,0.06559,0.17557
Time,s,34,0.17526,0.17424,0.06127,0.17635
Time,s,34,0.17693,0.1733,0.06145,0.17552
Time,s,34,0.17728,0.17733,0.06253,0.17694
Time,s,34,0.17667,0.1779,0.05813,0.17533
Time,s,34,0.17763,0.1733,0.05936,0.17444
Time,s,34,0.17846,0.16816,0.05961,0.17509
Time,s,34,0.17807,0.17258,0.05842,0.1843
Time,s,34,0.18171,0.17603,0.06241,0.18161
Time,s,34,0.18309,0.17019,0.05774,0.17711
Time,s,34,0.17884,0.17008,0.06481,0.18341
Time,s,34,0.18363,0.16754,0.06203,0.17798
Time,s,34,0.18024,0.17966,0.06254,0.18359
Time,s,34,0.18549,0.17554,0.06032,0.17933
Time,s,34,0.17752,0.17493,0.06119,0.18009
Time,s,34,0.17887,0.17556,0.06182,0.18101
Time,s,34,0.17949,0.17712,0.05999,0.18309
Time,s,34,0.17806,0.17082,0.06558,0.17888
Time,s,34,0.17732,0.17096,0.05883,0.17929
Time,s,34,0.17671,0.17347,0.05874,0.17604
Time,s,34,0.17879,0.17405,0.06094,0.1804
Time,s,34,0.1769,0.17192,0.05938,0.17775
Time,s,34,0.18739,0.17386,0.06337,0.18097
Time,s,34,0.18525,0.17229,0.05855,0.17848
Time,s,34,0.18374,0.16959,0.06663,0.17753
Time,s,34,0.18549,0.16877,0.06111,0.1806
Time,s,34,0.1767,0.17168,0.05809,0.17495
Time,s,34,0.18275,0.16991,0.06311,0.17761
Time,s,34,0.17839,0.16847,0.05827,0.17693
Time,s,34,0.17999,0.17047,0.0649,0.17862
Time,s,34,0.17798,0.17251,0.06078,0.17664
Time,s,34,0.17872,0.17225,0.0591,0.17582
Time,s,34,0.17977,0.1733,0.06281,0.17512
Time,s,34,0.17692,0.17573,0.05968,0.17553
Time,s,34,0.17894,0.17565,0.05929,0.17622
Time,s,34,0.18315,0.16953,0.05916,0.17509
Time,s,34,0.17601,0.16865,0.06754,0.17525
Time,s,34,0.17651,0.17207,0.0594,0.17595
Time,s,34,0.18349,0.1733,0.06212,0.17458
Time,s,34,0.18036,0.17397,0.0583,0.18408
Time,s,34,0.18512,0.17451,0.05838,0.18406
Time,s,34,0.18023,0.16823,0.05901,0.18159
Time,s,34,0.18234,0.16937,0.05853,0.1779
Time,s,34,0.18041,0.16912,0.05931,0.18186
Time,s,34,0.18039,0.17017,0.06037,0.18243
Time,s,34,0.18105,0.17066,0.06239,0.18198
Time,s,34,0.17969,0.16969,0.06226,0.18004
Time,s,34,0.17543,0.16815,0.05984,0.17813
Time,s,34,0.17851,0.16795,0.05873,0.18169
Time,s,34,0.17869,0.16982,0.05986,0.18065
Time,s,34,0.1774,0.17214,0.05959,0.17852
Time,s,34,0.17442,0.17705,0.06181,0.17463
Time,s,34,0.17647,0.17662,0.05832,0.17718
Time,s,34,0.17456,0.17518,0.06406,0.17539
Time,s,34,0.17393,0.1737,0.05831,0.17959
Time,s,34,0.17466,0.17379,0.06432,0.17799
Time,s,34,0.17458,0.17519,0.06021,0.1754
Time,s,34,0.17402,0.17596,0.05856,0.17636
Time,s,34,0.17453,0.16995,0.06244,0.175
Time,s,34,0.17398,0.17627,0.05851,0.17463
Time,s,34,0.18038,0.1734,0.06449,0.17621
Time,s,34,0.1821,0.17383,0.05873,0.17465
Time,s,34,0.18074,0.17222,0.05827,0.1751
Time,s,34,0.18085,0.17686,0.06203,0.17447
Time,s,34,0.18217,0.1735,0.06088,0.17815
Time,s,34,0.18195,0.17772,0.06668,0.17401
Time,s,34,0.17957,0.17108,0.06112,0.17705
Time,s,34,0.17694,0.17143,0.06537,0.17377
Time,s,34,0.17749,0.18136,0.06012,0.17462
Time,s,34,0.17742,0.16934,0.06064,0.17548
Time,s,34,0.17934,0.1771,0.06271,0.17523
Time,s,34,0.1742,0.17213,0.05923,0.17617
Time,s,34,0.17479,0.1771,0.05965,0.1787
Time,s,34,0.1739,0.17974,0.05902,0.18231
Time,s,34,0.17679,0.17373,0.05822,0.183
Time,s,34,0.17819,0.17085,0.06218,0.18142
Time,s,34,0.1749,0.17509,0.05932,0.17422
Time,s,34,0.18215,0.17244,0.05872,0.1746
Time,s,34,0.18014,0.17401,0.05916,0.17911
Time,s,35,0.18184,0.17036,0.06466,0.1806
Time,s,35,0.17801,0.16953,0.05915,0.17652
Time,s,35,0.17975,0.17418,0.05877,0.18065
Time,s,35,0.17681,0.16893,0.06266,0.17929
Time,s,35,0.17826,0.16861,0.06001,0.1839
Time,s,35,0.17479,0.16923,0.0639,0.18377
Time,s,35,0.17637,0.16853,0.06483,0.18535
Time,s,35,0.17455,0.16845,0.06466,0.18968
Time,s,35,0.17435,0.17337,0.06065,0.18214
Time,s,35,0.17621,0.16842,0.05859,0.18297
Time,s,35,0.1743,0.17619,0.06289,0.1803
Time,s,35,0.175,0.17746,0.05962,0.18045
Time,s,35,0.17385,0.17755,0.06744,0.18151
Time,s,35,0.17477,0.17505,0.05945,0.18279
Time,s,35,0.17415,0.17375,0.06691,0.18287
Time,s,35,0.18093,0.17498,0.06303,0.18025
Time,s,35,0.1744,0.17232,0.05912,0.18005
Time,s,35,0.17562,0.17159,0.05925,0.18187
Time,s,35,0.17836,0.17035,0.05901,0.18001
Time,s,35,0.17818,0.16813,0.06413,0.18132
Time,s,35,0.17863,0.16874,0.05922,0.1817
Time,s,35,0.17725,0.16959,0.06689,0.1811
Time,s,35,0.18268,0.17202,0.05996,0.18601
Time,s,35,0.17817,0.16918,0.05916,0.1996
Time,s,35,0.17443,0.16843,0.0585,0.18709
Time,s,35,0.17494,0.20973,0.06034,0.18165
Time,s,35,0.17366,0.23565,0.06301,0.18761
Time,s,35,0.17653,0.20043,0.05889,0.18658
Time,s,35,0.17435,0.20475,0.05907,0.18917
Time,s,35,0.17605,0.19858,0.05873,0.18942
Time,s,35,0.17302,0.19077,0.05854,0.18778
Time,s,35,0.17408,0.1743,0.06275,0.18382
Time,s,35,0.17488,0.17631,0.06312,0.18847
Time,s,35,0.18261,0.16732,0.06414,0.18428
Time,s,35,0.18056,0.1707,0.05943,0.18127
Time,s,35,0.17962,0.17153,0.05922,0.1861
Time,s,35,0.17985,0.16895,0.05928,0.18595
Time,s,35,0.17381,0.16971,0.05996,0.1862
Time,s,35,0.1784,0.17754,0.06873,0.18817
Time,s,35,0.17415,0.17386,0.0591,0.18561
Time,s,35,0.17875,0.17964,0.05991,0.1842
Time,s,35,0.17926,0.16916,0.05993,0.18771
Time,s,35,0.17446,0.17493,0.05931,0.18251
Time,s,35,0.1829,0.17382,0.06239,0.18557
Time,s,35,0.18487,0.17581,0.05905,0.18639
Time,s,35,0.17616,0.17607,0.06426,0.18029
Time,s,35,0.18024,0.17342,0.05955,0.18446
Time,s,35,0.17404,0.17365,0.06542,0.18375
Time,s,35,0.17386,0.17145,0.05978,0.18101
Time,s,35,0.17344,0.1725,0.05932,0.17959
Time,s,35,0.17444,0.1786,0.06309,0.18034
Time,s,35,0.17291,0.17124,0.05861,0.1762
Time,s,35,0.17455,0.1715,0.06378,0.17737
Time,s,35,0.17333,0.17229,0.05958,0.1794
Time,s,35,0.17676,0.17447,0.06609,0.17634
Time,s,35,0.18194,0.17027,0.06159,0.18329
Time,s,35,0.18175,0.17012,0.05992,0.17673
Time,s,35,0.1817,0.17074,0.06165,0.17739
Time,s,35,0.1785,0.17105,0.05805,0.177
Time,s,35,0.18242,0.16952,0.06502,0.17909
Time,s,35,0.18127,0.17014,0.0604,0.1755
Time,s,35,0.18205,0.17837,0.0655,0.17847
Time,s,35,0.17845,0.17205,0.06356,0.17739
Time,s,35,0.17721,0.17881,0.06051,0.17659
Time,s,35,0.17706,0.18052,0.06739,0.17647
Time,s,35,0.18405,0.17083,0.05855,0.18532
Time,s,35,0.17647,0.17201,0.06506,0.18456
Time,s,35,0.17489,0.17662,0.05946,0.18667
Time,s,35,0.17382,0.17304,0.05882,0.18431
Time,s,35,0.17473,0.18293,0.05882,0.18248
Time,s,35,0.1752,0.1863,0.05916,0.1764
Time,s,35,0.17635,0.18406,0.06191,0.18031
Time,s,35,0.1763,0.1789,0.05893,0.18012
Time,s,35,0.17505,0.17392,0.06471,0.18229
Time,s,35,0.17409,0.16917,0.05953,0.17867
Time,s,35,0.17337,0.17365,0.05883,0.18057
Time,s,35,0.17579,0.16935,0.06143,0.17676
Time,s,35,0.1813,0.16932,0.06273,0.17913
Time,s,35,0.18265,0.17186,0.06481,0.17777
Time,s,35,0.17627,0.17032,0.0581,0.17757
Time,s,35,0.17967,0.17035,0.06475,0.17674
Time,s,35,0.18235,0.17037,0.06,0.1769
Time,s,35,0.18643,0.17986,0.06038,0.17705
Time,s,35,0.18536,0.1729,0.06236,0.17614
Time,s,35,0.1809,0.17253,0.05963,0.17761
Time,s,35,0.17554,0.173,0.05861,0.18655
Time,s,35,0.17636,0.17431,0.05823,0.18531
Time,s,35,0.17636,0.17447,0.06525,0.18243
Time,s,35,0.18286,0.17388,0.06075,0.18315
Time,s,35,0.17541,0.17128,0.06088,0.18636
Time,s,35,0.17617,0.16974,0.0662,0.18518
Time,s,35,0.17436,0.17294,0.05922,0.18414
Time,s,35,0.17456,0.17263,0.06378,0.17879
Time,s,35,0.17489,0.16601,0.05957,0.17471
Time,s,35,0.1737,0.16542,0.06664,0.17447
Time,s,35,0.17486,0.16804,0.06237,0.18045
Time,s,35,0.17441,0.16565,0.05976,0.17791
Time,s,35,0.18289,0.16737,0.06333,0.17991
Time,s,35,0.17525,0.16754,0.05906,0.17913
Time,s,35,0.18135,0.16734,0.06452,0.17525
Time,s,36,0.17624,0.16806,0.05936,0.17537
Time,s,36,0.18121,0.17303,0.0596,0.18218
Time,s,36,0.18055,0.16885,0.06275,0.17591
Time,s,36,0.17407,0.16966,0.05909,0.17704
Time,s,36,0.17955,0.16869,0.06392,0.17803
Time,s,36,0.18274,0.17427,0.05866,0.17468
Time,s,36,0.17902,0.17528,0.05888,0.17598
Time,s,36,0.17733,0.16892,0.06146,0.17529
Time,s,36,0.1782,0.17366,0.05968,0.18299
Time,s,36,0.17765,0.1706,0.0632,0.18362
Time,s,36,0.17515,0.17361,0.05893,0.18478
Time,s,36,0.17373,0.17183,0.05834,0.17615
Time,s,36,0.17421,0.17137,0.0621,0.18
Time,s,36,0.17476,0.17462,0.05959,0.1836
Time,s,36,0.17643,0.17001,0.06316,0.17906
Time,s,36,0.17778,0.17259,0.06038,0.17719
Time,s,36,0.1772,0.16778,0.06201,0.17718
Time,s,36,0.17604,0.16791,0.06509,0.17758
Time,s,36,0.17731,0.16807,0.05923,0.17656
Time,s,36,0.18402,0.17014,0.06369,0.17642
Time,s,36,0.18523,0.18053,0.06015,0.17458
Time,s,36,0.17992,0.17592,0.05896,0.17581
Time,s,36,0.18311,0.17325,0.06248,0.1783
Time,s,36,0.1842,0.17436,0.05897,0.17511
Time,s,36,0.18184,0.17456,0.06413,0.17511
Time,s,36,0.17583,0.16865,0.05965,0.18015
Time,s,36,0.17701,0.17758,0.0588,0.1746
Time,s,36,0.18587,0.16924,0.06085,0.17617
Time,s,36,0.1787,0.17046,0.05881,0.17527
Time,s,36,0.18019,0.17191,0.06348,0.17636
Time,s,36,0.17609,0.16974,0.05964,0.17623
Time,s,36,0.17526,0.169,0.05987,0.18695
Time,s,36,0.17668,0.16769,0.06302,0.18772
Time,s,36,0.17671,0.17007,0.05882,0.18527
Time,s,36,0.1768,0.17709,0.06538,0.18519
Time,s,36,0.17518,0.17322,0.05906,0.18388
Time,s,36,0.17837,0.17522,0.06674,0.18446
Time,s,36,0.17585,0.1685,0.06437,0.1842
Time,s,36,0.17579,0.17632,0.0611,0.17782
Time,s,36,0.17581,0.1749,0.06097,0.18827
Time,s,36,0.17609,0.17299,0.06195,0.18068
Time,s,36,0.18285,0.1733,0.0675,0.17903
Time,s,36,0.18096,0.17782,0.06341,0.18213
Time,s,36,0.18472,0.16888,0.06591,0.19092
Time,s,36,0.18064,0.17672,0.06461,0.18535
Time,s,36,0.18247,0.16932,0.05992,0.18367
Time,s,36,0.17598,0.16887,0.06694,0.17844
Time,s,36,0.18179,0.16977,0.06194,0.18113
Time,s,36,0.18048,0.17043,0.06207,0.18394
Time,s,36,0.17932,0.16841,0.06414,0.181
Time,s,36,0.18041,0.1682,0.06005,0.18592
Time,s,36,0.18097,0.17487,0.06013,0.1852
Time,s,36,0.17954,0.16739,0.06247,0.18388
Time,s,36,0.1793,0.16845,0.06017,0.18432
Time,s,36,0.17871,0.17459,0.06029,0.18208
Time,s,36,0.17672,0.17341,0.06365,0.18293
Time,s,36,0.17574,0.17337,0.06788,0.18535
Time,s,36,0.17694,0.17239,0.0623,0.18046
Time,s,36,0.17674,0.17088,0.06209,0.17855
Time,s,36,0.17587,0.16951,0.06027,0.17928
Time,s,36,0.17498,0.17083,0.06199,0.17461
Time,s,36,0.17366,0.16758,0.06814,0.18158
Time,s,36,0.17385,0.16932,0.06168,0.17711
Time,s,36,0.17844,0.16918,0.06111,0.17629
Time,s,36,0.18082,0.16888,0.06098,0.17592
Time,s,36,0.17405,0.16982,0.06266,0.17611
Time,s,36,0.18296,0.16997,0.06756,0.17897
Time,s,36,0.18315,0.17586,0.0631,0.17662
Time,s,36,0.18002,0.16799,0.0629,0.17631
Time,s,36,0.17665,0.17473,0.06758,0.17592
Time,s,36,0.17662,0.17576,0.06073,0.1761
Time,s,36,0.17743,0.17704,0.06718,0.17496
Time,s,36,0.1763,0.17314,0.06318,0.17537
Time,s,36,0.17483,0.17449,0.05988,0.17632
Time,s,36,0.17656,0.18184,0.06553,0.18615
Time,s,36,0.17669,0.17718,0.06073,0.18794
Time,s,36,0.17521,0.17386,0.06738,0.17746
Time,s,36,0.17383,0.16841,0.06392,0.17515
Time,s,36,0.17449,0.17089,0.06022,0.17905
Time,s,36,0.1743,0.16776,0.06404,0.17863
Time,s,36,0.17388,0.16992,0.06032,0.17629
Time,s,36,0.17621,0.17012,0.06129,0.17803
Time,s,36,0.18015,0.1672,0.06326,0.1812
Time,s,36,0.17485,0.16966,0.06037,0.17917
Time,s,36,0.17305,0.16902,0.06451,0.18029
Time,s,36,0.17402,0.17132,0.06045,0.17944
Time,s,36,0.17361,0.16846,0.06606,0.18003
Time,s,36,0.18425,0.1682,0.06034,0.17862
Time,s,36,0.18374,0.16792,0.06,0.1758
Time,s,36,0.1748,0.17371,0.06657,0.17593
Time,s,36,0.18344,0.17853,0.06059,0.17621
Time,s,36,0.17896,0.18021,0.06674,0.17768
Time,s,36,0.17719,0.1747,0.06238,0.17612
Time,s,36,0.17644,0.18051,0.06161,0.18135
Time,s,36,0.17875,0.18349,0.06858,0.19073
Time,s,36,0.17605,0.18171,0.06069,0.18938
Time,s,36,0.17708,0.17727,0.06838,0.19042
Time,s,36,0.17828,0.17509,0.0635,0.18631
Time,s,36,0.17398,0.17685,0.0627,0.18798
Time,s,36,0.17984,0.17574,0.06605,0.19104
Time,s,37,0.17511,0.17615,0.06356,0.18794
Time,s,37,0.17445,0.17718,0.06252,0.18851
Time,s,37,0.18149,0.1749,0.06284,0.1894
Time,s,37,0.17366,0.17584,0.06287,0.1842
Time,s,37,0.17718,0.18301,0.06592,0.18772
Time,s,37,0.17381,0.17851,0.06308,0.18573
Time,s,37,0.17527,0.17572,0.06238,0.18751
Time,s,37,0.17336,0.1745,0.06281,0.18733
Time,s,37,0.17523,0.17623,0.07008,0.18046
Time,s,37,0.18219,0.17412,0.06296,0.18697
Time,s,37,0.17374,0.17498,0.06358,0.18313
Time,s,37,0.18092,0.17282,0.06661,0.1843
Time,s,37,0.17879,0.17401,0.0628,0.18014
Time,s,37,0.17425,0.18355,0.06858,0.18149
Time,s,37,0.1741,0.18294,0.06346,0.18181
Time,s,37,0.17587,0.18233,0.07134,0.18027
Time,s,37,0.17365,0.1806,0.06675,0.18246
Time,s,37,0.17476,0.17895,0.06375,0.18386
Time,s,37,0.17708,0.18121,0.06478,0.1815
Time,s,37,0.17458,0.18237,0.06429,0.18384
Time,s,37,0.17684,0.17844,0.07307,0.18318
Time,s,37,0.17446,0.17945,0.06267,0.18326
Time,s,37,0.17621,0.18102,0.06274,0.18343
Time,s,37,0.17442,0.17648,0.0631,0.18192
Time,s,37,0.17679,0.17727,0.06312,0.18139
Time,s,37,0.17437,0.17847,0.06689,0.1801
Time,s,37,0.17976,0.17453,0.06398,0.18122
Time,s,37,0.1769,0.17489,0.07045,0.18019
Time,s,37,0.174,0.17402,0.06377,0.1914
Time,s,37,0.17374,0.17605,0.06347,0.1855
Time,s,37,0.18421,0.17389,0.06607,0.18468
Time,s,37,0.18459,0.17852,0.06294,0.17959
Time,s,37,0.18022,0.17362,0.06896,0.17404
Time,s,37,0.17843,0.16861,0.06381,0.17651
Time,s,37,0.17835,0.16988,0.06933,0.18031
Time,s,37,0.17979,0.1682,0.06562,0.17301
Time,s,37,0.18088,0.16816,0.06226,0.17475
Time,s,37,0.17325,0.18119,0.06738,0.18216
Time,s,37,0.17427,0.17494,0.06233,0.17942
Time,s,37,0.17855,0.17727,0.06145,0.18008
Time,s,37,0.17614,0.1761,0.06187,0.17885
Time,s,37,0.17625,0.17806,0.06201,0.176
Time,s,37,0.17492,0.17354,0.06486,0.17624
Time,s,37,0.18003,0.17257,0.06374,0.17658
Time,s,37,0.17464,0.16909,0.07222,0.1791
Time,s,37,0.17638,0.16905,0.068,0.17627
Time,s,37,0.17883,0.17047,0.06285,0.17972
Time,s,37,0.17315,0.16821,0.06409,0.17642
Time,s,37,0.17498,0.1707,0.06235,0.17821
Time,s,37,0.17321,0.16819,0.06637,0.17597
Time,s,37,0.17463,0.17127,0.06294,0.17554
Time,s,37,0.17537,0.17231,0.06675,0.17604
Time,s,37,0.17384,0.17539,0.06259,0.17492
Time,s,37,0.17959,0.169,0.0693,0.1755
Time,s,37,0.18429,0.1718,0.06528,0.18342
Time,s,37,0.1814,0.16895,0.06265,0.17718
Time,s,37,0.18029,0.17649,0.06546,0.17581
Time,s,37,0.1803,0.16958,0.06222,0.18051
Time,s,37,0.18163,0.17035,0.06923,0.17619
Time,s,37,0.1794,0.17593,0.06345,0.17582
Time,s,37,0.18113,0.17661,0.06299,0.18304
Time,s,37,0.18117,0.17224,0.06683,0.17495
Time,s,37,0.18557,0.17297,0.06263,0.18024
Time,s,37,0.18242,0.17024,0.06739,0.18221
Time,s,37,0.17979,0.17424,0.06241,0.17774
Time,s,37,0.17668,0.16949,0.06748,0.17903
Time,s,37,0.17854,0.17048,0.06407,0.17848
Time,s,37,0.17615,0.16985,0.06266,0.17596
Time,s,37,0.17864,0.17143,0.06315,0.18004
Time,s,37,0.17705,0.17274,0.06369,0.18408
Time,s,37,0.17657,0.17166,0.07079,0.17993
Time,s,37,0.17867,0.17075,0.0615,0.17903
Time,s,37,0.18684,0.16928,0.06851,0.17665
Time,s,37,0.17616,0.17575,0.06318,0.18233
Time,s,37,0.18359,0.17641,0.0626,0.18198
Time,s,37,0.1841,0.17822,0.06597,0.18124
Time,s,37,0.17554,0.1692,0.06246,0.18029
Time,s,37,0.18127,0.17618,0.06828,0.17527
Time,s,37,0.18415,0.17768,0.06417,0.1766
Time,s,37,0.18324,0.17333,0.06235,0.17576
Time,s,37,0.17596,0.17589,0.06523,0.17545
Time,s,37,0.18738,0.16973,0.06292,0.17638
Time,s,37,0.1798,0.17034,0.06787,0.17741
Time,s,37,0.18039,0.17058,0.06279,0.17569
Time,s,37,0.17765,0.16741,0.0705,0.17785
Time,s,37,0.18042,0.16893,0.06434,0.17577
Time,s,37,0.17906,0.1684,0.0631,0.18145
Time,s,37,0.17838,0.16837,0.06626,0.18291
Time,s,37,0.18217,0.17973,0.06455,0.1766
Time,s,37,0.17655,0.17482,0.0678,0.18313
Time,s,37,0.18032,0.18264,0.06438,0.18106
Time,s,37,0.17723,0.17242,0.06427,0.18361
Time,s,37,0.17636,0.17459,0.06281,0.18175
Time,s,37,0.17569,0.17384,0.0629,0.18372
Time,s,37,0.17635,0.17079,0.06791,0.17925
Time,s,37,0.17526,0.17219,0.06501,0.17751
Time,s,37,0.19253,0.17094,0.07101,0.17866
Time,s,37,0.17716,0.17639,0.06367,0.18137
Time,s,37,0.17609,0.16883,0.06313,0.18048
Time,s,37,0.18131,0.17148,0.06521,0.17862
Time,s,38,0.17558,0.1686,0.06214,0.17948
Time,s,38,0.17588,0.16791,0.06879,0.17653
Time,s,38,0.1767,0.17007,0.06205,0.17969
Time,s,38,0.18151,0.16917,0.06162,0.18226
Time,s,38,0.18127,0.17429,0.06325,0.18379
Time,s,38,0.18442,0.1687,0.06226,0.17591
Time,s,38,0.1782,0.16921,0.06706,0.17766
Time,s,38,0.18277,0.1795,0.0633,0.1767
Time,s,38,0.18463,0.17453,0.06146,0.17648
Time,s,38,0.17635,0.17392,0.0642,0.17712
Time,s,38,0.1767,0.17446,0.06,0.17691
Time,s,38,0.17609,0.1689,0.06579,0.17784
Time,s,38,0.17654,0.17313,0.06038,0.17689
Time,s,38,0.17608,0.17278,0.05979,0.1756
Time,s,38,0.17778,0.16957,0.06357,0.17564
Time,s,38,0.1774,0.16967,0.05992,0.1848
Time,s,38,0.17619,0.18025,0.06552,0.18509
Time,s,38,0.18549,0.16846,0.06267,0.17486
Time,s,38,0.18372,0.16847,0.06134,0.18462
Time,s,38,0.17578,0.16928,0.0647,0.18395
Time,s,38,0.18436,0.16891,0.06269,0.18721
Time,s,38,0.18247,0.16807,0.07174,0.18139
Time,s,38,0.1809,0.17104,0.06249,0.18164
Time,s,38,0.17641,0.17393,0.06109,0.18434
Time,s,38,0.18271,0.16808,0.0637,0.17975
Time,s,38,0.17774,0.17652,0.05975,0.18082
Time,s,38,0.18519,0.17354,0.06688,0.17582
Time,s,38,0.17655,0.17429,0.06147,0.18088
Time,s,38,0.18353,0.1704,0.06225,0.17955
Time,s,38,0.1778,0.16785,0.06479,0.18328
Time,s,38,0.178,0.17075,0.06048,0.17867
Time,s,38,0.17689,0.17198,0.06587,0.17953
Time,s,38,0.17624,0.16893,0.06089,0.1913
Time,s,38,0.17801,0.17066,0.06025,0.17851
Time,s,38,0.17601,0.17565,0.0639,0.18004
Time,s,38,0.17876,0.17042,0.06159,0.18405
Time,s,38,0.17669,0.17042,0.06562,0.18187
Time,s,38,0.18113,0.169,0.06218,0.17455
Time,s,38,0.17701,0.16863,0.06151,0.18231
Time,s,38,0.1775,0.1694,0.06481,0.18127
Time,s,38,0.17652,0.16936,0.06147,0.17929
Time,s,38,0.17646,0.17775,0.06827,0.18467
Time,s,38,0.18382,0.17065,0.06245,0.17483
Time,s,38,0.18387,0.17572,0.06142,0.17508
Time,s,38,0.18814,0.17605,0.0654,0.17703
Time,s,38,0.18202,0.17074,0.06338,0.17573
Time,s,38,0.17875,0.17364,0.06977,0.17476
Time,s,38,0.17909,0.17231,0.06372,0.18295
Time,s,38,0.18094,0.17263,0.06125,0.17614
Time,s,38,0.18081,0.17519,0.06499,0.17441
Time,s,38,0.18166,0.1788,0.06114,0.17477
Time,s,38,0.18056,0.17038,0.06902,0.17611
Time,s,38,0.18004,0.17111,0.06456,0.17608
Time,s,38,0.17975,0.17227,0.06121,0.17658
Time,s,38,0.17981,0.1709,0.06622,0.17624
Time,s,38,0.18138,0.16874,0.06215,0.17418
Time,s,38,0.18373,0.17588,0.06083,0.17792
Time,s,38,0.17371,0.17499,0.06388,0.1757
Time,s,38,0.18749,0.1779,0.06374,0.17561
Time,s,38,0.19629,0.17821,0.06108,0.18175
Time,s,38,0.22333,0.16897,0.06006,0.18108
Time,s,38,0.20693,0.17622,0.0612,0.1837
Time,s,38,0.19696,0.17094,0.06339,0.18238
Time,s,38,0.20639,0.1743,0.06067,0.17825
Time,s,38,0.18883,0.17207,0.0656,0.18383
Time,s,38,0.17385,0.17113,0.06087,0.18656
Time,s,38,0.17348,0.17035,0.06075,0.18025
Time,s,38,0.17485,0.17002,0.06432,0.17943
Time,s,38,0.17399,0.1697,0.06085,0.18059
Time,s,38,0.17999,0.1702,0.06666,0.17499
Time,s,38,0.18155,0.17021,0.05981,0.17949
Time,s,38,0.18144,0.17699,0.06171,0.18185
Time,s,38,0.17944,0.18058,0.06717,0.18259
Time,s,38,0.17886,0.17122,0.06001,0.17666
Time,s,38,0.17981,0.16935,0.06555,0.1786
Time,s,38,0.17929,0.17375,0.06139,0.17709
Time,s,38,0.17727,0.17083,0.06136,0.17494
Time,s,38,0.17523,0.17392,0.06111,0.17558
Time,s,38,0.17446,0.17125,0.0607,0.17686
Time,s,38,0.17696,0.17592,0.06807,0.17406
Time,s,38,0.17341,0.16942,0.06067,0.1746
Time,s,38,0.17353,0.17258,0.06077,0.1767
Time,s,38,0.17322,0.17148,0.06353,0.17396
Time,s,38,0.17415,0.17196,0.06108,0.17752
Time,s,38,0.18034,0.17027,0.06761,0.17594
Time,s,38,0.17452,0.16884,0.0629,0.18014
Time,s,38,0.17491,0.17255,0.06195,0.18106
Time,s,38,0.17401,0.1795,0.06591,0.18761
Time,s,38,0.17391,0.18031,0.06133,0.18507
Time,s,38,0.18227,0.18441,0.0686,0.18981
Time,s,38,0.18217,0.17819,0.0639,0.18377
Time,s,38,0.18079,0.17626,0.06032,0.18849
Time,s,38,0.17955,0.17734,0.06649,0.1884
Time,s,38,0.17751,0.17905,0.06045,0.18897
Time,s,38,0.17921,0.17557,0.06685,0.18107
Time,s,38,0.17851,0.17721,0.06298,0.18304
Time,s,38,0.1731,0.17997,0.06231,0.18829
Time,s,38,0.17522,0.17266,0.06512,0.18334
Time,s,38,0.17813,0.1794,0.06445,0.18281
Time,s,38,0.17575,0.17415,0.06049,0.18214
Time,s,39,0.17358,0.18222,0.06187,0.18204
Time,s,39,0.18873,0.17337,0.06208,0.18357
Time,s,39,0.19224,0.18265,0.06542,0.18142
Time,s,39,0.1978,0.17413,0.06171,0.1803
Time,s,39,0.19312,0.17148,0.06738,0.1868
Time,s,39,0.17898,0.1796,0.06211,0.18141
Time,s,39,0.17552,0.17645,0.06892,0.1849
Time,s,39,0.17613,0.17763,0.06391,0.18736
Time,s,39,0.17634,0.18455,0.06211,0.18446
Time,s,39,0.17343,0.18192,0.065,0.18675
Time,s,39,0.17388,0.17549,0.0617,0.18405
Time,s,39,0.17541,0.17247,0.0672,0.18008
Time,s,39,0.1763,0.17378,0.05991,0.19047
Time,s,39,0.17634,0.17207,0.06998,0.18731
Time,s,39,0.17401,0.17568,0.06331,0.18807
Time,s,39,0.17739,0.17335,0.06202,0.1804
Time,s,39,0.17696,0.17399,0.06581,0.18629
Time,s,39,0.17519,0.17324,0.06276,0.18266
Time,s,39,0.17259,0.17274,0.06186,0.18478
Time,s,39,0.17311,0.1831,0.0616,0.1883
Time,s,39,0.17791,0.17375,0.06838,0.18753
Time,s,39,0.17283,0.17333,0.06566,0.18498
Time,s,39,0.17302,0.17263,0.06215,0.1837
Time,s,39,0.18008,0.1792,0.06603,0.18469
Time,s,39,0.18115,0.17441,0.06134,0.18338
Time,s,39,0.17839,0.16992,0.06607,0.18166
Time,s,39,0.17824,0.17811,0.06187,0.18526
Time,s,39,0.17919,0.16867,0.0671,0.18123
Time,s,39,0.17768,0.17252,0.0619,0.18209
Time,s,39,0.17897,0.1676,0.0611,0.17666
Time,s,39,0.17651,0.16785,0.06517,0.17743
Time,s,39,0.1752,0.16712,0.06235,0.17711
Time,s,39,0.17925,0.17193,0.06724,0.17707
Time,s,39,0.17942,0.16922,0.06252,0.1763
Time,s,39,0.17424,0.17544,0.06837,0.1764
Time,s,39,0.17481,0.17265,0.06361,0.17684
Time,s,39,0.1766,0.17357,0.06278,0.17616
Time,s,39,0.17316,0.1768,0.065,0.18466
Time,s,39,0.17706,0.17035,0.06267,0.18396
Time,s,39,0.17295,0.17311,0.06668,0.18272
Time,s,39,0.17343,0.17452,0.06231,0.17719
Time,s,39,0.17439,0.16901,0.06185,0.17877
Time,s,39,0.17335,0.17029,0.06182,0.1814
Time,s,39,0.17554,0.17387,0.0619,0.18323
Time,s,39,0.17646,0.18651,0.06193,0.18137
Time,s,39,0.18063,0.17218,0.06248,0.18059
Time,s,39,0.17275,0.17034,0.06676,0.18283
Time,s,39,0.18015,0.17151,0.06448,0.17706
Time,s,39,0.17291,0.16923,0.07308,0.17853
Time,s,39,0.18189,0.16901,0.0624,0.18329
Time,s,39,0.18169,0.17369,0.06183,0.17777
Time,s,39,0.17976,0.16948,0.06505,0.1774
Time,s,39,0.18235,0.16997,0.06214,0.17705
Time,s,39,0.18244,0.17254,0.0631,0.17691
Time,s,39,0.1823,0.1775,0.06273,0.17784
Time,s,39,0.18363,0.17496,0.06857,0.18073
Time,s,39,0.17987,0.17532,0.06342,0.17821
Time,s,39,0.18053,0.17627,0.06178,0.17584
Time,s,39,0.18185,0.17461,0.06163,0.17619
Time,s,39,0.18224,0.16915,0.06204,0.17693
Time,s,39,0.17989,0.17227,0.06575,0.18257
Time,s,39,0.18791,0.17045,0.06103,0.18245
Time,s,39,0.18203,0.16963,0.06731,0.18454
Time,s,39,0.181,0.17143,0.06072,0.18107
Time,s,39,0.17964,0.16867,0.06323,0.1792
Time,s,39,0.18468,0.16996,0.0611,0.18068
Time,s,39,0.1795,0.17159,0.06242,0.18254
Time,s,39,0.17958,0.16835,0.06645,0.18474
Time,s,39,0.19849,0.16831,0.05968,0.17924
Time,s,39,0.18788,0.16883,0.06865,0.17666
Time,s,39,0.18813,0.16828,0.06243,0.17877
Time,s,39,0.18899,0.17558,0.06125,0.17671
Time,s,39,0.18609,0.17471,0.06684,0.17805
Time,s,39,0.18713,0.17751,0.063,0.17873
Time,s,39,0.181,0.17631,0.0689,0.17524
Time,s,39,0.1836,0.18098,0.0616,0.1739
Time,s,39,0.1825,0.16835,0.06264,0.17485
Time,s,39,0.18354,0.17612,0.06132,0.17499
Time,s,39,0.18332,0.17667,0.06082,0.17441
Time,s,39,0.18585,0.17437,0.0646,0.17536
Time,s,39,0.17981,0.1696,0.0605,0.17495
Time,s,39,0.18131,0.17178,0.0663,0.17958
Time,s,39,0.18178,0.16884,0.06157,0.17661
Time,s,39,0.18061,0.17226,0.06717,0.17605
Time,s,39,0.18058,0.17234,0.06304,0.18351
Time,s,39,0.18104,0.17577,0.0617,0.18552
Time,s,39,0.17951,0.17181,0.06397,0.18131
Time,s,39,0.17992,0.1714,0.06203,0.18125
Time,s,39,0.17934,0.17117,0.06753,0.17893
Time,s,39,0.1734,0.17094,0.06373,0.18118
Time,s,39,0.17421,0.16859,0.06225,0.18297
Time,s,39,0.17246,0.16871,0.0628,0.17738
Time,s,39,0.17289,0.1693,0.06169,0.18133
Time,s,39,0.18012,0.17749,0.06415,0.17992
Time,s,39,0.18044,0.17958,0.06174,0.18206
Time,s,39,0.17854,0.16949,0.06211,0.17427
Time,s,39,0.17505,0.1698,0.06186,0.17858
Time,s,39,0.18069,0.17654,0.06934,0.17889
Time,s,39,0.17484,0.1697,0.06362,0.17908
Time,s,39,0.17521,0.16907,0.0688,0.17711
Time,s,40,0.17496,0.17051,0.06478,0.17666
Time,s,40,0.17748,0.16874,0.06215,0.17912
Time,s,40,0.17464,0.16962,0.06804,0.17444
Time,s,40,0.17518,0.18754,0.06204,0.17484
Time,s,40,0.17657,0.17605,0.06887,0.17421
Time,s,40,0.17387,0.16895,0.06561,0.17534
Time,s,40,0.17637,0.17595,0.062,0.17545
Time,s,40,0.17348,0.17501,0.06694,0.17938
Time,s,40,0.17604,0.17029,0.06199,0.17418
Time,s,40,0.17597,0.17733,0.06848,0.18049
Time,s,40,0.17383,0.17392,0.0627,0.17592
Time,s,40,0.17477,0.17415,0.0631,0.17456
Time,s,40,0.17514,0.18141,0.06291,0.1748
Time,s,40,0.17523,0.16998,0.06127,0.17542
Time,s,40,0.17545,0.17008,0.06772,0.17422
Time,s,40,0.18183,0.16928,0.06147,0.17585
Time,s,40,0.18126,0.17435,0.06234,0.17548
Time,s,40,0.1794,0.16886,0.06361,0.17495
Time,s,40,0.17987,0.16904,0.06202,0.18307
Time,s,40,0.17953,0.16998,0.06687,0.18163
Time,s,40,0.1796,0.17501,0.0595,0.181
Time,s,40,0.17833,0.17484,0.06948,0.17564
Time,s,40,0.17831,0.17147,0.06432,0.17989
Time,s,40,0.17745,0.1687,0.06287,0.17385
Time,s,40,0.17603,0.17,0.07021,0.17839
Time,s,40,0.17576,0.18166,0.06189,0.17655
Time,s,40,0.18112,0.17784,0.06824,0.1809
Time,s,40,0.17511,0.17814,0.06561,0.18543
Time,s,40,0.17375,0.17615,0.06136,0.17512
Time,s,40,0.17445,0.17607,0.0658,0.17424
Time,s,40,0.17353,0.17825,0.06178,0.17655
Time,s,40,0.17482,0.1742,0.06791,0.18601
Time,s,40,0.17417,0.17582,0.06213,0.18227
Time,s,40,0.17453,0.17674,0.06295,0.18699
Time,s,40,0.17523,0.16983,0.06395,0.18247
Time,s,40,0.17519,0.16937,0.06295,0.18144
Time,s,40,0.17505,0.16962,0.06769,0.18
Time,s,40,0.17748,0.1704,0.06306,0.18194
Time,s,40,0.17404,0.17592,0.06203,0.18044
Time,s,40,0.17446,0.1717,0.06462,0.17944
Time,s,40,0.17509,0.17967,0.06158,0.18146
Time,s,40,0.17441,0.17852,0.06591,0.17976
Time,s,40,0.18258,0.16914,0.06139,0.17995
Time,s,40,0.18113,0.17581,0.06776,0.18049
Time,s,40,0.18005,0.17921,0.06238,0.17981
Time,s,40,0.17746,0.16943,0.0613,0.17996
Time,s,40,0.17861,0.17331,0.0647,0.18305
Time,s,40,0.17861,0.1776,0.06165,0.17924
Time,s,40,0.17838,0.17489,0.06962,0.17938
Time,s,40,0.1787,0.1759,0.06647,0.18883
Time,s,40,0.18241,0.17405,0.06242,0.17918
Time,s,40,0.17519,0.1703,0.06339,0.18575
Time,s,40,0.1749,0.17093,0.06189,0.18753
Time,s,40,0.17498,0.16987,0.06175,0.18905
Time,s,40,0.1728,0.1685,0.06154,0.18836
Time,s,40,0.17386,0.16929,0.06772,0.18245
Time,s,40,0.17373,0.16996,0.06424,0.18418
Time,s,40,0.17364,0.16958,0.06137,0.18387
Time,s,40,0.17667,0.17254,0.06169,0.18617
Time,s,40,0.17357,0.17303,0.06006,0.18704
Time,s,40,0.17311,0.16947,0.0673,0.17909
Time,s,40,0.17638,0.17621,0.06294,0.18299
Time,s,40,0.17961,0.17842,0.0615,0.18575
Time,s,40,0.18327,0.17423,0.06479,0.18411
Time,s,40,0.18037,0.17338,0.06244,0.18382
Time,s,40,0.18147,0.17478,0.06666,0.18051
Time,s,40,0.17861,0.17324,0.06152,0.17964
Time,s,40,0.17384,0.17773,0.06129,0.18016
Time,s,40,0.17804,0.1769,0.06412,0.18502
Time,s,40,0.17484,0.17006,0.06193,0.18338
Time,s,40,0.17772,0.18045,0.06338,0.18124
Time,s,40,0.17692,0.16993,0.06194,0.1842
Time,s,40,0.17566,0.17239,0.06753,0.18003
Time,s,40,0.17662,0.17079,0.06487,0.18166
Time,s,40,0.17446,0.16976,0.06203,0.18023
Time,s,40,0.17452,0.17071,0.06948,0.17853
Time,s,40,0.17398,0.16867,0.06142,0.18075
Time,s,40,0.17353,0.17511,0.06811,0.1878
Time,s,40,0.17322,0.16989,0.05965,0.18663
Time,s,40,0.17566,0.17653,0.06205,0.18735
Time,s,40,0.17342,0.17887,0.06436,0.18081
Time,s,40,0.1741,0.1704,0.06219,0.18343
Time,s,40,0.17454,0.16967,0.06781,0.18732
Time,s,40,0.17781,0.1746,0.06136,0.17847
Time,s,40,0.17278,0.1767,0.06844,0.18646
Time,s,40,0.17351,0.17206,0.06238,0.17859
Time,s,40,0.1766,0.17899,0.06268,0.18301
Time,s,40,0.18196,0.1757,0.06593,0.18232
Time,s,40,0.18042,0.17312,0.06344,0.18043
Time,s,40,0.17862,0.17227,0.06901,0.18173
Time,s,40,0.17939,0.18041,0.06444,0.18151
Time,s,40,0.17995,0.17439,0.06219,0.18554
Time,s,40,0.18099,0.17212,0.06582,0.1838
Time,s,40,0.17987,0.17731,0.06177,0.18023
Time,s,40,0.18065,0.17174,0.06811,0.18015
Time,s,40,0.17657,0.17379,0.0625,0.18045
Time,s,40,0.17501,0.18317,0.06134,0.17969
Time,s,40,0.17733,0.18013,0.06569,0.17977
Time,s,40,0.17651,0.17874,0.0616,0.17985
Time,s,40,0.1745,0.17364,0.06824,0.17886
Time,s,41,0.17394,0.182,0.06722,0.18478
Time,s,41,0.18112,0.18179,0.07074,0.17909
Time,s,41,0.17323,0.17568,0.06724,0.17838
Time,s,41,0.17485,0.17472,0.06363,0.18013
Time,s,41,0.175,0.17551,0.06824,0.1787
Time,s,41,0.18158,0.17884,0.06412,0.17942
Time,s,41,0.17685,0.17315,0.0706,0.18919
Time,s,41,0.17991,0.17296,0.06527,0.18609
Time,s,41,0.17799,0.17333,0.06308,0.18584
Time,s,41,0.1766,0.17008,0.06768,0.19093
Time,s,41,0.17642,0.17585,0.06242,0.18815
Time,s,41,0.17901,0.17665,0.06853,0.18602
Time,s,41,0.17809,0.17195,0.06355,0.18016
Time,s,41,0.18053,0.17319,0.06214,0.17823
Time,s,41,0.17656,0.1839,0.06623,0.1786
Time,s,41,0.17708,0.17901,0.06319,0.17757
Time,s,41,0.17419,0.18204,0.06703,0.17449
Time,s,41,0.17455,0.17728,0.06337,0.17603
Time,s,41,0.17424,0.17348,0.06269,0.18218
Time,s,41,0.17427,0.17653,0.06577,0.17876
Time,s,41,0.17301,0.18053,0.06321,0.17706
Time,s,41,0.17619,0.17647,0.06723,0.17602
Time,s,41,0.17342,0.18114,0.06511,0.17472
Time,s,41,0.18176,0.18046,0.07263,0.17605
Time,s,41,0.17814,0.17589,0.07133,0.1756
Time,s,41,0.18061,0.17746,0.06269,0.17655
Time,s,41,0.17418,0.17139,0.06804,0.17688
Time,s,41,0.17818,0.17482,0.06309,0.179
Time,s,41,0.18028,0.17141,0.06956,0.17559
Time,s,41,0.1775,0.17431,0.06463,0.1774
Time,s,41,0.17548,0.1705,0.06277,0.18125
Time,s,41,0.1759,0.17014,0.06703,0.17392
Time,s,41,0.17352,0.17158,0.06272,0.17497
Time,s,41,0.1773,0.18226,0.06906,0.1753
Time,s,41,0.17438,0.16943,0.06269,0.17605
Time,s,41,0.17527,0.17536,0.06456,0.17617
Time,s,41,0.17506,0.17611,0.066,0.18036
Time,s,41,0.17385,0.17903,0.06369,0.17529
Time,s,41,0.17401,0.17353,0.06715,0.18334
Time,s,41,0.18261,0.17346,0.06209,0.18104
Time,s,41,0.17996,0.16985,0.07029,0.18172
Time,s,41,0.18056,0.17202,0.06273,0.18439
Time,s,41,0.18417,0.1764,0.06298,0.17665
Time,s,41,0.17512,0.17013,0.06858,0.18053
Time,s,41,0.17982,0.16903,0.06294,0.18993
Time,s,41,0.17913,0.17001,0.06924,0.182
Time,s,41,0.18038,0.16923,0.06496,0.1792
Time,s,41,0.17704,0.16826,0.06398,0.18339
Time,s,41,0.1778,0.16864,0.06966,0.18545
Time,s,41,0.17703,0.16883,0.06658,0.18092
Time,s,41,0.17731,0.16878,0.06927,0.18344
Time,s,41,0.17792,0.17189,0.06431,0.17632
Time,s,41,0.18324,0.17994,0.06345,0.18235
Time,s,41,0.17686,0.17429,0.06373,0.18154
Time,s,41,0.17797,0.17537,0.06304,0.1838
Time,s,41,0.17758,0.16861,0.06418,0.17568
Time,s,41,0.17527,0.17234,0.06316,0.17933
Time,s,41,0.17693,0.17313,0.06958,0.17604
Time,s,41,0.17668,0.17315,0.06597,0.17472
Time,s,41,0.18221,0.17421,0.06327,0.17651
Time,s,41,0.18058,0.1711,0.06629,0.17931
Time,s,41,0.17995,0.17375,0.06183,0.17637
Time,s,41,0.1762,0.16965,0.07053,0.18345
Time,s,41,0.18401,0.16843,0.06444,0.18295
Time,s,41,0.18113,0.16921,0.06294,0.1764
Time,s,41,0.17812,0.17545,0.06675,0.17672
Time,s,41,0.17728,0.16874,0.06309,0.17772
Time,s,41,0.18274,0.17446,0.06837,0.17568
Time,s,41,0.17736,0.17034,0.06463,0.17646
Time,s,41,0.17959,0.1686,0.06287,0.17463
Time,s,41,0.17931,0.17371,0.06673,0.17617
Time,s,41,0.17678,0.17128,0.06358,0.17594
Time,s,41,0.17813,0.17269,0.06968,0.18834
Time,s,41,0.17707,0.17061,0.06856,0.1851
Time,s,41,0.17698,0.16807,0.07188,0.18296
Time,s,41,0.18483,0.16876,0.06516,0.17676
Time,s,41,0.18244,0.17467,0.06188,0.18583
Time,s,41,0.18059,0.17069,0.06685,0.18114
Time,s,41,0.18602,0.17478,0.06346,0.17974
Time,s,41,0.18541,0.17319,0.07077,0.17911
Time,s,41,0.18425,0.17087,0.06494,0.17956
Time,s,41,0.18171,0.17589,0.06229,0.18166
Time,s,41,0.17619,0.17307,0.06683,0.18339
Time,s,41,0.18008,0.17135,0.06251,0.17426
Time,s,41,0.17677,0.17337,0.06847,0.17908
Time,s,41,0.17834,0.16988,0.06359,0.17452
Time,s,41,0.17887,0.1754,0.06198,0.17749
Time,s,41,0.18071,0.16829,0.0658,0.17509
Time,s,41,0.17562,0.16986,0.0636,0.17715
Time,s,41,0.17495,0.17373,0.06782,0.17524
Time,s,41,0.182,0.16986,0.06288,0.18034
Time,s,41,0.17952,0.16917,0.0638,0.17768
Time,s,41,0.17943,0.16971,0.06658,0.17538
Time,s,41,0.17441,0.17452,0.06238,0.18108
Time,s,41,0.17583,0.17937,0.06744,0.17481
Time,s,41,0.17364,0.1757,0.06317,0.17783
Time,s,41,0.17998,0.1715,0.06371,0.17594
Time,s,41,0.17484,0.16969,0.06617,0.17581
Time,s,41,0.17427,0.17945,0.06695,0.17407
Time,s,41,0.17679,0.17156,0.06348,0.17549
Time,s,42,0.17463,0.17317,0.06152,0.17268
Time,s,42,0.17462,0.17214,0.0686,0.17506
Time,s,42,0.17571,0.16989,0.06097,0.17539
Time,s,42,0.17581,0.16938,0.06258,0.17997
Time,s,42,0.1746,0.17028,0.06588,0.1739
Time,s,42,0.17456,0.17026,0.06243,0.1782
Time,s,42,0.18301,0.16932,0.06199,0.17469
Time,s,42,0.18112,0.16997,0.0634,0.17459
Time,s,42,0.18008,0.17295,0.06139,0.17806
Time,s,42,0.18162,0.16827,0.06745,0.18228
Time,s,42,0.17972,0.17503,0.06191,0.1785
Time,s,42,0.17708,0.17084,0.0621,0.1749
Time,s,42,0.17487,0.16913,0.06532,0.17919
Time,s,42,0.17642,0.16929,0.06328,0.18207
Time,s,42,0.17475,0.17969,0.06847,0.17875
Time,s,42,0.18011,0.17868,0.06347,0.17535
Time,s,42,0.17438,0.17501,0.05979,0.17873
Time,s,42,0.17416,0.1758,0.06595,0.17997
Time,s,42,0.1766,0.17442,0.06197,0.17851
Time,s,42,0.17415,0.17537,0.06133,0.17808
Time,s,42,0.17358,0.17652,0.06518,0.17903
Time,s,42,0.17512,0.17229,0.06156,0.17627
Time,s,42,0.17648,0.16874,0.06963,0.18686
Time,s,42,0.18074,0.17454,0.06766,0.18485
Time,s,42,0.17648,0.17378,0.06169,0.18477
Time,s,42,0.17904,0.16834,0.06179,0.18142
Time,s,42,0.17391,0.17933,0.06289,0.18334
Time,s,42,0.17813,0.17395,0.06875,0.18365
Time,s,42,0.17815,0.17083,0.0641,0.18189
Time,s,42,0.174,0.17235,0.06388,0.1798
Time,s,42,0.17745,0.17025,0.06881,0.1835
Time,s,42,0.17686,0.17118,0.06149,0.18435
Time,s,42,0.17654,0.16986,0.06407,0.185
Time,s,42,0.17934,0.17052,0.06747,0.182
Time,s,42,0.17698,0.17356,0.06363,0.18078
Time,s,42,0.1738,0.17154,0.06888,0.19074
Time,s,42,0.17867,0.17381,0.06407,0.18134
Time,s,42,0.17403,0.1704,0.06393,0.18091
Time,s,42,0.17437,0.17014,0.06733,0.18076
Time,s,42,0.17522,0.17839,0.06382,0.18224
Time,s,42,0.17481,0.17803,0.07024,0.18048
Time,s,42,0.17517,0.17001,0.06626,0.18061
Time,s,42,0.18177,0.17464,0.06348,0.18056
Time,s,42,0.1807,0.17652,0.06392,0.18145
Time,s,42,0.17743,0.17674,0.0631,0.18473
Time,s,42,0.1783,0.18201,0.06405,0.18058
Time,s,42,0.17754,0.17449,0.0638,0.1811
Time,s,42,0.17552,0.17833,0.06514,0.18023
Time,s,42,0.18157,0.17307,0.07306,0.18007
Time,s,42,0.17747,0.17195,0.0644,0.18855
Time,s,42,0.17528,0.17895,0.06367,0.18437
Time,s,42,0.17752,0.17154,0.066,0.1877
Time,s,42,0.1759,0.17079,0.06436,0.18765
Time,s,42,0.17483,0.17012,0.0645,0.18969
Time,s,42,0.17501,0.17646,0.06423,0.18835
Time,s,42,0.17464,0.16983,0.06369,0.18637
Time,s,42,0.17757,0.1702,0.06793,0.187
Time,s,42,0.18473,0.17132,0.06392,0.18571
Time,s,42,0.1832,0.17539,0.07104,0.1862
Time,s,42,0.1744,0.17005,0.06543,0.18805
Time,s,42,0.17686,0.1797,0.06388,0.18974
Time,s,42,0.17437,0.17568,0.06891,0.1799
Time,s,42,0.17691,0.17106,0.06396,0.18806
Time,s,42,0.17733,0.17738,0.06419,0.18418
Time,s,42,0.17717,0.17799,0.06801,0.17984
Time,s,42,0.17411,0.1772,0.06367,0.1855
Time,s,42,0.18109,0.17505,0.07095,0.18509
Time,s,42,0.17521,0.17226,0.06602,0.18962
Time,s,42,0.17387,0.16967,0.06319,0.1859
Time,s,42,0.17919,0.17347,0.07007,0.18405
Time,s,42,0.17466,0.17143,0.06413,0.1804
Time,s,42,0.17407,0.17038,0.07139,0.18194
Time,s,42,0.17399,0.17221,0.06466,0.18417
Time,s,42,0.18229,0.1744,0.06954,0.18137
Time,s,42,0.18221,0.16954,0.07187,0.18097
Time,s,42,0.18155,0.17125,0.06144,0.1803
Time,s,42,0.18016,0.17263,0.06379,0.18089
Time,s,42,0.1767,0.171,0.06607,0.17998
Time,s,42,0.17714,0.1718,0.06378,0.18072
Time,s,42,0.17613,0.17536,0.06969,0.18178
Time,s,42,0.17358,0.17631,0.06522,0.18604
Time,s,42,0.17492,0.18185,0.06336,0.18047
Time,s,42,0.17422,0.17474,0.06714,0.18087
Time,s,42,0.17406,0.17726,0.0636,0.18078
Time,s,42,0.17452,0.17533,0.07055,0.18107
Time,s,42,0.17492,0.17645,0.06509,0.18127
Time,s,42,0.17494,0.17129,0.06385,0.17964
Time,s,42,0.18359,0.17639,0.06921,0.18084
Time,s,42,0.1838,0.1753,0.0653,0.18005
Time,s,42,0.18221,0.175,0.06488,0.1833
Time,s,42,0.17499,0.1711,0.06706,0.18133
Time,s,42,0.18,0.17826,0.06381,0.18794
Time,s,42,0.17949,0.17494,0.07011,0.18733
Time,s,42,0.17475,0.17131,0.06334,0.1878
Time,s,42,0.18229,0.17992,0.06345,0.18631
Time,s,42,0.17577,0.17335,0.06683,0.18704
Time,s,42,0.17841,0.17684,0.06287,0.18877
Time,s,42,0.17571,0.17272,0.0633,0.18127
Time,s,42,0.17474,0.17871,0.06673,0.192
Time,s,42,0.1742,0.17547,0.06708,0.18399
Time,s,43,0.17607,0.1763,0.06748,0.18141
Time,s,43,0.17428,0.18148,0.06243,0.1782
Time,s,43,0.17416,0.17756,0.0687,0.17224
Time,s,43,0.17471,0.17389,0.06418,0.17801
Time,s,43,0.17418,0.17213,0.06353,0.17716
Time,s,43,0.18276,0.17113,0.06618,0.17853
Time,s,43,0.17976,0.17486,0.06281,0.17982
Time,s,43,0.17669,0.17071,0.06852,0.18117
Time,s,43,0.18017,0.17208,0.06388,0.17848
Time,s,43,0.17729,0.17928,0.06349,0.18185
Time,s,43,0.17732,0.18182,0.06587,0.18223
Time,s,43,0.17764,0.18155,0.06252,0.17513
Time,s,43,0.1792,0.18045,0.06797,0.17579
Time,s,43,0.17875,0.17737,0.06467,0.17491
Time,s,43,0.1816,0.17512,0.06972,0.17493
Time,s,43,0.17606,0.17335,0.06374,0.17781
Time,s,43,0.175,0.17616,0.06407,0.17738
Time,s,43,0.17508,0.17097,0.0662,0.1745
Time,s,43,0.17587,0.17241,0.06375,0.17555
Time,s,43,0.17433,0.17155,0.06458,0.17444
Time,s,43,0.17461,0.18102,0.06306,0.17484
Time,s,43,0.17456,0.18293,0.06992,0.17481
Time,s,43,0.18167,0.17986,0.06406,0.17531
Time,s,43,0.18596,0.17985,0.06473,0.17522
Time,s,43,0.18448,0.17408,0.07348,0.17603
Time,s,43,0.18299,0.17304,0.06342,0.17799
Time,s,43,0.17552,0.17166,0.06973,0.1758
Time,s,43,0.17815,0.16852,0.06382,0.17516
Time,s,43,0.1788,0.16822,0.06443,0.17351
Time,s,43,0.1762,0.17167,0.06739,0.17585
Time,s,43,0.17691,0.17203,0.0672,0.17585
Time,s,43,0.18086,0.16792,0.06677,0.17502
Time,s,43,0.17741,0.16891,0.06048,0.17469
Time,s,43,0.17437,0.17784,0.0686,0.17618
Time,s,43,0.17526,0.16862,0.0636,0.17576
Time,s,43,0.17462,0.16839,0.06115,0.17526
Time,s,43,0.17791,0.17167,0.06524,0.17592
Time,s,43,0.17646,0.1731,0.061,0.17607
Time,s,43,0.17632,0.16988,0.06659,0.17364
Time,s,43,0.18492,0.17322,0.06161,0.17617
Time,s,43,0.17602,0.1687,0.06187,0.17549
Time,s,43,0.17772,0.16879,0.06423,0.18753
Time,s,43,0.18335,0.16857,0.0614,0.17676
Time,s,43,0.18367,0.1701,0.06465,0.17992
Time,s,43,0.18111,0.16863,0.06077,0.1833
Time,s,43,0.17986,0.17478,0.06788,0.18295
Time,s,43,0.18018,0.17599,0.06347,0.17939
Time,s,43,0.18303,0.17701,0.06364,0.18178
Time,s,43,0.17954,0.18044,0.06607,0.17903
Time,s,43,0.17738,0.17273,0.06676,0.17407
Time,s,43,0.17721,0.17045,0.06858,0.1785
Time,s,43,0.17848,0.16818,0.06286,0.17591
Time,s,43,0.1781,0.16848,0.07051,0.17848
Time,s,43,0.17576,0.1767,0.06419,0.17709
Time,s,43,0.17598,0.17137,0.05894,0.17827
Time,s,43,0.17739,0.168,0.06217,0.17857
Time,s,43,0.18256,0.16875,0.06227,0.17488
Time,s,43,0.17573,0.17981,0.06857,0.17817
Time,s,43,0.18236,0.1782,0.06324,0.17879
Time,s,43,0.18238,0.17701,0.0623,0.17805
Time,s,43,0.18515,0.17346,0.06759,0.17561
Time,s,43,0.18249,0.17101,0.06403,0.17652
Time,s,43,0.18202,0.16728,0.06737,0.18095
Time,s,43,0.1796,0.17105,0.06369,0.17545
Time,s,43,0.17811,0.17077,0.06835,0.17422
Time,s,43,0.18005,0.16939,0.06407,0.17448
Time,s,43,0.17917,0.17108,0.06117,0.17502
Time,s,43,0.17946,0.17842,0.06279,0.17934
Time,s,43,0.17781,0.1755,0.06086,0.17596
Time,s,43,0.17953,0.1754,0.06726,0.17758
Time,s,43,0.17619,0.17045,0.06302,0.17902
Time,s,43,0.17554,0.17107,0.06173,0.17821
Time,s,43,0.17651,0.16971,0.06573,0.17801
Time,s,43,0.17845,0.17131,0.06232,0.17666
Time,s,43,0.18366,0.1683,0.07367,0.18015
Time,s,43,0.185,0.16831,0.06255,0.17659
Time,s,43,0.18208,0.1822,0.0681,0.17569
Time,s,43,0.18376,0.16952,0.06355,0.17596
Time,s,43,0.18423,0.17415,0.06067,0.17708
Time,s,43,0.18185,0.16897,0.06452,0.17703
Time,s,43,0.17567,0.17082,0.06267,0.1781
Time,s,43,0.1751,0.17229,0.06729,0.17722
Time,s,43,0.1765,0.16894,0.06289,0.17608
Time,s,43,0.17408,0.17361,0.06137,0.17611
Time,s,43,0.17741,0.17113,0.06401,0.1803
Time,s,43,0.17408,0.17397,0.06243,0.17682
Time,s,43,0.17449,0.17721,0.06526,0.17575
Time,s,43,0.17763,0.17888,0.06159,0.17721
Time,s,43,0.17463,0.16876,0.06753,0.17956
Time,s,43,0.1817,0.17253,0.06349,0.17891
Time,s,43,0.1843,0.16923,0.06182,0.17583
Time,s,43,0.18226,0.1696,0.0665,0.18004
Time,s,43,0.17421,0.16774,0.0617,0.17607
Time,s,43,0.17688,0.16856,0.06138,0.17496
Time,s,43,0.17952,0.16995,0.06173,0.17768
Time,s,43,0.1784,0.17852,0.06918,0.17869
Time,s,43,0.18344,0.17321,0.06446,0.17631
Time,s,43,0.17739,0.17074,0.06352,0.1772
Time,s,43,0.17665,0.16662,0.06643,0.17803
Time,s,43,0.17506,0.1705,0.06665,0.1762
Time,s,44,0.17433,0.17109,0.06962,0.17748
Time,s,44,0.17466,0.17318,0.06365,0.17654
Time,s,44,0.17621,0.1701,0.06144,0.17634
Time,s,44,0.17808,0.16742,0.06774,0.1799
Time,s,44,0.17471,0.17289,0.06529,0.17615
Time,s,44,0.18257,0.17062,0.07009,0.17666
Time,s,44,0.18065,0.17528,0.06441,0.17789
Time,s,44,0.18169,0.1768,0.06282,0.17896
Time,s,44,0.18056,0.17119,0.06685,0.18301
Time,s,44,0.18457,0.17449,0.0627,0.18262
Time,s,44,0.17664,0.17179,0.07073,0.18203
Time,s,44,0.17427,0.17031,0.06474,0.18292
Time,s,44,0.17499,0.17591,0.06155,0.18159
Time,s,44,0.18159,0.17483,0.06285,0.17984
Time,s,44,0.17961,0.17079,0.06262,0.18467
Time,s,44,0.18244,0.16991,0.06834,0.19004
Time,s,44,0.17448,0.17532,0.06419,0.19213
Time,s,44,0.17397,0.16751,0.06179,0.18491
Time,s,44,0.17771,0.16915,0.06626,0.18431
Time,s,44,0.17422,0.16853,0.06259,0.18552
Time,s,44,0.17833,0.16944,0.06245,0.18047
Time,s,44,0.17577,0.17288,0.06415,0.18306
Time,s,44,0.17414,0.1689,0.06257,0.18619
Time,s,44,0.17614,0.17273,0.06736,0.18489
Time,s,44,0.18142,0.17766,0.06778,0.18744
Time,s,44,0.1738,0.17135,0.06226,0.18633
Time,s,44,0.18098,0.16846,0.06441,0.1809
Time,s,44,0.1855,0.16995,0.06284,0.18266
Time,s,44,0.1797,0.16801,0.06826,0.18074
Time,s,44,0.17805,0.16966,0.06176,0.1838
Time,s,44,0.17546,0.16856,0.0638,0.18197
Time,s,44,0.17395,0.17577,0.06098,0.18121
Time,s,44,0.17688,0.17348,0.06171,0.18047
Time,s,44,0.17587,0.17615,0.06775,0.18118
Time,s,44,0.17333,0.18326,0.0625,0.18418
Time,s,44,0.17376,0.17456,0.06211,0.18161
Time,s,44,0.17838,0.18035,0.06562,0.18068
Time,s,44,0.17378,0.17771,0.06186,0.18176
Time,s,44,0.17419,0.17895,0.06146,0.18087
Time,s,44,0.18378,0.17649,0.06266,0.17856
Time,s,44,0.17823,0.17685,0.06244,0.18068
Time,s,44,0.18196,0.17991,0.06553,0.18112
Time,s,44,0.17984,0.18019,0.06111,0.18726
Time,s,44,0.17978,0.17579,0.06993,0.18309
Time,s,44,0.17715,0.18038,0.06256,0.18225
Time,s,44,0.17419,0.17528,0.06143,0.17938
Time,s,44,0.17535,0.17455,0.06477,0.18068
Time,s,44,0.18548,0.17451,0.06164,0.17365
Time,s,44,0.17597,0.17443,0.06878,0.18036
Time,s,44,0.17504,0.18376,0.06466,0.17363
Time,s,44,0.18469,0.18157,0.06628,0.1821
Time,s,44,0.17548,0.17539,0.06583,0.1796
Time,s,44,0.17478,0.18186,0.0617,0.18307
Time,s,44,0.17457,0.17824,0.0689,0.17901
Time,s,44,0.17332,0.18148,0.06369,0.17501
Time,s,44,0.17337,0.17909,0.06305,0.17717
Time,s,44,0.17493,0.17868,0.0667,0.18016
Time,s,44,0.17488,0.17472,0.06116,0.17633
Time,s,44,0.18107,0.17708,0.06882,0.18076
Time,s,44,0.18294,0.17774,0.06424,0.18387
Time,s,44,0.17982,0.17748,0.06126,0.17792
Time,s,44,0.17846,0.1752,0.06766,0.18112
Time,s,44,0.17693,0.17397,0.06174,0.18018
Time,s,44,0.17632,0.17744,0.06968,0.17629
Time,s,44,0.17534,0.18191,0.06441,0.1784
Time,s,44,0.17977,0.18145,0.06215,0.17837
Time,s,44,0.17903,0.17447,0.06659,0.17663
Time,s,44,0.1729,0.17974,0.06332,0.17953
Time,s,44,0.17569,0.17765,0.06154,0.17876
Time,s,44,0.17429,0.1777,0.06517,0.17857
Time,s,44,0.17476,0.17636,0.06217,0.17939
Time,s,44,0.17945,0.17909,0.06145,0.17624
Time,s,44,0.1793,0.17475,0.06198,0.17776
Time,s,44,0.17448,0.17807,0.0612,0.17631
Time,s,44,0.17611,0.17529,0.06659,0.17659
Time,s,44,0.18045,0.1677,0.06684,0.17693
Time,s,44,0.18195,0.16867,0.06684,0.18188
Time,s,44,0.17352,0.16862,0.06204,0.17643
Time,s,44,0.17671,0.17225,0.06112,0.17976
Time,s,44,0.17422,0.18165,0.06122,0.17851
Time,s,44,0.17826,0.17787,0.06317,0.17832
Time,s,44,0.17882,0.17823,0.06714,0.17584
Time,s,44,0.17646,0.17709,0.06304,0.1848
Time,s,44,0.17593,0.17498,0.0621,0.1765
Time,s,44,0.17748,0.17244,0.06393,0.17722
Time,s,44,0.18164,0.17437,0.06168,0.17579
Time,s,44,0.17638,0.17293,0.06344,0.17799
Time,s,44,0.18098,0.17094,0.06371,0.1849
Time,s,44,0.17813,0.17496,0.06189,0.18712
Time,s,44,0.18583,0.17078,0.06524,0.17546
Time,s,44,0.17695,0.17713,0.06235,0.17769
Time,s,44,0.18389,0.1717,0.06888,0.18586
Time,s,44,0.18569,0.17105,0.06052,0.18282
Time,s,44,0.18249,0.1709,0.06187,0.18137
Time,s,44,0.18071,0.17127,0.06144,0.17573
Time,s,44,0.17708,0.17143,0.0609,0.18001
Time,s,44,0.18332,0.1764,0.0668,0.18133
Time,s,44,0.17853,0.18144,0.06233,0.18187
Time,s,44,0.17961,0.17707,0.06171,0.18012
Time,s,44,0.17619,0.17947,0.06615,0.18262
Time,s,45,0.176,0.18044,0.06754,0.18074
Time,s,45,0.17606,0.17577,0.06846,0.17677
Time,s,45,0.17906,0.17593,0.06224,0.18015
Time,s,45,0.18101,0.17349,0.06851,0.17604
Time,s,45,0.17697,0.17268,0.06289,0.18102
Time,s,45,0.18864,0.17178,0.06271,0.17798
Time,s,45,0.18614,0.17435,0.0668,0.18308
Time,s,45,0.18515,0.1799,0.06264,0.17626
Time,s,45,0.17574,0.17796,0.06632,0.17947
Time,s,45,0.18065,0.17188,0.06279,0.17819
Time,s,45,0.18132,0.17008,0.06801,0.1754
Time,s,45,0.18484,0.174,0.06527,0.17518
Time,s,45,0.18318,0.17498,0.0701,0.17548
Time,s,45,0.1816,0.17412,0.06373,0.17825
Time,s,45,0.17802,0.17234,0.06921,0.17804
Time,s,45,0.17563,0.17041,0.06424,0.17849
Time,s,45,0.17881,0.17355,0.06151,0.17766
Time,s,45,0.17613,0.1703,0.06238,0.17637
Time,s,45,0.17826,0.17063,0.0619,0.17641
Time,s,45,0.17683,0.1785,0.06558,0.17803
Time,s,45,0.1771,0.17814,0.06265,0.17684
Time,s,45,0.17594,0.17022,0.06736,0.17606
Time,s,45,0.17678,0.17009,0.06235,0.17734
Time,s,45,0.18036,0.17037,0.0696,0.17707
Time,s,45,0.17557,0.17389,0.0659,0.17734
Time,s,45,0.17698,0.17401,0.06713,0.17883
Time,s,45,0.18316,0.16896,0.06354,0.17706
Time,s,45,0.18301,0.17026,0.06527,0.17673
Time,s,45,0.18337,0.17652,0.06498,0.17514
Time,s,45,0.17671,0.16814,0.06076,0.17557
Time,s,45,0.18187,0.16695,0.06651,0.17704
Time,s,45,0.17694,0.1686,0.06182,0.17817
Time,s,45,0.18215,0.16881,0.06724,0.17631
Time,s,45,0.18446,0.16897,0.06263,0.17689
Time,s,45,0.18012,0.16951,0.06747,0.18761
Time,s,45,0.17813,0.17124,0.06295,0.18125
Time,s,45,0.18015,0.17695,0.06189,0.18336
Time,s,45,0.17921,0.17066,0.06521,0.18378
Time,s,45,0.17852,0.17155,0.06235,0.18563
Time,s,45,0.17802,0.17026,0.06617,0.18476
Time,s,45,0.18654,0.16808,0.0596,0.17595
Time,s,45,0.18034,0.16789,0.06275,0.18348
Time,s,45,0.177,0.16826,0.06165,0.17651
Time,s,45,0.17695,0.16747,0.06704,0.17894
Time,s,45,0.17706,0.18268,0.06259,0.17682
Time,s,45,0.17647,0.18012,0.06904,0.18057
Time,s,45,0.17676,0.17377,0.06584,0.1818
Time,s,45,0.17854,0.17001,0.06197,0.1813
Time,s,45,0.19012,0.17022,0.06516,0.17595
Time,s,45,0.18336,0.17124,0.06486,0.17985
Time,s,45,0.18012,0.17136,0.06696,0.1827
Time,s,45,0.18155,0.17105,0.06221,0.18327
Time,s,45,0.18096,0.16972,0.06704,0.17951
Time,s,45,0.18123,0.17341,0.06323,0.17576
Time,s,45,0.1808,0.16679,0.06817,0.17972
Time,s,45,0.17677,0.16884,0.06254,0.18234
Time,s,45,0.17807,0.17648,0.06274,0.181
Time,s,45,0.17697,0.1723,0.06321,0.18112
Time,s,45,0.17775,0.1803,0.06255,0.18328
Time,s,45,0.17915,0.17239,0.06587,0.18074
Time,s,45,0.18168,0.17503,0.06163,0.18352
Time,s,45,0.17695,0.17223,0.0666,0.17933
Time,s,45,0.17714,0.17132,0.06234,0.1768
Time,s,45,0.17744,0.17663,0.06185,0.1754
Time,s,45,0.18347,0.1677,0.06198,0.17531
Time,s,45,0.17713,0.16788,0.06191,0.1771
Time,s,45,0.17815,0.1676,0.06157,0.17386
Time,s,45,0.17617,0.17324,0.0613,0.1752
Time,s,45,0.17913,0.16797,0.06469,0.17725
Time,s,45,0.17683,0.16997,0.06223,0.17767
Time,s,45,0.17731,0.16925,0.06554,0.17881
Time,s,45,0.17791,0.16833,0.0629,0.17521
Time,s,45,0.17886,0.17245,0.06123,0.17526
Time,s,45,0.1806,0.17041,0.06256,0.17545
Time,s,45,0.18192,0.16588,0.06913,0.17629
Time,s,45,0.17305,0.17435,0.06758,0.17562
Time,s,45,0.17767,0.17216,0.06156,0.17469
Time,s,45,0.18381,0.17065,0.06107,0.17544
Time,s,45,0.17831,0.17315,0.06171,0.1751
Time,s,45,0.17407,0.16783,0.06424,0.1775
Time,s,45,0.1748,0.16739,0.0622,0.17655
Time,s,45,0.17745,0.17224,0.06576,0.18386
Time,s,45,0.17652,0.16899,0.06236,0.18692
Time,s,45,0.17608,0.1681,0.06699,0.18313
Time,s,45,0.17485,0.16912,0.06193,0.18195
Time,s,45,0.17474,0.17693,0.06774,0.18153
Time,s,45,0.17692,0.1784,0.06481,0.17726
Time,s,45,0.17404,0.16948,0.06243,0.18415
Time,s,45,0.17312,0.17327,0.06414,0.17841
Time,s,45,0.17527,0.17299,0.06236,0.17732
Time,s,45,0.1739,0.17446,0.06505,0.17541
Time,s,45,0.17402,0.17089,0.06114,0.17532
Time,s,45,0.17367,0.17075,0.06697,0.18358
Time,s,45,0.17486,0.16945,0.06138,0.17959
Time,s,45,0.17887,0.17165,0.06093,0.17593
Time,s,45,0.17526,0.16964,0.06166,0.17932
Time,s,45,0.17519,0.17095,0.06168,0.18001
Time,s,45,0.17745,0.17644,0.0627,0.18336
Time,s,45,0.17676,0.17657,0.06216,0.18076
Time,s,45,0.17397,0.17699,0.06537,0.18011
Time,s,46,0.17877,0.17746,0.06507,0.17617
Time,s,46,0.17716,0.17387,0.06668,0.17573
Time,s,46,0.17507,0.17219,0.06064,0.17627
Time,s,46,0.17682,0.16724,0.06043,0.17759
Time,s,46,0.17635,0.16957,0.06066,0.17958
Time,s,46,0.17763,0.16831,0.06056,0.18083
Time,s,46,0.17602,0.16956,0.06596,0.1902
Time,s,46,0.1755,0.17146,0.06233,0.18281
Time,s,46,0.17745,0.16964,0.06023,0.18262
Time,s,46,0.17443,0.17173,0.0649,0.18151
Time,s,46,0.17519,0.16855,0.06038,0.18217
Time,s,46,0.17441,0.1673,0.06783,0.18309
Time,s,46,0.17376,0.17165,0.06431,0.18085
Time,s,46,0.17372,0.17437,0.06227,0.18039
Time,s,46,0.18862,0.17331,0.06783,0.1816
Time,s,46,0.18441,0.17438,0.0619,0.18467
Time,s,46,0.17628,0.16841,0.06137,0.18652
Time,s,46,0.17714,0.16866,0.06171,0.18145
Time,s,46,0.18083,0.18038,0.06242,0.18049
Time,s,46,0.1803,0.17292,0.06689,0.18078
Time,s,46,0.17461,0.16841,0.06123,0.17965
Time,s,46,0.1764,0.16931,0.06168,0.18312
Time,s,46,0.17661,0.16785,0.06474,0.18204
Time,s,46,0.17724,0.17521,0.06159,0.18169
Time,s,46,0.17371,0.17469,0.06883,0.18288
Time,s,46,0.18009,0.16928,0.06726,0.18254
Time,s,46,0.17872,0.17032,0.06255,0.18014
Time,s,46,0.17518,0.16732,0.06194,0.18147
Time,s,46,0.17399,0.17353,0.06272,0.18341
Time,s,46,0.1736,0.16961,0.06959,0.17951
Time,s,46,0.17292,0.17251,0.0621,0.1805
Time,s,46,0.17239,0.18408,0.06217,0.18124
Time,s,46,0.17591,0.18001,0.0677,0.18716
Time,s,46,0.17312,0.18122,0.06159,0.18782
Time,s,46,0.1749,0.17823,0.06201,0.18256
Time,s,46,0.17995,0.17297,0.06189,0.1855
Time,s,46,0.17631,0.17519,0.06268,0.18729
Time,s,46,0.17873,0.18679,0.06368,0.18775
Time,s,46,0.17803,0.1725,0.06231,0.18706
Time,s,46,0.17881,0.17303,0.06271,0.18827
Time,s,46,0.17849,0.17532,0.06536,0.19
Time,s,46,0.18284,0.18007,0.06165,0.18053
Time,s,46,0.17697,0.17329,0.0687,0.18286
Time,s,46,0.17832,0.17803,0.06161,0.17826
Time,s,46,0.17747,0.17282,0.0613,0.17844
Time,s,46,0.17494,0.17712,0.06078,0.17805
Time,s,46,0.17346,0.17427,0.062,0.18009
Time,s,46,0.17212,0.18402,0.06222,0.17378
Time,s,46,0.17259,0.17203,0.06376,0.17922
Time,s,46,0.17295,0.17167,0.06169,0.18488
Time,s,46,0.17503,0.17355,0.06962,0.17983
Time,s,46,0.17517,0.17935,0.06319,0.18431
Time,s,46,0.1732,0.17352,0.06179,0.17986
Time,s,46,0.1733,0.17687,0.06089,0.18215
Time,s,46,0.17477,0.17613,0.06186,0.17699
Time,s,46,0.17333,0.17522,0.06691,0.18456
Time,s,46,0.17395,0.17889,0.06244,0.18131
Time,s,46,0.17331,0.17474,0.06036,0.18187
Time,s,46,0.17381,0.17348,0.06127,0.18272
Time,s,46,0.18057,0.17828,0.06121,0.18259
Time,s,46,0.18153,0.17213,0.06797,0.18297
Time,s,46,0.18231,0.17504,0.06352,0.17998
Time,s,46,0.17796,0.17303,0.06234,0.18102
Time,s,46,0.18096,0.1721,0.06802,0.1778
Time,s,46,0.17833,0.17979,0.06175,0.18229
Time,s,46,0.17883,0.18124,0.06171,0.17947
Time,s,46,0.17756,0.17754,0.0613,0.17757
Time,s,46,0.17348,0.17448,0.06164,0.17921
Time,s,46,0.17946,0.16581,0.06632,0.18042
Time,s,46,0.18138,0.17389,0.06233,0.18096
Time,s,46,0.17276,0.17425,0.06122,0.17914
Time,s,46,0.17287,0.16954,0.06082,0.17937
Time,s,46,0.17216,0.17001,0.06162,0.17821
Time,s,46,0.17466,0.16693,0.06686,0.1771
Time,s,46,0.18306,0.16989,0.06242,0.17757
Time,s,46,0.17991,0.17044,0.06109,0.17778
Time,s,46,0.1813,0.17838,0.06869,0.17889
Time,s,46,0.18157,0.16965,0.06204,0.17939
Time,s,46,0.18591,0.16763,0.06854,0.17868
Time,s,46,0.18104,0.16867,0.06291,0.1791
Time,s,46,0.17909,0.16784,0.06131,0.18491
Time,s,46,0.18441,0.17563,0.06678,0.17656
Time,s,46,0.18911,0.16898,0.05893,0.1785
Time,s,46,0.18952,0.17503,0.06128,0.17753
Time,s,46,0.1891,0.17691,0.0636,0.17641
Time,s,46,0.18834,0.17292,0.06083,0.17751
Time,s,46,0.18687,0.17257,0.06744,0.17823
Time,s,46,0.18483,0.17017,0.06274,0.17587
Time,s,46,0.18046,0.16973,0.06117,0.17984
Time,s,46,0.17923,0.16897,0.06457,0.17738
Time,s,46,0.18107,0.16799,0.06136,0.17562
Time,s,46,0.18206,0.168,0.06676,0.176
Time,s,46,0.18083,0.16759,0.06302,0.17665
Time,s,46,0.18482,0.17165,0.0617,0.17555
Time,s,46,0.18206,0.17293,0.06815,0.17494
Time,s,46,0.18206,0.17692,0.06682,0.17517
Time,s,46,0.17985,0.17848,0.06843,0.17472
Time,s,46,0.18022,0.17363,0.06506,0.17834
Time,s,46,0.17986,0.17211,0.06218,0.17728
Time,s,46,0.18059,0.17223,0.06235,0.17351
Time,s,47,0.18189,0.17433,0.06239,0.1749
Time,s,47,0.18001,0.16977,0.06647,0.17456
Time,s,47,0.18107,0.17137,0.06828,0.1749
Time,s,47,0.19008,0.17536,0.06284,0.1744
Time,s,47,0.18634,0.17065,0.06783,0.18447
Time,s,47,0.18563,0.17129,0.06286,0.17346
Time,s,47,0.18444,0.17825,0.06313,0.178
Time,s,47,0.18417,0.16946,0.06514,0.18168
Time,s,47,0.18523,0.17084,0.0634,0.18101
Time,s,47,0.17987,0.17907,0.06267,0.18389
Time,s,47,0.18181,0.17589,0.06305,0.182
Time,s,47,0.18411,0.17543,0.06353,0.18054
Time,s,47,0.17517,0.17769,0.06304,0.18189
Time,s,47,0.17519,0.17039,0.06265,0.18281
Time,s,47,0.17476,0.17276,0.06781,0.17461
Time,s,47,0.17311,0.17018,0.06284,0.182
Time,s,47,0.17806,0.17031,0.06223,0.17877
Time,s,47,0.17453,0.17029,0.0618,0.1753
Time,s,47,0.17468,0.17,0.06365,0.17504
Time,s,47,0.17593,0.17112,0.06686,0.17853
Time,s,47,0.17448,0.16942,0.06161,0.18016
Time,s,47,0.17436,0.17133,0.0643,0.17992
Time,s,47,0.17499,0.18221,0.0659,0.17521
Time,s,47,0.17754,0.17523,0.0624,0.17966
Time,s,47,0.17546,0.17535,0.06776,0.17845
Time,s,47,0.17486,0.17839,0.06356,0.18212
Time,s,47,0.18026,0.17688,0.06381,0.17938
Time,s,47,0.17451,0.17625,0.06989,0.18044
Time,s,47,0.179,0.17811,0.06407,0.17424
Time,s,47,0.18583,0.17856,0.06711,0.17904
Time,s,47,0.17948,0.17637,0.06315,0.17707
Time,s,47,0.1801,0.18375,0.06313,0.18335
Time,s,47,0.17652,0.17372,0.06286,0.18029
Time,s,47,0.17545,0.16966,0.06221,0.18306
Time,s,47,0.175,0.17413,0.068,0.17426
Time,s,47,0.17556,0.16812,0.06199,0.17576
Time,s,47,0.17615,0.16776,0.0626,0.17499
Time,s,47,0.17569,0.17724,0.06513,0.17567
Time,s,47,0.17454,0.17343,0.0614,0.18037
Time,s,47,0.17515,0.16924,0.06814,0.17547
Time,s,47,0.17531,0.1771,0.06204,0.17531
Time,s,47,0.17758,0.17291,0.06275,0.17367
Time,s,47,0.17552,0.17473,0.06263,0.17753
Time,s,47,0.17511,0.17623,0.06267,0.17477
Time,s,47,0.17505,0.1689,0.06679,0.17439
Time,s,47,0.1815,0.16802,0.06333,0.17544
Time,s,47,0.1826,0.17274,0.06273,0.17763
Time,s,47,0.18305,0.17093,0.06555,0.17374
Time,s,47,0.17968,0.16917,0.06244,0.17505
Time,s,47,0.18044,0.17168,0.06791,0.176
Time,s,47,0.17814,0.17173,0.06307,0.17544
Time,s,47,0.17643,0.17728,0.06255,0.17835
Time,s,47,0.17807,0.17503,0.0693,0.18441
Time,s,47,0.17952,0.16936,0.06318,0.18316
Time,s,47,0.17687,0.17121,0.06854,0.18075
Time,s,47,0.17512,0.17477,0.06228,0.18569
Time,s,47,0.17794,0.16913,0.06378,0.18498
Time,s,47,0.17568,0.17103,0.0658,0.18218
Time,s,47,0.17588,0.17298,0.06373,0.18646
Time,s,47,0.17795,0.17346,0.06604,0.18714
Time,s,47,0.17443,0.17181,0.06195,0.18255
Time,s,47,0.17438,0.17019,0.06384,0.18262
Time,s,47,0.17488,0.16947,0.06448,0.18125
Time,s,47,0.17463,0.16832,0.06233,0.1823
Time,s,47,0.17256,0.16869,0.06901,0.18404
Time,s,47,0.17453,0.17669,0.0621,0.1835
Time,s,47,0.17363,0.17773,0.06331,0.18195
Time,s,47,0.17454,0.1751,0.06655,0.18172
Time,s,47,0.17535,0.18012,0.06251,0.18062
Time,s,47,0.17359,0.16781,0.06237,0.18169
Time,s,47,0.17341,0.17244,0.06347,0.17954
Time,s,47,0.17235,0.17416,0.06292,0.17804
Time,s,47,0.17802,0.17282,0.06557,0.18168
Time,s,47,0.17231,0.17094,0.06338,0.18173
Time,s,47,0.18,0.1705,0.069,0.17986
Time,s,47,0.18163,0.16921,0.0642,0.18337
Time,s,47,0.1794,0.17213,0.06403,0.17949
Time,s,47,0.17568,0.17109,0.06734,0.17832
Time,s,47,0.18135,0.17186,0.0695,0.18499
Time,s,47,0.17829,0.16881,0.06844,0.18448
Time,s,47,0.17483,0.17366,0.06356,0.17824
Time,s,47,0.17658,0.17693,0.06455,0.17859
Time,s,47,0.17936,0.17668,0.06571,0.17931
Time,s,47,0.17516,0.17115,0.06265,0.17733
Time,s,47,0.17574,0.17168,0.0628,0.17871
Time,s,47,0.17989,0.17506,0.06389,0.17924
Time,s,47,0.17528,0.17367,0.06302,0.178
Time,s,47,0.1741,0.17318,0.0659,0.18928
Time,s,47,0.17313,0.17419,0.06305,0.17823
Time,s,47,0.17336,0.17206,0.06353,0.18053
Time,s,47,0.1765,0.17647,0.06328,0.17965
Time,s,47,0.1736,0.16908,0.06367,0.17796
Time,s,47,0.1747,0.16971,0.06337,0.19285
Time,s,47,0.1741,0.17115,0.06278,0.18589
Time,s,47,0.17234,0.18042,0.0683,0.18863
Time,s,47,0.17419,0.17944,0.06476,0.17854
Time,s,47,0.1831,0.18149,0.06346,0.18914
Time,s,47,0.17734,0.17886,0.06543,0.18516
Time,s,47,0.17419,0.17465,0.06521,0.18397
Time,s,47,0.1768,0.17615,0.06774,0.18556
Time,s,48,0.17692,0.16992,0.06272,0.18951
Time,s,48,0.17849,0.17279,0.06915,0.17859
Time,s,48,0.18042,0.17048,0.06647,0.18542
Time,s,48,0.17793,0.16869,0.0682,0.18521
Time,s,48,0.18355,0.16969,0.06719,0.18539
Time,s,48,0.17919,0.17507,0.06312,0.18726
Time,s,48,0.17941,0.16944,0.06739,0.18517
Time,s,48,0.17439,0.16955,0.06296,0.18195
Time,s,48,0.17365,0.16911,0.06768,0.18218
Time,s,48,0.17256,0.17244,0.06299,0.18754
Time,s,48,0.1735,0.17014,0.06964,0.18104
Time,s,48,0.1751,0.17586,0.06446,0.18313
Time,s,48,0.17957,0.17032,0.0638,0.18062
Time,s,48,0.17918,0.17503,0.06689,0.17958
Time,s,48,0.1753,0.1764,0.06225,0.18439
Time,s,48,0.17257,0.17768,0.06835,0.18024
Time,s,48,0.17415,0.17697,0.0625,0.18057
Time,s,48,0.17382,0.17492,0.06447,0.17993
Time,s,48,0.17394,0.17282,0.06395,0.18063
Time,s,48,0.1733,0.17043,0.0616,0.18036
Time,s,48,0.18528,0.17332,0.06197,0.18079
Time,s,48,0.18444,0.16985,0.0624,0.18115
Time,s,48,0.1819,0.1781,0.06559,0.17965
Time,s,48,0.18021,0.17849,0.06456,0.18224
Time,s,48,0.17478,0.17362,0.06753,0.18327
Time,s,48,0.17367,0.16883,0.06262,0.18033
Time,s,48,0.17385,0.1704,0.06886,0.18185
Time,s,48,0.17788,0.17784,0.06536,0.18087
Time,s,48,0.17702,0.17712,0.0686,0.18086
Time,s,48,0.17666,0.17941,0.06751,0.18328
Time,s,48,0.17507,0.18227,0.06245,0.18722
Time,s,48,0.17442,0.18121,0.0668,0.18278
Time,s,48,0.17941,0.17217,0.06286,0.17547
Time,s,48,0.17436,0.18322,0.06807,0.18149
Time,s,48,0.1744,0.17729,0.06112,0.17416
Time,s,48,0.1748,0.17782,0.06927,0.18023
Time,s,48,0.17292,0.17276,0.06186,0.17339
Time,s,48,0.17426,0.17192,0.06342,0.17908
Time,s,48,0.18047,0.1717,0.06585,0.17959
Time,s,48,0.17987,0.17227,0.06257,0.17759
Time,s,48,0.1745,0.17245,0.06647,0.18221
Time,s,48,0.17576,0.17304,0.06353,0.17901
Time,s,48,0.17565,0.17506,0.06912,0.1776
Time,s,48,0.18098,0.17511,0.0628,0.17711
Time,s,48,0.18241,0.17601,0.06245,0.17614
Time,s,48,0.18192,0.17616,0.06503,0.17723
Time,s,48,0.17832,0.17663,0.065,0.17964
Time,s,48,0.17519,0.17423,0.06615,0.17503
Time,s,48,0.17911,0.17456,0.06339,0.17627
Time,s,48,0.17756,0.17277,0.0692,0.17805
Time,s,48,0.18583,0.17277,0.06279,0.18203
Time,s,48,0.17407,0.17235,0.06334,0.17612
Time,s,48,0.17956,0.18526,0.06407,0.1779
Time,s,48,0.17834,0.17296,0.06677,0.17611
Time,s,48,0.17518,0.18155,0.0665,0.17757
Time,s,48,0.17381,0.17988,0.06323,0.17617
Time,s,48,0.17425,0.17627,0.06762,0.17701
Time,s,48,0.17462,0.18071,0.0606,0.17517
Time,s,48,0.18082,0.17977,0.06915,0.17826
Time,s,48,0.17761,0.17347,0.06402,0.17702
Time,s,48,0.17936,0.17143,0.06329,0.17779
Time,s,48,0.17394,0.17791,0.06643,0.17637
Time,s,48,0.17678,0.17699,0.06269,0.17529
Time,s,48,0.17378,0.17538,0.0713,0.17576
Time,s,48,0.17421,0.17179,0.06544,0.1757
Time,s,48,0.17408,0.17316,0.06839,0.17825
Time,s,48,0.18452,0.17151,0.06358,0.17547
Time,s,48,0.18239,0.17304,0.07001,0.18409
Time,s,48,0.17808,0.17274,0.06312,0.1808
Time,s,48,0.18085,0.17202,0.0638,0.17782
Time,s,48,0.17589,0.17471,0.06554,0.17526
Time,s,48,0.17817,0.18399,0.06349,0.1807
Time,s,48,0.18072,0.17899,0.06687,0.17602
Time,s,48,0.17608,0.17843,0.06388,0.18078
Time,s,48,0.1779,0.1772,0.06809,0.18098
Time,s,48,0.17719,0.17521,0.06387,0.18204
Time,s,48,0.17636,0.17266,0.07097,0.18205
Time,s,48,0.18507,0.17211,0.06482,0.17838
Time,s,48,0.17889,0.17334,0.06742,0.17891
Time,s,48,0.17703,0.17195,0.07171,0.17531
Time,s,48,0.17601,0.17462,0.06397,0.17595
Time,s,48,0.17641,0.17103,0.06354,0.1781
Time,s,48,0.1788,0.16882,0.06426,0.17766
Time,s,48,0.17751,0.17031,0.06915,0.17576
Time,s,48,0.17829,0.17656,0.06276,0.17731
Time,s,48,0.17862,0.17,0.06158,0.18293
Time,s,48,0.17885,0.17768,0.0632,0.17763
Time,s,48,0.17825,0.16914,0.06176,0.17751
Time,s,48,0.17623,0.17304,0.06566,0.17626
Time,s,48,0.18472,0.1727,0.0615,0.17583
Time,s,48,0.18297,0.16963,0.06698,0.17648
Time,s,48,0.18007,0.16947,0.06144,0.17593
Time,s,48,0.18254,0.17169,0.06788,0.17704
Time,s,48,0.17741,0.17245,0.06321,0.17494
Time,s,48,0.18027,0.17137,0.06205,0.1799
Time,s,48,0.18259,0.16999,0.06575,0.18004
Time,s,48,0.17844,0.17179,0.06142,0.17893
Time,s,48,0.17997,0.16957,0.06642,0.17365
Time,s,48,0.1767,0.17021,0.06205,0.17424
Time,s,48,0.17718,0.172,0.06152,0.17542
Time,s,49,0.17951,0.17687,0.06124,0.17507
Time,s,49,0.17994,0.16863,0.06049,0.1752
Time,s,49,0.17909,0.17028,0.06439,0.17413
Time,s,49,0.17892,0.16993,0.06174,0.17542
Time,s,49,0.17904,0.17499,0.07389,0.17526
Time,s,49,0.17671,0.17216,0.06357,0.18395
Time,s,49,0.17847,0.16858,0.06106,0.1819
Time,s,49,0.17701,0.17684,0.06371,0.17452
Time,s,49,0.18389,0.17493,0.06005,0.17923
Time,s,49,0.18541,0.17515,0.06607,0.17506
Time,s,49,0.17819,0.17069,0.06324,0.18005
Time,s,49,0.17523,0.17951,0.06119,0.17994
Time,s,49,0.17857,0.16965,0.06471,0.17495
Time,s,49,0.18232,0.16982,0.06113,0.17991
Time,s,49,0.17366,0.17277,0.06583,0.17803
Time,s,49,0.1766,0.17044,0.06231,0.17745
Time,s,49,0.17408,0.17518,0.06161,0.17558
Time,s,49,0.17607,0.17659,0.0607,0.17407
Time,s,49,0.17697,0.17761,0.06214,0.17511
Time,s,49,0.17522,0.17285,0.06875,0.175
Time,s,49,0.17779,0.16961,0.06314,0.1735
Time,s,49,0.1738,0.17712,0.06097,0.17511
Time,s,49,0.17704,0.17096,0.06509,0.17461
Time,s,49,0.17427,0.17153,0.06213,0.17638
Time,s,49,0.17375,0.16958,0.06632,0.17683
Time,s,49,0.17994,0.16954,0.06183,0.17459
Time,s,49,0.17496,0.17026,0.0607,0.17879
Time,s,49,0.17431,0.17366,0.06538,0.17485
Time,s,49,0.17387,0.16965,0.06119,0.17434
Time,s,49,0.17468,0.17139,0.07444,0.17695
Time,s,49,0.17413,0.17236,0.06207,0.1811
Time,s,49,0.17489,0.17486,0.06057,0.17836
Time,s,49,0.1889,0.17511,0.06678,0.1788
Time,s,49,0.18064,0.17842,0.0617,0.17442
Time,s,49,0.18494,0.17322,0.0681,0.17977
Time,s,49,0.19147,0.17853,0.06278,0.18065
Time,s,49,0.17941,0.17257,0.06029,0.17907
Time,s,49,0.17808,0.16923,0.06561,0.18032
Time,s,49,0.17595,0.17076,0.06024,0.18205
Time,s,49,0.17402,0.17073,0.06588,0.18298
Time,s,49,0.17547,0.17122,0.06187,0.18002
Time,s,49,0.1765,0.17075,0.06072,0.18533
Time,s,49,0.17369,0.17022,0.06519,0.17951
Time,s,49,0.17456,0.17446,0.06092,0.1856
Time,s,49,0.17974,0.17041,0.06662,0.18516
Time,s,49,0.17406,0.17514,0.06078,0.18586
Time,s,49,0.18134,0.18071,0.06018,0.18722
Time,s,49,0.18344,0.18093,0.06408,0.18722
Time,s,49,0.18003,0.1764,0.06078,0.18745
Time,s,49,0.18237,0.16998,0.06756,0.18175
Time,s,49,0.18084,0.17562,0.06134,0.18775
Time,s,49,0.18172,0.17651,0.06034,0.18131
Time,s,49,0.18172,0.17104,0.06124,0.18089
Time,s,49,0.18238,0.16829,0.06077,0.18027
Time,s,49,0.17857,0.17964,0.06781,0.18066
Time,s,49,0.17892,0.17814,0.06243,0.18224
Time,s,49,0.18055,0.17175,0.06018,0.18133
Time,s,49,0.17584,0.16961,0.06497,0.18222
Time,s,49,0.18172,0.16982,0.0614,0.18789
Time,s,49,0.17648,0.16969,0.06743,0.18333
Time,s,49,0.17711,0.17097,0.06171,0.18057
Time,s,49,0.17703,0.1704,0.06085,0.18081
Time,s,49,0.17632,0.17449,0.06508,0.1809
Time,s,49,0.1764,0.17743,0.06115,0.18167
Time,s,49,0.17589,0.17225,0.06685,0.18075
Time,s,49,0.17561,0.17441,0.06067,0.1795
Time,s,49,0.1745,0.17629,0.06151,0.18244
Time,s,49,0.177,0.17244,0.06112,0.18017
Time,s,49,0.17634,0.17058,0.06179,0.18275
Time,s,49,0.17551,0.17906,0.06682,0.18309
Time,s,49,0.17477,0.17123,0.06217,0.18073
Time,s,49,0.1779,0.17049,0.06055,0.18189
Time,s,49,0.17475,0.17139,0.06495,0.18652
Time,s,49,0.18316,0.1734,0.06075,0.19151
Time,s,49,0.18217,0.17172,0.06787,0.18825
Time,s,49,0.18054,0.16919,0.06249,0.18106
Time,s,49,0.18272,0.16916,0.0613,0.18704
Time,s,49,0.1806,0.17133,0.06523,0.19198
Time,s,49,0.17858,0.16904,0.06061,0.18693
Time,s,49,0.17899,0.1705,0.06902,0.17951
Time,s,49,0.17598,0.18199,0.06875,0.18492
Time,s,49,0.17821,0.17712,0.06107,0.18795
Time,s,49,0.17522,0.17593,0.0665,0.1861
Time,s,49,0.17627,0.17893,0.06208,0.1866
Time,s,49,0.17797,0.17685,0.06159,0.18619
Time,s,49,0.17565,0.17591,0.06218,0.18657
Time,s,49,0.17722,0.17051,0.06079,0.18669
Time,s,49,0.17614,0.17555,0.06476,0.18539
Time,s,49,0.17739,0.1708,0.06041,0.18556
Time,s,49,0.18006,0.17013,0.0685,0.18303
Time,s,49,0.1802,0.17191,0.06324,0.18214
Time,s,49,0.17471,0.17834,0.05971,0.18411
Time,s,49,0.17612,0.18112,0.0641,0.19269
Time,s,49,0.17476,0.17171,0.06057,0.18673
Time,s,49,0.18502,0.17079,0.06625,0.18517
Time,s,49,0.17916,0.1694,0.06253,0.18498
Time,s,49,0.17487,0.17188,0.06105,0.18387
Time,s,49,0.17475,0.17111,0.06553,0.17811
Time,s,49,0.17537,0.16928,0.05998,0.18026
Time,s,49,0.17465,0.17032,0.0676,0.18334
Time,s,50,0.17427,0.16942,0.06027,0.18496
Time,s,50,0.17473,0.1752,0.06017,0.18635
Time,s,50,0.1837,0.16823,0.06262,0.18125
Time,s,50,0.18092,0.16791,0.05961,0.17914
Time,s,50,0.18288,0.16912,0.06526,0.18367
Time,s,50,0.17969,0.17254,0.06457,0.17856
Time,s,50,0.1811,0.17571,0.06794,0.18156
Time,s,50,0.18023,0.16831,0.06153,0.18113
Time,s,50,0.1808,0.1747,0.06056,0.17825
Time,s,50,0.17977,0.17387,0.05953,0.17771
Time,s,50,0.1775,0.1767,0.05977,0.17953
Time,s,50,0.1742,0.1771,0.06609,0.17928
Time,s,50,0.17755,0.17247,0.06113,0.17972
Time,s,50,0.17987,0.1684,0.05955,0.18399
Time,s,50,0.17619,0.16935,0.06169,0.17945
Time,s,50,0.17855,0.17266,0.06095,0.17999
Time,s,50,0.17818,0.17063,0.06367,0.17911
Time,s,50,0.17649,0.16807,0.06061,0.17923
Time,s,50,0.17422,0.17576,0.06653,0.18017
Time,s,50,0.17349,0.16935,0.06031,0.17708
Time,s,50,0.17562,0.17425,0.05981,0.18069
Time,s,50,0.17605,0.16985,0.06078,0.17788
Time,s,50,0.17784,0.17048,0.05994,0.18454
Time,s,50,0.1757,0.16959,0.06412,0.18749
Time,s,50,0.17514,0.16938,0.06051,0.18783
Time,s,50,0.17526,0.17803,0.06843,0.1852
Time,s,50,0.18241,0.17762,0.06241,0.18484
Time,s,50,0.17647,0.17546,0.06055,0.18009
Time,s,50,0.17548,0.17219,0.06009,0.17456
Time,s,50,0.17359,0.17245,0.06001,0.17492
Time,s,50,0.17391,0.17707,0.06614,0.17434
Time,s,50,0.17974,0.17019,0.06642,0.18207
Time,s,50,0.17636,0.17171,0.07041,0.18125
Time,s,50,0.17445,0.1704,0.06459,0.17649
Time,s,50,0.18507,0.17321,0.06129,0.17782
Time,s,50,0.18105,0.17094,0.0612,0.1773
Time,s,50,0.18271,0.17269,0.06114,0.17389
Time,s,50,0.178,0.17117,0.06607,0.17746
Time,s,50,0.18316,0.17254,0.06131,0.17599
Time,s,50,0.18605,0.17241,0.06094,0.17778
Time,s,50,0.18177,0.17161,0.06287,0.17916
Time,s,50,0.17762,0.17058,0.06156,0.17388
Time,s,50,0.17499,0.17394,0.06371,0.17648
Time,s,50,0.17391,0.17838,0.06076,0.17363
Time,s,50,0.17492,0.17936,0.06682,0.17576
Time,s,50,0.17843,0.17074,0.06116,0.17469
Time,s,50,0.17973,0.17452,0.06074,0.17477
Time,s,50,0.17822,0.17453,0.05994,0.17538
Time,s,50,0.17821,0.17632,0.06022,0.18393
Time,s,50,0.17869,0.17481,0.06414,0.17622
Time,s,50,0.17492,0.1713,0.06159,0.17464
Time,s,50,0.1816,0.1722,0.0669,0.17393
Time,s,50,0.1762,0.17141,0.06136,0.17299
Time,s,50,0.17391,0.17068,0.06119,0.17525
Time,s,50,0.17478,0.17096,0.06418,0.17484
Time,s,50,0.18086,0.17033,0.06029,0.17465
Time,s,50,0.1744,0.17209,0.06736,0.17553
Time,s,50,0.17596,0.17453,0.06369,0.17363
Time,s,50,0.17821,0.17355,0.06717,0.17339
Time,s,50,0.17623,0.17131,0.06266,0.17728
Time,s,50,0.1758,0.17752,0.05982,0.17441
Time,s,50,0.1756,0.17598,0.06462,0.17409
Time,s,50,0.17703,0.17495,0.06071,0.17356
Time,s,50,0.17927,0.17637,0.06494,0.17426
Time,s,50,0.1765,0.17635,0.05989,0.18114
Time,s,50,0.17788,0.17017,0.06106,0.18387
Time,s,50,0.17571,0.17603,0.06037,0.18173
Time,s,50,0.18842,0.179,0.06051,0.18108
Time,s,50,0.18357,0.1756,0.06205,0.19006
Time,s,50,0.18392,0.17724,0.06,0.18185
Time,s,50,0.17697,0.16809,0.06706,0.18095
Time,s,50,0.18457,0.16679,0.05972,0.17519
Time,s,50,0.18095,0.16787,0.05971,0.17916
Time,s,50,0.18154,0.1675,0.0626,0.17744
Time,s,50,0.18017,0.1661,0.06018,0.18359
Time,s,50,0.17711,0.17152,0.06448,0.17366
Time,s,50,0.18101,0.16714,0.06013,0.17798
Time,s,50,0.17943,0.17715,0.06626,0.18275
Time,s,50,0.17591,0.17279,0.06107,0.17627
Time,s,50,0.1783,0.17462,0.06031,0.17343
Time,s,50,0.17632,0.17141,0.06508,0.17385
Time,s,50,0.17702,0.17275,0.06156,0.17483
Time,s,50,0.17976,0.17173,0.06775,0.17341
Time,s,50,0.17807,0.16999,0.06094,0.17486
Time,s,50,0.17708,0.16681,0.06683,0.17738
Time,s,50,0.18109,0.16872,0.06186,0.1742
Time,s,50,0.17817,0.1714,0.06177,0.17606
Time,s,50,0.18214,0.16816,0.06378,0.17527
Time,s,50,0.17691,0.16879,0.05981,0.17418
Time,s,50,0.17634,0.16636,0.06557,0.17621
Time,s,50,0.17763,0.16696,0.05989,0.17709
Time,s,50,0.18512,0.17347,0.05964,0.17547
Time,s,50,0.18592,0.16871,0.06157,0.17561
Time,s,50,0.18171,0.17256,0.0586,0.17926
Time,s,50,0.18467,0.173,0.06314,0.17461
Time,s,50,0.18391,0.16914,0.05981,0.19041
Time,s,50,0.17966,0.17019,0.0647,0.18456
Time,s,50,0.17686,0.17234,0.06027,0.18292
Time,s,50,0.17904,0.17159,0.06069,0.17541
Time,s,50,0.18089,0.17057,0.06222,0.17628
Time,s,51,0.17722,0.16703,0.06084,0.18148
Time,s,51,0.17953,0.1683,0.06584,0.18405
Time,s,51,0.17604,0.17079,0.0625,0.18578
Time,s,51,0.18046,0.1684,0.06058,0.17791
Time,s,51,0.17296,0.16872,0.06357,0.18304
Time,s,51,0.17316,0.17225,0.05958,0.18158
Time,s,51,0.18153,0.17505,0.06361,0.1807
Time,s,51,0.17627,0.16614,0.06082,0.18037
Time,s,51,0.17446,0.17032,0.06606,0.17879
Time,s,51,0.1759,0.17316,0.0636,0.17983
Time,s,51,0.17425,0.17628,0.05993,0.17965
Time,s,51,0.17452,0.17053,0.06579,0.18217
Time,s,51,0.17737,0.17123,0.06059,0.17546
Time,s,51,0.17679,0.1669,0.06009,0.18006
Time,s,51,0.17974,0.1727,0.06395,0.18013
Time,s,51,0.18039,0.16957,0.06027,0.18221
Time,s,51,0.1825,0.17538,0.06683,0.17901
Time,s,51,0.18092,0.16806,0.06398,0.18298
Time,s,51,0.17533,0.16902,0.06059,0.17893
Time,s,51,0.17951,0.16705,0.06145,0.18532
Time,s,51,0.17947,0.16694,0.0615,0.1789
Time,s,51,0.17846,0.17597,0.06635,0.17605
Time,s,51,0.17522,0.17485,0.06209,0.17906
Time,s,51,0.17823,0.16907,0.06107,0.1765
Time,s,51,0.17622,0.1783,0.06581,0.17459
Time,s,51,0.17535,0.1708,0.06102,0.17759
Time,s,51,0.17409,0.16729,0.06124,0.17738
Time,s,51,0.17397,0.17057,0.06321,0.17633
Time,s,51,0.17485,0.16929,0.06106,0.17685
Time,s,51,0.17684,0.17177,0.06559,0.17777
Time,s,51,0.17426,0.17046,0.0614,0.17705
Time,s,51,0.17686,0.1669,0.06117,0.18618
Time,s,51,0.17439,0.16637,0.06259,0.18333
Time,s,51,0.17381,0.17008,0.06456,0.18616
Time,s,51,0.17413,0.1739,0.07246,0.19118
Time,s,51,0.17412,0.17571,0.06194,0.18534
Time,s,51,0.17514,0.17207,0.06198,0.18158
Time,s,51,0.17416,0.17166,0.06354,0.18093
Time,s,51,0.17404,0.17846,0.05835,0.18997
Time,s,51,0.17754,0.16648,0.06546,0.18728
Time,s,51,0.17891,0.16588,0.06125,0.19015
Time,s,51,0.18269,0.16719,0.06008,0.18741
Time,s,51,0.17925,0.17216,0.06323,0.18456
Time,s,51,0.17826,0.16831,0.06018,0.18605
Time,s,51,0.18063,0.16986,0.0663,0.18625
Time,s,51,0.17946,0.16786,0.06068,0.18285
Time,s,51,0.17875,0.18046,0.05948,0.18393
Time,s,51,0.18039,0.17391,0.06416,0.18475
Time,s,51,0.17839,0.16757,0.06009,0.1842
Time,s,51,0.18137,0.17164,0.06628,0.1916
Time,s,51,0.17941,0.16931,0.06288,0.18517
Time,s,51,0.17857,0.17189,0.06053,0.18048
Time,s,51,0.17979,0.17512,0.06505,0.17986
Time,s,51,0.17366,0.17011,0.06199,0.18297
Time,s,51,0.17704,0.17135,0.06847,0.18157
Time,s,51,0.17438,0.16751,0.06137,0.18302
Time,s,51,0.17625,0.17427,0.06029,0.18291
Time,s,51,0.17398,0.16842,0.0635,0.18214
Time,s,51,0.176,0.1674,0.06253,0.18157
Time,s,51,0.17277,0.17131,0.0668,0.18041
Time,s,51,0.17535,0.16848,0.06703,0.18301
Time,s,51,0.17385,0.17958,0.06644,0.18144
Time,s,51,0.17962,0.1743,0.06662,0.18239
Time,s,51,0.17307,0.17054,0.06346,0.19003
Time,s,51,0.17381,0.17029,0.06078,0.18825
Time,s,51,0.17471,0.17175,0.06161,0.18142
Time,s,51,0.17441,0.17255,0.06124,0.18652
Time,s,51,0.1757,0.16812,0.06575,0.1889
Time,s,51,0.17373,0.16997,0.06062,0.18297
Time,s,51,0.17442,0.16617,0.06043,0.17731
Time,s,51,0.17339,0.17589,0.06657,0.17352
Time,s,51,0.17301,0.17343,0.0599,0.17862
Time,s,51,0.17389,0.168,0.06638,0.17513
Time,s,51,0.17309,0.17682,0.06241,0.18023
Time,s,51,0.17593,0.16778,0.06241,0.17883
Time,s,51,0.17383,0.17189,0.0667,0.17723
Time,s,51,0.1749,0.17177,0.06337,0.17587
Time,s,51,0.17273,0.1671,0.06927,0.1763
Time,s,51,0.17469,0.17294,0.06448,0.17629
Time,s,51,0.17313,0.17622,0.0628,0.18018
Time,s,51,0.17723,0.1783,0.06806,0.17861
Time,s,51,0.17775,0.17848,0.06123,0.17722
Time,s,51,0.17365,0.17273,0.06358,0.17743
Time,s,51,0.18026,0.17178,0.06644,0.17854
Time,s,51,0.18267,0.17996,0.06576,0.17564
Time,s,51,0.17563,0.18008,0.07102,0.17929
Time,s,51,0.18464,0.18047,0.06247,0.1795
Time,s,51,0.18272,0.17277,0.07312,0.17499
Time,s,51,0.18053,0.17675,0.06574,0.17627
Time,s,51,0.18112,0.18141,0.06356,0.17591
Time,s,51,0.18218,0.17705,0.0693,0.1809
Time,s,51,0.18007,0.17553,0.06571,0.17802
Time,s,51,0.18422,0.17539,0.06316,0.1813
Time,s,51,0.17428,0.17581,0.06555,0.17718
Time,s,51,0.18338,0.17287,0.0638,0.17851
Time,s,51,0.18089,0.17377,0.07007,0.17693
Time,s,51,0.18156,0.17204,0.06499,0.17993
Time,s,51,0.18513,0.17384,0.06505,0.1762
Time,s,51,0.1807,0.17255,0.06658,0.17767
Time,s,51,0.17991,0.17843,0.0635,0.17692
Time,s,52,0.17517,0.18124,0.06319,0.17638
Time,s,52,0.18303,0.18224,0.06378,0.17672
Time,s,52,0.17636,0.17847,0.06618,0.17655
Time,s,52,0.17806,0.17425,0.06654,0.17874
Time,s,52,0.17747,0.18221,0.06442,0.17813
Time,s,52,0.17525,0.18291,0.06311,0.17724
Time,s,52,0.17388,0.18137,0.06478,0.17847
Time,s,52,0.17406,0.17885,0.06313,0.1776
Time,s,52,0.17547,0.18231,0.0668,0.17593
Time,s,52,0.17372,0.18102,0.0655,0.18003
Time,s,52,0.17485,0.17999,0.07382,0.18808
Time,s,52,0.17532,0.17889,0.06389,0.18629
Time,s,52,0.18369,0.1827,0.06442,0.17926
Time,s,52,0.17344,0.17515,0.06556,0.18488
Time,s,52,0.17591,0.17643,0.0629,0.18235
Time,s,52,0.17695,0.17352,0.06886,0.17756
Time,s,52,0.18017,0.17967,0.06345,0.17829
Time,s,52,0.17564,0.17728,0.06403,0.18024
Time,s,52,0.18078,0.17548,0.06608,0.18596
Time,s,52,0.18175,0.18091,0.06519,0.18086
Time,s,52,0.18276,0.1747,0.06807,0.18117
Time,s,52,0.1866,0.17183,0.0638,0.18534
Time,s,52,0.17984,0.1701,0.06223,0.17819
Time,s,52,0.17943,0.17138,0.06568,0.17771
Time,s,52,0.17911,0.17148,0.0626,0.17992
Time,s,52,0.17735,0.17072,0.06638,0.1741
Time,s,52,0.17493,0.17735,0.06262,0.1782
Time,s,52,0.18049,0.17809,0.07025,0.17953
Time,s,52,0.17563,0.1721,0.06634,0.17986
Time,s,52,0.17838,0.17667,0.06385,0.18201
Time,s,52,0.17627,0.1802,0.06881,0.18214
Time,s,52,0.1764,0.17386,0.06277,0.17795
Time,s,52,0.17408,0.17606,0.06893,0.18421
Time,s,52,0.17575,0.17637,0.06356,0.18312
Time,s,52,0.17444,0.17477,0.06342,0.17982
Time,s,52,0.17467,0.17555,0.0711,0.17688
Time,s,52,0.17697,0.1747,0.06286,0.17628
Time,s,52,0.17451,0.17072,0.06964,0.17896
Time,s,52,0.17415,0.1713,0.06444,0.17551
Time,s,52,0.17492,0.17396,0.06226,0.17792
Time,s,52,0.17413,0.17021,0.06552,0.17853
Time,s,52,0.1755,0.17384,0.06221,0.17806
Time,s,52,0.17483,0.17209,0.06308,0.17669
Time,s,52,0.17519,0.17501,0.06317,0.17572
Time,s,52,0.18291,0.17157,0.06176,0.17585
Time,s,52,0.17432,0.17333,0.06493,0.17595
Time,s,52,0.1752,0.17154,0.06222,0.17844
Time,s,52,0.17552,0.17211,0.0694,0.17484
Time,s,52,0.17732,0.17611,0.0626,0.18389
Time,s,52,0.18054,0.17944,0.06206,0.18126
Time,s,52,0.17715,0.17942,0.06447,0.18309
Time,s,52,0.17673,0.17827,0.06152,0.17521
Time,s,52,0.17534,0.16954,0.06306,0.17802
Time,s,52,0.17666,0.18014,0.06398,0.18399
Time,s,52,0.17641,0.17952,0.06338,0.17771
Time,s,52,0.17579,0.17682,0.06609,0.17989
Time,s,52,0.1779,0.17695,0.06233,0.17463
Time,s,52,0.1762,0.17918,0.06902,0.17844
Time,s,52,0.18595,0.17712,0.06293,0.17808
Time,s,52,0.18415,0.17965,0.06212,0.17846
Time,s,52,0.17829,0.17562,0.0687,0.17509
Time,s,52,0.17544,0.17561,0.06778,0.17622
Time,s,52,0.18412,0.17314,0.06694,0.17591
Time,s,52,0.18053,0.17523,0.06389,0.17431
Time,s,52,0.18089,0.17634,0.06114,0.17754
Time,s,52,0.17717,0.17497,0.06538,0.17769
Time,s,52,0.1758,0.17223,0.06151,0.18628
Time,s,52,0.18186,0.17029,0.06655,0.18349
Time,s,52,0.18222,0.17003,0.06144,0.18605
Time,s,52,0.18122,0.16823,0.06777,0.18164
Time,s,52,0.18241,0.16973,0.06483,0.18166
Time,s,52,0.18461,0.17123,0.06374,0.18436
Time,s,52,0.18385,0.16869,0.06952,0.18219
Time,s,52,0.17985,0.17558,0.06298,0.17981
Time,s,52,0.17788,0.16767,0.06216,0.17597
Time,s,52,0.17896,0.16899,0.06426,0.17722
Time,s,52,0.18162,0.16968,0.06278,0.17694
Time,s,52,0.17776,0.16804,0.06723,0.17739
Time,s,52,0.17723,0.16984,0.06308,0.17552
Time,s,52,0.17735,0.16933,0.06902,0.17556
Time,s,52,0.17788,0.16802,0.06511,0.17682
Time,s,52,0.17715,0.16764,0.06278,0.17665
Time,s,52,0.17757,0.16884,0.06349,0.17798
Time,s,52,0.18023,0.17901,0.06295,0.17707
Time,s,52,0.17661,0.17202,0.06995,0.18598
Time,s,52,0.17737,0.17091,0.06539,0.18405
Time,s,52,0.17535,0.17374,0.06767,0.18504
Time,s,52,0.17646,0.17431,0.06955,0.1865
Time,s,52,0.17542,0.17441,0.06523,0.18281
Time,s,52,0.17643,0.17431,0.07027,0.18256
Time,s,52,0.17712,0.1743,0.0641,0.17728
Time,s,52,0.17567,0.17496,0.06122,0.18097
Time,s,52,0.17711,0.1744,0.06532,0.18127
Time,s,52,0.1768,0.17374,0.06068,0.18084
Time,s,52,0.17719,0.17146,0.06695,0.18221
Time,s,52,0.17612,0.17111,0.06372,0.1772
Time,s,52,0.17965,0.17038,0.06083,0.17904
Time,s,52,0.18587,0.1704,0.06714,0.17555
Time,s,52,0.18233,0.17544,0.06096,0.17616
Time,s,52,0.17759,0.17017,0.06943,0.1798
Time,s,53,0.18126,0.16734,0.06334,0.18366
Time,s,53,0.1804,0.17172,0.06149,0.18255
Time,s,53,0.18056,0.17401,0.06505,0.18544
Time,s,53,0.1858,0.16862,0.06172,0.17697
Time,s,53,0.1791,0.16791,0.0691,0.17654
Time,s,53,0.17913,0.16668,0.06582,0.17826
Time,s,53,0.17845,0.17035,0.06042,0.17742
Time,s,53,0.17417,0.1731,0.06628,0.17777
Time,s,53,0.18144,0.17654,0.0609,0.17575
Time,s,53,0.17586,0.16754,0.06104,0.1752
Time,s,53,0.17832,0.17799,0.06497,0.17553
Time,s,53,0.17468,0.17321,0.06706,0.18056
Time,s,53,0.17628,0.17425,0.07048,0.1775
Time,s,53,0.17764,0.16702,0.06296,0.18318
Time,s,53,0.17551,0.16679,0.06169,0.1846
Time,s,53,0.17488,0.17048,0.06585,0.17798
Time,s,53,0.17664,0.16683,0.06163,0.18112
Time,s,53,0.17377,0.16695,0.06165,0.18205
Time,s,53,0.17522,0.17092,0.06081,0.18486
Time,s,53,0.17517,0.17027,0.06191,0.18262
Time,s,53,0.17612,0.17536,0.06617,0.18231
Time,s,53,0.17672,0.16757,0.06274,0.17641
Time,s,53,0.17524,0.16698,0.06218,0.17712
Time,s,53,0.17444,0.16931,0.06299,0.17806
Time,s,53,0.1738,0.16606,0.06154,0.18269
Time,s,53,0.17391,0.16742,0.06803,0.18195
Time,s,53,0.17601,0.16604,0.06326,0.18098
Time,s,53,0.17709,0.16801,0.06106,0.18265
Time,s,53,0.17601,0.16633,0.06152,0.18168
Time,s,53,0.17339,0.1709,0.06164,0.18228
Time,s,53,0.18186,0.16973,0.06192,0.18194
Time,s,53,0.1745,0.1676,0.0651,0.18131
Time,s,53,0.17543,0.17144,0.06173,0.19027
Time,s,53,0.18164,0.16718,0.06781,0.19005
Time,s,53,0.17531,0.17868,0.06272,0.18705
Time,s,53,0.1754,0.1753,0.06165,0.18582
Time,s,53,0.17319,0.17574,0.06696,0.18714
Time,s,53,0.17409,0.17276,0.06825,0.19124
Time,s,53,0.18209,0.17158,0.06196,0.18516
Time,s,53,0.17544,0.17528,0.06604,0.18778
Time,s,53,0.18043,0.17049,0.06323,0.18334
Time,s,53,0.18195,0.17084,0.06687,0.18321
Time,s,53,0.18122,0.1708,0.06221,0.18624
Time,s,53,0.18222,0.1709,0.06174,0.18054
Time,s,53,0.18078,0.16772,0.06538,0.18052
Time,s,53,0.17334,0.16829,0.06144,0.18133
Time,s,53,0.1798,0.17006,0.06854,0.18023
Time,s,53,0.18156,0.16783,0.06447,0.18502
Time,s,53,0.18311,0.17759,0.06186,0.18393
Time,s,53,0.17841,0.16822,0.06219,0.18152
Time,s,53,0.17907,0.16889,0.0618,0.18028
Time,s,53,0.17861,0.16932,0.06187,0.18
Time,s,53,0.18042,0.17478,0.06459,0.18101
Time,s,53,0.17346,0.17452,0.06191,0.18043
Time,s,53,0.17365,0.16835,0.06757,0.18848
Time,s,53,0.17857,0.17098,0.06281,0.18541
Time,s,53,0.17922,0.17094,0.06273,0.18769
Time,s,53,0.17956,0.16799,0.06707,0.18623
Time,s,53,0.17457,0.17354,0.06176,0.19295
Time,s,53,0.17612,0.1721,0.06098,0.18423
Time,s,53,0.17813,0.16982,0.06449,0.17447
Time,s,53,0.17718,0.16907,0.06188,0.17336
Time,s,53,0.17416,0.17327,0.06936,0.17532
Time,s,53,0.17692,0.17268,0.06355,0.17652
Time,s,53,0.17742,0.16815,0.06199,0.17284
Time,s,53,0.17606,0.16906,0.0643,0.17808
Time,s,53,0.17511,0.1675,0.06114,0.17663
Time,s,53,0.17567,0.17911,0.06815,0.17659
Time,s,53,0.17372,0.17603,0.06301,0.17944
Time,s,53,0.17312,0.17562,0.06143,0.17615
Time,s,53,0.18005,0.17262,0.06551,0.17541
Time,s,53,0.17578,0.16961,0.06301,0.17685
Time,s,53,0.17387,0.17181,0.06578,0.18002
Time,s,53,0.1761,0.16772,0.06534,0.17669
Time,s,53,0.17459,0.16744,0.06232,0.17935
Time,s,53,0.17466,0.17113,0.06132,0.17589
Time,s,53,0.17568,0.18007,0.06349,0.17589
Time,s,53,0.17349,0.18233,0.06161,0.17619
Time,s,53,0.17448,0.17616,0.06565,0.17631
Time,s,53,0.17347,0.17516,0.06254,0.17566
Time,s,53,0.17647,0.17738,0.06134,0.17728
Time,s,53,0.17372,0.17385,0.06457,0.17585
Time,s,53,0.17282,0.17386,0.06185,0.18277
Time,s,53,0.17965,0.17715,0.06738,0.18602
Time,s,53,0.17303,0.17944,0.06329,0.17963
Time,s,53,0.17602,0.17365,0.06156,0.18128
Time,s,53,0.17353,0.18013,0.0662,0.18597
Time,s,53,0.1735,0.17669,0.06333,0.1802
Time,s,53,0.17251,0.17419,0.07243,0.18276
Time,s,53,0.18364,0.17527,0.0641,0.18202
Time,s,53,0.17915,0.17613,0.062,0.18481
Time,s,53,0.17948,0.17305,0.06151,0.18019
Time,s,53,0.1816,0.17631,0.0623,0.18236
Time,s,53,0.18353,0.1745,0.06112,0.18169
Time,s,53,0.18553,0.17294,0.06427,0.17895
Time,s,53,0.18498,0.1768,0.06125,0.18002
Time,s,53,0.18241,0.17897,0.06653,0.1793
Time,s,53,0.18492,0.18006,0.06299,0.17855
Time,s,53,0.18863,0.18098,0.06114,0.18199
Time,s,53,0.18603,0.17972,0.06206,0.18011
Time,s,54,0.17835,0.18224,0.06176,0.17602
Time,s,54,0.18372,0.17241,0.06699,0.17817
Time,s,54,0.18372,0.17386,0.06122,0.18195
Time,s,54,0.18587,0.18136,0.06165,0.17795
Time,s,54,0.18289,0.17404,0.06274,0.18339
Time,s,54,0.18734,0.17729,0.06202,0.17783
Time,s,54,0.18469,0.17314,0.06674,0.17502
Time,s,54,0.1849,0.17366,0.06124,0.17765
Time,s,54,0.17818,0.1742,0.06219,0.18017
Time,s,54,0.17779,0.17456,0.06094,0.17759
Time,s,54,0.18209,0.17055,0.06818,0.17855
Time,s,54,0.18636,0.16816,0.06295,0.17687
Time,s,54,0.18255,0.16771,0.06118,0.17869
Time,s,54,0.17938,0.16613,0.0648,0.17741
Time,s,54,0.18421,0.17855,0.06807,0.17614
Time,s,54,0.17851,0.17293,0.06599,0.17614
Time,s,54,0.18189,0.17354,0.06179,0.17703
Time,s,54,0.17831,0.17157,0.06761,0.17519
Time,s,54,0.17913,0.17511,0.06224,0.17622
Time,s,54,0.17923,0.16973,0.06239,0.17752
Time,s,54,0.17756,0.17096,0.06488,0.17782
Time,s,54,0.1808,0.17194,0.06248,0.17662
Time,s,54,0.17795,0.16871,0.06154,0.17598
Time,s,54,0.18174,0.1722,0.06177,0.17501
Time,s,54,0.17898,0.172,0.06527,0.17632
Time,s,54,0.178,0.16983,0.064,0.17533
Time,s,54,0.17879,0.16997,0.0606,0.17805
Time,s,54,0.17804,0.16961,0.06198,0.18259
Time,s,54,0.17825,0.16838,0.06161,0.18365
Time,s,54,0.17988,0.17016,0.06314,0.18552
Time,s,54,0.1822,0.16861,0.06236,0.1796
Time,s,54,0.17865,0.1749,0.06597,0.18072
Time,s,54,0.17964,0.17712,0.06185,0.18262
Time,s,54,0.17843,0.17909,0.06718,0.18221
Time,s,54,0.17856,0.17436,0.06373,0.18047
Time,s,54,0.17801,0.17054,0.06964,0.183
Time,s,54,0.17794,0.17195,0.06453,0.17733
Time,s,54,0.17751,0.17065,0.06119,0.18477
Time,s,54,0.17242,0.17046,0.06567,0.18755
Time,s,54,0.1839,0.17732,0.06618,0.17551
Time,s,54,0.18218,0.17646,0.0672,0.17689
Time,s,54,0.18265,0.16914,0.06086,0.17886
Time,s,54,0.18048,0.17342,0.06952,0.17634
Time,s,54,0.17348,0.17461,0.0625,0.17754
Time,s,54,0.18013,0.17692,0.06246,0.17801
Time,s,54,0.1813,0.17477,0.06338,0.18377
Time,s,54,0.18243,0.17454,0.06199,0.17841
Time,s,54,0.18044,0.16787,0.06635,0.17819
Time,s,54,0.1842,0.16947,0.06091,0.17603
Time,s,54,0.18038,0.17162,0.06771,0.1774
Time,s,54,0.18273,0.17275,0.06128,0.17733
Time,s,54,0.17548,0.16848,0.06865,0.17646
Time,s,54,0.18136,0.17315,0.06352,0.17957
Time,s,54,0.17724,0.16827,0.06046,0.18602
Time,s,54,0.1821,0.1684,0.06576,0.18129
Time,s,54,0.1756,0.16941,0.06134,0.17613
Time,s,54,0.17679,0.1694,0.0625,0.18468
Time,s,54,0.18048,0.17436,0.06373,0.17915
Time,s,54,0.17865,0.16886,0.06625,0.18102
Time,s,54,0.17636,0.17899,0.06358,0.1794
Time,s,54,0.17824,0.17572,0.06146,0.17556
Time,s,54,0.17469,0.17174,0.06328,0.18428
Time,s,54,0.17425,0.17296,0.06251,0.17885
Time,s,54,0.17587,0.1743,0.06765,0.18158
Time,s,54,0.17508,0.1741,0.06525,0.18153
Time,s,54,0.17457,0.17586,0.07499,0.18218
Time,s,54,0.17834,0.1777,0.06159,0.17548
Time,s,54,0.17504,0.17086,0.06848,0.17636
Time,s,54,0.17439,0.16922,0.06511,0.17572
Time,s,54,0.17511,0.16803,0.06117,0.17634
Time,s,54,0.18303,0.1755,0.06461,0.17764
Time,s,54,0.18036,0.16947,0.06124,0.18582
Time,s,54,0.18176,0.16829,0.06638,0.17808
Time,s,54,0.18221,0.17341,0.06307,0.17776
Time,s,54,0.18116,0.17766,0.0679,0.18086
Time,s,54,0.18258,0.1688,0.06287,0.17729
Time,s,54,0.18114,0.17412,0.06219,0.17725
Time,s,54,0.17896,0.16926,0.06424,0.18439
Time,s,54,0.17788,0.17161,0.06154,0.18426
Time,s,54,0.17879,0.17511,0.06641,0.18102
Time,s,54,0.17757,0.17987,0.06053,0.17787
Time,s,54,0.17494,0.17205,0.06713,0.18238
Time,s,54,0.17494,0.16913,0.06111,0.17958
Time,s,54,0.17495,0.16944,0.06789,0.18218
Time,s,54,0.17923,0.16861,0.06367,0.17859
Time,s,54,0.17599,0.16799,0.06111,0.17742
Time,s,54,0.17502,0.16922,0.06419,0.1767
Time,s,54,0.17354,0.16938,0.06171,0.17957
Time,s,54,0.17369,0.16812,0.06827,0.17842
Time,s,54,0.17316,0.17498,0.06468,0.17849
Time,s,54,0.17505,0.17093,0.06697,0.17813
Time,s,54,0.17433,0.17571,0.06173,0.17622
Time,s,54,0.17394,0.17531,0.06217,0.18006
Time,s,54,0.18577,0.17728,0.06535,0.17823
Time,s,54,0.18306,0.1758,0.06124,0.17869
Time,s,54,0.17819,0.17476,0.06653,0.17829
Time,s,54,0.17929,0.17691,0.0624,0.17706
Time,s,54,0.17436,0.17488,0.06668,0.18596
Time,s,54,0.17956,0.17546,0.06086,0.18689
Time,s,54,0.17707,0.16931,0.06343,0.18407
Time,s,55,0.17821,0.16936,0.06302,0.18128
Time,s,55,0.17603,0.17061,0.06085,0.18582
Time,s,55,0.17697,0.17524,0.0613,0.17723
Time,s,55,0.17502,0.16862,0.06066,0.17765
Time,s,55,0.17424,0.17089,0.06593,0.18129
Time,s,55,0.1758,0.17122,0.06096,0.17945
Time,s,55,0.17405,0.16945,0.06214,0.17797
Time,s,55,0.17467,0.16966,0.06462,0.18131
Time,s,55,0.1742,0.1787,0.06163,0.17853
Time,s,55,0.17464,0.17562,0.06601,0.1763
Time,s,55,0.17675,0.1791,0.06175,0.18334
Time,s,55,0.17465,0.177,0.06799,0.17801
Time,s,55,0.17488,0.17717,0.06345,0.17803
Time,s,55,0.17375,0.17267,0.06234,0.17851
Time,s,55,0.18554,0.17382,0.06876,0.18097
Time,s,55,0.17565,0.17375,0.061,0.18019
Time,s,55,0.17881,0.1748,0.06568,0.18668
Time,s,55,0.17303,0.1745,0.06128,0.18217
Time,s,55,0.17854,0.17107,0.06183,0.18599
Time,s,55,0.17772,0.17008,0.06518,0.18682
Time,s,55,0.18005,0.17008,0.06097,0.18048
Time,s,55,0.17462,0.1703,0.06161,0.187
Time,s,55,0.1768,0.16891,0.06085,0.18504
Time,s,55,0.17735,0.1688,0.06677,0.18551
Time,s,55,0.17536,0.16955,0.06141,0.18094
Time,s,55,0.17481,0.1688,0.06265,0.18191
Time,s,55,0.17566,0.17204,0.06728,0.18248
Time,s,55,0.17892,0.1759,0.06114,0.17901
Time,s,55,0.17573,0.17009,0.06495,0.18363
Time,s,55,0.17506,0.17716,0.06173,0.17928
Time,s,55,0.18091,0.17804,0.06802,0.18097
Time,s,55,0.17422,0.17672,0.06187,0.18508
Time,s,55,0.17343,0.17702,0.06235,0.17982
Time,s,55,0.17464,0.16975,0.06109,0.1802
Time,s,55,0.17975,0.17409,0.06101,0.18119
Time,s,55,0.17775,0.16971,0.06519,0.18969
Time,s,55,0.17354,0.17619,0.06174,0.18597
Time,s,55,0.17417,0.17019,0.06758,0.18919
Time,s,55,0.17374,0.1709,0.06085,0.18517
Time,s,55,0.17786,0.16986,0.06405,0.18111
Time,s,55,0.1739,0.16949,0.07105,0.18297
Time,s,55,0.18021,0.17097,0.06142,0.18172
Time,s,55,0.17838,0.17487,0.06586,0.18447
Time,s,55,0.17696,0.17057,0.06224,0.18276
Time,s,55,0.18298,0.16989,0.06145,0.18156
Time,s,55,0.17531,0.17455,0.06364,0.1798
Time,s,55,0.18247,0.17026,0.06143,0.18351
Time,s,55,0.17865,0.1809,0.06485,0.17998
Time,s,55,0.18142,0.17988,0.06272,0.18458
Time,s,55,0.17375,0.18133,0.06066,0.17957
Time,s,55,0.17652,0.17838,0.06297,0.18272
Time,s,55,0.17851,0.17958,0.06208,0.17925
Time,s,55,0.17912,0.17565,0.06398,0.17765
Time,s,55,0.17688,0.1692,0.06153,0.17354
Time,s,55,0.17372,0.17568,0.06522,0.18261
Time,s,55,0.17618,0.17315,0.063,0.19144
Time,s,55,0.17389,0.16998,0.06792,0.18309
Time,s,55,0.17809,0.1766,0.06257,0.17771
Time,s,55,0.17454,0.17746,0.05996,0.17772
Time,s,55,0.17412,0.17103,0.06448,0.18439
Time,s,55,0.17384,0.17064,0.06129,0.18173
Time,s,55,0.17551,0.16949,0.06078,0.18022
Time,s,55,0.17495,0.17011,0.06081,0.18116
Time,s,55,0.17525,0.17263,0.05984,0.18017
Time,s,55,0.17475,0.17227,0.064,0.1797
Time,s,55,0.17481,0.16948,0.06561,0.17707
Time,s,55,0.18422,0.17046,0.06395,0.17498
Time,s,55,0.17487,0.17387,0.0603,0.17673
Time,s,55,0.1778,0.17144,0.06618,0.17658
Time,s,55,0.18056,0.17729,0.06014,0.17537
Time,s,55,0.17329,0.17689,0.06083,0.17593
Time,s,55,0.1743,0.1775,0.06381,0.17687
Time,s,55,0.17636,0.17101,0.06037,0.17681
Time,s,55,0.1749,0.17988,0.06526,0.18955
Time,s,55,0.17432,0.17611,0.0621,0.18529
Time,s,55,0.18216,0.17439,0.06154,0.18102
Time,s,55,0.17392,0.17299,0.06286,0.18325
Time,s,55,0.17474,0.17547,0.06086,0.18024
Time,s,55,0.1796,0.17261,0.06498,0.17525
Time,s,55,0.17465,0.1715,0.06042,0.18036
Time,s,55,0.17646,0.17243,0.0603,0.17992
Time,s,55,0.17508,0.17358,0.06093,0.17619
Time,s,55,0.17632,0.18093,0.0601,0.18213
Time,s,55,0.17322,0.17321,0.0636,0.17976
Time,s,55,0.17794,0.17886,0.06014,0.17567
Time,s,55,0.17433,0.17223,0.06662,0.17622
Time,s,55,0.17525,0.17326,0.06105,0.17717
Time,s,55,0.17485,0.17231,0.06127,0.17601
Time,s,55,0.18429,0.18284,0.06318,0.18279
Time,s,55,0.18395,0.17245,0.06147,0.17724
Time,s,55,0.1815,0.17169,0.0656,0.17633
Time,s,55,0.18358,0.17616,0.06805,0.17914
Time,s,55,0.18229,0.18117,0.06708,0.18747
Time,s,55,0.17956,0.17746,0.06383,0.17792
Time,s,55,0.18281,0.18072,0.06231,0.18242
Time,s,55,0.18166,0.17388,0.0646,0.18232
Time,s,55,0.18198,0.18331,0.06181,0.17947
Time,s,55,0.18138,0.17503,0.06877,0.17879
Time,s,55,0.18162,0.18183,0.06123,0.18342
Time,s,55,0.17862,0.17346,0.0666,0.17893
Time,s,56,0.18561,0.17253,0.06243,0.18136
Time,s,56,0.17828,0.17612,0.06222,0.17594
Time,s,56,0.1813,0.17174,0.06614,0.17658
Time,s,56,0.18003,0.17198,0.05918,0.17584
Time,s,56,0.1798,0.1764,0.06815,0.17659
Time,s,56,0.17726,0.18047,0.06323,0.17647
Time,s,56,0.17995,0.17184,0.06211,0.17718
Time,s,56,0.17943,0.17123,0.06391,0.17632
Time,s,56,0.17711,0.17063,0.06107,0.17633
Time,s,56,0.17625,0.17198,0.06878,0.178
Time,s,56,0.17548,0.18028,0.06057,0.17794
Time,s,56,0.17851,0.17805,0.06147,0.19118
Time,s,56,0.17864,0.1721,0.06563,0.18156
Time,s,56,0.17555,0.1771,0.06188,0.17717
Time,s,56,0.17797,0.17676,0.06216,0.18281
Time,s,56,0.18201,0.17729,0.06296,0.17976
Time,s,56,0.17625,0.17665,0.07239,0.18298
Time,s,56,0.17665,0.17776,0.06041,0.17968
Time,s,56,0.17766,0.17127,0.06169,0.17706
Time,s,56,0.1783,0.17189,0.06513,0.18107
Time,s,56,0.18473,0.17214,0.06159,0.17713
Time,s,56,0.1772,0.16853,0.06813,0.17689
Time,s,56,0.18158,0.17009,0.06229,0.1779
Time,s,56,0.18101,0.16797,0.0616,0.17454
Time,s,56,0.1812,0.16993,0.06604,0.17684
Time,s,56,0.18126,0.17961,0.06123,0.1775
Time,s,56,0.18,0.16821,0.06548,0.17485
Time,s,56,0.18101,0.16863,0.06317,0.17673
Time,s,56,0.18195,0.16903,0.06093,0.1793
Time,s,56,0.18214,0.17277,0.06405,0.17535
Time,s,56,0.17935,0.17855,0.06145,0.17678
Time,s,56,0.17887,0.16925,0.06671,0.18258
Time,s,56,0.17832,0.1748,0.06236,0.18054
Time,s,56,0.17896,0.16899,0.06098,0.17527
Time,s,56,0.17465,0.17296,0.06501,0.18494
Time,s,56,0.18575,0.17382,0.06143,0.17812
Time,s,56,0.17668,0.1739,0.06642,0.18062
Time,s,56,0.1814,0.17011,0.06129,0.18
Time,s,56,0.1768,0.17309,0.06897,0.17866
Time,s,56,0.17625,0.17026,0.06237,0.17727
Time,s,56,0.17429,0.16874,0.06115,0.17699
Time,s,56,0.17446,0.16846,0.06852,0.17717
Time,s,56,0.17628,0.16877,0.06237,0.18052
Time,s,56,0.17456,0.17022,0.06767,0.17696
Time,s,56,0.1749,0.1693,0.06254,0.17475
Time,s,56,0.17827,0.17541,0.06094,0.17579
Time,s,56,0.17493,0.17122,0.06605,0.17849
Time,s,56,0.17443,0.17536,0.06178,0.18004
Time,s,56,0.19092,0.17754,0.06703,0.17533
Time,s,56,0.18438,0.17666,0.06262,0.17893
Time,s,56,0.17974,0.17277,0.06181,0.17522
Time,s,56,0.18172,0.17171,0.06336,0.17584
Time,s,56,0.18118,0.16894,0.06091,0.17596
Time,s,56,0.17467,0.16961,0.06603,0.1833
Time,s,56,0.17508,0.169,0.06178,0.17693
Time,s,56,0.17597,0.16926,0.06874,0.17745
Time,s,56,0.17926,0.17106,0.06355,0.17952
Time,s,56,0.18198,0.1732,0.0617,0.1751
Time,s,56,0.17939,0.17651,0.06769,0.18247
Time,s,56,0.18063,0.17499,0.06183,0.17771
Time,s,56,0.17905,0.1725,0.0695,0.18248
Time,s,56,0.17754,0.17473,0.06265,0.18137
Time,s,56,0.17626,0.17029,0.06127,0.18457
Time,s,56,0.17875,0.16904,0.06524,0.18008
Time,s,56,0.17831,0.16903,0.06098,0.18244
Time,s,56,0.17592,0.16871,0.06789,0.18137
Time,s,56,0.17834,0.17726,0.06671,0.18032
Time,s,56,0.17465,0.17118,0.06384,0.18125
Time,s,56,0.17617,0.17209,0.0609,0.18136
Time,s,56,0.17478,0.17104,0.06173,0.18129
Time,s,56,0.17492,0.17645,0.06639,0.1805
Time,s,56,0.17542,0.17645,0.06118,0.18096
Time,s,56,0.17539,0.17661,0.06152,0.18764
Time,s,56,0.18027,0.17003,0.06242,0.18635
Time,s,56,0.17499,0.17411,0.06154,0.18926
Time,s,56,0.17853,0.17583,0.06655,0.1835
Time,s,56,0.17509,0.17592,0.06097,0.18027
Time,s,56,0.176,0.16889,0.06743,0.18498
Time,s,56,0.174,0.17006,0.06357,0.18608
Time,s,56,0.17451,0.1686,0.0605,0.18342
Time,s,56,0.17859,0.16989,0.06624,0.18177
Time,s,56,0.17347,0.1696,0.06102,0.18532
Time,s,56,0.17422,0.17404,0.06888,0.18298
Time,s,56,0.17398,0.16992,0.06342,0.18132
Time,s,56,0.18068,0.16827,0.06207,0.18099
Time,s,56,0.18149,0.17951,0.06404,0.17999
Time,s,56,0.18161,0.17521,0.06048,0.18146
Time,s,56,0.18405,0.17916,0.06063,0.18085
Time,s,56,0.18155,0.17148,0.06192,0.18038
Time,s,56,0.17504,0.1772,0.06058,0.18237
Time,s,56,0.18477,0.17614,0.06459,0.18071
Time,s,56,0.18246,0.1748,0.06277,0.18857
Time,s,56,0.17725,0.17549,0.07189,0.18068
Time,s,56,0.17611,0.17136,0.06107,0.18504
Time,s,56,0.17413,0.17436,0.06166,0.19146
Time,s,56,0.18622,0.17102,0.06399,0.18064
Time,s,56,0.17849,0.16975,0.06173,0.18621
Time,s,56,0.17874,0.16982,0.06257,0.18318
Time,s,56,0.1792,0.17553,0.06132,0.18952
Time,s,56,0.17547,0.17793,0.06731,0.18983
Time,s,57,0.17548,0.174,0.06227,0.17905
Time,s,57,0.17396,0.1691,0.06202,0.17456
Time,s,57,0.17742,0.16845,0.06435,0.17422
Time,s,57,0.1756,0.17432,0.06227,0.17408
Time,s,57,0.17434,0.1812,0.06749,0.17369
Time,s,57,0.17455,0.17387,0.06196,0.17432
Time,s,57,0.17422,0.1705,0.07018,0.17872
Time,s,57,0.17434,0.17094,0.06517,0.17722
Time,s,57,0.1742,0.17009,0.06394,0.17825
Time,s,57,0.17729,0.16952,0.0672,0.18459
Time,s,57,0.17479,0.17018,0.06361,0.1802
Time,s,57,0.17987,0.17024,0.06953,0.18018
Time,s,57,0.17816,0.17088,0.06415,0.18107
Time,s,57,0.18128,0.17355,0.07201,0.17918
Time,s,57,0.17818,0.17678,0.06651,0.17701
Time,s,57,0.18326,0.16962,0.06415,0.17677
Time,s,57,0.17478,0.17396,0.06769,0.17997
Time,s,57,0.18048,0.17674,0.06931,0.17568
Time,s,57,0.18413,0.17105,0.07109,0.17789
Time,s,57,0.17503,0.17282,0.06489,0.17577
Time,s,57,0.18036,0.17365,0.07122,0.18053
Time,s,57,0.17599,0.17293,0.06431,0.17664
Time,s,57,0.17449,0.17547,0.06341,0.18121
Time,s,57,0.17604,0.16982,0.06789,0.17559
Time,s,57,0.17474,0.17266,0.06457,0.17734
Time,s,57,0.17451,0.17027,0.06865,0.18017
Time,s,57,0.17407,0.17119,0.06376,0.17798
Time,s,57,0.18439,0.17046,0.06388,0.1786
Time,s,57,0.17979,0.17385,0.0667,0.18218
Time,s,57,0.18563,0.1726,0.06603,0.17609
Time,s,57,0.17837,0.17721,0.07013,0.17822
Time,s,57,0.18087,0.17615,0.0664,0.18353
Time,s,57,0.17959,0.18055,0.07244,0.18319
Time,s,57,0.18022,0.17506,0.06575,0.18317
Time,s,57,0.17813,0.18394,0.06362,0.17772
Time,s,57,0.1751,0.17485,0.06529,0.17929
Time,s,57,0.18149,0.1724,0.06428,0.18191
Time,s,57,0.18323,0.17332,0.06815,0.18325
Time,s,57,0.18557,0.1705,0.063,0.17708
Time,s,57,0.17559,0.17193,0.06936,0.17578
Time,s,57,0.17439,0.17092,0.06452,0.17658
Time,s,57,0.17317,0.17431,0.06586,0.17595
Time,s,57,0.17308,0.17145,0.07041,0.17667
Time,s,57,0.17603,0.1722,0.0647,0.1763
Time,s,57,0.1744,0.17718,0.06466,0.17805
Time,s,57,0.17628,0.17217,0.06393,0.17947
Time,s,57,0.17442,0.16909,0.06961,0.17603
Time,s,57,0.18301,0.16947,0.06386,0.17654
Time,s,57,0.18098,0.17546,0.06358,0.17539
Time,s,57,0.18355,0.17317,0.06369,0.17463
Time,s,57,0.17976,0.17437,0.06423,0.17839
Time,s,57,0.17819,0.17697,0.06474,0.18508
Time,s,57,0.17457,0.17675,0.0642,0.18543
Time,s,57,0.17688,0.17532,0.06933,0.18351
Time,s,57,0.17775,0.17091,0.06468,0.19141
Time,s,57,0.17563,0.17676,0.06362,0.1767
Time,s,57,0.17897,0.17168,0.06651,0.17754
Time,s,57,0.17516,0.17164,0.06405,0.18089
Time,s,57,0.17401,0.17194,0.07056,0.18104
Time,s,57,0.17411,0.17116,0.06486,0.18248
Time,s,57,0.17526,0.17944,0.06968,0.18289
Time,s,57,0.17387,0.17749,0.06625,0.17974
Time,s,57,0.17394,0.17553,0.06468,0.17843
Time,s,57,0.17581,0.1756,0.06729,0.17859
Time,s,57,0.18314,0.1793,0.06411,0.17595
Time,s,57,0.18609,0.17504,0.06742,0.17741
Time,s,57,0.17973,0.17579,0.06542,0.17769
Time,s,57,0.17936,0.17174,0.07465,0.17672
Time,s,57,0.18151,0.17734,0.06446,0.17839
Time,s,57,0.18064,0.17376,0.06407,0.18161
Time,s,57,0.17771,0.17105,0.06541,0.17841
Time,s,57,0.17774,0.1735,0.06388,0.17762
Time,s,57,0.17981,0.17342,0.06949,0.18039
Time,s,57,0.17531,0.17219,0.0636,0.17571
Time,s,57,0.17677,0.17499,0.06515,0.17714
Time,s,57,0.18073,0.1717,0.06346,0.17735
Time,s,57,0.17501,0.17197,0.06413,0.17691
Time,s,57,0.18119,0.17266,0.06686,0.17731
Time,s,57,0.17492,0.17994,0.06455,0.18606
Time,s,57,0.17512,0.18026,0.06798,0.1823
Time,s,57,0.17629,0.17996,0.06413,0.18649
Time,s,57,0.17856,0.1721,0.06995,0.18554
Time,s,57,0.1768,0.17736,0.06366,0.18057
Time,s,57,0.18692,0.1752,0.06418,0.1762
Time,s,57,0.18101,0.18054,0.06672,0.18065
Time,s,57,0.17927,0.17293,0.06445,0.18008
Time,s,57,0.18023,0.17447,0.06832,0.17884
Time,s,57,0.18185,0.17437,0.0635,0.17841
Time,s,57,0.17993,0.17516,0.07004,0.1795
Time,s,57,0.18059,0.1724,0.06622,0.17726
Time,s,57,0.17671,0.17568,0.06343,0.18089
Time,s,57,0.1794,0.17432,0.06916,0.17619
Time,s,57,0.18428,0.17389,0.06882,0.17643
Time,s,57,0.17717,0.17442,0.06804,0.17818
Time,s,57,0.1779,0.17326,0.06282,0.17703
Time,s,57,0.17678,0.17156,0.07038,0.17699
Time,s,57,0.17773,0.17257,0.0641,0.17688
Time,s,57,0.1778,0.17384,0.06362,0.1769
Time,s,57,0.18362,0.18184,0.06616,0.17759
Time,s,57,0.17987,0.18037,0.06375,0.18034
Time,s,58,0.18392,0.18021,0.06897,0.18244
Time,s,58,0.18417,0.1789,0.06287,0.18221
Time,s,58,0.18232,0.17269,0.06181,0.18276
Time,s,58,0.17775,0.17255,0.06584,0.17661
Time,s,58,0.17787,0.17634,0.0623,0.18202
Time,s,58,0.17648,0.17463,0.06858,0.18256
Time,s,58,0.17794,0.17337,0.06395,0.18263
Time,s,58,0.18333,0.17414,0.06225,0.18082
Time,s,58,0.17899,0.17294,0.06918,0.18938
Time,s,58,0.17924,0.17138,0.06277,0.17683
Time,s,58,0.17663,0.17297,0.06936,0.17956
Time,s,58,0.1804,0.17473,0.065,0.18011
Time,s,58,0.17771,0.17263,0.0625,0.18083
Time,s,58,0.176,0.17229,0.06796,0.17576
Time,s,58,0.18391,0.17617,0.06365,0.17921
Time,s,58,0.1836,0.17911,0.06407,0.17795
Time,s,58,0.18057,0.18077,0.06567,0.17641
Time,s,58,0.17752,0.16968,0.06962,0.18063
Time,s,58,0.18144,0.17196,0.06788,0.17548
Time,s,58,0.17684,0.17137,0.06145,0.17726
Time,s,58,0.18157,0.16955,0.06039,0.17597
Time,s,58,0.17756,0.17996,0.06487,0.17573
Time,s,58,0.17728,0.16945,0.06009,0.17583
Time,s,58,0.18289,0.17244,0.06642,0.18429
Time,s,58,0.17604,0.17416,0.06108,0.18366
Time,s,58,0.18103,0.17798,0.06191,0.18161
Time,s,58,0.17623,0.17644,0.06072,0.1773
Time,s,58,0.17566,0.16781,0.0609,0.18236
Time,s,58,0.17491,0.16919,0.06642,0.18158
Time,s,58,0.1833,0.16967,0.06223,0.18158
Time,s,58,0.17982,0.16918,0.06069,0.17907
Time,s,58,0.18104,0.17648,0.06489,0.17951
Time,s,58,0.17924,0.17483,0.06181,0.17527
Time,s,58,0.17858,0.17639,0.06781,0.17671
Time,s,58,0.17722,0.17626,0.06151,0.17855
Time,s,58,0.17825,0.17609,0.06083,0.18135
Time,s,58,0.17564,0.17034,0.06567,0.17895
Time,s,58,0.17495,0.17318,0.0617,0.17725
Time,s,58,0.17699,0.17373,0.06077,0.17617
Time,s,58,0.17518,0.16938,0.0635,0.17496
Time,s,58,0.17452,0.17329,0.06148,0.17643
Time,s,58,0.17458,0.17124,0.06688,0.17443
Time,s,58,0.17393,0.17316,0.06518,0.17729
Time,s,58,0.17391,0.17133,0.06462,0.17514
Time,s,58,0.17581,0.17738,0.06479,0.17616
Time,s,58,0.18137,0.17296,0.06149,0.17774
Time,s,58,0.18276,0.16858,0.06143,0.17613
Time,s,58,0.18153,0.16882,0.06088,0.17577
Time,s,58,0.17926,0.17084,0.06258,0.18614
Time,s,58,0.17877,0.1754,0.0644,0.18317
Time,s,58,0.17585,0.17649,0.0612,0.18431
Time,s,58,0.1761,0.16917,0.06784,0.17809
Time,s,58,0.1758,0.17724,0.06235,0.18178
Time,s,58,0.17568,0.17929,0.06054,0.18899
Time,s,58,0.1754,0.17004,0.06521,0.1899
Time,s,58,0.17369,0.17082,0.05842,0.18704
Time,s,58,0.18655,0.1698,0.06661,0.18501
Time,s,58,0.17544,0.16922,0.06113,0.18574
Time,s,58,0.17389,0.17001,0.06126,0.18262
Time,s,58,0.17726,0.16987,0.06289,0.18448
Time,s,58,0.18318,0.1692,0.06075,0.18612
Time,s,58,0.18003,0.17094,0.06718,0.18505
Time,s,58,0.17697,0.16958,0.06319,0.1862
Time,s,58,0.17658,0.17241,0.06202,0.18245
Time,s,58,0.17966,0.17437,0.06627,0.18196
Time,s,58,0.1814,0.17692,0.06243,0.18097
Time,s,58,0.1829,0.17467,0.06095,0.18148
Time,s,58,0.17612,0.17535,0.06525,0.18131
Time,s,58,0.17694,0.17582,0.06644,0.17977
Time,s,58,0.17454,0.17458,0.0665,0.18105
Time,s,58,0.17331,0.16895,0.06151,0.18108
Time,s,58,0.17443,0.1713,0.06137,0.18171
Time,s,58,0.176,0.17163,0.06296,0.18867
Time,s,58,0.17983,0.16998,0.06081,0.18812
Time,s,58,0.17707,0.16914,0.06086,0.18653
Time,s,58,0.17391,0.16939,0.0623,0.18806
Time,s,58,0.17789,0.16836,0.06437,0.18811
Time,s,58,0.18112,0.16876,0.06352,0.18493
Time,s,58,0.18191,0.17154,0.06073,0.18275
Time,s,58,0.17412,0.16971,0.06696,0.18305
Time,s,58,0.17609,0.17039,0.06335,0.18083
Time,s,58,0.1783,0.17246,0.06221,0.18347
Time,s,58,0.17807,0.17513,0.06516,0.18347
Time,s,58,0.1843,0.17406,0.06074,0.1841
Time,s,58,0.17825,0.1687,0.06843,0.18201
Time,s,58,0.17889,0.16927,0.06318,0.18583
Time,s,58,0.17474,0.17326,0.06011,0.18021
Time,s,58,0.1818,0.17258,0.06134,0.18218
Time,s,58,0.17427,0.17093,0.06067,0.18434
Time,s,58,0.17627,0.17038,0.06074,0.18085
Time,s,58,0.17607,0.17165,0.06024,0.18465
Time,s,58,0.17392,0.17144,0.06045,0.18152
Time,s,58,0.17579,0.16919,0.06624,0.18141
Time,s,58,0.18315,0.17091,0.06391,0.18146
Time,s,58,0.17438,0.16862,0.06592,0.17878
Time,s,58,0.17735,0.16888,0.06399,0.17575
Time,s,58,0.17788,0.16744,0.0605,0.17676
Time,s,58,0.17612,0.17487,0.06829,0.1797
Time,s,58,0.17332,0.17741,0.05959,0.17635
Time,s,58,0.17589,0.1709,0.06307,0.18095
Time,s,59,0.17598,0.18171,0.06656,0.18095
Time,s,59,0.17648,0.16786,0.06218,0.17547
Time,s,59,0.17638,0.16881,0.0697,0.18238
Time,s,59,0.17407,0.16815,0.06432,0.18328
Time,s,59,0.1739,0.17247,0.06177,0.17735
Time,s,59,0.17548,0.1706,0.06648,0.17744
Time,s,59,0.17444,0.16883,0.06249,0.17843
Time,s,59,0.17263,0.1696,0.06987,0.17531
Time,s,59,0.1736,0.17127,0.05966,0.17956
Time,s,59,0.17567,0.1703,0.0633,0.17642
Time,s,59,0.17601,0.17058,0.06645,0.17655
Time,s,59,0.1747,0.17526,0.06265,0.17696
Time,s,59,0.1787,0.17528,0.06199,0.17732
Time,s,59,0.17953,0.17169,0.06499,0.17506
Time,s,59,0.18052,0.1718,0.06338,0.17667
Time,s,59,0.17858,0.17735,0.06734,0.17747
Time,s,59,0.17613,0.17244,0.06307,0.17558
Time,s,59,0.17611,0.16908,0.06223,0.18365
Time,s,59,0.17643,0.17167,0.06428,0.18308
Time,s,59,0.17615,0.17051,0.06753,0.18477
Time,s,59,0.17462,0.16768,0.06688,0.18227
Time,s,59,0.17396,0.16668,0.06284,0.18343
Time,s,59,0.17495,0.1702,0.06225,0.17827
Time,s,59,0.17467,0.17484,0.06622,0.17753
Time,s,59,0.17475,0.18157,0.06229,0.18381
Time,s,59,0.17308,0.17941,0.06965,0.18037
Time,s,59,0.17422,0.17969,0.06603,0.18757
Time,s,59,0.17579,0.17889,0.06256,0.17959
Time,s,59,0.18145,0.18188,0.06219,0.17618
Time,s,59,0.17983,0.177,0.06262,0.1757
Time,s,59,0.17996,0.18014,0.06164,0.1763
Time,s,59,0.17799,0.17647,0.06633,0.1759
Time,s,59,0.17496,0.17353,0.06028,0.17693
Time,s,59,0.17838,0.17333,0.06912,0.177
Time,s,59,0.17953,0.1733,0.06316,0.17653
Time,s,59,0.17491,0.18295,0.06204,0.1829
Time,s,59,0.17603,0.17599,0.06269,0.18484
Time,s,59,0.18757,0.18146,0.06248,0.17626
Time,s,59,0.17365,0.18149,0.06754,0.18397
Time,s,59,0.17449,0.176,0.06131,0.18389
Time,s,59,0.17572,0.17872,0.06193,0.17605
Time,s,59,0.17606,0.17924,0.06579,0.18378
Time,s,59,0.17432,0.1741,0.06377,0.18449
Time,s,59,0.18126,0.1748,0.07329,0.17675
Time,s,59,0.18042,0.17374,0.06866,0.17898
Time,s,59,0.17622,0.17146,0.062,0.1782
Time,s,59,0.17598,0.17382,0.06867,0.17542
Time,s,59,0.17947,0.17672,0.06447,0.17509
Time,s,59,0.17585,0.17361,0.06198,0.1764
Time,s,59,0.18072,0.17735,0.06673,0.17591
Time,s,59,0.17742,0.18138,0.06158,0.17605
Time,s,59,0.18166,0.17699,0.06721,0.17792
Time,s,59,0.17478,0.18028,0.06261,0.17994
Time,s,59,0.17898,0.1754,0.06295,0.17842
Time,s,59,0.17687,0.17641,0.06485,0.17569
Time,s,59,0.18287,0.17594,0.06157,0.18234
Time,s,59,0.179,0.17525,0.06153,0.18263
Time,s,59,0.18205,0.17396,0.06235,0.18179
Time,s,59,0.17381,0.17319,0.06214,0.1759
Time,s,59,0.17729,0.18142,0.06535,0.17813
Time,s,59,0.17582,0.18308,0.0641,0.17979
Time,s,59,0.18098,0.17992,0.06816,0.17592
Time,s,59,0.1751,0.17971,0.06207,0.18074
Time,s,59,0.17611,0.17859,0.06223,0.17693
Time,s,59,0.17709,0.17745,0.06663,0.17806
Time,s,59,0.17542,0.17711,0.0624,0.17547
Time,s,59,0.17482,0.16997,0.06282,0.17913
Time,s,59,0.17373,0.16859,0.06415,0.17484
Time,s,59,0.17336,0.17171,0.06191,0.17601
Time,s,59,0.17376,0.17005,0.07384,0.17595
Time,s,59,0.1746,0.17321,0.06449,0.17957
Time,s,59,0.17382,0.18311,0.0622,0.17894
Time,s,59,0.17814,0.17706,0.06691,0.17595
Time,s,59,0.17681,0.17901,0.06195,0.18333
Time,s,59,0.18442,0.17407,0.06831,0.18485
Time,s,59,0.17673,0.18395,0.06401,0.18155
Time,s,59,0.17964,0.16999,0.06364,0.17495
Time,s,59,0.18538,0.17461,0.06351,0.18006
Time,s,59,0.18143,0.17001,0.0624,0.18026
Time,s,59,0.17729,0.16947,0.06896,0.17766
Time,s,59,0.1818,0.17021,0.0647,0.18074
Time,s,59,0.17939,0.17575,0.06283,0.17723
Time,s,59,0.17704,0.1762,0.06729,0.17633
Time,s,59,0.17849,0.17483,0.06399,0.17919
Time,s,59,0.17662,0.17483,0.06271,0.18059
Time,s,59,0.17486,0.17193,0.06553,0.1755
Time,s,59,0.17621,0.1711,0.06288,0.1798
Time,s,59,0.17618,0.17042,0.06697,0.17842
Time,s,59,0.17814,0.17111,0.0635,0.17446
Time,s,59,0.17591,0.17105,0.06198,0.17854
Time,s,59,0.17715,0.17425,0.06571,0.17643
Time,s,59,0.17694,0.17156,0.06284,0.17514
Time,s,59,0.17902,0.17028,0.06978,0.17547
Time,s,59,0.18457,0.17856,0.06566,0.17556
Time,s,59,0.17668,0.17905,0.06775,0.17555
Time,s,59,0.17452,0.17482,0.06733,0.17758
Time,s,59,0.18461,0.16971,0.0629,0.17688
Time,s,59,0.18537,0.1714,0.0694,0.17689
Time,s,59,0.18225,0.17218,0.06393,0.17759
Time,s,59,0.17962,0.17284,0.06385,0.17652
Time,s,60,0.18089,0.1737,0.06577,0.17605
Time,s,60,0.17832,0.17269,0.06145,0.17671
Time,s,60,0.17744,0.17239,0.06807,0.17666
Time,s,60,0.17657,0.17568,0.06341,0.18142
Time,s,60,0.17759,0.17046,0.0617,0.18383
Time,s,60,0.17645,0.17134,0.06443,0.1773
Time,s,60,0.17734,0.17048,0.06186,0.18458
Time,s,60,0.17674,0.17027,0.06141,0.17914
Time,s,60,0.18097,0.171,0.06231,0.18128
Time,s,60,0.17686,0.1759,0.06251,0.18211
Time,s,60,0.18253,0.17552,0.06221,0.18163
Time,s,60,0.18451,0.17061,0.06078,0.17568
Time,s,60,0.186,0.17618,0.06359,0.17612
Time,s,60,0.17806,0.17848,0.05974,0.17605
Time,s,60,0.17765,0.17297,0.06515,0.17688
Time,s,60,0.18106,0.17125,0.06149,0.17974
Time,s,60,0.17612,0.17131,0.06861,0.18135
Time,s,60,0.17477,0.16988,0.06316,0.18332
Time,s,60,0.17453,0.16865,0.06153,0.1817
Time,s,60,0.17798,0.16846,0.06811,0.1764
Time,s,60,0.17504,0.17545,0.06224,0.1821
Time,s,60,0.17566,0.17093,0.06645,0.17555
Time,s,60,0.17487,0.17164,0.06227,0.17772
Time,s,60,0.17713,0.16884,0.06133,0.1784
Time,s,60,0.18367,0.17479,0.06295,0.17953
Time,s,60,0.18044,0.16777,0.06233,0.17905
Time,s,60,0.18705,0.17278,0.06454,0.17682
Time,s,60,0.18118,0.17459,0.06244,0.1765
Time,s,60,0.18623,0.178,0.06526,0.17678
Time,s,60,0.18342,0.17254,0.0631,0.17666
Time,s,60,0.19645,0.17279,0.06709,0.1766
Time,s,60,0.17604,0.17217,0.06284,0.17622
Time,s,60,0.17499,0.16719,0.06235,0.17828
Time,s,60,0.17778,0.16863,0.06458,0.18312
Time,s,60,0.17454,0.1709,0.06391,0.17928
Time,s,60,0.17581,0.16902,0.06672,0.17611
Time,s,60,0.17498,0.168,0.06109,0.17759
Time,s,60,0.18609,0.16728,0.06765,0.17679
Time,s,60,0.17634,0.16803,0.06364,0.17854
Time,s,60,0.18086,0.1717,0.0623,0.17613
Time,s,60,0.17973,0.18217,0.06218,0.17641
Time,s,60,0.17453,0.1771,0.06174,0.1775
Time,s,60,0.17514,0.16688,0.0657,0.1766
Time,s,60,0.17471,0.17388,0.06296,0.18932
Time,s,60,0.18058,0.17026,0.07142,0.18778
Time,s,60,0.17668,0.17421,0.0677,0.19217
Time,s,60,0.18134,0.17092,0.0609,0.19161
Time,s,60,0.17556,0.17132,0.06176,0.18514
Time,s,60,0.17605,0.16737,0.0614,0.18176
Time,s,60,0.17625,0.16934,0.06223,0.18783
Time,s,60,0.17477,0.17153,0.06103,0.18738
Time,s,60,0.17433,0.16879,0.06833,0.18869
Time,s,60,0.17639,0.16696,0.06233,0.18315
Time,s,60,0.17404,0.1718,0.06162,0.18427
Time,s,60,0.17663,0.17325,0.06506,0.1867
Time,s,60,0.18277,0.1715,0.06174,0.19203
Time,s,60,0.1804,0.17103,0.06132,0.18725
Time,s,60,0.17972,0.16792,0.06137,0.18391
Time,s,60,0.17716,0.16986,0.0667,0.1836
Time,s,60,0.17681,0.17068,0.06271,0.18053
Time,s,60,0.17801,0.16823,0.06282,0.1838
Time,s,60,0.17533,0.16996,0.06425,0.18872
Time,s,60,0.17523,0.16889,0.06168,0.18897
Time,s,60,0.17441,0.16919,0.0663,0.1793
Time,s,60,0.18297,0.175,0.06207,0.17928
Time,s,60,0.1735,0.17774,0.06724,0.18097
Time,s,60,0.1738,0.16869,0.06285,0.18165
Time,s,60,0.17522,0.17212,0.06163,0.18443
Time,s,60,0.17479,0.17712,0.06466,0.1819
Time,s,60,0.17525,0.17238,0.06227,0.18303
Time,s,60,0.18584,0.17391,0.06711,0.18394
Time,s,60,0.17365,0.17238,0.06203,0.17953
Time,s,60,0.17544,0.16852,0.06749,0.17983
Time,s,60,0.1861,0.16833,0.06268,0.17983
Time,s,60,0.17446,0.16854,0.06122,0.18236
Time,s,60,0.17972,0.17085,0.0642,0.17902
Time,s,60,0.17548,0.16981,0.06162,0.18197
Time,s,60,0.17485,0.16996,0.06834,0.18142
Time,s,60,0.17789,0.17994,0.06146,0.17964
Time,s,60,0.17542,0.17616,0.06746,0.18313
Time,s,60,0.17464,0.16983,0.06328,0.18194
Time,s,60,0.17931,0.17415,0.06195,0.18102
Time,s,60,0.17533,0.17216,0.06477,0.17941
Time,s,60,0.17422,0.17533,0.0619,0.18034
Time,s,60,0.17396,0.17436,0.06577,0.17748
Time,s,60,0.17469,0.1691,0.06236,0.18054
Time,s,60,0.1753,0.17264,0.06809,0.17607
Time,s,60,0.181,0.17261,0.06335,0.174
Time,s,60,0.17324,0.17165,0.06144,0.18342
Time,s,60,0.17348,0.1694,0.06218,0.17589
Time,s,60,0.17563,0.17058,0.06153,0.1801
Time,s,60,0.18142,0.16872,0.06543,0.17646
Time,s,60,0.17756,0.17698,0.06111,0.18171
Time,s,60,0.17554,0.17451,0.06866,0.17761
Time,s,60,0.17851,0.16904,0.06257,0.17823
Time,s,60,0.17502,0.17358,0.06557,0.17805
Time,s,60,0.1739,0.17948,0.06551,0.17628
Time,s,60,0.17441,0.18068,0.06215,0.17868
Time,s,60,0.17593,0.17771,0.06635,0.17681
Time,s,60,0.17521,0.17206,0.06122,0.17674
Time,s,61,0.18002,0.17062,0.06432,0.17427
Time,s,61,0.17422,0.17703,0.06397,0.17653
Time,s,61,0.17545,0.17286,0.06427,0.17801
Time,s,61,0.18035,0.16933,0.06476,0.17628
Time,s,61,0.176,0.17189,0.06289,0.18226
Time,s,61,0.17919,0.16965,0.06735,0.17554
Time,s,61,0.17901,0.17968,0.06305,0.17897
Time,s,61,0.17762,0.17367,0.06984,0.1771
Time,s,61,0.17705,0.17081,0.06418,0.17822
Time,s,61,0.17788,0.17769,0.06205,0.17904
Time,s,61,0.17852,0.17387,0.06604,0.17956
Time,s,61,0.17471,0.1737,0.06267,0.17942
Time,s,61,0.17317,0.1735,0.06611,0.18473
Time,s,61,0.17331,0.17282,0.06255,0.17891
Time,s,61,0.17499,0.17366,0.06876,0.17654
Time,s,61,0.1743,0.17867,0.06266,0.17889
Time,s,61,0.17507,0.16857,0.06288,0.18659
Time,s,61,0.17539,0.16942,0.06246,0.17752
Time,s,61,0.17835,0.16919,0.06301,0.17793
Time,s,61,0.18002,0.16891,0.06702,0.17542
Time,s,61,0.18069,0.1731,0.06757,0.17553
Time,s,61,0.18442,0.17488,0.07005,0.17761
Time,s,61,0.18078,0.17324,0.06331,0.17646
Time,s,61,0.1853,0.1808,0.06851,0.17599
Time,s,61,0.17881,0.183,0.06559,0.1763
Time,s,61,0.18148,0.17934,0.06369,0.17741
Time,s,61,0.17744,0.17407,0.06771,0.18163
Time,s,61,0.17661,0.1789,0.06403,0.18249
Time,s,61,0.17987,0.17807,0.06793,0.18374
Time,s,61,0.17785,0.17535,0.06368,0.1832
Time,s,61,0.17608,0.17688,0.06977,0.17612
Time,s,61,0.17659,0.18192,0.06536,0.1764
Time,s,61,0.18589,0.17397,0.0637,0.18216
Time,s,61,0.17608,0.17577,0.06753,0.17981
Time,s,61,0.18373,0.17585,0.063,0.17752
Time,s,61,0.17626,0.18339,0.06462,0.17605
Time,s,61,0.18025,0.18081,0.06418,0.17743
Time,s,61,0.1779,0.17977,0.06946,0.17566
Time,s,61,0.17575,0.17927,0.06462,0.18042
Time,s,61,0.18249,0.17781,0.06334,0.17549
Time,s,61,0.17783,0.17803,0.06554,0.1751
Time,s,61,0.17641,0.17555,0.06139,0.17634
Time,s,61,0.17476,0.17464,0.0667,0.176
Time,s,61,0.18151,0.17796,0.06285,0.17728
Time,s,61,0.1808,0.17425,0.0702,0.17555
Time,s,61,0.1757,0.17393,0.06883,0.18813
Time,s,61,0.18049,0.18327,0.06241,0.18193
Time,s,61,0.17606,0.17951,0.0649,0.18253
Time,s,61,0.17636,0.18032,0.06253,0.18185
Time,s,61,0.1758,0.17957,0.068,0.18209
Time,s,61,0.17739,0.17495,0.06209,0.18391
Time,s,61,0.18369,0.17352,0.07154,0.17632
Time,s,61,0.17712,0.18009,0.06393,0.18065
Time,s,61,0.17664,0.1747,0.06187,0.18018
Time,s,61,0.18131,0.17291,0.06425,0.17838
Time,s,61,0.18094,0.17044,0.06253,0.17998
Time,s,61,0.1765,0.16855,0.06704,0.1796
Time,s,61,0.17883,0.16723,0.06227,0.17582
Time,s,61,0.17845,0.16716,0.06782,0.17915
Time,s,61,0.17911,0.17674,0.06441,0.17777
Time,s,61,0.17868,0.17625,0.06142,0.17641
Time,s,61,0.17569,0.17306,0.06548,0.17924
Time,s,61,0.17616,0.17413,0.06275,0.17301
Time,s,61,0.17668,0.17078,0.06727,0.17572
Time,s,61,0.18017,0.17171,0.06264,0.17616
Time,s,61,0.17709,0.17186,0.06846,0.17409
Time,s,61,0.17699,0.1725,0.06396,0.17436
Time,s,61,0.18595,0.16903,0.06265,0.17528
Time,s,61,0.18278,0.17014,0.06546,0.17616
Time,s,61,0.17664,0.17697,0.0654,0.17708
Time,s,61,0.18233,0.17009,0.07091,0.17843
Time,s,61,0.18088,0.18109,0.0627,0.17365
Time,s,61,0.18313,0.17624,0.06749,0.1752
Time,s,61,0.18175,0.17454,0.0626,0.17365
Time,s,61,0.18421,0.16985,0.06503,0.17665
Time,s,61,0.1792,0.17239,0.06476,0.17548
Time,s,61,0.17798,0.17721,0.06589,0.18382
Time,s,61,0.17741,0.1793,0.06768,0.18253
Time,s,61,0.17917,0.17184,0.06396,0.17534
Time,s,61,0.1785,0.1704,0.06902,0.17849
Time,s,61,0.17678,0.17345,0.06405,0.17838
Time,s,61,0.18189,0.17083,0.0699,0.17496
Time,s,61,0.17973,0.16951,0.06377,0.1782
Time,s,61,0.17892,0.17186,0.06429,0.17826
Time,s,61,0.18293,0.1777,0.06762,0.1797
Time,s,61,0.18256,0.17548,0.06466,0.1749
Time,s,61,0.18244,0.17185,0.06919,0.18199
Time,s,61,0.18324,0.16968,0.06388,0.18422
Time,s,61,0.18124,0.17403,0.07054,0.17943
Time,s,61,0.18316,0.17188,0.06458,0.17486
Time,s,61,0.17838,0.17605,0.06451,0.17553
Time,s,61,0.18319,0.17773,0.06808,0.17996
Time,s,61,0.17711,0.17089,0.06541,0.18145
Time,s,61,0.17844,0.17122,0.06909,0.1795
Time,s,61,0.17904,0.17073,0.07026,0.18265
Time,s,61,0.17847,0.17055,0.06996,0.18201
Time,s,61,0.1767,0.17596,0.06497,0.18022
Time,s,61,0.17663,0.17656,0.06406,0.18456
Time,s,61,0.17666,0.17915,0.06757,0.18097
Time,s,61,0.17768,0.17705,0.06366,0.17996
Time,s,62,0.18603,0.17508,0.06869,0.1833
Time,s,62,0.18631,0.1716,0.06428,0.18724
Time,s,62,0.18361,0.16881,0.07066,0.18918
Time,s,62,0.17648,0.16993,0.06503,0.18901
Time,s,62,0.17565,0.17749,0.06334,0.19071
Time,s,62,0.18723,0.1695,0.0671,0.17976
Time,s,62,0.18034,0.1706,0.06149,0.18812
Time,s,62,0.1823,0.17411,0.06923,0.1804
Time,s,62,0.18061,0.17413,0.06526,0.18424
Time,s,62,0.17447,0.17599,0.07569,0.18521
Time,s,62,0.17665,0.17825,0.06719,0.18168
Time,s,62,0.17361,0.16824,0.06337,0.18454
Time,s,62,0.17484,0.17295,0.06906,0.18494
Time,s,62,0.17405,0.17451,0.06479,0.18182
Time,s,62,0.17366,0.17014,0.0718,0.18015
Time,s,62,0.17518,0.16801,0.0638,0.18623
Time,s,62,0.17419,0.16957,0.06501,0.18426
Time,s,62,0.18191,0.17057,0.06745,0.18199
Time,s,62,0.18079,0.17186,0.06978,0.18223
Time,s,62,0.18397,0.17451,0.06808,0.18159
Time,s,62,0.17992,0.17336,0.0632,0.18172
Time,s,62,0.17772,0.17256,0.06844,0.1809
Time,s,62,0.17739,0.17175,0.06695,0.18221
Time,s,62,0.17784,0.17098,0.06416,0.18123
Time,s,62,0.17852,0.17089,0.06869,0.18464
Time,s,62,0.1853,0.17048,0.06311,0.18018
Time,s,62,0.17762,0.17387,0.06935,0.1809
Time,s,62,0.17492,0.17197,0.06366,0.18066
Time,s,62,0.1777,0.16868,0.0709,0.18885
Time,s,62,0.17342,0.168,0.06546,0.1802
Time,s,62,0.17566,0.16893,0.06441,0.18259
Time,s,62,0.17451,0.16889,0.06777,0.18551
Time,s,62,0.1738,0.17746,0.06522,0.18651
Time,s,62,0.17525,0.16848,0.07048,0.18431
Time,s,62,0.18431,0.18106,0.0614,0.18213
Time,s,62,0.17369,0.17836,0.0639,0.17708
Time,s,62,0.17384,0.17265,0.0665,0.18749
Time,s,62,0.18286,0.16904,0.06446,0.17761
Time,s,62,0.17515,0.17135,0.06939,0.17845
Time,s,62,0.18034,0.17329,0.06646,0.18489
Time,s,62,0.17746,0.16725,0.07409,0.18125
Time,s,62,0.17572,0.16863,0.06692,0.18026
Time,s,62,0.18107,0.17153,0.07121,0.18127
Time,s,62,0.17347,0.17695,0.07078,0.17758
Time,s,62,0.17594,0.16946,0.066,0.17825
Time,s,62,0.17359,0.17044,0.07101,0.17881
Time,s,62,0.17825,0.17091,0.06789,0.17797
Time,s,62,0.1747,0.17567,0.07404,0.17604
Time,s,62,0.17419,0.16908,0.06571,0.17841
Time,s,62,0.18738,0.17811,0.06743,0.17796
Time,s,62,0.17485,0.18858,0.07066,0.17622
Time,s,62,0.17784,0.19877,0.06672,0.1792
Time,s,62,0.18031,0.19804,0.06623,0.18447
Time,s,62,0.17451,0.19212,0.06692,0.18472
Time,s,62,0.1784,0.19826,0.06673,0.18278
Time,s,62,0.17705,0.18582,0.06782,0.18469
Time,s,62,0.17414,0.17569,0.06687,0.18187
Time,s,62,0.17603,0.1725,0.07006,0.17656
Time,s,62,0.17352,0.16866,0.06574,0.17831
Time,s,62,0.17395,0.1732,0.066,0.18091
Time,s,62,0.17383,0.17478,0.06578,0.18065
Time,s,62,0.17412,0.18569,0.06595,0.18283
Time,s,62,0.17448,0.191,0.06558,0.18085
Time,s,62,0.17301,0.18309,0.06648,0.17997
Time,s,62,0.18392,0.16988,0.07096,0.17725
Time,s,62,0.18288,0.16962,0.0667,0.18032
Time,s,62,0.18042,0.17224,0.07399,0.18009
Time,s,62,0.17924,0.16817,0.07205,0.17735
Time,s,62,0.18104,0.16931,0.06631,0.17725
Time,s,62,0.1816,0.16882,0.07057,0.17895
Time,s,62,0.17684,0.17744,0.06547,0.17881
Time,s,62,0.17416,0.17665,0.07243,0.17594
Time,s,62,0.17391,0.17909,0.06728,0.1774
Time,s,62,0.17674,0.17572,0.06711,0.17798
Time,s,62,0.1731,0.17177,0.06941,0.17705
Time,s,62,0.17379,0.17328,0.06651,0.17633
Time,s,62,0.17308,0.16927,0.07092,0.17633
Time,s,62,0.1748,0.17001,0.06575,0.18562
Time,s,62,0.17594,0.16998,0.07404,0.18001
Time,s,62,0.17317,0.17408,0.06834,0.18488
Time,s,62,0.17632,0.16953,0.06668,0.18051
Time,s,62,0.17726,0.16999,0.07151,0.17844
Time,s,62,0.18463,0.18124,0.06626,0.18032
Time,s,62,0.17351,0.18091,0.07273,0.17474
Time,s,62,0.17735,0.17601,0.06678,0.18074
Time,s,62,0.17685,0.20813,0.06665,0.19158
Time,s,62,0.17785,0.21265,0.06788,0.17859
Time,s,62,0.17878,0.20518,0.06689,0.18012
Time,s,62,0.17372,0.20362,0.06831,0.17637
Time,s,62,0.17454,0.19778,0.06626,0.17651
Time,s,62,0.17441,0.20708,0.07389,0.17647
Time,s,62,0.17664,0.19835,0.06992,0.1773
Time,s,62,0.17437,0.19734,0.06625,0.17691
Time,s,62,0.18115,0.19386,0.06933,0.17639
Time,s,62,0.17868,0.19541,0.06612,0.17621
Time,s,62,0.18071,0.20539,0.06963,0.17581
Time,s,62,0.17382,0.19773,0.06645,0.17961
Time,s,62,0.17865,0.19534,0.07212,0.17794
Time,s,62,0.17788,0.2057,0.06683,0.17512
Time,s,62,0.18111,0.19661,0.06588,0.17684
Time,s,63,0.17901,0.19622,0.06405,0.17441
Time,s,63,0.17379,0.19029,0.06335,0.17575
Time,s,63,0.17552,0.17577,0.06816,0.18842
Time,s,63,0.1741,0.17647,0.06423,0.18501
Time,s,63,0.17445,0.17691,0.07109,0.18057
Time,s,63,0.18327,0.17756,0.06318,0.18194
Time,s,63,0.1813,0.18313,0.06443,0.17958
Time,s,63,0.17542,0.18489,0.06354,0.18232
Time,s,63,0.18173,0.17914,0.06407,0.18068
Time,s,63,0.18029,0.17053,0.06702,0.18023
Time,s,63,0.18067,0.17853,0.06371,0.18288
Time,s,63,0.1834,0.1838,0.07025,0.17953
Time,s,63,0.18419,0.16975,0.06398,0.18052
Time,s,63,0.18293,0.16984,0.07044,0.18387
Time,s,63,0.18033,0.17073,0.06458,0.1778
Time,s,63,0.18033,0.17627,0.06842,0.17679
Time,s,63,0.18255,0.17529,0.06708,0.18119
Time,s,63,0.17912,0.17061,0.06408,0.17477
Time,s,63,0.1894,0.17652,0.06747,0.17547
Time,s,63,0.18625,0.17169,0.06475,0.17649
Time,s,63,0.18726,0.17053,0.06323,0.17547
Time,s,63,0.1794,0.1726,0.06465,0.17622
Time,s,63,0.1799,0.17119,0.0705,0.17653
Time,s,63,0.18286,0.17186,0.06486,0.17595
Time,s,63,0.17955,0.18009,0.0642,0.17728
Time,s,63,0.18125,0.17848,0.06374,0.17839
Time,s,63,0.18074,0.18607,0.0641,0.17592
Time,s,63,0.18313,0.17309,0.06934,0.18547
Time,s,63,0.18665,0.17641,0.06349,0.18131
Time,s,63,0.17961,0.17431,0.06421,0.18257
Time,s,63,0.17889,0.17308,0.06454,0.18332
Time,s,63,0.17823,0.17048,0.06468,0.18046
Time,s,63,0.18058,0.17144,0.06521,0.18305
Time,s,63,0.17918,0.17122,0.06353,0.17697
Time,s,63,0.18501,0.17328,0.06756,0.17788
Time,s,63,0.18503,0.18281,0.06273,0.17848
Time,s,63,0.18799,0.17671,0.06416,0.17744
Time,s,63,0.18803,0.17406,0.06248,0.17743
Time,s,63,0.18449,0.17425,0.07075,0.17602
Time,s,63,0.18087,0.17594,0.06405,0.17967
Time,s,63,0.18235,0.18161,0.06407,0.17656
Time,s,63,0.17941,0.17021,0.0677,0.17693
Time,s,63,0.17923,0.17323,0.06153,0.17715
Time,s,63,0.17886,0.17142,0.06506,0.17504
Time,s,63,0.1808,0.17473,0.06142,0.17749
Time,s,63,0.18134,0.17905,0.06054,0.17624
Time,s,63,0.18052,0.18151,0.06104,0.17617
Time,s,63,0.17825,0.17693,0.06631,0.17486
Time,s,63,0.18667,0.17586,0.06344,0.17471
Time,s,63,0.18589,0.17636,0.06128,0.17609
Time,s,63,0.1821,0.17757,0.06391,0.18181
Time,s,63,0.17941,0.17515,0.06058,0.18523
Time,s,63,0.17727,0.17674,0.06435,0.17536
Time,s,63,0.17869,0.17232,0.06156,0.18168
Time,s,63,0.18214,0.17379,0.06568,0.18325
Time,s,63,0.17515,0.17324,0.06015,0.18505
Time,s,63,0.17975,0.17821,0.062,0.18496
Time,s,63,0.17685,0.1711,0.06171,0.17836
Time,s,63,0.17549,0.1705,0.06129,0.17663
Time,s,63,0.17679,0.17313,0.06497,0.17612
Time,s,63,0.17308,0.1713,0.06143,0.17821
Time,s,63,0.1739,0.16754,0.06498,0.17574
Time,s,63,0.17569,0.17036,0.06105,0.17633
Time,s,63,0.17405,0.17366,0.06612,0.17545
Time,s,63,0.17544,0.1692,0.06237,0.17557
Time,s,63,0.18229,0.16977,0.0607,0.17639
Time,s,63,0.18069,0.16882,0.06969,0.18093
Time,s,63,0.17813,0.17619,0.06062,0.17738
Time,s,63,0.17543,0.16858,0.06641,0.18202
Time,s,63,0.18131,0.17059,0.06135,0.17936
Time,s,63,0.18242,0.16746,0.06624,0.17819
Time,s,63,0.17914,0.17298,0.06125,0.17623
Time,s,63,0.17463,0.17206,0.07065,0.18471
Time,s,63,0.17608,0.16945,0.06572,0.18174
Time,s,63,0.17987,0.17135,0.06244,0.18266
Time,s,63,0.17383,0.1686,0.06408,0.18188
Time,s,63,0.17306,0.1673,0.06048,0.18536
Time,s,63,0.17428,0.17125,0.06327,0.18206
Time,s,63,0.17374,0.17595,0.06118,0.1797
Time,s,63,0.17423,0.17954,0.06146,0.17945
Time,s,63,0.17949,0.17185,0.06063,0.18015
Time,s,63,0.18338,0.16818,0.06813,0.17719
Time,s,63,0.18445,0.17154,0.06214,0.18291
Time,s,63,0.18269,0.17085,0.06193,0.18041
Time,s,63,0.17812,0.17368,0.06448,0.17922
Time,s,63,0.17741,0.16884,0.06166,0.18072
Time,s,63,0.17436,0.16984,0.06405,0.18154
Time,s,63,0.17958,0.16877,0.06119,0.1827
Time,s,63,0.17755,0.17338,0.06735,0.18095
Time,s,63,0.17828,0.17571,0.0621,0.17934
Time,s,63,0.17683,0.17299,0.0607,0.18099
Time,s,63,0.17567,0.17242,0.06243,0.17962
Time,s,63,0.17743,0.16831,0.06623,0.18892
Time,s,63,0.17427,0.17043,0.06327,0.18802
Time,s,63,0.17356,0.17123,0.06055,0.19109
Time,s,63,0.17346,0.17599,0.06582,0.18387
Time,s,63,0.17378,0.1698,0.061,0.18579
Time,s,63,0.1746,0.16909,0.06737,0.19485
Time,s,63,0.17474,0.16875,0.06326,0.18562
Time,s,63,0.18497,0.16828,0.06034,0.18931
Time,s,64,0.17707,0.17559,0.06367,0.18178
Time,s,64,0.1792,0.17542,0.06048,0.18427
Time,s,64,0.18298,0.17565,0.06137,0.18136
Time,s,64,0.17985,0.17346,0.06357,0.18384
Time,s,64,0.17914,0.17168,0.06711,0.18125
Time,s,64,0.17595,0.17176,0.06228,0.18134
Time,s,64,0.1778,0.17411,0.06918,0.18146
Time,s,64,0.17904,0.16971,0.06206,0.17939
Time,s,64,0.17662,0.17051,0.06156,0.18
Time,s,64,0.17582,0.18124,0.06346,0.18008
Time,s,64,0.17486,0.18998,0.06103,0.18025
Time,s,64,0.17483,0.18449,0.0658,0.18052
Time,s,64,0.17392,0.18022,0.05888,0.18259
Time,s,64,0.17554,0.17953,0.06708,0.18136
Time,s,64,0.17429,0.17185,0.06166,0.18263
Time,s,64,0.17402,0.17435,0.06156,0.18078
Time,s,64,0.18197,0.17288,0.06355,0.18287
Time,s,64,0.18102,0.17299,0.0653,0.19275
Time,s,64,0.18156,0.17403,0.06683,0.18818
Time,s,64,0.17736,0.1783,0.06093,0.1854
Time,s,64,0.1763,0.17751,0.06582,0.18029
Time,s,64,0.1749,0.18211,0.06139,0.18429
Time,s,64,0.17388,0.17971,0.06918,0.18112
Time,s,64,0.17431,0.17312,0.06392,0.18185
Time,s,64,0.17858,0.16985,0.06245,0.18088
Time,s,64,0.17452,0.17145,0.06125,0.18232
Time,s,64,0.17405,0.17126,0.06206,0.17621
Time,s,64,0.17604,0.17364,0.06516,0.18254
Time,s,64,0.17733,0.17316,0.06118,0.18121
Time,s,64,0.17408,0.16936,0.06714,0.17958
Time,s,64,0.17398,0.17034,0.06108,0.18224
Time,s,64,0.1844,0.18038,0.06857,0.17779
Time,s,64,0.18169,0.16886,0.06101,0.1773
Time,s,64,0.18133,0.17765,0.06112,0.17561
Time,s,64,0.18269,0.17724,0.0646,0.1755
Time,s,64,0.18009,0.17515,0.05956,0.18164
Time,s,64,0.17947,0.17461,0.06593,0.17692
Time,s,64,0.17635,0.17533,0.06154,0.17565
Time,s,64,0.1811,0.17211,0.06683,0.17549
Time,s,64,0.17577,0.17184,0.0615,0.17763
Time,s,64,0.17637,0.17123,0.06934,0.17524
Time,s,64,0.17583,0.16921,0.06189,0.17888
Time,s,64,0.17309,0.16979,0.06318,0.18399
Time,s,64,0.17467,0.16986,0.06846,0.1834
Time,s,64,0.17555,0.16951,0.06074,0.18343
Time,s,64,0.177,0.17615,0.06601,0.18458
Time,s,64,0.17383,0.17473,0.06127,0.1802
Time,s,64,0.17507,0.17883,0.061,0.17929
Time,s,64,0.18029,0.17388,0.06157,0.17762
Time,s,64,0.18038,0.17441,0.06166,0.17758
Time,s,64,0.17908,0.17089,0.06142,0.1786
Time,s,64,0.17797,0.17127,0.06223,0.17737
Time,s,64,0.17427,0.17026,0.06451,0.17995
Time,s,64,0.17545,0.17003,0.06085,0.18035
Time,s,64,0.1758,0.16898,0.06826,0.17963
Time,s,64,0.17558,0.16824,0.06223,0.17596
Time,s,64,0.17954,0.18721,0.06753,0.17846
Time,s,64,0.17394,0.17551,0.06226,0.17841
Time,s,64,0.17614,0.16997,0.06256,0.17701
Time,s,64,0.17506,0.17367,0.06385,0.17868
Time,s,64,0.17451,0.17061,0.0636,0.17509
Time,s,64,0.17412,0.17079,0.0653,0.17599
Time,s,64,0.17723,0.17003,0.0613,0.17587
Time,s,64,0.17764,0.17457,0.06607,0.17797
Time,s,64,0.17534,0.17032,0.06239,0.17577
Time,s,64,0.17649,0.17186,0.06791,0.17549
Time,s,64,0.17454,0.17213,0.06403,0.18111
Time,s,64,0.1805,0.16964,0.0634,0.1763
Time,s,64,0.18127,0.18185,0.07078,0.17928
Time,s,64,0.18124,0.17823,0.06202,0.17575
Time,s,64,0.18079,0.17533,0.06594,0.17666
Time,s,64,0.17579,0.1792,0.06122,0.17854
Time,s,64,0.17897,0.17326,0.06629,0.184
Time,s,64,0.1746,0.17047,0.06205,0.18478
Time,s,64,0.17735,0.16947,0.06018,0.17549
Time,s,64,0.18037,0.17374,0.06287,0.17665
Time,s,64,0.17497,0.17985,0.06075,0.18533
Time,s,64,0.1779,0.16998,0.0612,0.18441
Time,s,64,0.17431,0.17883,0.06105,0.1822
Time,s,64,0.17323,0.17619,0.06631,0.17896
Time,s,64,0.17747,0.17673,0.06145,0.18033
Time,s,64,0.1773,0.17801,0.06119,0.18486
Time,s,64,0.17733,0.17324,0.06253,0.18053
Time,s,64,0.17533,0.17355,0.06033,0.1782
Time,s,64,0.18238,0.18145,0.06276,0.18256
Time,s,64,0.17554,0.16999,0.06214,0.17874
Time,s,64,0.17511,0.16929,0.06519,0.18001
Time,s,64,0.17484,0.17085,0.06051,0.17808
Time,s,64,0.17721,0.17397,0.06605,0.17649
Time,s,64,0.17954,0.16958,0.06057,0.17546
Time,s,64,0.18483,0.17071,0.06721,0.17665
Time,s,64,0.17569,0.17599,0.06339,0.17708
Time,s,64,0.17502,0.17459,0.06023,0.17642
Time,s,64,0.17517,0.18421,0.0662,0.1767
Time,s,64,0.17528,0.17031,0.06631,0.17807
Time,s,64,0.17417,0.16927,0.06784,0.17783
Time,s,64,0.17372,0.17309,0.06096,0.1763
Time,s,64,0.17419,0.1715,0.06841,0.17872
Time,s,64,0.18467,0.17435,0.06297,0.17643
Time,s,64,0.17711,0.17036,0.06099,0.17598
Time,s,65,0.18117,0.17035,0.06423,0.17608
Time,s,65,0.18081,0.17108,0.06203,0.17713
Time,s,65,0.18139,0.17039,0.06814,0.17659
Time,s,65,0.18669,0.17509,0.06417,0.1852
Time,s,65,0.182,0.17017,0.06169,0.17982
Time,s,65,0.17863,0.16938,0.06076,0.17569
Time,s,65,0.17715,0.16993,0.06092,0.18143
Time,s,65,0.18036,0.17287,0.06818,0.18215
Time,s,65,0.17992,0.17306,0.06201,0.1813
Time,s,65,0.17799,0.17273,0.06094,0.18487
Time,s,65,0.17775,0.17126,0.0639,0.18077
Time,s,65,0.18234,0.17811,0.06077,0.18162
Time,s,65,0.17781,0.17533,0.06724,0.1815
Time,s,65,0.1862,0.18018,0.06324,0.18179
Time,s,65,0.1858,0.17186,0.0605,0.17987
Time,s,65,0.18318,0.17965,0.06743,0.18015
Time,s,65,0.1838,0.17285,0.06185,0.18142
Time,s,65,0.18383,0.17738,0.06182,0.17953
Time,s,65,0.18632,0.17277,0.06266,0.17995
Time,s,65,0.18448,0.18189,0.06473,0.17586
Time,s,65,0.1818,0.17601,0.06453,0.18201
Time,s,65,0.18445,0.17511,0.06001,0.17869
Time,s,65,0.18087,0.17706,0.06006,0.17864
Time,s,65,0.18259,0.1784,0.06366,0.18218
Time,s,65,0.18895,0.17868,0.06148,0.17721
Time,s,65,0.17949,0.17135,0.06612,0.17619
Time,s,65,0.17988,0.17653,0.06126,0.1767
Time,s,65,0.17601,0.17542,0.05972,0.17675
Time,s,65,0.17875,0.17646,0.06554,0.17561
Time,s,65,0.17672,0.17354,0.06087,0.17533
Time,s,65,0.18139,0.1735,0.0591,0.17653
Time,s,65,0.18361,0.177,0.06366,0.17814
Time,s,65,0.18195,0.17276,0.05959,0.18514
Time,s,65,0.17892,0.18505,0.06553,0.18299
Time,s,65,0.18119,0.17791,0.06149,0.17842
Time,s,65,0.18526,0.17598,0.06011,0.18169
Time,s,65,0.18101,0.17602,0.0643,0.18007
Time,s,65,0.17883,0.17256,0.06189,0.18165
Time,s,65,0.17767,0.17926,0.06745,0.18004
Time,s,65,0.1796,0.17186,0.06228,0.1808
Time,s,65,0.18223,0.17684,0.05973,0.17944
Time,s,65,0.17726,0.17377,0.06125,0.17666
Time,s,65,0.17889,0.17213,0.06026,0.17555
Time,s,65,0.17826,0.18188,0.0617,0.17927
Time,s,65,0.18044,0.17962,0.06445,0.17742
Time,s,65,0.18285,0.17537,0.06238,0.18137
Time,s,65,0.17681,0.17726,0.06633,0.17936
Time,s,65,0.17967,0.18061,0.06118,0.17683
Time,s,65,0.17457,0.17569,0.05953,0.17665
Time,s,65,0.17844,0.17496,0.06381,0.18163
Time,s,65,0.1803,0.17591,0.06163,0.17599
Time,s,65,0.18245,0.17226,0.06641,0.17694
Time,s,65,0.17859,0.17192,0.06191,0.17525
Time,s,65,0.17771,0.17289,0.06168,0.17563
Time,s,65,0.17608,0.17233,0.06529,0.1752
Time,s,65,0.1754,0.17355,0.06172,0.17554
Time,s,65,0.17436,0.17368,0.06039,0.17519
Time,s,65,0.1747,0.1745,0.06287,0.17899
Time,s,65,0.17426,0.16868,0.06136,0.18658
Time,s,65,0.17622,0.17592,0.06541,0.17627
Time,s,65,0.17407,0.16895,0.06191,0.18049
Time,s,65,0.17567,0.16912,0.06038,0.17489
Time,s,65,0.18612,0.1696,0.06078,0.17548
Time,s,65,0.17969,0.16951,0.06106,0.17954
Time,s,65,0.18198,0.17791,0.06721,0.18114
Time,s,65,0.18135,0.17565,0.06165,0.18359
Time,s,65,0.18009,0.17341,0.0602,0.17936
Time,s,65,0.17975,0.17337,0.06443,0.17912
Time,s,65,0.1791,0.17308,0.0607,0.17891
Time,s,65,0.17851,0.1684,0.0614,0.18345
Time,s,65,0.17527,0.1692,0.06619,0.17555
Time,s,65,0.17911,0.1689,0.06121,0.17518
Time,s,65,0.17642,0.16863,0.06015,0.17972
Time,s,65,0.18115,0.17823,0.0608,0.18213
Time,s,65,0.17491,0.17509,0.06001,0.18401
Time,s,65,0.17501,0.17375,0.06485,0.18219
Time,s,65,0.17486,0.16842,0.06042,0.18644
Time,s,65,0.175,0.17385,0.06032,0.18098
Time,s,65,0.17346,0.17611,0.06164,0.1811
Time,s,65,0.17843,0.17017,0.06111,0.181
Time,s,65,0.17578,0.16964,0.06488,0.1809
Time,s,65,0.18335,0.17069,0.06036,0.18079
Time,s,65,0.18066,0.16869,0.06822,0.18238
Time,s,65,0.17989,0.16899,0.06314,0.18104
Time,s,65,0.17966,0.17612,0.06196,0.18186
Time,s,65,0.18118,0.17451,0.06626,0.1828
Time,s,65,0.18109,0.1744,0.06195,0.18018
Time,s,65,0.17405,0.17653,0.06216,0.18484
Time,s,65,0.18127,0.17443,0.06594,0.18176
Time,s,65,0.18393,0.17712,0.06131,0.17986
Time,s,65,0.18262,0.17345,0.06707,0.18141
Time,s,65,0.18614,0.17288,0.06115,0.1802
Time,s,65,0.18085,0.16865,0.06204,0.18019
Time,s,65,0.18139,0.16914,0.06593,0.19102
Time,s,65,0.18267,0.16827,0.06142,0.18863
Time,s,65,0.18086,0.17956,0.06979,0.18055
Time,s,65,0.17459,0.17989,0.07031,0.18059
Time,s,65,0.18211,0.16871,0.06147,0.18379
Time,s,65,0.18016,0.17227,0.06787,0.18057
Time,s,65,0.17755,0.17138,0.06162,0.1863
Time,s,66,0.18256,0.17279,0.06119,0.18152
Time,s,66,0.17618,0.17146,0.06531,0.1827
Time,s,66,0.17386,0.17,0.06138,0.18767
Time,s,66,0.17775,0.17403,0.06505,0.18552
Time,s,66,0.17662,0.17525,0.06235,0.18094
Time,s,66,0.17668,0.17107,0.06718,0.18521
Time,s,66,0.17519,0.1708,0.06303,0.18436
Time,s,66,0.17715,0.16704,0.06881,0.18137
Time,s,66,0.17471,0.16698,0.06529,0.18462
Time,s,66,0.1732,0.17762,0.06108,0.18286
Time,s,66,0.17448,0.17605,0.0639,0.18249
Time,s,66,0.17384,0.1729,0.06037,0.18107
Time,s,66,0.17959,0.17276,0.06488,0.18551
Time,s,66,0.17768,0.17242,0.06182,0.18218
Time,s,66,0.18142,0.17272,0.06795,0.18189
Time,s,66,0.17461,0.17044,0.06162,0.1758
Time,s,66,0.17721,0.16573,0.06019,0.17502
Time,s,66,0.17476,0.1695,0.06303,0.17497
Time,s,66,0.17715,0.16878,0.06133,0.17638
Time,s,66,0.17692,0.17131,0.06545,0.17744
Time,s,66,0.17964,0.17118,0.06274,0.18595
Time,s,66,0.17416,0.16672,0.07178,0.17642
Time,s,66,0.17461,0.16619,0.06011,0.18287
Time,s,66,0.17395,0.16668,0.06158,0.18152
Time,s,66,0.1727,0.17014,0.06326,0.18167
Time,s,66,0.17554,0.17398,0.0615,0.18176
Time,s,66,0.17935,0.1758,0.06486,0.17619
Time,s,66,0.18083,0.17284,0.06074,0.17815
Time,s,66,0.17929,0.17233,0.06164,0.18018
Time,s,66,0.17886,0.16803,0.06197,0.1839
Time,s,66,0.17357,0.16972,0.06061,0.17841
Time,s,66,0.17468,0.16754,0.06121,0.17806
Time,s,66,0.1736,0.16761,0.06069,0.17765
Time,s,66,0.17863,0.16716,0.06433,0.17641
Time,s,66,0.17749,0.17027,0.06084,0.17553
Time,s,66,0.17735,0.16651,0.06645,0.18013
Time,s,66,0.17851,0.16686,0.06152,0.17675
Time,s,66,0.17556,0.17413,0.06057,0.17699
Time,s,66,0.17394,0.17269,0.06409,0.17795
Time,s,66,0.17506,0.1724,0.06094,0.17528
Time,s,66,0.17302,0.17354,0.06288,0.178
Time,s,66,0.17349,0.17238,0.06023,0.18306
Time,s,66,0.1826,0.17067,0.06503,0.17795
Time,s,66,0.17632,0.17793,0.06284,0.17993
Time,s,66,0.18222,0.16953,0.06783,0.18254
Time,s,66,0.17872,0.16598,0.06136,0.18082
Time,s,66,0.17801,0.16927,0.06421,0.18137
Time,s,66,0.17854,0.16669,0.06479,0.18116
Time,s,66,0.1747,0.1666,0.06096,0.17811
Time,s,66,0.17575,0.16819,0.06037,0.18072
Time,s,66,0.17314,0.17294,0.06119,0.17671
Time,s,66,0.17532,0.16675,0.06689,0.1771
Time,s,66,0.17548,0.16744,0.06288,0.17747
Time,s,66,0.1821,0.17034,0.06115,0.17708
Time,s,66,0.17369,0.1775,0.06067,0.17602
Time,s,66,0.17511,0.16958,0.06083,0.17566
Time,s,66,0.17442,0.17626,0.06609,0.18146
Time,s,66,0.17729,0.17314,0.06147,0.18547
Time,s,66,0.17405,0.17619,0.06726,0.1791
Time,s,66,0.17519,0.16722,0.06296,0.1765
Time,s,66,0.18425,0.16858,0.06248,0.17626
Time,s,66,0.17573,0.16952,0.06184,0.18384
Time,s,66,0.18259,0.17563,0.06182,0.17628
Time,s,66,0.17912,0.17381,0.06471,0.17933
Time,s,66,0.17781,0.17827,0.06117,0.1749
Time,s,66,0.17944,0.17167,0.067,0.17932
Time,s,66,0.17724,0.17363,0.06177,0.17987
Time,s,66,0.17469,0.17204,0.06247,0.17929
Time,s,66,0.17545,0.17342,0.06178,0.17679
Time,s,66,0.17686,0.17249,0.06251,0.17523
Time,s,66,0.17641,0.18114,0.06515,0.17615
Time,s,66,0.17783,0.17592,0.0638,0.17732
Time,s,66,0.17389,0.17472,0.07213,0.17873
Time,s,66,0.17543,0.17365,0.0628,0.17411
Time,s,66,0.17526,0.17586,0.07023,0.17607
Time,s,66,0.17527,0.17947,0.06234,0.17544
Time,s,66,0.17993,0.18011,0.05919,0.17669
Time,s,66,0.18114,0.17371,0.0675,0.1745
Time,s,66,0.17966,0.17957,0.06111,0.1746
Time,s,66,0.18035,0.17291,0.06659,0.18524
Time,s,66,0.18217,0.17943,0.06214,0.18298
Time,s,66,0.17837,0.18707,0.06221,0.1748
Time,s,66,0.17587,0.18014,0.06306,0.18217
Time,s,66,0.17564,0.17618,0.06125,0.18045
Time,s,66,0.17686,0.17368,0.06444,0.17677
Time,s,66,0.17635,0.17263,0.06167,0.18207
Time,s,66,0.17576,0.17165,0.06697,0.18125
Time,s,66,0.1754,0.18125,0.0618,0.17961
Time,s,66,0.17478,0.17338,0.06857,0.18067
Time,s,66,0.1781,0.17727,0.061,0.1786
Time,s,66,0.17514,0.18168,0.06244,0.17683
Time,s,66,0.17349,0.17932,0.06534,0.18034
Time,s,66,0.18279,0.18041,0.06282,0.17595
Time,s,66,0.18278,0.17527,0.06561,0.17542
Time,s,66,0.18111,0.17395,0.06313,0.17822
Time,s,66,0.18456,0.17294,0.06773,0.17492
Time,s,66,0.18032,0.17348,0.06384,0.17636
Time,s,66,0.18307,0.17538,0.0658,0.17548
Time,s,66,0.18033,0.17295,0.06686,0.17754
Time,s,66,0.17739,0.17936,0.062,0.1749
Time,s,67,0.17753,0.18986,0.06669,0.18168
Time,s,67,0.17655,0.182,0.06235,0.18046
Time,s,67,0.17624,0.175,0.06736,0.17961
Time,s,67,0.17661,0.17518,0.06231,0.18233
Time,s,67,0.17687,0.18132,0.07,0.18078
Time,s,67,0.17641,0.18473,0.06331,0.17433
Time,s,67,0.17742,0.17375,0.06386,0.17539
Time,s,67,0.17974,0.17111,0.06464,0.17932
Time,s,67,0.18313,0.17265,0.06385,0.17564
Time,s,67,0.18347,0.17684,0.06659,0.17795
Time,s,67,0.18372,0.17378,0.0639,0.17787
Time,s,67,0.18096,0.17158,0.06832,0.17685
Time,s,67,0.17693,0.17404,0.06402,0.17737
Time,s,67,0.17786,0.1709,0.06612,0.17617
Time,s,67,0.18067,0.17135,0.06461,0.17522
Time,s,67,0.18377,0.17041,0.0624,0.17549
Time,s,67,0.18514,0.17034,0.06582,0.17614
Time,s,67,0.18003,0.17087,0.06242,0.17718
Time,s,67,0.18307,0.17554,0.06632,0.18568
Time,s,67,0.177,0.17782,0.06209,0.18367
Time,s,67,0.17587,0.1734,0.06791,0.18678
Time,s,67,0.17951,0.17042,0.06279,0.19019
Time,s,67,0.17759,0.17263,0.06877,0.1856
Time,s,67,0.17811,0.17015,0.06492,0.18914
Time,s,67,0.18412,0.17951,0.06262,0.18312
Time,s,67,0.18509,0.17024,0.06217,0.18545
Time,s,67,0.18141,0.16923,0.06124,0.17976
Time,s,67,0.18126,0.17043,0.06993,0.18312
Time,s,67,0.18324,0.17301,0.06325,0.18345
Time,s,67,0.178,0.17628,0.06947,0.17936
Time,s,67,0.17642,0.175,0.06262,0.1838
Time,s,67,0.18341,0.17478,0.06943,0.18143
Time,s,67,0.17572,0.17395,0.06364,0.17966
Time,s,67,0.18082,0.1729,0.0628,0.17973
Time,s,67,0.17962,0.17584,0.06369,0.1816
Time,s,67,0.17762,0.17649,0.0623,0.17998
Time,s,67,0.17619,0.1697,0.06679,0.18142
Time,s,67,0.17704,0.17609,0.06309,0.18034
Time,s,67,0.17594,0.17084,0.06817,0.18036
Time,s,67,0.18079,0.1715,0.06262,0.1833
Time,s,67,0.18164,0.16935,0.07073,0.18046
Time,s,67,0.18316,0.17331,0.06504,0.18696
Time,s,67,0.18,0.17038,0.06368,0.18083
Time,s,67,0.18319,0.17084,0.06733,0.18466
Time,s,67,0.17663,0.17093,0.06256,0.18424
Time,s,67,0.17578,0.17029,0.06674,0.18048
Time,s,67,0.17552,0.17305,0.06374,0.17924
Time,s,67,0.17648,0.17285,0.07345,0.18491
Time,s,67,0.18133,0.17678,0.06395,0.18717
Time,s,67,0.17497,0.17994,0.06244,0.1817
Time,s,67,0.17444,0.17031,0.06554,0.18276
Time,s,67,0.1753,0.1752,0.0628,0.17988
Time,s,67,0.18533,0.17719,0.06573,0.17999
Time,s,67,0.1764,0.17761,0.06371,0.18098
Time,s,67,0.18193,0.17033,0.06814,0.18166
Time,s,67,0.18297,0.17387,0.06233,0.17908
Time,s,67,0.18343,0.17643,0.07007,0.18109
Time,s,67,0.17397,0.16864,0.06293,0.18188
Time,s,67,0.17612,0.17447,0.06287,0.181
Time,s,67,0.18127,0.17303,0.06493,0.18063
Time,s,67,0.1765,0.17658,0.06463,0.1809
Time,s,67,0.17738,0.17048,0.06554,0.17971
Time,s,67,0.17902,0.17297,0.06254,0.18704
Time,s,67,0.17386,0.17722,0.0682,0.18801
Time,s,67,0.17503,0.17386,0.06283,0.18631
Time,s,67,0.18371,0.17228,0.06246,0.18733
Time,s,67,0.18221,0.16968,0.06302,0.18686
Time,s,67,0.17987,0.17484,0.06228,0.1848
Time,s,67,0.17877,0.16962,0.06464,0.17925
Time,s,67,0.18118,0.17153,0.0642,0.18458
Time,s,67,0.18247,0.16803,0.06212,0.18079
Time,s,67,0.17654,0.16803,0.06325,0.18339
Time,s,67,0.17857,0.17097,0.07287,0.17998
Time,s,67,0.17529,0.16906,0.06479,0.18082
Time,s,67,0.1738,0.17219,0.06921,0.18202
Time,s,67,0.17431,0.17082,0.06436,0.18291
Time,s,67,0.1741,0.17274,0.0633,0.18213
Time,s,67,0.17578,0.16854,0.0682,0.18049
Time,s,67,0.17535,0.16928,0.06316,0.18346
Time,s,67,0.17601,0.17436,0.06396,0.18175
Time,s,67,0.17866,0.16891,0.06231,0.18202
Time,s,67,0.17931,0.16868,0.06795,0.18711
Time,s,67,0.17928,0.17726,0.06326,0.18176
Time,s,67,0.17952,0.17382,0.06906,0.18241
Time,s,67,0.18195,0.17574,0.06385,0.18824
Time,s,67,0.17793,0.17697,0.06471,0.18665
Time,s,67,0.17618,0.17299,0.06525,0.1899
Time,s,67,0.17559,0.17126,0.06273,0.18518
Time,s,67,0.17834,0.17046,0.06751,0.18533
Time,s,67,0.17638,0.17297,0.06416,0.1811
Time,s,67,0.17431,0.17042,0.06981,0.18104
Time,s,67,0.17367,0.17018,0.06382,0.19029
Time,s,67,0.1732,0.17787,0.06357,0.18022
Time,s,67,0.18105,0.17536,0.06435,0.19162
Time,s,67,0.17414,0.16844,0.06432,0.17947
Time,s,67,0.1802,0.16858,0.06653,0.17991
Time,s,67,0.17962,0.16774,0.06453,0.17949
Time,s,67,0.18274,0.16841,0.07265,0.18016
Time,s,67,0.17498,0.17528,0.06489,0.17896
Time,s,67,0.17805,0.17594,0.06919,0.17916
Time,s,68,0.17782,0.16612,0.06479,0.18045
Time,s,68,0.1806,0.17381,0.07366,0.18086
Time,s,68,0.18097,0.17826,0.06482,0.18393
Time,s,68,0.18148,0.16968,0.06519,0.1771
Time,s,68,0.17913,0.17036,0.06455,0.17409
Time,s,68,0.1796,0.17095,0.06471,0.17366
Time,s,68,0.17678,0.16705,0.06859,0.18155
Time,s,68,0.17859,0.1681,0.06572,0.17465
Time,s,68,0.17431,0.16973,0.07141,0.18296
Time,s,68,0.17777,0.1654,0.06547,0.17949
Time,s,68,0.17625,0.16969,0.07256,0.17518
Time,s,68,0.17561,0.16852,0.0684,0.17699
Time,s,68,0.17368,0.17003,0.06496,0.17835
Time,s,68,0.17772,0.1658,0.06511,0.17819
Time,s,68,0.17458,0.17519,0.06419,0.17662
Time,s,68,0.17427,0.1743,0.06852,0.17831
Time,s,68,0.18107,0.17501,0.06408,0.17398
Time,s,68,0.17335,0.17631,0.07033,0.1748
Time,s,68,0.18142,0.18027,0.06481,0.17681
Time,s,68,0.18295,0.1733,0.07129,0.17619
Time,s,68,0.17705,0.17585,0.06702,0.17711
Time,s,68,0.17398,0.17552,0.06733,0.17688
Time,s,68,0.17876,0.17804,0.07268,0.1749
Time,s,68,0.188,0.17098,0.07254,0.17481
Time,s,68,0.17932,0.17014,0.06891,0.17644
Time,s,68,0.18153,0.17301,0.06407,0.17539
Time,s,68,0.17702,0.16708,0.07132,0.17493
Time,s,68,0.1765,0.16714,0.06448,0.1749
Time,s,68,0.17385,0.16865,0.06373,0.17537
Time,s,68,0.17508,0.17423,0.06472,0.17474
Time,s,68,0.17479,0.17576,0.06568,0.17674
Time,s,68,0.17543,0.17301,0.06718,0.17512
Time,s,68,0.17452,0.1741,0.0643,0.17805
Time,s,68,0.17437,0.1712,0.06858,0.18341
Time,s,68,0.17556,0.173,0.06409,0.18032
Time,s,68,0.17359,0.17212,0.07028,0.18113
Time,s,68,0.17357,0.17148,0.06467,0.1753
Time,s,68,0.1751,0.16681,0.06421,0.18095
Time,s,68,0.17348,0.17442,0.06566,0.18477
Time,s,68,0.17317,0.16829,0.0659,0.17986
Time,s,68,0.1751,0.16878,0.06715,0.18039
Time,s,68,0.18041,0.16657,0.06516,0.17518
Time,s,68,0.17786,0.16978,0.07048,0.17818
Time,s,68,0.18757,0.16911,0.06568,0.17901
Time,s,68,0.184,0.17179,0.06478,0.17477
Time,s,68,0.18257,0.16627,0.06568,0.17621
Time,s,68,0.17772,0.16805,0.06683,0.17846
Time,s,68,0.18383,0.16672,0.06928,0.17636
Time,s,68,0.18176,0.16797,0.06443,0.1772
Time,s,68,0.18157,0.17284,0.06834,0.17375
Time,s,68,0.17784,0.17053,0.06492,0.17444
Time,s,68,0.17693,0.17416,0.06988,0.1746
Time,s,68,0.17875,0.17427,0.06411,0.17486
Time,s,68,0.17777,0.16702,0.07075,0.17768
Time,s,68,0.17963,0.17176,0.06584,0.17627
Time,s,68,0.17857,0.17278,0.06442,0.17487
Time,s,68,0.1773,0.16817,0.06747,0.17482
Time,s,68,0.17776,0.16963,0.06396,0.17634
Time,s,68,0.17677,0.16909,0.06963,0.17516
Time,s,68,0.17729,0.17783,0.06532,0.17529
Time,s,68,0.17809,0.17317,0.07204,0.17542
Time,s,68,0.17999,0.17447,0.06448,0.17625
Time,s,68,0.17632,0.17319,0.0721,0.17445
Time,s,68,0.18008,0.1728,0.06749,0.17734
Time,s,68,0.17596,0.17395,0.06401,0.17488
Time,s,68,0.18344,0.17274,0.06842,0.17531
Time,s,68,0.17677,0.1732,0.06495,0.17648
Time,s,68,0.18497,0.17486,0.06986,0.17368
Time,s,68,0.1842,0.18575,0.06423,0.17329
Time,s,68,0.18436,0.17519,0.07948,0.17257
Time,s,68,0.18366,0.18269,0.0696,0.17376
Time,s,68,0.18002,0.18262,0.07828,0.17724
Time,s,68,0.18002,0.17177,0.06756,0.18359
Time,s,68,0.17735,0.17438,0.0645,0.18311
Time,s,68,0.17889,0.17247,0.0683,0.18298
Time,s,68,0.17844,0.1713,0.06453,0.18178
Time,s,68,0.17682,0.17134,0.06904,0.17925
Time,s,68,0.17744,0.17232,0.06799,0.18815
Time,s,68,0.18022,0.17912,0.06978,0.17899
Time,s,68,0.17917,0.17503,0.06339,0.17589
Time,s,68,0.17828,0.17745,0.07043,0.17876
Time,s,68,0.17677,0.17607,0.06541,0.17515
Time,s,68,0.17741,0.1755,0.06421,0.17851
Time,s,68,0.17727,0.17218,0.06813,0.17985
Time,s,68,0.17879,0.17433,0.06442,0.17814
Time,s,68,0.17733,0.17373,0.071,0.1771
Time,s,68,0.17858,0.17542,0.06486,0.17321
Time,s,68,0.17592,0.17904,0.0713,0.17491
Time,s,68,0.18612,0.17647,0.06698,0.17806
Time,s,68,0.17758,0.17146,0.06641,0.18008
Time,s,68,0.18321,0.17181,0.06747,0.17821
Time,s,68,0.18345,0.1729,0.06571,0.17591
Time,s,68,0.18405,0.17364,0.06729,0.17649
Time,s,68,0.17735,0.17291,0.06445,0.17897
Time,s,68,0.18357,0.17735,0.06951,0.17398
Time,s,68,0.18469,0.17134,0.07113,0.22947
Time,s,68,0.1813,0.16766,0.07081,0.21951
Time,s,68,0.17859,0.16985,0.06247,0.21768
Time,s,68,0.17989,0.16604,0.06459,0.19632
Time,s,68,0.17967,0.16668,0.0646,0.20931
Time,s,69,0.17755,0.17622,0.06352,0.18778
Time,s,69,0.17715,0.16774,0.06746,0.17617
Time,s,69,0.18015,0.16692,0.06324,0.17683
Time,s,69,0.17718,0.16797,0.06378,0.17408
Time,s,69,0.17764,0.16766,0.06744,0.17345
Time,s,69,0.17772,0.16896,0.0631,0.17336
Time,s,69,0.17826,0.17771,0.06935,0.17367
Time,s,69,0.18102,0.1779,0.06668,0.17418
Time,s,69,0.17775,0.17637,0.06313,0.17637
Time,s,69,0.18337,0.17802,0.06303,0.17439
Time,s,69,0.18056,0.18096,0.06254,0.18233
Time,s,69,0.18165,0.17726,0.06926,0.18019
Time,s,69,0.18311,0.17016,0.06467,0.18176
Time,s,69,0.18306,0.17563,0.0638,0.18055
Time,s,69,0.17829,0.17037,0.06738,0.18213
Time,s,69,0.17683,0.1768,0.06273,0.19014
Time,s,69,0.18093,0.172,0.0692,0.18787
Time,s,69,0.17767,0.17147,0.0641,0.18865
Time,s,69,0.17948,0.17136,0.0643,0.1902
Time,s,69,0.18107,0.17173,0.07153,0.19263
Time,s,69,0.17868,0.17158,0.06817,0.18078
Time,s,69,0.17761,0.17131,0.06455,0.18619
Time,s,69,0.18243,0.17116,0.06623,0.18771
Time,s,69,0.17735,0.17465,0.06187,0.18968
Time,s,69,0.17779,0.17144,0.07033,0.19108
Time,s,69,0.17835,0.17216,0.06473,0.18616
Time,s,69,0.17638,0.16884,0.06383,0.18171
Time,s,69,0.17635,0.16947,0.06426,0.18365
Time,s,69,0.17902,0.17039,0.06433,0.18884
Time,s,69,0.17935,0.16961,0.06863,0.18447
Time,s,69,0.173,0.17094,0.06578,0.1827
Time,s,69,0.17338,0.16978,0.06358,0.18153
Time,s,69,0.177,0.17003,0.06832,0.18339
Time,s,69,0.17333,0.17708,0.06322,0.19057
Time,s,69,0.18732,0.18109,0.07005,0.18313
Time,s,69,0.18187,0.16993,0.06503,0.18095
Time,s,69,0.18106,0.17633,0.06418,0.18507
Time,s,69,0.18119,0.17665,0.06895,0.19108
Time,s,69,0.1808,0.17452,0.0637,0.1967
Time,s,69,0.18004,0.16894,0.06405,0.19458
Time,s,69,0.18216,0.17536,0.06737,0.1842
Time,s,69,0.17926,0.1744,0.06402,0.18094
Time,s,69,0.17935,0.17761,0.07005,0.18191
Time,s,69,0.18073,0.17862,0.06531,0.18319
Time,s,69,0.17863,0.17685,0.07094,0.18262
Time,s,69,0.17821,0.17741,0.0671,0.18968
Time,s,69,0.18407,0.17362,0.06211,0.18881
Time,s,69,0.17297,0.17372,0.07024,0.18105
Time,s,69,0.17976,0.17598,0.06423,0.18871
Time,s,69,0.1758,0.17733,0.06366,0.18674
Time,s,69,0.17712,0.17746,0.06827,0.18123
Time,s,69,0.17372,0.17313,0.06373,0.18447
Time,s,69,0.1792,0.17406,0.07091,0.18315
Time,s,69,0.17265,0.17236,0.06485,0.18262
Time,s,69,0.1736,0.17149,0.06268,0.18586
Time,s,69,0.17632,0.17319,0.07078,0.18656
Time,s,69,0.17351,0.16884,0.06438,0.18346
Time,s,69,0.1735,0.17033,0.06477,0.18947
Time,s,69,0.17532,0.17313,0.06701,0.18425
Time,s,69,0.1745,0.17387,0.06397,0.17975
Time,s,69,0.17604,0.17034,0.06981,0.18153
Time,s,69,0.17715,0.172,0.06581,0.18092
Time,s,69,0.17672,0.17413,0.06333,0.18071
Time,s,69,0.17325,0.16842,0.06333,0.18296
Time,s,69,0.17565,0.16827,0.06338,0.18343
Time,s,69,0.17476,0.16798,0.07082,0.18005
Time,s,69,0.17285,0.16883,0.06239,0.18066
Time,s,69,0.17386,0.16994,0.06392,0.18022
Time,s,69,0.18288,0.1715,0.07323,0.18052
Time,s,69,0.17426,0.17837,0.06324,0.18133
Time,s,69,0.182,0.17612,0.071,0.18007
Time,s,69,0.18263,0.18192,0.06511,0.18135
Time,s,69,0.17951,0.17327,0.06447,0.18844
Time,s,69,0.17285,0.17444,0.06946,0.18313
Time,s,69,0.1779,0.16871,0.0622,0.18612
Time,s,69,0.17912,0.16788,0.06381,0.18717
Time,s,69,0.17422,0.17293,0.066,0.18649
Time,s,69,0.18106,0.17231,0.06757,0.18129
Time,s,69,0.17712,0.17016,0.06308,0.18383
Time,s,69,0.18011,0.16875,0.06288,0.18136
Time,s,69,0.17713,0.17546,0.06386,0.1842
Time,s,69,0.17437,0.17273,0.06656,0.18464
Time,s,69,0.17573,0.16827,0.06297,0.18347
Time,s,69,0.17723,0.16865,0.06894,0.18148
Time,s,69,0.17384,0.17459,0.06312,0.18711
Time,s,69,0.17398,0.16992,0.06303,0.18124
Time,s,69,0.17321,0.17057,0.06773,0.18059
Time,s,69,0.1738,0.16933,0.06424,0.18112
Time,s,69,0.17678,0.16812,0.07125,0.19105
Time,s,69,0.17422,0.16957,0.06563,0.17979
Time,s,69,0.17429,0.17938,0.06364,0.18179
Time,s,69,0.17266,0.17568,0.06366,0.18398
Time,s,69,0.17377,0.1782,0.06462,0.17395
Time,s,69,0.17365,0.17913,0.07628,0.1734
Time,s,69,0.17403,0.17267,0.0619,0.17296
Time,s,69,0.17396,0.17156,0.06294,0.17335
Time,s,69,0.17315,0.17075,0.06275,0.17495
Time,s,69,0.17404,0.16886,0.06285,0.18373
Time,s,69,0.17767,0.1721,0.06318,0.1767
Time,s,69,0.17976,0.17554,0.06619,0.18419
Time,s,70,0.17397,0.16735,0.06261,0.18778
Time,s,70,0.17886,0.16751,0.06748,0.18478
Time,s,70,0.17245,0.16909,0.06216,0.18506
Time,s,70,0.17655,0.16783,0.06899,0.17642
Time,s,70,0.18632,0.16839,0.06534,0.18356
Time,s,70,0.18779,0.17128,0.06262,0.18271
Time,s,70,0.19208,0.17351,0.06682,0.18451
Time,s,70,0.18518,0.17319,0.05977,0.17678
Time,s,70,0.17925,0.17529,0.06537,0.18107
Time,s,70,0.17355,0.17019,0.05989,0.17865
Time,s,70,0.17409,0.1722,0.06583,0.1789
Time,s,70,0.17453,0.17088,0.06257,0.17847
Time,s,70,0.17387,0.17407,0.0601,0.17652
Time,s,70,0.18238,0.17257,0.06246,0.17654
Time,s,70,0.17999,0.1784,0.05928,0.17579
Time,s,70,0.17837,0.17138,0.06381,0.1764
Time,s,70,0.17283,0.17133,0.05976,0.17688
Time,s,70,0.17654,0.17081,0.06746,0.17917
Time,s,70,0.17311,0.17312,0.06946,0.18127
Time,s,70,0.18197,0.17662,0.06195,0.1761
Time,s,70,0.18027,0.17488,0.06304,0.1777
Time,s,70,0.17201,0.17444,0.06291,0.17622
Time,s,70,0.18382,0.16986,0.06786,0.17615
Time,s,70,0.1803,0.17088,0.06338,0.17576
Time,s,70,0.18368,0.17237,0.06304,0.17509
Time,s,70,0.18094,0.1689,0.06456,0.17558
Time,s,70,0.17927,0.16953,0.06109,0.17958
Time,s,70,0.18109,0.17675,0.06149,0.17933
Time,s,70,0.18137,0.16871,0.06132,0.18233
Time,s,70,0.17385,0.17051,0.06777,0.18279
Time,s,70,0.17923,0.17378,0.06199,0.18368
Time,s,70,0.17392,0.17357,0.06168,0.18579
Time,s,70,0.18074,0.17749,0.06464,0.18265
Time,s,70,0.18135,0.16885,0.06181,0.17527
Time,s,70,0.18393,0.17149,0.06549,0.18367
Time,s,70,0.18125,0.17536,0.06206,0.17524
Time,s,70,0.18739,0.1702,0.06153,0.18158
Time,s,70,0.18825,0.1738,0.06285,0.17923
Time,s,70,0.18171,0.16865,0.06317,0.17595
Time,s,70,0.17882,0.16912,0.06426,0.17551
Time,s,70,0.17971,0.17656,0.06214,0.17698
Time,s,70,0.18452,0.17599,0.07153,0.17684
Time,s,70,0.18311,0.17761,0.06152,0.17808
Time,s,70,0.1809,0.17558,0.07373,0.17909
Time,s,70,0.18707,0.17304,0.06282,0.18645
Time,s,70,0.18556,0.16916,0.06137,0.17861
Time,s,70,0.18033,0.17311,0.06134,0.17821
Time,s,70,0.18688,0.16914,0.06196,0.17514
Time,s,70,0.18806,0.17065,0.06617,0.17617
Time,s,70,0.18919,0.1692,0.06122,0.17523
Time,s,70,0.18653,0.16794,0.0681,0.17678
Time,s,70,0.18727,0.17727,0.05995,0.17564
Time,s,70,0.18362,0.17665,0.05807,0.17633
Time,s,70,0.18615,0.17593,0.06166,0.17666
Time,s,70,0.1808,0.17447,0.06072,0.17686
Time,s,70,0.18492,0.17664,0.06408,0.17711
Time,s,70,0.18627,0.16952,0.05951,0.17564
Time,s,70,0.17966,0.17132,0.06729,0.17568
Time,s,70,0.18765,0.16945,0.06172,0.17504
Time,s,70,0.18137,0.17129,0.05946,0.17586
Time,s,70,0.18355,0.17407,0.05848,0.17668
Time,s,70,0.1802,0.17107,0.05805,0.17613
Time,s,70,0.17937,0.17164,0.06284,0.1767
Time,s,70,0.1802,0.17116,0.05957,0.17711
Time,s,70,0.18015,0.17095,0.06515,0.18679
Time,s,70,0.18044,0.17389,0.05902,0.18016
Time,s,70,0.18044,0.17916,0.05891,0.18193
Time,s,70,0.18001,0.17281,0.06228,0.18313
Time,s,70,0.17994,0.17274,0.05953,0.18077
Time,s,70,0.18189,0.17823,0.06815,0.17579
Time,s,70,0.18063,0.1734,0.05882,0.1826
Time,s,70,0.18736,0.16951,0.05993,0.18483
Time,s,70,0.18795,0.17285,0.06101,0.19527
Time,s,70,0.1828,0.17257,0.05955,0.18073
Time,s,70,0.17803,0.17712,0.06351,0.18259
Time,s,70,0.17836,0.17152,0.05961,0.18205
Time,s,70,0.17861,0.17958,0.0652,0.18137
Time,s,70,0.1801,0.17622,0.05917,0.18644
Time,s,70,0.18035,0.17567,0.05858,0.18224
Time,s,70,0.17443,0.17669,0.06244,0.18358
Time,s,70,0.18056,0.18406,0.05924,0.18698
Time,s,70,0.17616,0.17922,0.05832,0.18386
Time,s,70,0.18576,0.17071,0.05873,0.1775
Time,s,70,0.17576,0.17441,0.06367,0.17983
Time,s,70,0.17435,0.17312,0.0612,0.18058
Time,s,70,0.17503,0.17039,0.05915,0.18012
Time,s,70,0.17575,0.17087,0.06208,0.18226
Time,s,70,0.17945,0.17761,0.05924,0.17526
Time,s,70,0.17643,0.1787,0.06331,0.17561
Time,s,70,0.17528,0.17859,0.05925,0.18045
Time,s,70,0.17623,0.17116,0.06543,0.18326
Time,s,70,0.1743,0.18307,0.06077,0.18096
Time,s,70,0.17586,0.17996,0.05912,0.18331
Time,s,70,0.17513,0.17626,0.06266,0.17882
Time,s,70,0.17468,0.18117,0.05993,0.17793
Time,s,70,0.18134,0.17742,0.06654,0.17843
Time,s,70,0.18238,0.17107,0.06386,0.1799
Time,s,70,0.18322,0.17198,0.06644,0.17752
Time,s,70,0.18243,0.17024,0.06123,0.17789
Time,s,70,0.17836,0.17506,0.05881,0.17999
Time,s,71,0.17409,0.1831,0.06325,0.18227
Time,s,71,0.17506,0.17128,0.06001,0.18307
Time,s,71,0.18106,0.18235,0.06606,0.18431
Time,s,71,0.18102,0.17587,0.06165,0.18458
Time,s,71,0.18084,0.17083,0.063,0.18101
Time,s,71,0.1746,0.17007,0.06159,0.1824
Time,s,71,0.18023,0.1712,0.06001,0.18272
Time,s,71,0.17895,0.16942,0.05985,0.18143
Time,s,71,0.18063,0.16935,0.06044,0.18495
Time,s,71,0.18086,0.17113,0.06617,0.18222
Time,s,71,0.1768,0.16965,0.05896,0.18126
Time,s,71,0.18213,0.17794,0.06004,0.18097
Time,s,71,0.17513,0.17108,0.0606,0.17955
Time,s,71,0.17527,0.17588,0.05909,0.18051
Time,s,71,0.17461,0.17258,0.06383,0.18303
Time,s,71,0.17897,0.17481,0.05923,0.18193
Time,s,71,0.17493,0.1764,0.06614,0.19253
Time,s,71,0.17432,0.17222,0.0592,0.19687
Time,s,71,0.17568,0.16995,0.05955,0.18707
Time,s,71,0.17459,0.17057,0.06391,0.1893
Time,s,71,0.17461,0.16973,0.05921,0.18169
Time,s,71,0.17297,0.17397,0.06621,0.18115
Time,s,71,0.17472,0.1706,0.06422,0.18418
Time,s,71,0.17286,0.16876,0.05999,0.18347
Time,s,71,0.18284,0.17654,0.06345,0.1857
Time,s,71,0.17836,0.17669,0.06047,0.18656
Time,s,71,0.1737,0.17523,0.0644,0.186
Time,s,71,0.17942,0.174,0.05982,0.18436
Time,s,71,0.18059,0.17397,0.06619,0.18794
Time,s,71,0.17981,0.17078,0.05993,0.18454
Time,s,71,0.17968,0.17276,0.06039,0.18597
Time,s,71,0.17825,0.17551,0.06239,0.18113
Time,s,71,0.17482,0.16782,0.06126,0.18164
Time,s,71,0.17805,0.16926,0.06848,0.1806
Time,s,71,0.177,0.17324,0.06141,0.18128
Time,s,71,0.17488,0.16975,0.07089,0.17351
Time,s,71,0.1761,0.16854,0.06173,0.17569
Time,s,71,0.17581,0.17888,0.05932,0.17762
Time,s,71,0.17323,0.16934,0.06364,0.17747
Time,s,71,0.17341,0.17673,0.06073,0.17271
Time,s,71,0.17519,0.17408,0.06736,0.17494
Time,s,71,0.18066,0.17447,0.06284,0.17422
Time,s,71,0.17762,0.17292,0.06011,0.17324
Time,s,71,0.17908,0.17393,0.06235,0.17512
Time,s,71,0.17428,0.17012,0.05993,0.17687
Time,s,71,0.17222,0.16848,0.06028,0.1792
Time,s,71,0.172,0.16974,0.05943,0.17777
Time,s,71,0.17298,0.17245,0.06817,0.17561
Time,s,71,0.17513,0.17667,0.06543,0.17612
Time,s,71,0.17416,0.17211,0.0598,0.18622
Time,s,71,0.17465,0.16865,0.06477,0.18666
Time,s,71,0.17442,0.17,0.05939,0.17825
Time,s,71,0.17362,0.1702,0.06487,0.1846
Time,s,71,0.18132,0.17747,0.05998,0.17668
Time,s,71,0.1804,0.17019,0.05996,0.18643
Time,s,71,0.18153,0.17425,0.06092,0.18402
Time,s,71,0.17401,0.18198,0.06021,0.1893
Time,s,71,0.1789,0.17219,0.06391,0.18301
Time,s,71,0.181,0.17625,0.05953,0.1812
Time,s,71,0.17315,0.17209,0.06723,0.17983
Time,s,71,0.18099,0.17075,0.06273,0.1826
Time,s,71,0.17734,0.1699,0.05862,0.1804
Time,s,71,0.17962,0.17102,0.0588,0.17976
Time,s,71,0.17782,0.16992,0.05938,0.18406
Time,s,71,0.17444,0.16954,0.06427,0.18028
Time,s,71,0.17689,0.1717,0.05874,0.17919
Time,s,71,0.17871,0.16959,0.06112,0.18021
Time,s,71,0.17541,0.17015,0.06046,0.18206
Time,s,71,0.1761,0.18884,0.05948,0.17654
Time,s,71,0.1853,0.1745,0.06263,0.17778
Time,s,71,0.1738,0.17487,0.05938,0.18118
Time,s,71,0.17581,0.1749,0.06561,0.17762
Time,s,71,0.1735,0.17414,0.05889,0.18043
Time,s,71,0.17807,0.17555,0.06191,0.17838
Time,s,71,0.17306,0.17012,0.06822,0.17741
Time,s,71,0.17315,0.17159,0.05997,0.17696
Time,s,71,0.17871,0.1758,0.06655,0.17615
Time,s,71,0.17981,0.1731,0.05881,0.17682
Time,s,71,0.17626,0.1698,0.06708,0.17522
Time,s,71,0.1731,0.16908,0.0632,0.17689
Time,s,71,0.17336,0.16928,0.06039,0.17597
Time,s,71,0.17318,0.17045,0.06042,0.18083
Time,s,71,0.17354,0.16928,0.06082,0.17666
Time,s,71,0.17451,0.16885,0.06667,0.17813
Time,s,71,0.17362,0.16948,0.06093,0.17668
Time,s,71,0.18058,0.17851,0.06175,0.17743
Time,s,71,0.18474,0.18203,0.06438,0.17745
Time,s,71,0.17568,0.17761,0.06127,0.18171
Time,s,71,0.18008,0.17933,0.06543,0.17771
Time,s,71,0.18103,0.17358,0.06171,0.1835
Time,s,71,0.1742,0.17375,0.06689,0.18519
Time,s,71,0.17691,0.17329,0.06258,0.18473
Time,s,71,0.17656,0.17214,0.06238,0.17616
Time,s,71,0.17558,0.17115,0.06446,0.1839
Time,s,71,0.17632,0.17093,0.06057,0.1808
Time,s,71,0.17526,0.17121,0.06585,0.18082
Time,s,71,0.17766,0.17293,0.06238,0.17716
Time,s,71,0.17478,0.17784,0.06697,0.1822
Time,s,71,0.17476,0.17037,0.06329,0.18137
Time,s,71,0.17401,0.17521,0.06187,0.17871
Time,s,72,0.17432,0.17467,0.07135,0.1774
Time,s,72,0.17407,0.17107,0.0607,0.1811
Time,s,72,0.174,0.17737,0.0657,0.1792
Time,s,72,0.17788,0.17597,0.06143,0.17763
Time,s,72,0.17577,0.17356,0.06137,0.17536
Time,s,72,0.17525,0.17906,0.06421,0.17644
Time,s,72,0.18234,0.17664,0.06142,0.17845
Time,s,72,0.17886,0.17522,0.06056,0.17859
Time,s,72,0.17435,0.17449,0.06063,0.18174
Time,s,72,0.17831,0.1745,0.06741,0.18068
Time,s,72,0.1748,0.17042,0.06438,0.17949
Time,s,72,0.17899,0.17467,0.06226,0.17689
Time,s,72,0.17786,0.17173,0.06423,0.18128
Time,s,72,0.18045,0.1704,0.06183,0.17681
Time,s,72,0.17592,0.17232,0.06673,0.17665
Time,s,72,0.17508,0.17329,0.06107,0.17759
Time,s,72,0.17508,0.17048,0.06085,0.1762
Time,s,72,0.17446,0.17033,0.06406,0.1791
Time,s,72,0.17938,0.17383,0.06093,0.17746
Time,s,72,0.17432,0.17188,0.06102,0.17877
Time,s,72,0.17502,0.18298,0.062,0.17516
Time,s,72,0.17317,0.17207,0.06779,0.17954
Time,s,72,0.17431,0.17898,0.0625,0.17635
Time,s,72,0.18679,0.18213,0.06113,0.17753
Time,s,72,0.18629,0.17877,0.06455,0.17887
Time,s,72,0.18327,0.17998,0.06306,0.1772
Time,s,72,0.1777,0.17765,0.07253,0.17978
Time,s,72,0.17891,0.17246,0.06128,0.18146
Time,s,72,0.17944,0.17026,0.06325,0.17696
Time,s,72,0.17743,0.1719,0.06382,0.17612
Time,s,72,0.17946,0.17263,0.0607,0.17803
Time,s,72,0.17768,0.172,0.06564,0.17649
Time,s,72,0.18148,0.17209,0.0606,0.17568
Time,s,72,0.17891,0.18719,0.06738,0.17774
Time,s,72,0.17835,0.21052,0.06217,0.17802
Time,s,72,0.17644,0.22404,0.06243,0.18503
Time,s,72,0.17671,0.20811,0.06541,0.1781
Time,s,72,0.1774,0.19947,0.06063,0.1758
Time,s,72,0.17791,0.19892,0.06723,0.17651
Time,s,72,0.18042,0.20261,0.06123,0.17639
Time,s,72,0.18406,0.17094,0.06104,0.17599
Time,s,72,0.1808,0.17815,0.06387,0.18015
Time,s,72,0.18306,0.17635,0.06559,0.1786
Time,s,72,0.17768,0.17387,0.06648,0.17684
Time,s,72,0.18,0.17499,0.0607,0.17565
Time,s,72,0.18012,0.17584,0.06909,0.17847
Time,s,72,0.17728,0.17331,0.06449,0.17784
Time,s,72,0.17766,0.17004,0.06042,0.17602
Time,s,72,0.17579,0.17232,0.06619,0.17544
Time,s,72,0.1777,0.17037,0.06462,0.17592
Time,s,72,0.17793,0.17589,0.06724,0.17501
Time,s,72,0.18286,0.17127,0.06452,0.17566
Time,s,72,0.17799,0.17869,0.06183,0.17996
Time,s,72,0.17733,0.1734,0.06089,0.17454
Time,s,72,0.17657,0.1738,0.06051,0.18537
Time,s,72,0.18384,0.18002,0.06576,0.17771
Time,s,72,0.18084,0.17533,0.06027,0.18057
Time,s,72,0.1768,0.17902,0.06792,0.18321
Time,s,72,0.18328,0.17889,0.06281,0.18372
Time,s,72,0.18121,0.17622,0.06078,0.1819
Time,s,72,0.18596,0.17702,0.06492,0.18215
Time,s,72,0.18169,0.1752,0.0609,0.18212
Time,s,72,0.17847,0.17321,0.06902,0.18094
Time,s,72,0.17574,0.17752,0.06672,0.17642
Time,s,72,0.18118,0.17388,0.06169,0.17847
Time,s,72,0.18119,0.17149,0.06421,0.17521
Time,s,72,0.17628,0.17162,0.06153,0.18085
Time,s,72,0.17449,0.1718,0.06616,0.18304
Time,s,72,0.17446,0.17836,0.06074,0.17471
Time,s,72,0.17618,0.18683,0.0605,0.17848
Time,s,72,0.1759,0.18417,0.06285,0.17597
Time,s,72,0.17688,0.18185,0.06093,0.17866
Time,s,72,0.17933,0.19308,0.06098,0.1829
Time,s,72,0.17786,0.19138,0.06079,0.17544
Time,s,72,0.17968,0.17895,0.06199,0.17607
Time,s,72,0.18051,0.17205,0.06069,0.17911
Time,s,72,0.18556,0.1775,0.06095,0.17983
Time,s,72,0.17647,0.1732,0.06269,0.17537
Time,s,72,0.17851,0.17645,0.06682,0.18046
Time,s,72,0.1776,0.18768,0.06552,0.17761
Time,s,72,0.17482,0.18052,0.06292,0.17856
Time,s,72,0.17901,0.17265,0.06117,0.1782
Time,s,72,0.17381,0.17927,0.06309,0.17536
Time,s,72,0.17605,0.18056,0.06198,0.17544
Time,s,72,0.17708,0.17844,0.06464,0.17813
Time,s,72,0.17543,0.17811,0.06306,0.17505
Time,s,72,0.17545,0.17927,0.06616,0.17469
Time,s,72,0.17725,0.17889,0.06313,0.17592
Time,s,72,0.17416,0.17902,0.0604,0.17752
Time,s,72,0.1818,0.17416,0.0637,0.17655
Time,s,72,0.17984,0.17273,0.06016,0.18014
Time,s,72,0.17771,0.17271,0.06006,0.17932
Time,s,72,0.17376,0.17227,0.06037,0.18127
Time,s,72,0.17397,0.17455,0.06084,0.18078
Time,s,72,0.17697,0.17414,0.06047,0.18318
Time,s,72,0.17751,0.18213,0.06062,0.18066
Time,s,72,0.17837,0.18558,0.06465,0.18072
Time,s,72,0.18194,0.17165,0.06183,0.19025
Time,s,72,0.17842,0.17885,0.06856,0.18189
Time,s,72,0.17538,0.16812,0.0626,0.18331
Time,s,73,0.17473,0.17618,0.06117,0.18055
Time,s,73,0.17505,0.16839,0.0658,0.18375
Time,s,73,0.17449,0.17703,0.06049,0.18142
Time,s,73,0.17312,0.18097,0.07147,0.18684
Time,s,73,0.17501,0.17365,0.06573,0.18635
Time,s,73,0.18504,0.16779,0.06077,0.18795
Time,s,73,0.18195,0.17075,0.06237,0.18733
Time,s,73,0.18319,0.16741,0.05898,0.18643
Time,s,73,0.17478,0.16672,0.0663,0.18999
Time,s,73,0.17842,0.16711,0.06085,0.19096
Time,s,73,0.17916,0.16676,0.05944,0.18452
Time,s,73,0.17727,0.16595,0.06425,0.18406
Time,s,73,0.17693,0.1668,0.05953,0.18678
Time,s,73,0.18284,0.16829,0.06407,0.18819
Time,s,73,0.17651,0.16661,0.05983,0.18831
Time,s,73,0.17515,0.17769,0.06139,0.1882
Time,s,73,0.17292,0.17094,0.06263,0.18005
Time,s,73,0.18168,0.17135,0.05902,0.1827
Time,s,73,0.17584,0.16676,0.06295,0.18694
Time,s,73,0.17371,0.17386,0.05933,0.18496
Time,s,73,0.17972,0.17161,0.0667,0.18394
Time,s,73,0.1749,0.17159,0.06099,0.18124
Time,s,73,0.17509,0.16739,0.0594,0.182
Time,s,73,0.17747,0.16906,0.06369,0.18279
Time,s,73,0.17752,0.17009,0.06076,0.18473
Time,s,73,0.17429,0.1702,0.06111,0.18189
Time,s,73,0.17467,0.1668,0.06094,0.18201
Time,s,73,0.18124,0.16613,0.05916,0.18168
Time,s,73,0.18096,0.17142,0.06496,0.18121
Time,s,73,0.18127,0.16748,0.06228,0.1818
Time,s,73,0.17521,0.16744,0.07059,0.18961
Time,s,73,0.17886,0.16835,0.06042,0.17283
Time,s,73,0.17964,0.16721,0.05965,0.17741
Time,s,73,0.17453,0.16586,0.06026,0.17659
Time,s,73,0.17477,0.17108,0.05929,0.17433
Time,s,73,0.18188,0.16751,0.06546,0.17723
Time,s,73,0.17711,0.17511,0.05969,0.18169
Time,s,73,0.17736,0.16607,0.05927,0.18192
Time,s,73,0.17579,0.17414,0.06298,0.17695
Time,s,73,0.17408,0.17248,0.05909,0.17891
Time,s,73,0.17865,0.17116,0.06513,0.17813
Time,s,73,0.17565,0.17575,0.05929,0.17626
Time,s,73,0.17713,0.17288,0.0604,0.17899
Time,s,73,0.1741,0.17108,0.06268,0.17666
Time,s,73,0.17632,0.16937,0.05984,0.18669
Time,s,73,0.17331,0.1662,0.06482,0.18481
Time,s,73,0.17634,0.1682,0.05922,0.17707
Time,s,73,0.17462,0.1722,0.06606,0.18384
Time,s,73,0.17496,0.16917,0.06258,0.17696
Time,s,73,0.17846,0.16764,0.06108,0.18137
Time,s,73,0.1738,0.16594,0.06496,0.17786
Time,s,73,0.17632,0.16636,0.06141,0.18455
Time,s,73,0.17578,0.16951,0.0667,0.18739
Time,s,73,0.17417,0.1715,0.05935,0.18088
Time,s,73,0.17556,0.16754,0.05936,0.18081
Time,s,73,0.17416,0.16693,0.06528,0.18085
Time,s,73,0.17466,0.16725,0.06419,0.18108
Time,s,73,0.17378,0.17774,0.06579,0.18061
Time,s,73,0.1746,0.16636,0.06098,0.18254
Time,s,73,0.18391,0.17363,0.05968,0.17961
Time,s,73,0.1777,0.17551,0.0633,0.17913
Time,s,73,0.18091,0.17543,0.05893,0.17865
Time,s,73,0.1807,0.17599,0.05915,0.18155
Time,s,73,0.1807,0.17157,0.06007,0.17984
Time,s,73,0.18069,0.17196,0.05968,0.17928
Time,s,73,0.17677,0.16971,0.0626,0.17994
Time,s,73,0.17589,0.17016,0.06011,0.17781
Time,s,73,0.17416,0.17169,0.06441,0.17925
Time,s,73,0.17488,0.17527,0.06142,0.17838
Time,s,73,0.17863,0.17047,0.05931,0.18001
Time,s,73,0.18066,0.1691,0.06203,0.17963
Time,s,73,0.17669,0.17042,0.05906,0.18246
Time,s,73,0.17986,0.17021,0.06357,0.17718
Time,s,73,0.17911,0.1663,0.05963,0.17648
Time,s,73,0.17597,0.1671,0.0593,0.17767
Time,s,73,0.17996,0.16674,0.06263,0.17801
Time,s,73,0.17748,0.16772,0.05983,0.17664
Time,s,73,0.17526,0.16627,0.06542,0.17731
Time,s,73,0.17741,0.16544,0.06046,0.1837
Time,s,73,0.17442,0.1652,0.06098,0.17861
Time,s,73,0.17985,0.16715,0.06391,0.17917
Time,s,73,0.17616,0.1704,0.06167,0.17847
Time,s,73,0.17538,0.17495,0.06884,0.17539
Time,s,73,0.17925,0.17433,0.05954,0.17492
Time,s,73,0.1752,0.17395,0.06645,0.17406
Time,s,73,0.17808,0.1661,0.06029,0.17636
Time,s,73,0.1755,0.17251,0.06037,0.18163
Time,s,73,0.17803,0.17265,0.06502,0.18432
Time,s,73,0.17414,0.1726,0.06041,0.18291
Time,s,73,0.17507,0.16612,0.06564,0.18164
Time,s,73,0.1813,0.17064,0.05938,0.1842
Time,s,73,0.1833,0.17068,0.05946,0.17549
Time,s,73,0.18137,0.17074,0.06283,0.1752
Time,s,73,0.17644,0.16825,0.05989,0.18125
Time,s,73,0.17475,0.16626,0.0673,0.17844
Time,s,73,0.18294,0.1655,0.0602,0.17583
Time,s,73,0.18388,0.16672,0.06052,0.17668
Time,s,73,0.18145,0.16794,0.06274,0.17748
Time,s,73,0.17716,0.16626,0.05999,0.18163
Time,s,73,0.18215,0.17006,0.06602,0.17798
Time,s,74,0.18149,0.1707,0.0616,0.17726
Time,s,74,0.17393,0.1675,0.0593,0.18171
Time,s,74,0.17713,0.1671,0.06254,0.17835
Time,s,74,0.17879,0.16763,0.05947,0.17603
Time,s,74,0.17761,0.18216,0.05949,0.17701
Time,s,74,0.17785,0.16687,0.05895,0.1788
Time,s,74,0.17584,0.17224,0.06053,0.18145
Time,s,74,0.1755,0.17269,0.06288,0.18729
Time,s,74,0.18147,0.17676,0.06343,0.18341
Time,s,74,0.17697,0.1781,0.06307,0.18159
Time,s,74,0.17629,0.1776,0.05955,0.17671
Time,s,74,0.17649,0.17406,0.06521,0.18256
Time,s,74,0.17515,0.1792,0.06346,0.18073
Time,s,74,0.17504,0.17493,0.05962,0.1817
Time,s,74,0.17704,0.1748,0.06267,0.17833
Time,s,74,0.17598,0.17299,0.05918,0.17712
Time,s,74,0.17584,0.17423,0.06398,0.17934
Time,s,74,0.17577,0.17591,0.05811,0.17757
Time,s,74,0.17657,0.17324,0.05918,0.17741
Time,s,74,0.17676,0.17759,0.06128,0.17668
Time,s,74,0.17554,0.17286,0.0598,0.17693
Time,s,74,0.17736,0.17348,0.06519,0.17739
Time,s,74,0.17662,0.1738,0.05932,0.17689
Time,s,74,0.17753,0.18028,0.05849,0.17792
Time,s,74,0.18521,0.18011,0.0619,0.17461
Time,s,74,0.18653,0.17678,0.05865,0.17788
Time,s,74,0.18539,0.17906,0.05909,0.18278
Time,s,74,0.18404,0.17759,0.05982,0.17429
Time,s,74,0.18331,0.18188,0.05854,0.17752
Time,s,74,0.18134,0.18129,0.05942,0.18712
Time,s,74,0.18184,0.17865,0.05884,0.18873
Time,s,74,0.18152,0.17714,0.05839,0.1827
Time,s,74,0.18375,0.18082,0.05895,0.17878
Time,s,74,0.18091,0.17792,0.05899,0.18077
Time,s,74,0.18015,0.17317,0.06396,0.17841
Time,s,74,0.18155,0.17324,0.05899,0.18079
Time,s,74,0.18422,0.17218,0.06503,0.18257
Time,s,74,0.18065,0.17752,0.05948,0.17542
Time,s,74,0.17615,0.17733,0.05998,0.18121
Time,s,74,0.18153,0.17204,0.05924,0.17864
Time,s,74,0.1836,0.17633,0.05934,0.18117
Time,s,74,0.17968,0.17351,0.05922,0.17906
Time,s,74,0.17666,0.17264,0.05845,0.1815
Time,s,74,0.17767,0.17311,0.06579,0.18014
Time,s,74,0.17606,0.17281,0.06148,0.17784
Time,s,74,0.18054,0.18007,0.05867,0.17752
Time,s,74,0.17723,0.17293,0.06396,0.17824
Time,s,74,0.17607,0.1806,0.05908,0.17887
Time,s,74,0.18293,0.18046,0.06476,0.17916
Time,s,74,0.17777,0.18053,0.06077,0.17752
Time,s,74,0.17945,0.17963,0.05898,0.18494
Time,s,74,0.17881,0.17105,0.06389,0.18685
Time,s,74,0.17851,0.16999,0.05921,0.18734
Time,s,74,0.18254,0.17147,0.06504,0.1867
Time,s,74,0.176,0.17378,0.0632,0.18392
Time,s,74,0.17706,0.17361,0.05968,0.17871
Time,s,74,0.17534,0.17713,0.06377,0.18365
Time,s,74,0.17701,0.17444,0.0584,0.18677
Time,s,74,0.20464,0.1704,0.0652,0.18714
Time,s,74,0.23271,0.16904,0.06402,0.18442
Time,s,74,0.20216,0.17681,0.0612,0.17843
Time,s,74,0.21668,0.16811,0.06762,0.18619
Time,s,74,0.20839,0.16905,0.06024,0.19304
Time,s,74,0.20679,0.16955,0.06393,0.17971
Time,s,74,0.18247,0.16724,0.0591,0.179
Time,s,74,0.18364,0.16863,0.06012,0.17817
Time,s,74,0.18346,0.18056,0.05963,0.18057
Time,s,74,0.18333,0.1803,0.05899,0.17824
Time,s,74,0.1818,0.16929,0.05894,0.17916
Time,s,74,0.1788,0.17059,0.06012,0.17747
Time,s,74,0.17632,0.16868,0.05985,0.18869
Time,s,74,0.17805,0.17558,0.06409,0.18648
Time,s,74,0.17874,0.1723,0.05987,0.18438
Time,s,74,0.177,0.17124,0.06529,0.17761
Time,s,74,0.17991,0.17212,0.06185,0.18353
Time,s,74,0.17812,0.18352,0.06007,0.18252
Time,s,74,0.17875,0.16879,0.0605,0.18326
Time,s,74,0.17839,0.16876,0.06243,0.17857
Time,s,74,0.17385,0.16943,0.06414,0.17777
Time,s,74,0.17645,0.16959,0.05879,0.18391
Time,s,74,0.18437,0.16823,0.06567,0.17869
Time,s,74,0.17379,0.17208,0.06197,0.1816
Time,s,74,0.1734,0.1715,0.05917,0.18096
Time,s,74,0.17435,0.17224,0.06322,0.18649
Time,s,74,0.17387,0.17521,0.05845,0.18277
Time,s,74,0.18145,0.17913,0.06527,0.1815
Time,s,74,0.17779,0.17443,0.06197,0.1828
Time,s,74,0.17865,0.17813,0.06483,0.18737
Time,s,74,0.1745,0.17814,0.06327,0.18659
Time,s,74,0.17356,0.17499,0.05923,0.18362
Time,s,74,0.17531,0.17403,0.06409,0.1813
Time,s,74,0.17481,0.17526,0.06259,0.18133
Time,s,74,0.17552,0.17151,0.05838,0.18126
Time,s,74,0.17465,0.16998,0.06223,0.17942
Time,s,74,0.17681,0.17522,0.05835,0.18103
Time,s,74,0.19111,0.17168,0.06401,0.18005
Time,s,74,0.19017,0.17062,0.05946,0.18692
Time,s,74,0.18631,0.17143,0.0582,0.18446
Time,s,74,0.18304,0.16882,0.06184,0.18456
Time,s,74,0.18226,0.16803,0.0601,0.18117
Time,s,75,0.17411,0.16823,0.06436,0.18013
Time,s,75,0.18688,0.16577,0.05987,0.18506
Time,s,75,0.18617,0.16674,0.05893,0.18108
Time,s,75,0.18691,0.16967,0.06245,0.18389
Time,s,75,0.18248,0.17656,0.06104,0.18503
Time,s,75,0.1759,0.16698,0.06853,0.17925
Time,s,75,0.17345,0.17295,0.06051,0.18502
Time,s,75,0.17861,0.17057,0.05997,0.18093
Time,s,75,0.18292,0.17029,0.0643,0.18061
Time,s,75,0.17902,0.16777,0.06251,0.18117
Time,s,75,0.17689,0.16892,0.06623,0.18102
Time,s,75,0.17529,0.16785,0.06042,0.1819
Time,s,75,0.17907,0.16811,0.06059,0.18304
Time,s,75,0.17409,0.17149,0.06833,0.18126
Time,s,75,0.17476,0.16835,0.05979,0.18
Time,s,75,0.17342,0.16726,0.06421,0.18058
Time,s,75,0.17634,0.16803,0.05932,0.18154
Time,s,75,0.17396,0.16755,0.05996,0.18212
Time,s,75,0.17576,0.16671,0.06336,0.18029
Time,s,75,0.17414,0.16781,0.06217,0.17467
Time,s,75,0.17484,0.17343,0.06438,0.17415
Time,s,75,0.17446,0.16807,0.05951,0.17769
Time,s,75,0.17979,0.17519,0.06045,0.17462
Time,s,75,0.17363,0.1726,0.0631,0.17382
Time,s,75,0.17425,0.17314,0.0638,0.17423
Time,s,75,0.17348,0.16737,0.06578,0.17679
Time,s,75,0.18025,0.16754,0.06062,0.17545
Time,s,75,0.17868,0.16582,0.0601,0.18248
Time,s,75,0.18258,0.16621,0.06239,0.17629
Time,s,75,0.18043,0.16566,0.06215,0.18432
Time,s,75,0.18204,0.17272,0.06549,0.18713
Time,s,75,0.18369,0.16686,0.06319,0.18285
Time,s,75,0.17619,0.17234,0.05986,0.17831
Time,s,75,0.17402,0.16933,0.06278,0.18102
Time,s,75,0.1791,0.16814,0.0589,0.17826
Time,s,75,0.17836,0.16651,0.06409,0.17764
Time,s,75,0.17588,0.17538,0.06084,0.17978
Time,s,75,0.17765,0.16756,0.06002,0.17898
Time,s,75,0.18281,0.1735,0.06382,0.17974
Time,s,75,0.17851,0.17265,0.06494,0.18208
Time,s,75,0.17747,0.16719,0.06599,0.18258
Time,s,75,0.17382,0.17393,0.06097,0.17982
Time,s,75,0.17496,0.17069,0.0596,0.17975
Time,s,75,0.17459,0.16834,0.06399,0.18483
Time,s,75,0.17526,0.17375,0.06046,0.17977
Time,s,75,0.17323,0.16797,0.06524,0.18695
Time,s,75,0.1755,0.16746,0.06042,0.18128
Time,s,75,0.1762,0.17258,0.05986,0.17864
Time,s,75,0.1739,0.16773,0.06371,0.1793
Time,s,75,0.17578,0.17533,0.05985,0.17636
Time,s,75,0.17422,0.16801,0.06542,0.17664
Time,s,75,0.17423,0.17244,0.05927,0.17575
Time,s,75,0.17458,0.16662,0.05997,0.17846
Time,s,75,0.17482,0.17525,0.06198,0.17693
Time,s,75,0.17525,0.16736,0.05992,0.17597
Time,s,75,0.17484,0.17225,0.06452,0.17426
Time,s,75,0.17368,0.17426,0.05999,0.17578
Time,s,75,0.17589,0.17569,0.059,0.17572
Time,s,75,0.17723,0.1734,0.06334,0.17647
Time,s,75,0.17441,0.1739,0.05991,0.17995
Time,s,75,0.17368,0.17922,0.06463,0.17585
Time,s,75,0.17531,0.16844,0.06109,0.17815
Time,s,75,0.17629,0.16874,0.06229,0.18097
Time,s,75,0.17567,0.17497,0.06223,0.17591
Time,s,75,0.17711,0.16939,0.05982,0.17665
Time,s,75,0.17918,0.16776,0.06826,0.18511
Time,s,75,0.17769,0.16713,0.06064,0.18613
Time,s,75,0.17839,0.1677,0.05968,0.18419
Time,s,75,0.17581,0.1746,0.0635,0.17562
Time,s,75,0.17646,0.18143,0.05981,0.18308
Time,s,75,0.17639,0.17643,0.06608,0.18054
Time,s,75,0.17758,0.16832,0.06078,0.18042
Time,s,75,0.17577,0.17364,0.05988,0.18045
Time,s,75,0.1756,0.1738,0.06318,0.18123
Time,s,75,0.17702,0.16887,0.06043,0.17931
Time,s,75,0.17664,0.17077,0.06715,0.18004
Time,s,75,0.1869,0.17238,0.06151,0.18254
Time,s,75,0.18632,0.17152,0.05882,0.18079
Time,s,75,0.185,0.17034,0.06427,0.18338
Time,s,75,0.18435,0.18843,0.05952,0.18588
Time,s,75,0.18428,0.16717,0.06634,0.17946
Time,s,75,0.18702,0.1709,0.06086,0.17749
Time,s,75,0.18601,0.16895,0.05998,0.17948
Time,s,75,0.18767,0.16835,0.05903,0.1764
Time,s,75,0.18162,0.16811,0.06002,0.17602
Time,s,75,0.18422,0.16679,0.05943,0.17562
Time,s,75,0.18331,0.16846,0.06056,0.17499
Time,s,75,0.18219,0.17492,0.06719,0.17584
Time,s,75,0.18197,0.17375,0.06344,0.17921
Time,s,75,0.17967,0.17161,0.06034,0.17524
Time,s,75,0.17888,0.17359,0.06597,0.17491
Time,s,75,0.17615,0.17332,0.06672,0.1743
Time,s,75,0.18043,0.1718,0.06203,0.17632
Time,s,75,0.17811,0.17109,0.06474,0.17453
Time,s,75,0.18657,0.17174,0.0595,0.17541
Time,s,75,0.17904,0.1678,0.06706,0.17554
Time,s,75,0.17661,0.16696,0.06399,0.17585
Time,s,75,0.17949,0.16914,0.05927,0.17624
Time,s,75,0.17938,0.17097,0.06066,0.18234
Time,s,75,0.17657,0.16823,0.06127,0.17584
Time,s,76,0.1809,0.16914,0.06318,0.18076
Time,s,76,0.18335,0.17093,0.0589,0.18121
Time,s,76,0.17776,0.16821,0.06072,0.17568
Time,s,76,0.18367,0.1746,0.06186,0.17396
Time,s,76,0.17648,0.17664,0.05876,0.18
Time,s,76,0.17954,0.17505,0.06408,0.17447
Time,s,76,0.17751,0.17344,0.05868,0.18165
Time,s,76,0.17911,0.18407,0.0671,0.17831
Time,s,76,0.17584,0.17498,0.06083,0.1754
Time,s,76,0.17633,0.17723,0.05977,0.17896
Time,s,76,0.17633,0.17967,0.05921,0.17876
Time,s,76,0.17782,0.17666,0.05991,0.17642
Time,s,76,0.1813,0.17712,0.06538,0.18125
Time,s,76,0.17695,0.17695,0.06031,0.17566
Time,s,76,0.17698,0.17719,0.05897,0.17563
Time,s,76,0.17836,0.17704,0.0622,0.18133
Time,s,76,0.1776,0.17733,0.06369,0.17626
Time,s,76,0.17636,0.17554,0.06649,0.17718
Time,s,76,0.18091,0.17797,0.05933,0.18311
Time,s,76,0.18019,0.17548,0.06418,0.17981
Time,s,76,0.18169,0.18341,0.06054,0.17649
Time,s,76,0.18296,0.17971,0.05928,0.17467
Time,s,76,0.18443,0.17996,0.06279,0.17465
Time,s,76,0.17994,0.18032,0.05965,0.17473
Time,s,76,0.18388,0.17757,0.06568,0.1792
Time,s,76,0.18478,0.18453,0.05908,0.17611
Time,s,76,0.18222,0.18653,0.05855,0.17681
Time,s,76,0.17635,0.17476,0.06262,0.17412
Time,s,76,0.17552,0.17477,0.05849,0.17368
Time,s,76,0.1822,0.17563,0.06371,0.17998
Time,s,76,0.18067,0.17504,0.05902,0.18088
Time,s,76,0.18062,0.17562,0.06013,0.18109
Time,s,76,0.1801,0.17506,0.0618,0.18205
Time,s,76,0.18014,0.17287,0.05872,0.18351
Time,s,76,0.1843,0.17973,0.06248,0.18552
Time,s,76,0.17695,0.17725,0.0593,0.18029
Time,s,76,0.17982,0.17505,0.06549,0.186
Time,s,76,0.17735,0.17451,0.06051,0.18791
Time,s,76,0.18025,0.17644,0.06122,0.18692
Time,s,76,0.17801,0.18097,0.0613,0.1891
Time,s,76,0.17982,0.17971,0.05885,0.18783
Time,s,76,0.1789,0.17233,0.06475,0.18677
Time,s,76,0.17836,0.175,0.06005,0.18989
Time,s,76,0.17674,0.16818,0.06027,0.18221
Time,s,76,0.17664,0.17679,0.06591,0.18599
Time,s,76,0.17718,0.17376,0.06128,0.18687
Time,s,76,0.17601,0.16658,0.06531,0.18166
Time,s,76,0.182,0.16843,0.05955,0.18036
Time,s,76,0.17671,0.17337,0.06592,0.18252
Time,s,76,0.1876,0.16711,0.05876,0.18185
Time,s,76,0.17606,0.1719,0.05848,0.18189
Time,s,76,0.17889,0.17,0.06327,0.18868
Time,s,76,0.17867,0.17032,0.05912,0.18512
Time,s,76,0.17391,0.17053,0.06467,0.18164
Time,s,76,0.17815,0.17509,0.05967,0.18004
Time,s,76,0.17876,0.1708,0.05831,0.18162
Time,s,76,0.17782,0.17861,0.0617,0.18126
Time,s,76,0.17653,0.17833,0.06153,0.18106
Time,s,76,0.17554,0.17658,0.06338,0.18165
Time,s,76,0.17458,0.17071,0.05928,0.18887
Time,s,76,0.1774,0.1701,0.05882,0.19171
Time,s,76,0.17545,0.17868,0.06147,0.18598
Time,s,76,0.17406,0.17536,0.05991,0.18706
Time,s,76,0.17367,0.17681,0.06284,0.185
Time,s,76,0.17346,0.17342,0.0597,0.1866
Time,s,76,0.17345,0.17062,0.06538,0.18374
Time,s,76,0.1736,0.17064,0.06157,0.18447
Time,s,76,0.17645,0.16948,0.05848,0.1865
Time,s,76,0.17426,0.1703,0.06021,0.18711
Time,s,76,0.17373,0.17029,0.0588,0.18696
Time,s,76,0.17243,0.17204,0.06867,0.18329
Time,s,76,0.17422,0.16882,0.05928,0.18125
Time,s,76,0.18258,0.17676,0.05861,0.18279
Time,s,76,0.17987,0.16974,0.05884,0.17784
Time,s,76,0.18047,0.17058,0.05929,0.17822
Time,s,76,0.17984,0.17989,0.0627,0.17736
Time,s,76,0.18274,0.1782,0.05866,0.17907
Time,s,76,0.17872,0.17845,0.06432,0.17739
Time,s,76,0.18014,0.1788,0.05955,0.18003
Time,s,76,0.17929,0.17398,0.05929,0.18491
Time,s,76,0.1749,0.17406,0.06355,0.17885
Time,s,76,0.17429,0.177,0.05825,0.17939
Time,s,76,0.18652,0.17742,0.06339,0.17888
Time,s,76,0.17468,0.17026,0.05974,0.17765
Time,s,76,0.1746,0.17137,0.05923,0.18067
Time,s,76,0.17884,0.17,0.06291,0.17985
Time,s,76,0.17625,0.17065,0.05813,0.17842
Time,s,76,0.17457,0.17292,0.05818,0.18683
Time,s,76,0.17429,0.17103,0.05905,0.17812
Time,s,76,0.17356,0.17056,0.05895,0.18309
Time,s,76,0.1733,0.16948,0.06151,0.18241
Time,s,76,0.17387,0.17496,0.05917,0.17852
Time,s,76,0.17543,0.17055,0.059,0.18251
Time,s,76,0.18063,0.17284,0.05833,0.18144
Time,s,76,0.17968,0.17426,0.06432,0.18088
Time,s,76,0.18052,0.1789,0.05977,0.17745
Time,s,76,0.17367,0.17603,0.0608,0.18054
Time,s,76,0.17985,0.16991,0.0673,0.17896
Time,s,76,0.1819,0.17315,0.05853,0.17981
Time,s,76,0.17759,0.17052,0.06654,0.17794
Time,s,77,0.18067,0.17577,0.06017,0.18019
Time,s,77,0.17598,0.17429,0.05931,0.1782
Time,s,77,0.17564,0.17086,0.06222,0.17861
Time,s,77,0.17821,0.17008,0.05972,0.17905
Time,s,77,0.17541,0.16822,0.0634,0.17817
Time,s,77,0.17718,0.17137,0.05939,0.1847
Time,s,77,0.17467,0.1763,0.06492,0.17699
Time,s,77,0.17868,0.16955,0.05832,0.17731
Time,s,77,0.17347,0.16963,0.05902,0.17745
Time,s,77,0.17468,0.16987,0.06201,0.1791
Time,s,77,0.17245,0.17264,0.05888,0.17899
Time,s,77,0.17348,0.17966,0.06266,0.17638
Time,s,77,0.17561,0.17712,0.05859,0.17817
Time,s,77,0.17241,0.17679,0.06392,0.17823
Time,s,77,0.17297,0.17338,0.05887,0.18667
Time,s,77,0.17378,0.17564,0.06536,0.18613
Time,s,77,0.17235,0.17229,0.06164,0.17891
Time,s,77,0.17465,0.17149,0.06009,0.1756
Time,s,77,0.17236,0.17233,0.06169,0.17926
Time,s,77,0.17255,0.17188,0.06028,0.1795
Time,s,77,0.183,0.17033,0.06306,0.18055
Time,s,77,0.17978,0.17613,0.0586,0.17933
Time,s,77,0.18183,0.17454,0.06673,0.17835
Time,s,77,0.18203,0.16854,0.06428,0.1779
Time,s,77,0.18203,0.16979,0.05856,0.17517
Time,s,77,0.17786,0.17646,0.06239,0.17409
Time,s,77,0.17844,0.1748,0.05821,0.17764
Time,s,77,0.17582,0.16951,0.06213,0.17586
Time,s,77,0.17822,0.17869,0.05848,0.17812
Time,s,77,0.17973,0.1735,0.06534,0.17489
Time,s,77,0.17818,0.1766,0.05938,0.17484
Time,s,77,0.17772,0.17722,0.05876,0.17933
Time,s,77,0.17332,0.17037,0.06023,0.179
Time,s,77,0.17676,0.1721,0.06158,0.17578
Time,s,77,0.17316,0.16979,0.06364,0.17448
Time,s,77,0.173,0.17238,0.06018,0.17357
Time,s,77,0.1755,0.17007,0.06463,0.17423
Time,s,77,0.17393,0.17168,0.06622,0.17786
Time,s,77,0.17973,0.17511,0.06795,0.17477
Time,s,77,0.17555,0.16928,0.06304,0.18614
Time,s,77,0.1752,0.17734,0.06332,0.17749
Time,s,77,0.17545,0.16775,0.06079,0.1749
Time,s,77,0.17272,0.17762,0.06007,0.1761
Time,s,77,0.1727,0.1711,0.06023,0.17454
Time,s,77,0.17354,0.17109,0.06075,0.17731
Time,s,77,0.17542,0.17402,0.06569,0.17443
Time,s,77,0.17652,0.17011,0.06063,0.17798
Time,s,77,0.17378,0.1712,0.06275,0.17812
Time,s,77,0.17385,0.17092,0.06292,0.17855
Time,s,77,0.17752,0.16912,0.06245,0.17549
Time,s,77,0.17279,0.17457,0.06928,0.17653
Time,s,77,0.18207,0.16796,0.06038,0.17618
Time,s,77,0.17218,0.16925,0.06113,0.17524
Time,s,77,0.18618,0.16938,0.05957,0.17581
Time,s,77,0.18348,0.17616,0.06087,0.17428
Time,s,77,0.18297,0.17624,0.06436,0.17371
Time,s,77,0.19123,0.17902,0.06072,0.1746
Time,s,77,0.18816,0.17835,0.06333,0.17353
Time,s,77,0.19026,0.17811,0.05978,0.17729
Time,s,77,0.18555,0.17366,0.06577,0.17454
Time,s,77,0.18355,0.16925,0.0604,0.1829
Time,s,77,0.18495,0.17143,0.06779,0.17462
Time,s,77,0.18983,0.17059,0.06022,0.17468
Time,s,77,0.18298,0.16935,0.06001,0.17391
Time,s,77,0.18183,0.1692,0.06524,0.18184
Time,s,77,0.18282,0.17855,0.06079,0.18305
Time,s,77,0.18319,0.16918,0.06496,0.17502
Time,s,77,0.19043,0.17053,0.06022,0.17653
Time,s,77,0.18091,0.16889,0.06918,0.17509
Time,s,77,0.18167,0.17725,0.06248,0.17784
Time,s,77,0.18327,0.17957,0.06219,0.17604
Time,s,77,0.18069,0.17498,0.06487,0.17354
Time,s,77,0.18192,0.17508,0.06211,0.17477
Time,s,77,0.17935,0.17901,0.06494,0.17519
Time,s,77,0.18213,0.17138,0.05996,0.17374
Time,s,77,0.18099,0.17195,0.06366,0.17441
Time,s,77,0.18172,0.1704,0.06589,0.18347
Time,s,77,0.17951,0.17081,0.06079,0.17801
Time,s,77,0.18045,0.17536,0.06227,0.18958
Time,s,77,0.17916,0.17048,0.06136,0.18572
Time,s,77,0.17937,0.17614,0.0655,0.18435
Time,s,77,0.18643,0.17,0.06165,0.18307
Time,s,77,0.17996,0.17956,0.06591,0.18456
Time,s,77,0.1809,0.17674,0.06106,0.17628
Time,s,77,0.18059,0.17802,0.06801,0.18028
Time,s,77,0.19216,0.17359,0.06464,0.18201
Time,s,77,0.18899,0.17096,0.06134,0.18087
Time,s,77,0.18915,0.17044,0.06653,0.18439
Time,s,77,0.18966,0.17283,0.06083,0.18112
Time,s,77,0.18601,0.17248,0.06488,0.17719
Time,s,77,0.18321,0.17108,0.06224,0.17688
Time,s,77,0.18367,0.17119,0.06772,0.18114
Time,s,77,0.18059,0.17093,0.06098,0.17654
Time,s,77,0.18,0.17381,0.06079,0.17743
Time,s,77,0.18189,0.17474,0.06389,0.17876
Time,s,77,0.1813,0.17555,0.06112,0.1813
Time,s,77,0.18804,0.16994,0.06467,0.1794
Time,s,77,0.17624,0.16943,0.06207,0.17641
Time,s,77,0.17833,0.1787,0.06651,0.17625
Time,s,77,0.18179,0.17855,0.06189,0.18324
Time,s,78,0.17544,0.17442,0.06047,0.18497
Time,s,78,0.175,0.17686,0.06576,0.18033
Time,s,78,0.17513,0.17625,0.06803,0.17674
Time,s,78,0.17762,0.17727,0.06647,0.1799
Time,s,78,0.17584,0.17271,0.06116,0.18015
Time,s,78,0.17789,0.17524,0.06101,0.18348
Time,s,78,0.18431,0.17327,0.06376,0.18296
Time,s,78,0.17458,0.17682,0.06273,0.18065
Time,s,78,0.17956,0.17662,0.0669,0.18524
Time,s,78,0.17497,0.17487,0.06202,0.17622
Time,s,78,0.17569,0.17738,0.06136,0.17621
Time,s,78,0.18213,0.17739,0.062,0.17742
Time,s,78,0.18042,0.18233,0.06178,0.18031
Time,s,78,0.17473,0.17407,0.06687,0.1778
Time,s,78,0.17814,0.17164,0.06283,0.17956
Time,s,78,0.1739,0.17353,0.0623,0.17669
Time,s,78,0.17491,0.17218,0.0648,0.17615
Time,s,78,0.18267,0.17584,0.06208,0.17602
Time,s,78,0.18156,0.17567,0.06726,0.17729
Time,s,78,0.18267,0.17303,0.06314,0.18306
Time,s,78,0.18235,0.17556,0.06114,0.1798
Time,s,78,0.17719,0.17775,0.06572,0.18577
Time,s,78,0.18032,0.17506,0.06151,0.18386
Time,s,78,0.18216,0.17524,0.06637,0.18812
Time,s,78,0.17977,0.17326,0.0622,0.18747
Time,s,78,0.18094,0.17159,0.06212,0.18476
Time,s,78,0.17842,0.1807,0.0641,0.18302
Time,s,78,0.17424,0.17832,0.06336,0.18111
Time,s,78,0.17868,0.18113,0.07303,0.18247
Time,s,78,0.17853,0.18107,0.06235,0.18084
Time,s,78,0.17736,0.18214,0.06226,0.18222
Time,s,78,0.17397,0.17701,0.06108,0.18202
Time,s,78,0.18063,0.17871,0.06197,0.18407
Time,s,78,0.17524,0.17745,0.06862,0.18486
Time,s,78,0.17453,0.18129,0.06264,0.18284
Time,s,78,0.17832,0.17248,0.06806,0.18162
Time,s,78,0.17472,0.17114,0.06391,0.18178
Time,s,78,0.17501,0.17585,0.062,0.19298
Time,s,78,0.1751,0.17775,0.06606,0.19271
Time,s,78,0.17901,0.17555,0.0622,0.18149
Time,s,78,0.17475,0.18665,0.06718,0.18637
Time,s,78,0.17457,0.18224,0.06214,0.19201
Time,s,78,0.17268,0.17323,0.06227,0.18476
Time,s,78,0.17283,0.17272,0.06502,0.18993
Time,s,78,0.18094,0.17163,0.06124,0.18753
Time,s,78,0.1821,0.17239,0.06773,0.18509
Time,s,78,0.18229,0.17545,0.0636,0.18113
Time,s,78,0.17905,0.17478,0.06146,0.1876
Time,s,78,0.18431,0.16952,0.06697,0.18283
Time,s,78,0.17837,0.17353,0.06171,0.18258
Time,s,78,0.1741,0.16903,0.06751,0.18376
Time,s,78,0.17882,0.17724,0.06393,0.18025
Time,s,78,0.17216,0.17442,0.06086,0.17964
Time,s,78,0.17697,0.17621,0.06749,0.18014
Time,s,78,0.17724,0.17522,0.0609,0.18112
Time,s,78,0.17488,0.17442,0.06655,0.17998
Time,s,78,0.17396,0.16956,0.06206,0.17418
Time,s,78,0.17927,0.16992,0.0596,0.17413
Time,s,78,0.17315,0.17226,0.06333,0.17293
Time,s,78,0.17424,0.17068,0.06197,0.18588
Time,s,78,0.17495,0.17388,0.06685,0.17859
Time,s,78,0.17331,0.17345,0.06107,0.17424
Time,s,78,0.17546,0.16901,0.06001,0.17879
Time,s,78,0.17227,0.1689,0.06442,0.17763
Time,s,78,0.17325,0.17175,0.06063,0.18676
Time,s,78,0.1719,0.1736,0.06808,0.18125
Time,s,78,0.18344,0.17858,0.05981,0.17856
Time,s,78,0.17852,0.17166,0.05932,0.17802
Time,s,78,0.17977,0.17356,0.064,0.17946
Time,s,78,0.17297,0.17166,0.05974,0.17699
Time,s,78,0.17786,0.16966,0.06658,0.17954
Time,s,78,0.17881,0.16921,0.06087,0.17708
Time,s,78,0.17866,0.16941,0.06028,0.17575
Time,s,78,0.17768,0.17071,0.05982,0.1771
Time,s,78,0.17332,0.17137,0.061,0.17666
Time,s,78,0.17668,0.16906,0.06571,0.17725
Time,s,78,0.17656,0.17099,0.06191,0.17706
Time,s,78,0.17917,0.17327,0.0599,0.17711
Time,s,78,0.17961,0.16981,0.05999,0.18274
Time,s,78,0.17354,0.1688,0.06504,0.17793
Time,s,78,0.17375,0.17435,0.06128,0.1822
Time,s,78,0.17332,0.17653,0.05984,0.18299
Time,s,78,0.17358,0.17697,0.05963,0.18157
Time,s,78,0.17305,0.17566,0.06267,0.1756
Time,s,78,0.1754,0.17613,0.06004,0.17756
Time,s,78,0.174,0.17423,0.06012,0.18142
Time,s,78,0.1727,0.17932,0.05921,0.1822
Time,s,78,0.17415,0.17318,0.05949,0.18346
Time,s,78,0.17271,0.17411,0.06462,0.18155
Time,s,78,0.17342,0.17216,0.06318,0.18041
Time,s,78,0.17924,0.17338,0.06581,0.17789
Time,s,78,0.18377,0.17285,0.06462,0.17792
Time,s,78,0.17954,0.17224,0.05953,0.1777
Time,s,78,0.18232,0.17271,0.06365,0.17776
Time,s,78,0.17849,0.17123,0.05979,0.17834
Time,s,78,0.17868,0.17048,0.06424,0.17748
Time,s,78,0.17471,0.17892,0.05939,0.1807
Time,s,78,0.17382,0.17077,0.05959,0.17768
Time,s,78,0.17325,0.17074,0.06291,0.17672
Time,s,78,0.17865,0.1706,0.05947,0.18315
Time,s,79,0.17501,0.17002,0.06529,0.18375
Time,s,79,0.17431,0.17093,0.06403,0.18249
Time,s,79,0.17607,0.17005,0.05927,0.17958
Time,s,79,0.17609,0.17593,0.06217,0.17981
Time,s,79,0.17503,0.17136,0.05852,0.1817
Time,s,79,0.17512,0.1788,0.06922,0.1859
Time,s,79,0.17373,0.17001,0.06003,0.17775
Time,s,79,0.17426,0.17664,0.05991,0.17903
Time,s,79,0.17614,0.17006,0.06206,0.18188
Time,s,79,0.17483,0.17043,0.05876,0.18089
Time,s,79,0.17408,0.17356,0.06854,0.17934
Time,s,79,0.18428,0.16904,0.05942,0.1836
Time,s,79,0.17782,0.17062,0.05868,0.17731
Time,s,79,0.1824,0.1729,0.0624,0.1759
Time,s,79,0.18216,0.17835,0.05932,0.17864
Time,s,79,0.18345,0.17244,0.06455,0.17838
Time,s,79,0.18071,0.17267,0.06056,0.17909
Time,s,79,0.17991,0.17935,0.0588,0.17545
Time,s,79,0.18374,0.17053,0.05772,0.17876
Time,s,79,0.17525,0.17636,0.05907,0.17648
Time,s,79,0.17902,0.16996,0.05833,0.19235
Time,s,79,0.17948,0.17477,0.05989,0.18295
Time,s,79,0.17783,0.17779,0.06297,0.17922
Time,s,79,0.17692,0.1721,0.06549,0.18488
Time,s,79,0.17558,0.18488,0.05893,0.18112
Time,s,79,0.17519,0.1801,0.05829,0.17588
Time,s,79,0.17862,0.17814,0.06089,0.18095
Time,s,79,0.17506,0.17757,0.05927,0.18075
Time,s,79,0.17459,0.17735,0.06388,0.17965
Time,s,79,0.17521,0.17482,0.06003,0.17959
Time,s,79,0.1765,0.17259,0.05836,0.1799
Time,s,79,0.17451,0.17398,0.06389,0.17963
Time,s,79,0.17544,0.18302,0.06303,0.18152
Time,s,79,0.17634,0.17603,0.06472,0.17714
Time,s,79,0.18041,0.1725,0.06084,0.17586
Time,s,79,0.18163,0.17257,0.05814,0.17572
Time,s,79,0.18127,0.17003,0.06185,0.17557
Time,s,79,0.17578,0.16899,0.06123,0.17579
Time,s,79,0.18313,0.17023,0.06412,0.17757
Time,s,79,0.18276,0.16986,0.05889,0.17749
Time,s,79,0.17898,0.17134,0.05922,0.17662
Time,s,79,0.18061,0.17033,0.06243,0.17775
Time,s,79,0.17796,0.17325,0.05875,0.17939
Time,s,79,0.17389,0.16936,0.06497,0.17605
Time,s,79,0.17599,0.17069,0.0618,0.17624
Time,s,79,0.18068,0.17343,0.05965,0.17603
Time,s,79,0.17831,0.17811,0.06452,0.18459
Time,s,79,0.1777,0.17647,0.05849,0.18067
Time,s,79,0.17895,0.17617,0.06597,0.18275
Time,s,79,0.18335,0.16958,0.06197,0.17641
Time,s,79,0.17715,0.16944,0.05845,0.17998
Time,s,79,0.17844,0.17502,0.0634,0.1741
Time,s,79,0.17631,0.17744,0.05922,0.18158
Time,s,79,0.17775,0.17388,0.06556,0.17584
Time,s,79,0.1767,0.17554,0.061,0.17916
Time,s,79,0.17754,0.17574,0.05979,0.17977
Time,s,79,0.18546,0.1704,0.06408,0.18164
Time,s,79,0.18313,0.18332,0.06274,0.17926
Time,s,79,0.18229,0.17784,0.07157,0.17796
Time,s,79,0.18537,0.17268,0.06215,0.18102
Time,s,79,0.18136,0.17051,0.0592,0.17649
Time,s,79,0.18162,0.18051,0.06496,0.17546
Time,s,79,0.17953,0.17043,0.06184,0.17808
Time,s,79,0.18112,0.17088,0.05904,0.17693
Time,s,79,0.17992,0.17231,0.0631,0.17821
Time,s,79,0.17813,0.18262,0.05885,0.17545
Time,s,79,0.18192,0.17713,0.06474,0.17727
Time,s,79,0.17802,0.1771,0.05911,0.17608
Time,s,79,0.17852,0.16881,0.05929,0.17677
Time,s,79,0.17804,0.17522,0.06149,0.17708
Time,s,79,0.17574,0.17654,0.05848,0.1749
Time,s,79,0.1768,0.17481,0.05831,0.18406
Time,s,79,0.17677,0.17682,0.05887,0.18142
Time,s,79,0.17641,0.17253,0.05874,0.18391
Time,s,79,0.1781,0.17317,0.06169,0.17556
Time,s,79,0.17988,0.17753,0.06112,0.18277
Time,s,79,0.17678,0.1718,0.06428,0.18239
Time,s,79,0.1841,0.17288,0.06262,0.1849
Time,s,79,0.17806,0.17259,0.05877,0.17973
Time,s,79,0.18327,0.17322,0.06292,0.17894
Time,s,79,0.1774,0.17114,0.05807,0.17818
Time,s,79,0.18308,0.16952,0.06488,0.1777
Time,s,79,0.18263,0.17164,0.05935,0.18001
Time,s,79,0.18251,0.17164,0.05968,0.17803
Time,s,79,0.17948,0.17038,0.06878,0.17661
Time,s,79,0.17668,0.17511,0.05833,0.17791
Time,s,79,0.17674,0.17959,0.05893,0.17767
Time,s,79,0.18167,0.17768,0.05977,0.17624
Time,s,79,0.1763,0.18182,0.05896,0.17581
Time,s,79,0.17926,0.17973,0.06199,0.1752
Time,s,79,0.17574,0.17623,0.05942,0.17489
Time,s,79,0.17456,0.17043,0.06424,0.1765
Time,s,79,0.17753,0.17618,0.06131,0.17503
Time,s,79,0.18059,0.17381,0.05929,0.17741
Time,s,79,0.17404,0.17487,0.06293,0.17608
Time,s,79,0.1746,0.17875,0.05922,0.17927
Time,s,79,0.17488,0.17082,0.06386,0.17594
Time,s,79,0.17425,0.17576,0.05883,0.17506
Time,s,79,0.18292,0.17621,0.05887,0.17988
Time,s,79,0.18246,0.17322,0.06285,0.18246
Time,s,80,0.1799,0.17403,0.05895,0.18146
Time,s,80,0.18278,0.17707,0.05908,0.17647
Time,s,80,0.18294,0.1807,0.05907,0.18104
Time,s,80,0.18024,0.17327,0.05881,0.18071
Time,s,80,0.18052,0.17198,0.06186,0.18522
Time,s,80,0.17495,0.17174,0.05886,0.1765
Time,s,80,0.1793,0.17297,0.06294,0.17799
Time,s,80,0.17836,0.17594,0.06012,0.17965
Time,s,80,0.17554,0.17247,0.0655,0.18167
Time,s,80,0.17686,0.17661,0.05984,0.18084
Time,s,80,0.17803,0.18038,0.06303,0.18512
Time,s,80,0.17732,0.17256,0.06487,0.18292
Time,s,80,0.17616,0.18062,0.05961,0.18324
Time,s,80,0.17602,0.17897,0.06254,0.1855
Time,s,80,0.17575,0.18013,0.05925,0.18776
Time,s,80,0.17411,0.17737,0.06016,0.18276
Time,s,80,0.17599,0.17974,0.05939,0.18131
Time,s,80,0.17728,0.17461,0.06702,0.18195
Time,s,80,0.17628,0.17555,0.0605,0.18063
Time,s,80,0.17485,0.17426,0.05852,0.18045
Time,s,80,0.17712,0.17531,0.06213,0.18163
Time,s,80,0.18035,0.17495,0.05913,0.18107
Time,s,80,0.1764,0.17235,0.06304,0.18366
Time,s,80,0.17464,0.17595,0.05898,0.18177
Time,s,80,0.17496,0.17502,0.05933,0.18016
Time,s,80,0.17382,0.17352,0.05977,0.18049
Time,s,80,0.17574,0.18229,0.05882,0.18079
Time,s,80,0.1754,0.17358,0.06097,0.181
Time,s,80,0.17579,0.17232,0.0641,0.18058
Time,s,80,0.1746,0.17263,0.06344,0.18232
Time,s,80,0.18328,0.17262,0.05946,0.18014
Time,s,80,0.18161,0.17424,0.06469,0.18368
Time,s,80,0.17469,0.17931,0.05933,0.18286
Time,s,80,0.18071,0.18034,0.05875,0.1812
Time,s,80,0.17924,0.18018,0.05957,0.18076
Time,s,80,0.17824,0.185,0.06063,0.18251
Time,s,80,0.17838,0.17678,0.06277,0.1801
Time,s,80,0.18124,0.17284,0.06534,0.18095
Time,s,80,0.179,0.17688,0.06384,0.19027
Time,s,80,0.18036,0.17592,0.05896,0.18979
Time,s,80,0.1813,0.17347,0.06509,0.18637
Time,s,80,0.18001,0.17412,0.06045,0.186
Time,s,80,0.17909,0.17324,0.05939,0.18124
Time,s,80,0.1799,0.17311,0.05864,0.18811
Time,s,80,0.17924,0.17305,0.06022,0.18137
Time,s,80,0.17795,0.17228,0.0643,0.18759
Time,s,80,0.17602,0.16939,0.05906,0.18653
Time,s,80,0.1826,0.17004,0.06476,0.18865
Time,s,80,0.17752,0.16908,0.05849,0.18715
Time,s,80,0.17471,0.16933,0.05863,0.18662
Time,s,80,0.17526,0.17576,0.06164,0.18081
Time,s,80,0.17715,0.17071,0.05854,0.18332
Time,s,80,0.17504,0.16935,0.06391,0.18163
Time,s,80,0.1752,0.16945,0.06173,0.17756
Time,s,80,0.17485,0.17821,0.06417,0.17605
Time,s,80,0.17643,0.17494,0.06048,0.17948
Time,s,80,0.17339,0.17572,0.05968,0.18213
Time,s,80,0.17685,0.17774,0.06183,0.1834
Time,s,80,0.17638,0.17451,0.06144,0.18212
Time,s,80,0.17511,0.16995,0.05851,0.17767
Time,s,80,0.175,0.1725,0.05971,0.17987
Time,s,80,0.17396,0.17219,0.06512,0.18081
Time,s,80,0.17426,0.17156,0.0635,0.17754
Time,s,80,0.17495,0.1772,0.06981,0.17875
Time,s,80,0.17651,0.17119,0.06086,0.17779
Time,s,80,0.17738,0.17095,0.05923,0.18044
Time,s,80,0.18567,0.17002,0.06156,0.18275
Time,s,80,0.18224,0.17183,0.06049,0.1817
Time,s,80,0.18371,0.16855,0.06359,0.17953
Time,s,80,0.1842,0.16947,0.05889,0.17696
Time,s,80,0.18291,0.16927,0.06752,0.17866
Time,s,80,0.18299,0.16923,0.06039,0.18237
Time,s,80,0.1813,0.1692,0.05955,0.17967
Time,s,80,0.17524,0.17465,0.0625,0.17875
Time,s,80,0.1772,0.16921,0.05908,0.17869
Time,s,80,0.17891,0.16873,0.06298,0.17691
Time,s,80,0.17451,0.17869,0.05855,0.17762
Time,s,80,0.17477,0.17699,0.05873,0.18131
Time,s,80,0.17782,0.16838,0.05849,0.17873
Time,s,80,0.17517,0.17324,0.05962,0.17722
Time,s,80,0.17892,0.17738,0.06163,0.17794
Time,s,80,0.17483,0.16859,0.05876,0.17668
Time,s,80,0.18213,0.18031,0.06178,0.1767
Time,s,80,0.17852,0.17708,0.0585,0.17902
Time,s,80,0.17895,0.16983,0.06351,0.17774
Time,s,80,0.17555,0.17288,0.06133,0.17528
Time,s,80,0.17446,0.17343,0.06174,0.18912
Time,s,80,0.18121,0.17204,0.06049,0.18685
Time,s,80,0.17681,0.17279,0.05963,0.18554
Time,s,80,0.17414,0.17384,0.06525,0.18682
Time,s,80,0.17371,0.17233,0.0617,0.18328
Time,s,80,0.17746,0.17233,0.05867,0.1808
Time,s,80,0.17395,0.16927,0.05852,0.18493
Time,s,80,0.1783,0.16901,0.06553,0.18399
Time,s,80,0.17538,0.17702,0.0606,0.18621
Time,s,80,0.17415,0.17388,0.05911,0.18616
Time,s,80,0.17469,0.16839,0.06187,0.18225
Time,s,80,0.17527,0.16961,0.05959,0.17641
Time,s,80,0.17744,0.17641,0.0639,0.177
Time,s,80,0.17426,0.17836,0.05851,0.17949
Time,s,81,0.17561,0.17037,0.06448,0.1764
Time,s,81,0.17485,0.17716,0.06317,0.17793
Time,s,81,0.17996,0.17306,0.05951,0.17622
Time,s,81,0.17771,0.16813,0.05929,0.1752
Time,s,81,0.17432,0.17582,0.05959,0.17989
Time,s,81,0.17491,0.17233,0.06545,0.17467
Time,s,81,0.18011,0.16953,0.06016,0.17695
Time,s,81,0.18032,0.16942,0.06807,0.1785
Time,s,81,0.18113,0.17033,0.06094,0.17825
Time,s,81,0.18497,0.17077,0.05981,0.17674
Time,s,81,0.18736,0.1715,0.06351,0.1756
Time,s,81,0.18631,0.16816,0.05953,0.17504
Time,s,81,0.18298,0.16942,0.06484,0.17663
Time,s,81,0.19412,0.1685,0.05998,0.1773
Time,s,81,0.18988,0.17316,0.06004,0.17485
Time,s,81,0.17631,0.16918,0.06613,0.17567
Time,s,81,0.17785,0.16848,0.06471,0.17392
Time,s,81,0.17351,0.1691,0.06449,0.17497
Time,s,81,0.17561,0.16843,0.06021,0.17232
Time,s,81,0.18685,0.17281,0.06108,0.17459
Time,s,81,0.17817,0.16918,0.06182,0.17621
Time,s,81,0.18192,0.17437,0.05942,0.17489
Time,s,81,0.18186,0.16838,0.06138,0.17669
Time,s,81,0.18004,0.16927,0.0603,0.17546
Time,s,81,0.1997,0.17572,0.06597,0.17389
Time,s,81,0.18567,0.16973,0.06286,0.17524
Time,s,81,0.17491,0.1705,0.06039,0.18069
Time,s,81,0.18171,0.17074,0.06214,0.17421
Time,s,81,0.1825,0.17654,0.05992,0.17413
Time,s,81,0.18245,0.17149,0.06386,0.17579
Time,s,81,0.17998,0.16909,0.06024,0.17461
Time,s,81,0.17632,0.16933,0.06669,0.17774
Time,s,81,0.18137,0.1697,0.06541,0.1744
Time,s,81,0.18211,0.16875,0.0603,0.18086
Time,s,81,0.1792,0.16812,0.06229,0.17727
Time,s,81,0.18209,0.16807,0.05971,0.18183
Time,s,81,0.17791,0.16796,0.06,0.182
Time,s,81,0.18244,0.17018,0.0601,0.18188
Time,s,81,0.18305,0.17216,0.0593,0.18043
Time,s,81,0.17979,0.17515,0.05898,0.18004
Time,s,81,0.18101,0.17724,0.06054,0.17739
Time,s,81,0.18015,0.17154,0.06606,0.17602
Time,s,81,0.17939,0.17552,0.06477,0.17311
Time,s,81,0.18203,0.17553,0.06624,0.17875
Time,s,81,0.18087,0.17554,0.06017,0.17765
Time,s,81,0.18066,0.17501,0.05995,0.17442
Time,s,81,0.17929,0.1789,0.06202,0.18069
Time,s,81,0.17955,0.17241,0.05999,0.17924
Time,s,81,0.18466,0.16786,0.05861,0.18128
Time,s,81,0.18279,0.17165,0.06022,0.17907
Time,s,81,0.17615,0.17374,0.0603,0.17991
Time,s,81,0.17705,0.17501,0.05927,0.17737
Time,s,81,0.17598,0.18105,0.05962,0.17554
Time,s,81,0.17671,0.17616,0.06307,0.17488
Time,s,81,0.18253,0.17665,0.06069,0.17631
Time,s,81,0.17904,0.17849,0.0655,0.17469
Time,s,81,0.18287,0.17594,0.06019,0.17664
Time,s,81,0.17569,0.1799,0.06039,0.17677
Time,s,81,0.17573,0.17575,0.06383,0.18261
Time,s,81,0.17632,0.17438,0.05965,0.17864
Time,s,81,0.17746,0.1805,0.0589,0.18175
Time,s,81,0.1784,0.17866,0.05986,0.18222
Time,s,81,0.17712,0.18215,0.06622,0.18086
Time,s,81,0.17741,0.18451,0.06657,0.17966
Time,s,81,0.17799,0.1745,0.06197,0.17892
Time,s,81,0.17731,0.17424,0.06627,0.17939
Time,s,81,0.18456,0.17714,0.06474,0.18062
Time,s,81,0.18751,0.17365,0.07219,0.18441
Time,s,81,0.18801,0.17397,0.06874,0.17945
Time,s,81,0.1769,0.17736,0.0642,0.17845
Time,s,81,0.18314,0.18216,0.06473,0.17723
Time,s,81,0.18377,0.18145,0.06408,0.18218
Time,s,81,0.18525,0.17406,0.06736,0.18009
Time,s,81,0.18698,0.17322,0.06438,0.1795
Time,s,81,0.18681,0.17968,0.06823,0.18655
Time,s,81,0.18372,0.18354,0.06097,0.17919
Time,s,81,0.18286,0.17339,0.05967,0.18114
Time,s,81,0.18319,0.17932,0.0625,0.1784
Time,s,81,0.18009,0.17376,0.05901,0.17854
Time,s,81,0.1806,0.17688,0.06507,0.18058
Time,s,81,0.18162,0.17679,0.05905,0.18143
Time,s,81,0.17925,0.17776,0.05984,0.17827
Time,s,81,0.18117,0.18139,0.06019,0.17897
Time,s,81,0.18312,0.18018,0.06013,0.18596
Time,s,81,0.18107,0.18178,0.06452,0.17899
Time,s,81,0.17725,0.18216,0.05918,0.18082
Time,s,81,0.17658,0.17546,0.06503,0.17798
Time,s,81,0.17676,0.17481,0.06021,0.1791
Time,s,81,0.17892,0.17476,0.05984,0.17836
Time,s,81,0.17759,0.17628,0.05994,0.17917
Time,s,81,0.18085,0.17431,0.05932,0.17879
Time,s,81,0.18107,0.17523,0.05924,0.18129
Time,s,81,0.18054,0.17464,0.06186,0.18655
Time,s,81,0.17758,0.17505,0.06454,0.18507
Time,s,81,0.17778,0.1786,0.06266,0.18955
Time,s,81,0.17802,0.1674,0.05955,0.18882
Time,s,81,0.17862,0.16865,0.06395,0.18447
Time,s,81,0.18025,0.1707,0.05986,0.17928
Time,s,81,0.17624,0.17379,0.06719,0.18284
Time,s,81,0.17566,0.17107,0.06401,0.18156
Time,s,82,0.18019,0.17707,0.06081,0.17913
Time,s,82,0.18155,0.1781,0.06374,0.17906
Time,s,82,0.17451,0.17753,0.05932,0.18025
Time,s,82,0.17536,0.17862,0.06465,0.18645
Time,s,82,0.17461,0.17399,0.06136,0.18384
Time,s,82,0.17385,0.17039,0.06769,0.17988
Time,s,82,0.17373,0.17565,0.06345,0.18089
Time,s,82,0.17422,0.17488,0.05873,0.17983
Time,s,82,0.18116,0.17356,0.06421,0.18085
Time,s,82,0.1743,0.17113,0.06054,0.18116
Time,s,82,0.17614,0.17104,0.06566,0.18237
Time,s,82,0.18329,0.17341,0.05975,0.18242
Time,s,82,0.17369,0.17367,0.06699,0.18763
Time,s,82,0.17491,0.17835,0.05876,0.18606
Time,s,82,0.17629,0.17111,0.05937,0.18055
Time,s,82,0.17931,0.17058,0.06208,0.18221
Time,s,82,0.18581,0.17068,0.05985,0.17914
Time,s,82,0.18139,0.1696,0.06443,0.18104
Time,s,82,0.17731,0.17025,0.06175,0.17942
Time,s,82,0.18291,0.17642,0.0624,0.18037
Time,s,82,0.18342,0.17866,0.06173,0.18031
Time,s,82,0.18363,0.16963,0.05839,0.19096
Time,s,82,0.17988,0.18114,0.06222,0.18267
Time,s,82,0.17956,0.16973,0.05936,0.18027
Time,s,82,0.18084,0.17393,0.06503,0.18006
Time,s,82,0.18877,0.17448,0.05919,0.18036
Time,s,82,0.18347,0.17832,0.06007,0.18134
Time,s,82,0.18448,0.17019,0.06149,0.18227
Time,s,82,0.17748,0.17261,0.05915,0.1817
Time,s,82,0.18127,0.17322,0.06347,0.18966
Time,s,82,0.17695,0.16839,0.05931,0.18044
Time,s,82,0.18056,0.17427,0.06071,0.18344
Time,s,82,0.17576,0.17113,0.05917,0.18764
Time,s,82,0.17736,0.17176,0.05971,0.1866
Time,s,82,0.17713,0.17319,0.06313,0.18584
Time,s,82,0.17503,0.177,0.06059,0.17963
Time,s,82,0.17546,0.17603,0.06311,0.18076
Time,s,82,0.17834,0.171,0.05906,0.18061
Time,s,82,0.17551,0.17136,0.06625,0.1834
Time,s,82,0.17397,0.17183,0.06548,0.17735
Time,s,82,0.17407,0.1703,0.05909,0.18042
Time,s,82,0.17328,0.17231,0.0616,0.17396
Time,s,82,0.17421,0.17851,0.06028,0.17638
Time,s,82,0.17377,0.17609,0.05936,0.17597
Time,s,82,0.17607,0.17682,0.06039,0.17488
Time,s,82,0.17605,0.17243,0.06317,0.18001
Time,s,82,0.18093,0.17507,0.06058,0.1741
Time,s,82,0.17549,0.16828,0.0593,0.17616
Time,s,82,0.17387,0.17243,0.0627,0.17494
Time,s,82,0.17456,0.17386,0.06134,0.17855
Time,s,82,0.1801,0.17563,0.0637,0.17601
Time,s,82,0.17816,0.16923,0.05983,0.17628
Time,s,82,0.18341,0.17126,0.06655,0.17804
Time,s,82,0.18521,0.17084,0.06296,0.17505
Time,s,82,0.17582,0.17003,0.06109,0.17561
Time,s,82,0.18191,0.17203,0.06421,0.17553
Time,s,82,0.17584,0.17014,0.05997,0.17733
Time,s,82,0.17857,0.1698,0.0615,0.17685
Time,s,82,0.17806,0.16843,0.06301,0.18991
Time,s,82,0.1797,0.17265,0.067,0.18401
Time,s,82,0.17363,0.1674,0.06137,0.176
Time,s,82,0.17459,0.1677,0.06008,0.18234
Time,s,82,0.17649,0.17458,0.06236,0.1815
Time,s,82,0.1767,0.17417,0.06009,0.18168
Time,s,82,0.17747,0.17603,0.06478,0.18027
Time,s,82,0.17936,0.16861,0.06047,0.17636
Time,s,82,0.17328,0.17099,0.06106,0.17854
Time,s,82,0.17357,0.17223,0.06023,0.17954
Time,s,82,0.17413,0.16858,0.05928,0.1758
Time,s,82,0.18128,0.17531,0.06417,0.17521
Time,s,82,0.17942,0.16993,0.06064,0.17597
Time,s,82,0.17886,0.17639,0.06946,0.17568
Time,s,82,0.17496,0.16955,0.06025,0.17716
Time,s,82,0.17958,0.17074,0.06647,0.17541
Time,s,82,0.17694,0.17032,0.06181,0.17611
Time,s,82,0.17554,0.17948,0.05969,0.17647
Time,s,82,0.1751,0.1765,0.06092,0.18208
Time,s,82,0.1751,0.17007,0.05911,0.17734
Time,s,82,0.17381,0.17963,0.06556,0.1753
Time,s,82,0.17387,0.1717,0.05952,0.17556
Time,s,82,0.17355,0.16826,0.06675,0.17629
Time,s,82,0.17812,0.17274,0.06517,0.17516
Time,s,82,0.17653,0.16857,0.06006,0.18029
Time,s,82,0.19495,0.16815,0.06362,0.17713
Time,s,82,0.18006,0.16691,0.06028,0.18156
Time,s,82,0.18176,0.16753,0.06749,0.18271
Time,s,82,0.17967,0.17205,0.06238,0.18233
Time,s,82,0.18112,0.17117,0.06146,0.17813
Time,s,82,0.1766,0.1699,0.06467,0.17559
Time,s,82,0.18054,0.16809,0.06079,0.18013
Time,s,82,0.17585,0.16845,0.06674,0.18128
Time,s,82,0.17923,0.1685,0.06232,0.18582
Time,s,82,0.18001,0.16738,0.06663,0.18282
Time,s,82,0.18108,0.16896,0.06116,0.18183
Time,s,82,0.17986,0.1684,0.06076,0.18229
Time,s,82,0.17588,0.16771,0.06496,0.17772
Time,s,82,0.178,0.16993,0.06259,0.17782
Time,s,82,0.17603,0.17156,0.06806,0.17565
Time,s,82,0.17914,0.1669,0.0624,0.1771
Time,s,82,0.17771,0.16751,0.0678,0.17894
Time,s,83,0.1831,0.16906,0.06188,0.17719
Time,s,83,0.17989,0.1687,0.06051,0.17674
Time,s,83,0.17543,0.16948,0.06283,0.17547
Time,s,83,0.17839,0.17743,0.0611,0.17799
Time,s,83,0.17783,0.16853,0.06613,0.17631
Time,s,83,0.17851,0.16865,0.06049,0.18883
Time,s,83,0.17691,0.18068,0.06568,0.17723
Time,s,83,0.17615,0.17609,0.06038,0.17607
Time,s,83,0.1766,0.16887,0.06312,0.17513
Time,s,83,0.17569,0.17047,0.06327,0.17583
Time,s,83,0.17751,0.17356,0.06305,0.17657
Time,s,83,0.17809,0.17611,0.06447,0.1769
Time,s,83,0.17723,0.17722,0.06296,0.1788
Time,s,83,0.17545,0.17904,0.06207,0.17721
Time,s,83,0.17535,0.17856,0.0636,0.176
Time,s,83,0.17605,0.17824,0.06067,0.1753
Time,s,83,0.17623,0.17036,0.06334,0.1752
Time,s,83,0.18403,0.16951,0.07047,0.176
Time,s,83,0.18433,0.17412,0.06067,0.17744
Time,s,83,0.1847,0.17112,0.06051,0.17788
Time,s,83,0.17931,0.16975,0.06693,0.17573
Time,s,83,0.18127,0.17012,0.06174,0.18101
Time,s,83,0.182,0.16752,0.0612,0.17592
Time,s,83,0.18739,0.16865,0.06406,0.18249
Time,s,83,0.18426,0.17005,0.06542,0.17722
Time,s,83,0.18008,0.17881,0.06453,0.18217
Time,s,83,0.17706,0.17691,0.06214,0.18292
Time,s,83,0.18298,0.1759,0.0615,0.18653
Time,s,83,0.1793,0.17422,0.06179,0.1828
Time,s,83,0.17794,0.17569,0.06115,0.18046
Time,s,83,0.18309,0.1715,0.06355,0.17802
Time,s,83,0.18109,0.17777,0.06175,0.18155
Time,s,83,0.17942,0.17537,0.06654,0.17552
Time,s,83,0.18086,0.17625,0.06191,0.18448
Time,s,83,0.17759,0.18039,0.06765,0.17892
Time,s,83,0.18098,0.17683,0.06158,0.17643
Time,s,83,0.17861,0.17751,0.06199,0.18098
Time,s,83,0.17928,0.17514,0.06425,0.18063
Time,s,83,0.18092,0.17132,0.06473,0.18299
Time,s,83,0.17966,0.17372,0.0672,0.18295
Time,s,83,0.17656,0.17496,0.06159,0.1783
Time,s,83,0.17793,0.17413,0.06682,0.17899
Time,s,83,0.17593,0.17633,0.06234,0.18306
Time,s,83,0.17852,0.1796,0.06173,0.18307
Time,s,83,0.17829,0.17551,0.06403,0.18098
Time,s,83,0.17816,0.17668,0.06151,0.17939
Time,s,83,0.17878,0.17074,0.06495,0.18502
Time,s,83,0.17744,0.16845,0.06084,0.17688
Time,s,83,0.17967,0.17337,0.06895,0.18029
Time,s,83,0.17712,0.17914,0.06313,0.1811
Time,s,83,0.17671,0.1777,0.0661,0.18145
Time,s,83,0.17907,0.17424,0.06267,0.17907
Time,s,83,0.17809,0.18177,0.06201,0.18179
Time,s,83,0.17815,0.17545,0.06121,0.18126
Time,s,83,0.17685,0.17879,0.06086,0.18123
Time,s,83,0.18688,0.18036,0.06671,0.18169
Time,s,83,0.18388,0.17908,0.06164,0.18077
Time,s,83,0.18627,0.17907,0.06879,0.18263
Time,s,83,0.18437,0.18064,0.06553,0.18213
Time,s,83,0.1843,0.18131,0.06368,0.1812
Time,s,83,0.17669,0.17364,0.06819,0.18175
Time,s,83,0.18027,0.17425,0.06596,0.17996
Time,s,83,0.18636,0.18369,0.07136,0.18069
Time,s,83,0.18166,0.17746,0.06565,0.18031
Time,s,83,0.17945,0.18012,0.07267,0.18088
Time,s,83,0.18049,0.17813,0.0686,0.17975
Time,s,83,0.18148,0.17702,0.06426,0.1903
Time,s,83,0.17902,0.17861,0.06899,0.18261
Time,s,83,0.17893,0.17946,0.0654,0.18053
Time,s,83,0.17941,0.1832,0.06391,0.17969
Time,s,83,0.17466,0.1842,0.06495,0.18911
Time,s,83,0.17836,0.18164,0.06422,0.18757
Time,s,83,0.17456,0.17424,0.06715,0.19199
Time,s,83,0.17475,0.17503,0.06439,0.18675
Time,s,83,0.17454,0.17426,0.06851,0.1876
Time,s,83,0.1735,0.17406,0.06933,0.18898
Time,s,83,0.18182,0.17425,0.07078,0.18401
Time,s,83,0.17498,0.18236,0.06349,0.18684
Time,s,83,0.17446,0.17323,0.07156,0.18871
Time,s,83,0.17624,0.17393,0.06649,0.18142
Time,s,83,0.1743,0.17621,0.0654,0.18705
Time,s,83,0.17356,0.18194,0.06881,0.17997
Time,s,83,0.17327,0.18433,0.06453,0.18613
Time,s,83,0.17675,0.17325,0.0692,0.18667
Time,s,83,0.18326,0.17637,0.06552,0.18641
Time,s,83,0.17437,0.16683,0.07111,0.18127
Time,s,83,0.18085,0.17468,0.06539,0.18481
Time,s,83,0.17361,0.16796,0.06481,0.18264
Time,s,83,0.18107,0.17777,0.06761,0.17742
Time,s,83,0.1789,0.16694,0.06599,0.17613
Time,s,83,0.17923,0.17915,0.06982,0.17767
Time,s,83,0.17477,0.16866,0.06525,0.17605
Time,s,83,0.18405,0.16778,0.07075,0.1729
Time,s,83,0.17885,0.17499,0.06558,0.17524
Time,s,83,0.18274,0.17994,0.06471,0.18106
Time,s,83,0.17733,0.17029,0.06882,0.1776
Time,s,83,0.17817,0.18611,0.06427,0.18241
Time,s,83,0.17834,0.17769,0.06454,0.18034
Time,s,83,0.17605,0.17828,0.06486,0.17582
Time,s,83,0.17697,0.18446,0.07261,0.18212
Time,s,84,0.17939,0.1709,0.0704,0.17906
Time,s,84,0.17529,0.17514,0.06506,0.17672
Time,s,84,0.17515,0.16947,0.06747,0.17933
Time,s,84,0.17401,0.17571,0.06442,0.17882
Time,s,84,0.17379,0.17825,0.06566,0.17567
Time,s,84,0.17341,0.17621,0.06389,0.17543
Time,s,84,0.17445,0.17093,0.06749,0.17654
Time,s,84,0.17568,0.17671,0.06225,0.17795
Time,s,84,0.1797,0.17917,0.06835,0.17705
Time,s,84,0.17317,0.16996,0.06378,0.17957
Time,s,84,0.17612,0.17314,0.06497,0.17795
Time,s,84,0.18047,0.17328,0.06513,0.17796
Time,s,84,0.17323,0.16952,0.06218,0.18414
Time,s,84,0.17588,0.17392,0.0669,0.17572
Time,s,84,0.17406,0.17552,0.06208,0.1779
Time,s,84,0.17427,0.17643,0.06838,0.17618
Time,s,84,0.17331,0.1761,0.06298,0.17508
Time,s,84,0.18182,0.18429,0.06341,0.17637
Time,s,84,0.17368,0.17118,0.06418,0.17587
Time,s,84,0.17787,0.1704,0.06352,0.17593
Time,s,84,0.18461,0.17506,0.06544,0.17668
Time,s,84,0.1779,0.17344,0.06351,0.17948
Time,s,84,0.1796,0.17539,0.06851,0.17661
Time,s,84,0.18001,0.1707,0.06314,0.17711
Time,s,84,0.17348,0.17215,0.07319,0.17686
Time,s,84,0.18034,0.17178,0.06264,0.1754
Time,s,84,0.1825,0.17061,0.06951,0.17653
Time,s,84,0.17799,0.17455,0.06323,0.17822
Time,s,84,0.18083,0.17035,0.06598,0.18668
Time,s,84,0.17791,0.17316,0.066,0.18519
Time,s,84,0.18312,0.16882,0.06306,0.18763
Time,s,84,0.17445,0.16848,0.06806,0.18501
Time,s,84,0.17656,0.16997,0.05961,0.17696
Time,s,84,0.1788,0.1775,0.06977,0.18234
Time,s,84,0.17397,0.17004,0.06361,0.1822
Time,s,84,0.1765,0.17148,0.06883,0.17617
Time,s,84,0.17433,0.17906,0.06401,0.18019
Time,s,84,0.17654,0.16931,0.06355,0.18206
Time,s,84,0.18247,0.17071,0.06618,0.18474
Time,s,84,0.17375,0.17549,0.05975,0.18401
Time,s,84,0.17258,0.17006,0.06245,0.18092
Time,s,84,0.17421,0.17295,0.06271,0.17736
Time,s,84,0.17271,0.1688,0.06792,0.18354
Time,s,84,0.17381,0.16878,0.06295,0.18015
Time,s,84,0.17353,0.16845,0.0687,0.17966
Time,s,84,0.17313,0.16924,0.06265,0.1859
Time,s,84,0.17636,0.17091,0.07021,0.17999
Time,s,84,0.17375,0.16851,0.06358,0.17637
Time,s,84,0.17283,0.16952,0.06507,0.18067
Time,s,84,0.17888,0.17482,0.07177,0.18016
Time,s,84,0.17364,0.17584,0.06323,0.17642
Time,s,84,0.17426,0.16957,0.06832,0.18782
Time,s,84,0.18248,0.16851,0.06319,0.17872
Time,s,84,0.17562,0.16935,0.06818,0.177
Time,s,84,0.18077,0.17461,0.06391,0.17943
Time,s,84,0.17766,0.17855,0.06937,0.18057
Time,s,84,0.17836,0.16831,0.06641,0.1841
Time,s,84,0.18013,0.17333,0.0629,0.18455
Time,s,84,0.17863,0.17284,0.06603,0.17941
Time,s,84,0.17979,0.16878,0.06267,0.17707
Time,s,84,0.17874,0.17104,0.06707,0.17667
Time,s,84,0.18054,0.1787,0.06354,0.17636
Time,s,84,0.18132,0.16828,0.06888,0.18158
Time,s,84,0.17889,0.16984,0.06346,0.17781
Time,s,84,0.17795,0.17247,0.06498,0.1829
Time,s,84,0.17481,0.17454,0.0647,0.17766
Time,s,84,0.17734,0.17057,0.06383,0.18379
Time,s,84,0.1742,0.16899,0.06554,0.17762
Time,s,84,0.17597,0.16849,0.06283,0.17869
Time,s,84,0.17381,0.16983,0.06348,0.1769
Time,s,84,0.17326,0.16919,0.06349,0.17701
Time,s,84,0.17528,0.16901,0.06831,0.17599
Time,s,84,0.17957,0.17765,0.06239,0.17686
Time,s,84,0.17946,0.16918,0.07124,0.17862
Time,s,84,0.18803,0.17668,0.06539,0.17656
Time,s,84,0.18085,0.17731,0.06235,0.18645
Time,s,84,0.18002,0.16955,0.06506,0.18308
Time,s,84,0.17989,0.16865,0.06286,0.1836
Time,s,84,0.18001,0.1733,0.06213,0.17764
Time,s,84,0.18106,0.17848,0.06351,0.19396
Time,s,84,0.18064,0.16843,0.06748,0.1831
Time,s,84,0.18201,0.16852,0.06424,0.17775
Time,s,84,0.1835,0.17601,0.06813,0.18352
Time,s,84,0.1811,0.17514,0.06357,0.18087
Time,s,84,0.18085,0.17212,0.06211,0.18212
Time,s,84,0.18372,0.17014,0.06491,0.1816
Time,s,84,0.1804,0.17226,0.06313,0.18137
Time,s,84,0.18801,0.16824,0.06822,0.18146
Time,s,84,0.1869,0.17059,0.06242,0.17616
Time,s,84,0.18451,0.16844,0.0683,0.18009
Time,s,84,0.1868,0.16903,0.0629,0.17853
Time,s,84,0.18827,0.17054,0.06218,0.1846
Time,s,84,0.18414,0.17239,0.06273,0.17855
Time,s,84,0.18508,0.17023,0.06332,0.18211
Time,s,84,0.17937,0.16882,0.06437,0.18012
Time,s,84,0.18013,0.16863,0.06307,0.17534
Time,s,84,0.18242,0.16821,0.06642,0.17564
Time,s,84,0.18446,0.16912,0.06316,0.17489
Time,s,84,0.18657,0.16998,0.06922,0.17539
Time,s,84,0.18529,0.17546,0.06523,0.177
Time,s,85,0.18561,0.17326,0.06827,0.17667
Time,s,85,0.18019,0.17387,0.06308,0.17558
Time,s,85,0.18589,0.1754,0.06152,0.17842
Time,s,85,0.18254,0.17037,0.06343,0.18125
Time,s,85,0.18049,0.17469,0.06316,0.17608
Time,s,85,0.18194,0.17763,0.06754,0.1766
Time,s,85,0.18013,0.17146,0.06197,0.17612
Time,s,85,0.18504,0.16865,0.06149,0.17588
Time,s,85,0.18318,0.17347,0.06464,0.17601
Time,s,85,0.18287,0.16845,0.06242,0.17667
Time,s,85,0.18009,0.17126,0.06697,0.17833
Time,s,85,0.18277,0.17506,0.06307,0.17763
Time,s,85,0.17929,0.16998,0.06949,0.17644
Time,s,85,0.17532,0.1677,0.06524,0.1757
Time,s,85,0.17817,0.17068,0.05916,0.18368
Time,s,85,0.17348,0.16856,0.06588,0.18326
Time,s,85,0.17268,0.16825,0.06254,0.18143
Time,s,85,0.17396,0.16896,0.06804,0.18254
Time,s,85,0.17573,0.16781,0.06196,0.18418
Time,s,85,0.17625,0.16928,0.06253,0.18043
Time,s,85,0.17425,0.16956,0.06464,0.18392
Time,s,85,0.17513,0.17156,0.0615,0.17572
Time,s,85,0.17491,0.16862,0.06259,0.18397
Time,s,85,0.17476,0.16727,0.06702,0.17627
Time,s,85,0.17524,0.17048,0.06941,0.1791
Time,s,85,0.17625,0.1678,0.0629,0.18056
Time,s,85,0.17456,0.16835,0.06211,0.17558
Time,s,85,0.17951,0.17638,0.06149,0.17984
Time,s,85,0.18434,0.17689,0.06262,0.17596
Time,s,85,0.18699,0.17039,0.06212,0.17709
Time,s,85,0.18373,0.1786,0.06228,0.18563
Time,s,85,0.18205,0.17384,0.06342,0.17652
Time,s,85,0.18389,0.17645,0.06337,0.17483
Time,s,85,0.17556,0.1746,0.0618,0.17834
Time,s,85,0.17379,0.16726,0.06675,0.17624
Time,s,85,0.17526,0.17335,0.06156,0.17767
Time,s,85,0.18009,0.16754,0.06868,0.1795
Time,s,85,0.18231,0.16668,0.06407,0.17542
Time,s,85,0.17906,0.17104,0.06333,0.17809
Time,s,85,0.17922,0.16864,0.06534,0.17709
Time,s,85,0.17999,0.17218,0.06203,0.17969
Time,s,85,0.17727,0.17201,0.06751,0.17974
Time,s,85,0.1759,0.16658,0.0621,0.1812
Time,s,85,0.18154,0.17154,0.05829,0.1802
Time,s,85,0.17547,0.1719,0.06421,0.18079
Time,s,85,0.17936,0.17776,0.06214,0.18141
Time,s,85,0.17972,0.17831,0.06728,0.18013
Time,s,85,0.17687,0.17367,0.06219,0.18417
Time,s,85,0.1757,0.17071,0.07172,0.18267
Time,s,85,0.17526,0.17395,0.06598,0.17935
Time,s,85,0.1752,0.16942,0.06183,0.18379
Time,s,85,0.17696,0.17035,0.0654,0.17991
Time,s,85,0.17556,0.17103,0.06127,0.18134
Time,s,85,0.17585,0.17212,0.06809,0.18107
Time,s,85,0.17607,0.17214,0.06212,0.18157
Time,s,85,0.17693,0.17531,0.06136,0.18949
Time,s,85,0.17644,0.1691,0.06412,0.19011
Time,s,85,0.17526,0.17013,0.06238,0.1859
Time,s,85,0.17887,0.17019,0.06875,0.18038
Time,s,85,0.17419,0.17316,0.06225,0.18407
Time,s,85,0.1748,0.17088,0.06386,0.18761
Time,s,85,0.17431,0.16951,0.0612,0.18749
Time,s,85,0.17462,0.16983,0.06229,0.19074
Time,s,85,0.1741,0.1698,0.06426,0.18117
Time,s,85,0.17573,0.17578,0.06204,0.18719
Time,s,85,0.17317,0.17829,0.06852,0.1917
Time,s,85,0.17362,0.17224,0.06183,0.18097
Time,s,85,0.1734,0.1759,0.06206,0.18491
Time,s,85,0.17847,0.18169,0.06501,0.18476
Time,s,85,0.17506,0.17828,0.06264,0.18543
Time,s,85,0.17383,0.17718,0.06892,0.17994
Time,s,85,0.17424,0.1776,0.06155,0.18392
Time,s,85,0.17291,0.17851,0.0683,0.18853
Time,s,85,0.18205,0.17691,0.06584,0.18128
Time,s,85,0.17453,0.17996,0.06401,0.18384
Time,s,85,0.17346,0.1695,0.06565,0.18052
Time,s,85,0.18095,0.16941,0.06227,0.1797
Time,s,85,0.17364,0.17439,0.06719,0.18021
Time,s,85,0.18143,0.16866,0.06252,0.18262
Time,s,85,0.17913,0.17409,0.06186,0.1811
Time,s,85,0.17413,0.17238,0.06498,0.18037
Time,s,85,0.17893,0.17121,0.06236,0.1821
Time,s,85,0.18256,0.16973,0.06668,0.17983
Time,s,85,0.18115,0.17382,0.062,0.18628
Time,s,85,0.18244,0.17361,0.06194,0.17751
Time,s,85,0.17666,0.1765,0.06336,0.17577
Time,s,85,0.17234,0.16872,0.06252,0.17666
Time,s,85,0.17916,0.17856,0.06279,0.17715
Time,s,85,0.17905,0.17251,0.06197,0.17722
Time,s,85,0.17774,0.17319,0.06856,0.18664
Time,s,85,0.17408,0.16973,0.06294,0.17628
Time,s,85,0.17877,0.17583,0.06159,0.1851
Time,s,85,0.17445,0.16859,0.06227,0.18524
Time,s,85,0.18047,0.16673,0.06214,0.17552
Time,s,85,0.17471,0.17309,0.06854,0.18331
Time,s,85,0.17371,0.16615,0.06234,0.17735
Time,s,85,0.17451,0.17137,0.06972,0.1819
Time,s,85,0.17304,0.16804,0.06374,0.17942
Time,s,85,0.18162,0.16768,0.06436,0.18065
Time,s,85,0.17542,0.16661,0.07016,0.18435
Time,s,86,0.17576,0.16807,0.06244,0.18445
Time,s,86,0.17277,0.16907,0.06736,0.17883
Time,s,86,0.17264,0.1767,0.06344,0.17468
Time,s,86,0.17451,0.17601,0.06382,0.17636
Time,s,86,0.1743,0.18538,0.06414,0.17652
Time,s,86,0.17415,0.1751,0.06278,0.17875
Time,s,86,0.17326,0.18076,0.06247,0.17622
Time,s,86,0.17339,0.16902,0.06223,0.17697
Time,s,86,0.1742,0.17268,0.0682,0.17762
Time,s,86,0.17627,0.17436,0.06144,0.17713
Time,s,86,0.18084,0.17618,0.06816,0.17674
Time,s,86,0.17379,0.16935,0.06318,0.17975
Time,s,86,0.17346,0.17262,0.06208,0.17701
Time,s,86,0.17231,0.17213,0.06514,0.17782
Time,s,86,0.17423,0.17196,0.06182,0.17659
Time,s,86,0.17477,0.17558,0.06753,0.17627
Time,s,86,0.17702,0.17249,0.06241,0.17565
Time,s,86,0.18147,0.17015,0.06885,0.1789
Time,s,86,0.17398,0.17164,0.06321,0.17584
Time,s,86,0.18313,0.17109,0.06195,0.17653
Time,s,86,0.17839,0.17083,0.06312,0.17918
Time,s,86,0.18058,0.17468,0.06227,0.17945
Time,s,86,0.17858,0.17287,0.06585,0.17591
Time,s,86,0.17626,0.16903,0.06525,0.17637
Time,s,86,0.17621,0.17243,0.07092,0.17708
Time,s,86,0.17895,0.17051,0.06179,0.18491
Time,s,86,0.18274,0.16883,0.0617,0.17572
Time,s,86,0.18075,0.17064,0.0731,0.18005
Time,s,86,0.17967,0.16873,0.06271,0.18125
Time,s,86,0.17484,0.17051,0.06689,0.18397
Time,s,86,0.17792,0.1685,0.06166,0.17757
Time,s,86,0.17666,0.17471,0.06864,0.17993
Time,s,86,0.179,0.17678,0.06359,0.17997
Time,s,86,0.17594,0.17713,0.06259,0.17573
Time,s,86,0.17532,0.17288,0.06356,0.17664
Time,s,86,0.18113,0.17476,0.05857,0.17514
Time,s,86,0.17754,0.17534,0.06767,0.18287
Time,s,86,0.17642,0.1729,0.06384,0.17509
Time,s,86,0.17453,0.17251,0.0684,0.17797
Time,s,86,0.17482,0.1693,0.06331,0.17594
Time,s,86,0.1746,0.1695,0.06284,0.17788
Time,s,86,0.17441,0.17011,0.06111,0.17555
Time,s,86,0.17537,0.17665,0.06252,0.17693
Time,s,86,0.17431,0.17619,0.06574,0.17882
Time,s,86,0.17594,0.16931,0.06285,0.17566
Time,s,86,0.17447,0.17062,0.06197,0.17692
Time,s,86,0.17731,0.17624,0.0624,0.18386
Time,s,86,0.17372,0.17237,0.06961,0.1837
Time,s,86,0.1755,0.16964,0.06995,0.18095
Time,s,86,0.17548,0.17344,0.06285,0.18106
Time,s,86,0.17815,0.17028,0.06558,0.17864
Time,s,86,0.1748,0.16886,0.06262,0.17879
Time,s,86,0.17473,0.17179,0.06747,0.18029
Time,s,86,0.17501,0.17235,0.06289,0.17925
Time,s,86,0.18354,0.17009,0.06341,0.1793
Time,s,86,0.18458,0.17544,0.06187,0.17698
Time,s,86,0.18123,0.17374,0.06251,0.18225
Time,s,86,0.18381,0.16903,0.06408,0.17774
Time,s,86,0.1795,0.17769,0.06215,0.18015
Time,s,86,0.1804,0.1736,0.06772,0.17602
Time,s,86,0.17923,0.17763,0.06137,0.1768
Time,s,86,0.17662,0.17873,0.06797,0.17628
Time,s,86,0.17924,0.17789,0.0624,0.17536
Time,s,86,0.17784,0.17531,0.06143,0.17588
Time,s,86,0.17967,0.17645,0.06441,0.17602
Time,s,86,0.17731,0.17459,0.06371,0.17866
Time,s,86,0.17924,0.17485,0.06705,0.17727
Time,s,86,0.17838,0.16984,0.0629,0.17472
Time,s,86,0.1764,0.17244,0.06415,0.17614
Time,s,86,0.17807,0.17313,0.06416,0.17573
Time,s,86,0.1774,0.17447,0.0618,0.18228
Time,s,86,0.17885,0.17791,0.0647,0.17545
Time,s,86,0.18234,0.17882,0.06292,0.17603
Time,s,86,0.18025,0.17275,0.0685,0.18225
Time,s,86,0.17753,0.17242,0.06394,0.18282
Time,s,86,0.17606,0.17216,0.06844,0.19604
Time,s,86,0.17806,0.16975,0.0628,0.18549
Time,s,86,0.17659,0.17501,0.06165,0.18522
Time,s,86,0.17717,0.17071,0.06402,0.18801
Time,s,86,0.17748,0.17052,0.06238,0.1815
Time,s,86,0.17777,0.17318,0.06344,0.17591
Time,s,86,0.17742,0.17045,0.06291,0.1767
Time,s,86,0.17954,0.16944,0.06823,0.18595
Time,s,86,0.1764,0.16997,0.06181,0.18701
Time,s,86,0.17764,0.1728,0.06845,0.17614
Time,s,86,0.17979,0.1701,0.06319,0.18118
Time,s,86,0.17997,0.17072,0.06399,0.18107
Time,s,86,0.17647,0.16987,0.06157,0.1787
Time,s,86,0.17753,0.17674,0.0619,0.18201
Time,s,86,0.18468,0.17054,0.06602,0.18755
Time,s,86,0.18499,0.17415,0.05873,0.18732
Time,s,86,0.18547,0.17007,0.06849,0.18093
Time,s,86,0.18236,0.17215,0.06337,0.18429
Time,s,86,0.18167,0.17744,0.06235,0.1798
Time,s,86,0.18369,0.17462,0.06476,0.18054
Time,s,86,0.18484,0.17657,0.06283,0.17935
Time,s,86,0.17808,0.17884,0.06318,0.18251
Time,s,86,0.18397,0.17538,0.06387,0.18561
Time,s,86,0.18325,0.17252,0.07153,0.17855
Time,s,86,0.18195,0.18207,0.06499,0.18036
Time,s,87,0.18453,0.17075,0.0622,0.18051
Time,s,87,0.18197,0.17193,0.06658,0.18216
Time,s,87,0.17731,0.17289,0.06278,0.18635
Time,s,87,0.1779,0.17382,0.07144,0.18371
Time,s,87,0.18406,0.17792,0.06436,0.18605
Time,s,87,0.17875,0.17033,0.06372,0.1817
Time,s,87,0.17826,0.16926,0.06815,0.18386
Time,s,87,0.17742,0.17098,0.06313,0.18738
Time,s,87,0.17798,0.18209,0.07185,0.18528
Time,s,87,0.17856,0.17232,0.06638,0.17896
Time,s,87,0.1775,0.16989,0.06442,0.18311
Time,s,87,0.17397,0.17233,0.06454,0.1796
Time,s,87,0.176,0.17088,0.06432,0.18066
Time,s,87,0.17429,0.17503,0.06424,0.18526
Time,s,87,0.17512,0.16928,0.0667,0.18076
Time,s,87,0.17376,0.17509,0.06517,0.18054
Time,s,87,0.17472,0.17599,0.06384,0.18023
Time,s,87,0.18517,0.17775,0.06432,0.18293
Time,s,87,0.17617,0.17692,0.06331,0.18687
Time,s,87,0.17515,0.17843,0.06497,0.18891
Time,s,87,0.18231,0.17058,0.06265,0.1799
Time,s,87,0.1734,0.17588,0.0705,0.17903
Time,s,87,0.17422,0.17718,0.06615,0.17953
Time,s,87,0.17887,0.17681,0.06771,0.17957
Time,s,87,0.1797,0.17516,0.07044,0.17997
Time,s,87,0.17949,0.17512,0.06294,0.1799
Time,s,87,0.17567,0.17479,0.07114,0.18842
Time,s,87,0.17496,0.17887,0.06618,0.18485
Time,s,87,0.17908,0.17822,0.06532,0.18907
Time,s,87,0.17476,0.17231,0.06972,0.1848
Time,s,87,0.1747,0.17334,0.06397,0.18592
Time,s,87,0.17574,0.17304,0.06475,0.18767
Time,s,87,0.17549,0.17125,0.06567,0.18132
Time,s,87,0.17369,0.17437,0.06356,0.18389
Time,s,87,0.17355,0.17071,0.06961,0.18121
Time,s,87,0.17474,0.17133,0.06521,0.18165
Time,s,87,0.17462,0.1763,0.06389,0.18819
Time,s,87,0.17951,0.16994,0.06323,0.18731
Time,s,87,0.18046,0.16984,0.06438,0.18355
Time,s,87,0.1755,0.17412,0.07065,0.18222
Time,s,87,0.17441,0.17238,0.06313,0.18024
Time,s,87,0.17458,0.17044,0.06423,0.18022
Time,s,87,0.17475,0.17076,0.06826,0.18018
Time,s,87,0.18357,0.16977,0.06358,0.1813
Time,s,87,0.18194,0.17052,0.06474,0.18406
Time,s,87,0.18116,0.1732,0.06557,0.18028
Time,s,87,0.18273,0.1825,0.06414,0.18363
Time,s,87,0.17994,0.17854,0.06891,0.18162
Time,s,87,0.17964,0.17809,0.06904,0.18029
Time,s,87,0.18039,0.17959,0.06432,0.18236
Time,s,87,0.1791,0.17297,0.06607,0.1815
Time,s,87,0.17305,0.17201,0.0643,0.18729
Time,s,87,0.17738,0.1774,0.07127,0.18236
Time,s,87,0.18271,0.17896,0.06438,0.18873
Time,s,87,0.17554,0.17882,0.06412,0.18036
Time,s,87,0.17823,0.17651,0.06712,0.18194
Time,s,87,0.17608,0.1794,0.06335,0.18597
Time,s,87,0.18043,0.17978,0.07094,0.18017
Time,s,87,0.17711,0.17392,0.0636,0.18254
Time,s,87,0.17443,0.17263,0.06518,0.18558
Time,s,87,0.17412,0.17532,0.0703,0.18196
Time,s,87,0.17571,0.17211,0.06376,0.18197
Time,s,87,0.17782,0.1716,0.06549,0.19052
Time,s,87,0.17488,0.17207,0.06464,0.19007
Time,s,87,0.17812,0.18001,0.06596,0.18484
Time,s,87,0.18087,0.17741,0.06804,0.18354
Time,s,87,0.17438,0.17323,0.06502,0.18128
Time,s,87,0.18169,0.17307,0.06451,0.1811
Time,s,87,0.17587,0.17286,0.06778,0.18244
Time,s,87,0.1798,0.17266,0.064,0.18065
Time,s,87,0.17444,0.18373,0.06838,0.17346
Time,s,87,0.18325,0.18037,0.06429,0.17487
Time,s,87,0.17483,0.17981,0.06588,0.17363
Time,s,87,0.18267,0.17993,0.07053,0.17966
Time,s,87,0.17887,0.18225,0.06185,0.17673
Time,s,87,0.17969,0.17745,0.06432,0.17904
Time,s,87,0.17851,0.17884,0.06457,0.18249
Time,s,87,0.17495,0.18026,0.06398,0.1798
Time,s,87,0.17861,0.18445,0.06763,0.17619
Time,s,87,0.17697,0.17488,0.0645,0.17717
Time,s,87,0.17696,0.17729,0.07158,0.17841
Time,s,87,0.17504,0.17256,0.06798,0.17571
Time,s,87,0.17686,0.17409,0.06444,0.17642
Time,s,87,0.17478,0.17909,0.06868,0.17896
Time,s,87,0.17577,0.17526,0.06529,0.17527
Time,s,87,0.17534,0.17319,0.06383,0.17592
Time,s,87,0.1756,0.17932,0.06598,0.17621
Time,s,87,0.17459,0.17412,0.06309,0.18416
Time,s,87,0.17484,0.17509,0.06833,0.17657
Time,s,87,0.17449,0.17002,0.06423,0.1774
Time,s,87,0.18284,0.17111,0.0634,0.186
Time,s,87,0.18522,0.1716,0.06815,0.18267
Time,s,87,0.17452,0.17428,0.06393,0.17777
Time,s,87,0.18082,0.16989,0.07106,0.17497
Time,s,87,0.17895,0.17046,0.06126,0.18002
Time,s,87,0.17775,0.17841,0.06432,0.18276
Time,s,87,0.17749,0.17097,0.06798,0.18126
Time,s,87,0.18657,0.17254,0.06759,0.18296
Time,s,87,0.18338,0.16917,0.07318,0.18532
Time,s,87,0.17598,0.1695,0.06739,0.17793
Time,s,88,0.18132,0.16941,0.06404,0.18201
Time,s,88,0.18317,0.17372,0.0707,0.18139
Time,s,88,0.17423,0.17668,0.06569,0.17887
Time,s,88,0.17775,0.17381,0.06315,0.17939
Time,s,88,0.17702,0.17926,0.06691,0.17782
Time,s,88,0.17442,0.18338,0.06428,0.17924
Time,s,88,0.17493,0.17232,0.07009,0.1762
Time,s,88,0.17517,0.16836,0.06512,0.17867
Time,s,88,0.17508,0.17095,0.06384,0.176
Time,s,88,0.17806,0.16863,0.06844,0.17538
Time,s,88,0.17504,0.17059,0.06407,0.17966
Time,s,88,0.17517,0.17115,0.06516,0.17645
Time,s,88,0.1791,0.16856,0.06833,0.17589
Time,s,88,0.17466,0.17007,0.06389,0.17638
Time,s,88,0.1842,0.17021,0.06995,0.17577
Time,s,88,0.18376,0.16902,0.06497,0.17908
Time,s,88,0.17759,0.16963,0.06438,0.17973
Time,s,88,0.17949,0.17561,0.07015,0.17584
Time,s,88,0.17721,0.16819,0.06546,0.18522
Time,s,88,0.1779,0.17505,0.07114,0.18679
Time,s,88,0.17528,0.17475,0.06714,0.18243
Time,s,88,0.17534,0.16978,0.06722,0.17857
Time,s,88,0.17789,0.17011,0.07487,0.182
Time,s,88,0.17822,0.16825,0.06513,0.18191
Time,s,88,0.17783,0.1689,0.06466,0.18058
Time,s,88,0.17726,0.16914,0.06756,0.17593
Time,s,88,0.17608,0.16745,0.06509,0.17875
Time,s,88,0.17798,0.17151,0.07164,0.1768
Time,s,88,0.18018,0.16909,0.06848,0.17939
Time,s,88,0.17501,0.16975,0.06443,0.17626
Time,s,88,0.17584,0.17082,0.07041,0.17545
Time,s,88,0.17854,0.16871,0.06472,0.17707
Time,s,88,0.17544,0.16817,0.06416,0.17591
Time,s,88,0.17413,0.1704,0.07006,0.17563
Time,s,88,0.177,0.1693,0.06466,0.17817
Time,s,88,0.17479,0.16845,0.07117,0.17306
Time,s,88,0.1825,0.17106,0.06537,0.17458
Time,s,88,0.18197,0.16858,0.06422,0.17648
Time,s,88,0.1801,0.16929,0.06884,0.17392
Time,s,88,0.17845,0.17367,0.06474,0.17394
Time,s,88,0.18071,0.16845,0.06562,0.17651
Time,s,88,0.17472,0.1695,0.06853,0.17388
Time,s,88,0.17491,0.16921,0.06526,0.17382
Time,s,88,0.17841,0.16913,0.07069,0.18393
Time,s,88,0.17847,0.16939,0.06659,0.19036
Time,s,88,0.18142,0.16955,0.065,0.18357
Time,s,88,0.17651,0.17028,0.06879,0.17816
Time,s,88,0.1751,0.17079,0.06757,0.17913
Time,s,88,0.17636,0.17191,0.07063,0.17786
Time,s,88,0.17543,0.17805,0.06611,0.17901
Time,s,88,0.17464,0.1779,0.06639,0.18033
Time,s,88,0.17411,0.17843,0.06901,0.17771
Time,s,88,0.17644,0.17651,0.06389,0.17792
Time,s,88,0.17636,0.17638,0.06472,0.17448
Time,s,88,0.17984,0.1726,0.06838,0.1758
Time,s,88,0.17884,0.17564,0.06326,0.18052
Time,s,88,0.17458,0.17693,0.07091,0.17631
Time,s,88,0.17666,0.16887,0.06641,0.1741
Time,s,88,0.17793,0.17897,0.06479,0.17499
Time,s,88,0.18562,0.1753,0.06378,0.17308
Time,s,88,0.18051,0.17647,0.06443,0.17343
Time,s,88,0.18087,0.17404,0.06508,0.17535
Time,s,88,0.18555,0.16888,0.06775,0.17529
Time,s,88,0.18753,0.1677,0.06561,0.1743
Time,s,88,0.18324,0.16811,0.07001,0.17842
Time,s,88,0.18141,0.16818,0.06504,0.1807
Time,s,88,0.17687,0.16867,0.06567,0.18192
Time,s,88,0.17853,0.17325,0.06994,0.18013
Time,s,88,0.17751,0.16834,0.06438,0.18362
Time,s,88,0.17975,0.16966,0.06377,0.17929
Time,s,88,0.17819,0.17102,0.06611,0.1837
Time,s,88,0.1777,0.1673,0.06712,0.1761
Time,s,88,0.17842,0.16687,0.07195,0.17756
Time,s,88,0.17705,0.16751,0.06496,0.17658
Time,s,88,0.17677,0.16751,0.06423,0.1758
Time,s,88,0.17719,0.17109,0.06751,0.17439
Time,s,88,0.17754,0.1687,0.06383,0.17571
Time,s,88,0.17677,0.17231,0.07089,0.17386
Time,s,88,0.18182,0.16799,0.06657,0.17828
Time,s,88,0.17696,0.16845,0.06467,0.18254
Time,s,88,0.17846,0.168,0.06919,0.18042
Time,s,88,0.17758,0.16947,0.06527,0.18089
Time,s,88,0.18158,0.17722,0.06561,0.18582
Time,s,88,0.18534,0.16817,0.06796,0.18128
Time,s,88,0.17748,0.16907,0.06439,0.19319
Time,s,88,0.18216,0.16832,0.06363,0.18729
Time,s,88,0.17776,0.17235,0.06425,0.18545
Time,s,88,0.18351,0.1681,0.06517,0.18631
Time,s,88,0.18227,0.16792,0.06889,0.1882
Time,s,88,0.18105,0.17789,0.06437,0.18373
Time,s,88,0.1802,0.16809,0.07097,0.18551
Time,s,88,0.18376,0.17232,0.06623,0.19017
Time,s,88,0.17912,0.16832,0.06438,0.18696
Time,s,88,0.18282,0.16846,0.07092,0.18038
Time,s,88,0.18167,0.16752,0.06498,0.18317
Time,s,88,0.17725,0.17201,0.06657,0.18331
Time,s,88,0.17691,0.17718,0.07375,0.18306
Time,s,88,0.17678,0.18305,0.0639,0.18443
Time,s,88,0.18091,0.1839,0.06453,0.18145
Time,s,88,0.17706,0.17451,0.06672,0.18209
Time,s,89,0.17972,0.17653,0.06522,0.18407
Time,s,89,0.17768,0.17379,0.06413,0.18138
Time,s,89,0.17519,0.18353,0.06469,0.18093
Time,s,89,0.17496,0.17738,0.06819,0.18218
Time,s,89,0.17398,0.1757,0.06447,0.18052
Time,s,89,0.18122,0.17938,0.06973,0.18091
Time,s,89,0.18408,0.18087,0.06477,0.18174
Time,s,89,0.18266,0.17514,0.07069,0.18154
Time,s,89,0.17513,0.18093,0.06453,0.18462
Time,s,89,0.18081,0.17388,0.06458,0.18499
Time,s,89,0.18143,0.18431,0.06531,0.18139
Time,s,89,0.17849,0.18365,0.06398,0.18782
Time,s,89,0.17765,0.18101,0.06382,0.19003
Time,s,89,0.17819,0.18162,0.06548,0.18697
Time,s,89,0.18175,0.18455,0.06875,0.18536
Time,s,89,0.18024,0.18033,0.06477,0.18646
Time,s,89,0.18027,0.17924,0.06456,0.18973
Time,s,89,0.17503,0.17873,0.0649,0.18645
Time,s,89,0.1778,0.17309,0.06452,0.18654
Time,s,89,0.17575,0.18341,0.06551,0.18044
Time,s,89,0.17497,0.18074,0.0665,0.18199
Time,s,89,0.17651,0.17441,0.072,0.18413
Time,s,89,0.17425,0.17847,0.06421,0.18
Time,s,89,0.17992,0.1832,0.06783,0.1817
Time,s,89,0.17401,0.174,0.07003,0.18636
Time,s,89,0.17676,0.18213,0.07072,0.18901
Time,s,89,0.17753,0.17986,0.06404,0.18047
Time,s,89,0.17692,0.17523,0.07125,0.18433
Time,s,89,0.17454,0.1777,0.06596,0.18918
Time,s,89,0.17538,0.17885,0.06438,0.1805
Time,s,89,0.17525,0.17805,0.06888,0.182
Time,s,89,0.17779,0.18078,0.06245,0.18116
Time,s,89,0.17431,0.18088,0.07767,0.17978
Time,s,89,0.17355,0.177,0.06281,0.18264
Time,s,89,0.17356,0.17789,0.06671,0.18152
Time,s,89,0.17474,0.1754,0.0629,0.17963
Time,s,89,0.17587,0.17402,0.06922,0.19193
Time,s,89,0.17614,0.17681,0.06304,0.18263
Time,s,89,0.18169,0.17728,0.07045,0.18671
Time,s,89,0.18058,0.17955,0.06378,0.18096
Time,s,89,0.18109,0.17242,0.06325,0.18603
Time,s,89,0.18017,0.16892,0.06562,0.18996
Time,s,89,0.18212,0.17746,0.06193,0.18155
Time,s,89,0.18087,0.17065,0.06684,0.18474
Time,s,89,0.1768,0.17682,0.06504,0.18358
Time,s,89,0.17912,0.17306,0.07404,0.18629
Time,s,89,0.17335,0.17304,0.06357,0.18428
Time,s,89,0.1794,0.17174,0.0641,0.18075
Time,s,89,0.1738,0.17096,0.06451,0.18214
Time,s,89,0.17809,0.1745,0.06314,0.18186
Time,s,89,0.17797,0.17331,0.06318,0.1822
Time,s,89,0.17707,0.1764,0.06278,0.18178
Time,s,89,0.17798,0.16969,0.0656,0.18098
Time,s,89,0.17758,0.17255,0.06209,0.18027
Time,s,89,0.17736,0.17065,0.06755,0.18409
Time,s,89,0.17945,0.16993,0.06359,0.18324
Time,s,89,0.17581,0.17082,0.0689,0.18817
Time,s,89,0.17768,0.17169,0.06464,0.18391
Time,s,89,0.17485,0.16989,0.0693,0.18104
Time,s,89,0.17682,0.17076,0.06358,0.17984
Time,s,89,0.1738,0.17623,0.06399,0.18288
Time,s,89,0.17577,0.17474,0.06423,0.19193
Time,s,89,0.17543,0.16949,0.06401,0.18639
Time,s,89,0.17607,0.17135,0.0659,0.18221
Time,s,89,0.17371,0.17109,0.06429,0.17858
Time,s,89,0.17481,0.17032,0.06735,0.18037
Time,s,89,0.17298,0.17888,0.06334,0.18277
Time,s,89,0.17653,0.17866,0.06909,0.18171
Time,s,89,0.18114,0.17599,0.06276,0.17776
Time,s,89,0.18109,0.17776,0.07197,0.17956
Time,s,89,0.18017,0.18238,0.06841,0.18232
Time,s,89,0.17909,0.18035,0.06411,0.1734
Time,s,89,0.17637,0.17135,0.06654,0.18051
Time,s,89,0.17585,0.17947,0.06267,0.17999
Time,s,89,0.17302,0.17481,0.06739,0.17303
Time,s,89,0.17849,0.17522,0.06209,0.17338
Time,s,89,0.17404,0.1749,0.06812,0.17528
Time,s,89,0.17328,0.17301,0.06258,0.17342
Time,s,89,0.17396,0.17902,0.06283,0.1753
Time,s,89,0.17456,0.1775,0.06363,0.17366
Time,s,89,0.17809,0.17543,0.06333,0.17454
Time,s,89,0.17841,0.17576,0.06534,0.17577
Time,s,89,0.17663,0.17169,0.06051,0.17503
Time,s,89,0.17444,0.17425,0.06673,0.1763
Time,s,89,0.17583,0.17092,0.06338,0.18165
Time,s,89,0.17553,0.17204,0.06757,0.17407
Time,s,89,0.17472,0.17136,0.06267,0.17382
Time,s,89,0.17947,0.16912,0.06797,0.17358
Time,s,89,0.1733,0.1746,0.06265,0.17489
Time,s,89,0.1741,0.1696,0.07041,0.17382
Time,s,89,0.17632,0.17028,0.0651,0.1765
Time,s,89,0.17558,0.16874,0.06295,0.17534
Time,s,89,0.17598,0.17318,0.06422,0.17453
Time,s,89,0.18465,0.16824,0.06541,0.17305
Time,s,89,0.1821,0.17048,0.06862,0.1823
Time,s,89,0.18291,0.1733,0.06668,0.17979
Time,s,89,0.18178,0.16958,0.06851,0.18169
Time,s,89,0.18241,0.16783,0.06365,0.17883
Time,s,89,0.18371,0.17138,0.06398,0.18329
Time,s,89,0.18175,0.16861,0.06259,0.18292
Time,s,90,0.17884,0.17583,0.06332,0.18008
Time,s,90,0.17532,0.17052,0.06488,0.17328
Time,s,90,0.17469,0.16698,0.06302,0.1741
Time,s,90,0.17599,0.17322,0.06706,0.17363
Time,s,90,0.17656,0.17357,0.06357,0.17724
Time,s,90,0.1794,0.16923,0.06959,0.17707
Time,s,90,0.17829,0.16775,0.06406,0.18027
Time,s,90,0.18065,0.17651,0.06343,0.17416
Time,s,90,0.17929,0.17162,0.06619,0.17889
Time,s,90,0.17677,0.17013,0.07118,0.17679
Time,s,90,0.17752,0.16847,0.06227,0.17469
Time,s,90,0.1765,0.17084,0.0631,0.17427
Time,s,90,0.17929,0.1793,0.06865,0.17575
Time,s,90,0.17559,0.16867,0.06381,0.17467
Time,s,90,0.17538,0.16884,0.06324,0.17606
Time,s,90,0.17701,0.16813,0.0654,0.17485
Time,s,90,0.17623,0.16884,0.06378,0.17419
Time,s,90,0.18089,0.16982,0.06703,0.17718
Time,s,90,0.18284,0.16738,0.06431,0.17358
Time,s,90,0.18314,0.17626,0.07572,0.1743
Time,s,90,0.18157,0.17653,0.06421,0.17469
Time,s,90,0.18079,0.17499,0.06322,0.17339
Time,s,90,0.17617,0.1767,0.06685,0.17411
Time,s,90,0.183,0.17156,0.06377,0.17385
Time,s,90,0.18027,0.17402,0.0683,0.17628
Time,s,90,0.17674,0.16817,0.06357,0.17986
Time,s,90,0.18065,0.17489,0.07018,0.1781
Time,s,90,0.18112,0.17095,0.06422,0.18112
Time,s,90,0.18038,0.17496,0.06409,0.1803
Time,s,90,0.17798,0.16933,0.06687,0.18341
Time,s,90,0.17875,0.17217,0.06482,0.1806
Time,s,90,0.17701,0.17161,0.06509,0.17552
Time,s,90,0.17823,0.16743,0.06477,0.17737
Time,s,90,0.1782,0.17153,0.07015,0.17658
Time,s,90,0.17723,0.16811,0.06534,0.17662
Time,s,90,0.18094,0.17206,0.06376,0.17773
Time,s,90,0.17639,0.16722,0.06725,0.17817
Time,s,90,0.17657,0.17236,0.06403,0.17612
Time,s,90,0.1841,0.16873,0.06403,0.17883
Time,s,90,0.17673,0.16683,0.06423,0.17725
Time,s,90,0.17724,0.16813,0.06447,0.18493
Time,s,90,0.17821,0.17561,0.06377,0.184
Time,s,90,0.17655,0.1663,0.06509,0.18429
Time,s,90,0.17554,0.17313,0.06965,0.18335
Time,s,90,0.18153,0.17588,0.06572,0.18187
Time,s,90,0.17804,0.17057,0.06907,0.18239
Time,s,90,0.18316,0.16718,0.06412,0.1761
Time,s,90,0.18169,0.17827,0.07107,0.17902
Time,s,90,0.17862,0.17365,0.06484,0.1787
Time,s,90,0.17748,0.16831,0.06415,0.17555
Time,s,90,0.17696,0.17127,0.06804,0.17952
Time,s,90,0.18684,0.16817,0.06319,0.17697
Time,s,90,0.18119,0.16784,0.06885,0.1792
Time,s,90,0.18239,0.17034,0.06603,0.17741
Time,s,90,0.1815,0.17315,0.06379,0.17739
Time,s,90,0.18052,0.16928,0.06494,0.17719
Time,s,90,0.18626,0.17003,0.06428,0.17736
Time,s,90,0.18187,0.16794,0.06739,0.17608
Time,s,90,0.18593,0.16779,0.06428,0.17635
Time,s,90,0.18026,0.16734,0.06432,0.1771
Time,s,90,0.18171,0.16961,0.06369,0.17617
Time,s,90,0.17882,0.16792,0.06477,0.17626
Time,s,90,0.17802,0.16903,0.06645,0.178
Time,s,90,0.18142,0.17024,0.06407,0.18813
Time,s,90,0.17767,0.17841,0.06827,0.18491
Time,s,90,0.17741,0.17429,0.06366,0.17678
Time,s,90,0.17728,0.17443,0.07008,0.17609
Time,s,90,0.17782,0.17399,0.06528,0.18012
Time,s,90,0.17649,0.174,0.06794,0.17937
Time,s,90,0.17902,0.17199,0.06639,0.18139
Time,s,90,0.18178,0.17108,0.06486,0.18174
Time,s,90,0.18353,0.17382,0.06325,0.18121
Time,s,90,0.18629,0.17469,0.06346,0.18323
Time,s,90,0.18476,0.18062,0.06378,0.18101
Time,s,90,0.17694,0.16766,0.06398,0.18111
Time,s,90,0.18296,0.16962,0.06374,0.18056
Time,s,90,0.18024,0.16824,0.066,0.18286
Time,s,90,0.18283,0.16898,0.06504,0.18195
Time,s,90,0.17966,0.16858,0.06967,0.18252
Time,s,90,0.18005,0.17495,0.06426,0.18013
Time,s,90,0.18253,0.17344,0.06977,0.1812
Time,s,90,0.18094,0.1696,0.06357,0.18857
Time,s,90,0.17707,0.17466,0.0637,0.18751
Time,s,90,0.18443,0.16883,0.06602,0.18597
Time,s,90,0.18458,0.16631,0.06301,0.18135
Time,s,90,0.18289,0.17693,0.06918,0.18427
Time,s,90,0.18128,0.17182,0.07076,0.18201
Time,s,90,0.17716,0.17413,0.07551,0.18487
Time,s,90,0.17861,0.17417,0.06515,0.18131
Time,s,90,0.18199,0.17747,0.06399,0.1814
Time,s,90,0.18051,0.17141,0.06712,0.18331
Time,s,90,0.17728,0.17521,0.06637,0.18096
Time,s,90,0.17663,0.17125,0.07356,0.18051
Time,s,90,0.18566,0.16689,0.06442,0.18025
Time,s,90,0.18157,0.17341,0.07183,0.17967
Time,s,90,0.17425,0.17236,0.0658,0.18081
Time,s,90,0.17238,0.17523,0.06307,0.18055
Time,s,90,0.18082,0.17386,0.06814,0.18152
Time,s,90,0.18008,0.17314,0.06317,0.19018
Time,s,90,0.17929,0.17315,0.06402,0.19078
Time,s,91,0.17708,0.17809,0.06335,0.18799
Time,s,91,0.17791,0.18614,0.06274,0.18686
Time,s,91,0.1779,0.17415,0.06625,0.18871
Time,s,91,0.17415,0.18378,0.06296,0.1877
Time,s,91,0.17565,0.17529,0.06903,0.17977
Time,s,91,0.17753,0.1772,0.06494,0.17727
Time,s,91,0.17423,0.18479,0.06359,0.17787
Time,s,91,0.17501,0.17597,0.06808,0.17941
Time,s,91,0.17569,0.175,0.06292,0.17862
Time,s,91,0.17425,0.17922,0.06339,0.17376
Time,s,91,0.17417,0.18305,0.06659,0.17635
Time,s,91,0.17378,0.17723,0.06444,0.17451
Time,s,91,0.18368,0.17515,0.06816,0.1759
Time,s,91,0.18267,0.176,0.06473,0.1751
Time,s,91,0.18087,0.17717,0.06368,0.17779
Time,s,91,0.18014,0.17783,0.06743,0.17647
Time,s,91,0.17472,0.17819,0.0658,0.17753
Time,s,91,0.17706,0.17604,0.07216,0.17948
Time,s,91,0.18073,0.17925,0.06567,0.17631
Time,s,91,0.1773,0.17854,0.06296,0.17566
Time,s,91,0.17438,0.18438,0.06923,0.17733
Time,s,91,0.17383,0.1739,0.06455,0.17652
Time,s,91,0.17588,0.17546,0.0639,0.17886
Time,s,91,0.1746,0.17485,0.06555,0.17487
Time,s,91,0.17405,0.17455,0.06211,0.18766
Time,s,91,0.17512,0.17476,0.06873,0.17778
Time,s,91,0.17764,0.1749,0.06484,0.17981
Time,s,91,0.18218,0.18012,0.06583,0.18185
Time,s,91,0.18223,0.17386,0.06683,0.1808
Time,s,91,0.18502,0.17284,0.06352,0.17789
Time,s,91,0.18232,0.16862,0.07122,0.18009
Time,s,91,0.18395,0.16826,0.06569,0.17715
Time,s,91,0.18246,0.16726,0.06252,0.1765
Time,s,91,0.17945,0.169,0.06809,0.18244
Time,s,91,0.18072,0.17107,0.06252,0.17867
Time,s,91,0.17896,0.17253,0.06359,0.18177
Time,s,91,0.17683,0.16827,0.06664,0.17647
Time,s,91,0.17497,0.1677,0.0644,0.17876
Time,s,91,0.17345,0.17524,0.06441,0.17662
Time,s,91,0.17375,0.16892,0.06395,0.17737
Time,s,91,0.17321,0.17798,0.06666,0.17877
Time,s,91,0.17423,0.17917,0.07131,0.17678
Time,s,91,0.17434,0.16935,0.06452,0.17767
Time,s,91,0.17588,0.17641,0.07109,0.17668
Time,s,91,0.17564,0.17015,0.0661,0.18487
Time,s,91,0.17894,0.17484,0.06397,0.17693
Time,s,91,0.17419,0.17426,0.06916,0.1774
Time,s,91,0.17434,0.1786,0.06429,0.18175
Time,s,91,0.18133,0.17729,0.06409,0.18131
Time,s,91,0.18222,0.16937,0.06668,0.18023
Time,s,91,0.18182,0.17303,0.06412,0.183
Time,s,91,0.1786,0.17186,0.06969,0.18211
Time,s,91,0.17634,0.17071,0.06227,0.18554
Time,s,91,0.1764,0.17103,0.06408,0.17997
Time,s,91,0.1733,0.17023,0.06294,0.17688
Time,s,91,0.17563,0.17116,0.06362,0.17614
Time,s,91,0.17562,0.17508,0.06918,0.17716
Time,s,91,0.17936,0.17427,0.06408,0.17671
Time,s,91,0.1778,0.17146,0.06511,0.17838
Time,s,91,0.17761,0.1701,0.06992,0.17734
Time,s,91,0.17295,0.179,0.06474,0.18046
Time,s,91,0.17593,0.16986,0.06457,0.17749
Time,s,91,0.17938,0.17079,0.06787,0.17956
Time,s,91,0.17599,0.16975,0.06248,0.17913
Time,s,91,0.17165,0.17128,0.07108,0.18153
Time,s,91,0.1748,0.17014,0.07146,0.18405
Time,s,91,0.17285,0.17249,0.06319,0.18374
Time,s,91,0.17412,0.17027,0.06294,0.18641
Time,s,91,0.17426,0.17054,0.06335,0.1825
Time,s,91,0.174,0.16919,0.07033,0.18457
Time,s,91,0.17402,0.17449,0.064,0.18596
Time,s,91,0.17596,0.16922,0.06301,0.17995
Time,s,91,0.17977,0.17953,0.06863,0.17966
Time,s,91,0.18246,0.17494,0.06443,0.17972
Time,s,91,0.17488,0.17893,0.06397,0.18172
Time,s,91,0.17932,0.17073,0.0669,0.1782
Time,s,91,0.17255,0.17835,0.06576,0.17771
Time,s,91,0.18152,0.17778,0.06881,0.17864
Time,s,91,0.17948,0.17464,0.06571,0.1773
Time,s,91,0.18227,0.17372,0.06342,0.17816
Time,s,91,0.17757,0.17695,0.06748,0.18027
Time,s,91,0.17911,0.17679,0.06362,0.17783
Time,s,91,0.17563,0.17822,0.072,0.17746
Time,s,91,0.18033,0.17585,0.06408,0.1766
Time,s,91,0.17694,0.17037,0.0636,0.17836
Time,s,91,0.1773,0.17571,0.06855,0.18173
Time,s,91,0.17402,0.17877,0.06283,0.17764
Time,s,91,0.17334,0.17309,0.0633,0.18094
Time,s,91,0.17449,0.16855,0.06575,0.17982
Time,s,91,0.17809,0.16848,0.06557,0.17793
Time,s,91,0.1807,0.17185,0.07429,0.17812
Time,s,91,0.17295,0.16991,0.06408,0.17641
Time,s,91,0.1739,0.17102,0.06427,0.17671
Time,s,91,0.17584,0.17079,0.06664,0.185
Time,s,91,0.17305,0.17327,0.06032,0.18651
Time,s,91,0.17468,0.17005,0.06981,0.17641
Time,s,91,0.1806,0.16929,0.066,0.18509
Time,s,91,0.18094,0.16949,0.06326,0.18413
Time,s,91,0.18982,0.16996,0.06303,0.18409
Time,s,91,0.18568,0.16977,0.06308,0.18606
Time,s,92,0.17876,0.16764,0.06274,0.18026
Time,s,92,0.18868,0.17347,0.06403,0.18044
Time,s,92,0.18937,0.16861,0.05947,0.1834
Time,s,92,0.18801,0.18096,0.05966,0.17861
Time,s,92,0.18586,0.18067,0.05896,0.17584
Time,s,92,0.18411,0.17505,0.06418,0.18255
Time,s,92,0.18701,0.16982,0.06123,0.17865
Time,s,92,0.18776,0.17615,0.05915,0.17743
Time,s,92,0.18495,0.17676,0.05929,0.17741
Time,s,92,0.18052,0.18095,0.06133,0.17866
Time,s,92,0.18079,0.17001,0.06207,0.17845
Time,s,92,0.18164,0.17463,0.05967,0.18242
Time,s,92,0.18242,0.17045,0.06746,0.18842
Time,s,92,0.18018,0.1789,0.06175,0.17758
Time,s,92,0.1808,0.1701,0.06184,0.17868
Time,s,92,0.17951,0.17026,0.0671,0.17607
Time,s,92,0.18374,0.16888,0.06134,0.17588
Time,s,92,0.1807,0.17042,0.06517,0.17891
Time,s,92,0.17997,0.17904,0.06003,0.17734
Time,s,92,0.17951,0.17085,0.06786,0.17585
Time,s,92,0.18037,0.16833,0.06202,0.1755
Time,s,92,0.18021,0.16885,0.06087,0.17507
Time,s,92,0.17993,0.17286,0.06424,0.17635
Time,s,92,0.18102,0.17437,0.0603,0.18688
Time,s,92,0.17988,0.1696,0.06064,0.1863
Time,s,92,0.19094,0.17841,0.06076,0.17751
Time,s,92,0.17986,0.17687,0.06295,0.18271
Time,s,92,0.1811,0.17686,0.06242,0.17604
Time,s,92,0.18153,0.17703,0.06056,0.18118
Time,s,92,0.18676,0.16816,0.06507,0.18025
Time,s,92,0.18365,0.1697,0.05952,0.1787
Time,s,92,0.18582,0.1706,0.0647,0.17947
Time,s,92,0.185,0.17479,0.06366,0.18111
Time,s,92,0.18405,0.17191,0.0673,0.176
Time,s,92,0.18246,0.17431,0.06424,0.17611
Time,s,92,0.18589,0.17411,0.0602,0.17976
Time,s,92,0.18308,0.17038,0.06323,0.17619
Time,s,92,0.17986,0.17258,0.06013,0.17445
Time,s,92,0.18023,0.17251,0.06011,0.18209
Time,s,92,0.17334,0.16974,0.06082,0.17569
Time,s,92,0.17509,0.16946,0.06143,0.17893
Time,s,92,0.17665,0.17404,0.06631,0.17791
Time,s,92,0.17876,0.16769,0.06461,0.17789
Time,s,92,0.1765,0.16954,0.06465,0.17661
Time,s,92,0.17905,0.16926,0.06216,0.17833
Time,s,92,0.17688,0.16956,0.06004,0.17947
Time,s,92,0.17573,0.17373,0.05998,0.17602
Time,s,92,0.17666,0.17331,0.05969,0.17651
Time,s,92,0.17583,0.17019,0.05895,0.17729
Time,s,92,0.17499,0.16944,0.05976,0.18265
Time,s,92,0.17594,0.17926,0.06339,0.18391
Time,s,92,0.17517,0.17714,0.06075,0.18142
Time,s,92,0.17573,0.1749,0.06569,0.17595
Time,s,92,0.19155,0.16992,0.06093,0.1838
Time,s,92,0.17573,0.17682,0.06463,0.18025
Time,s,92,0.18198,0.17795,0.06467,0.18419
Time,s,92,0.18158,0.17898,0.06017,0.18146
Time,s,92,0.17578,0.17342,0.06509,0.18135
Time,s,92,0.18004,0.17011,0.06137,0.18373
Time,s,92,0.18435,0.17052,0.06679,0.17955
Time,s,92,0.17925,0.17523,0.0596,0.18813
Time,s,92,0.17538,0.17021,0.06035,0.18061
Time,s,92,0.17935,0.17404,0.06496,0.18262
Time,s,92,0.17641,0.1749,0.05878,0.18177
Time,s,92,0.17949,0.17351,0.06471,0.1798
Time,s,92,0.17694,0.17077,0.06374,0.18368
Time,s,92,0.17565,0.17076,0.06599,0.18399
Time,s,92,0.1763,0.1705,0.06243,0.1886
Time,s,92,0.17605,0.17124,0.06403,0.18048
Time,s,92,0.17665,0.17363,0.06271,0.18061
Time,s,92,0.17628,0.16924,0.0605,0.17973
Time,s,92,0.17826,0.17128,0.06587,0.18343
Time,s,92,0.17605,0.17163,0.05996,0.18241
Time,s,92,0.17492,0.16902,0.06805,0.17958
Time,s,92,0.17632,0.17709,0.06272,0.17931
Time,s,92,0.17507,0.17581,0.05951,0.18031
Time,s,92,0.1799,0.1828,0.06302,0.17987
Time,s,92,0.17514,0.16952,0.06034,0.18289
Time,s,92,0.17521,0.17834,0.06466,0.18296
Time,s,92,0.17547,0.17621,0.0615,0.18148
Time,s,92,0.17787,0.17661,0.06094,0.18288
Time,s,92,0.17554,0.17833,0.06317,0.1808
Time,s,92,0.17526,0.17008,0.05953,0.18154
Time,s,92,0.18311,0.17436,0.06267,0.18805
Time,s,92,0.18269,0.17686,0.06012,0.18371
Time,s,92,0.18128,0.17089,0.06504,0.18031
Time,s,92,0.18404,0.17637,0.06093,0.18701
Time,s,92,0.18011,0.17524,0.06295,0.18853
Time,s,92,0.1806,0.17124,0.06301,0.18453
Time,s,92,0.17879,0.17002,0.06308,0.18901
Time,s,92,0.18065,0.17431,0.06614,0.18623
Time,s,92,0.1819,0.17136,0.06314,0.18654
Time,s,92,0.18152,0.17266,0.06282,0.18085
Time,s,92,0.17848,0.17123,0.06261,0.18162
Time,s,92,0.1731,0.17109,0.06731,0.1926
Time,s,92,0.17732,0.17239,0.06851,0.18389
Time,s,92,0.17324,0.17359,0.06349,0.18341
Time,s,92,0.1794,0.17763,0.06936,0.17701
Time,s,92,0.18072,0.17282,0.06239,0.17905
Time,s,92,0.17656,0.1821,0.06865,0.17629
Time,s,93,0.1764,0.17186,0.06452,0.17437
Time,s,93,0.17776,0.1782,0.06248,0.17555
Time,s,93,0.17732,0.17614,0.06843,0.17729
Time,s,93,0.17614,0.1784,0.06485,0.17448
Time,s,93,0.17921,0.17186,0.06175,0.17528
Time,s,93,0.17343,0.18346,0.06744,0.18395
Time,s,93,0.17546,0.1838,0.06441,0.17615
Time,s,93,0.17582,0.17953,0.06272,0.17999
Time,s,93,0.17355,0.17113,0.06415,0.17805
Time,s,93,0.17499,0.17336,0.06363,0.17664
Time,s,93,0.17402,0.17096,0.06298,0.17546
Time,s,93,0.1763,0.17213,0.06263,0.17607
Time,s,93,0.17348,0.1718,0.06325,0.17646
Time,s,93,0.17416,0.17188,0.06307,0.17641
Time,s,93,0.1757,0.17239,0.06809,0.17956
Time,s,93,0.18011,0.17925,0.06475,0.17674
Time,s,93,0.17668,0.18367,0.06328,0.17975
Time,s,93,0.17807,0.17692,0.06649,0.17666
Time,s,93,0.1733,0.17655,0.0644,0.17698
Time,s,93,0.17298,0.17673,0.06584,0.17546
Time,s,93,0.17352,0.17784,0.07996,0.1851
Time,s,93,0.1732,0.17651,0.06439,0.17726
Time,s,93,0.17588,0.17641,0.07086,0.18394
Time,s,93,0.17417,0.17266,0.06321,0.17707
Time,s,93,0.17417,0.17161,0.06396,0.18048
Time,s,93,0.18404,0.17681,0.0684,0.17971
Time,s,93,0.17331,0.17308,0.0628,0.1822
Time,s,93,0.17595,0.17255,0.06154,0.17622
Time,s,93,0.1798,0.17292,0.06672,0.17856
Time,s,93,0.17942,0.17263,0.06087,0.17586
Time,s,93,0.17373,0.18522,0.06259,0.18328
Time,s,93,0.17599,0.17186,0.06811,0.17689
Time,s,93,0.1803,0.17725,0.06074,0.18696
Time,s,93,0.17421,0.17979,0.06185,0.17756
Time,s,93,0.18201,0.18138,0.06578,0.18138
Time,s,93,0.178,0.17696,0.06278,0.17897
Time,s,93,0.17821,0.17039,0.06113,0.17619
Time,s,93,0.17831,0.17208,0.06219,0.17657
Time,s,93,0.17732,0.17127,0.06208,0.17749
Time,s,93,0.17575,0.17064,0.06197,0.17626
Time,s,93,0.17459,0.16946,0.06279,0.18187
Time,s,93,0.1772,0.17076,0.06242,0.17955
Time,s,93,0.17349,0.16878,0.0614,0.17611
Time,s,93,0.17723,0.1706,0.06654,0.18179
Time,s,93,0.17538,0.1786,0.06026,0.17602
Time,s,93,0.17485,0.16972,0.06729,0.17614
Time,s,93,0.17517,0.17393,0.06683,0.17643
Time,s,93,0.17449,0.16895,0.06238,0.17636
Time,s,93,0.1745,0.17254,0.06236,0.17593
Time,s,93,0.17389,0.17177,0.06652,0.18674
Time,s,93,0.17571,0.16816,0.06204,0.18902
Time,s,93,0.17433,0.17182,0.062,0.18954
Time,s,93,0.17779,0.17207,0.06546,0.18294
Time,s,93,0.17602,0.17328,0.06017,0.18178
Time,s,93,0.17462,0.17176,0.06924,0.18122
Time,s,93,0.17427,0.16868,0.06541,0.1758
Time,s,93,0.17753,0.16897,0.06257,0.18197
Time,s,93,0.17408,0.16905,0.06953,0.17993
Time,s,93,0.17528,0.16809,0.06477,0.17897
Time,s,93,0.1742,0.17567,0.06165,0.18075
Time,s,93,0.17591,0.18076,0.07016,0.17725
Time,s,93,0.18235,0.1751,0.06446,0.17836
Time,s,93,0.17615,0.179,0.06311,0.17644
Time,s,93,0.17934,0.18488,0.06966,0.17618
Time,s,93,0.18146,0.17613,0.06802,0.17574
Time,s,93,0.17859,0.1697,0.0617,0.17935
Time,s,93,0.18243,0.16941,0.06943,0.17711
Time,s,93,0.1814,0.16857,0.06545,0.17589
Time,s,93,0.17974,0.16862,0.06217,0.17922
Time,s,93,0.18043,0.16893,0.06924,0.17547
Time,s,93,0.18118,0.16789,0.06625,0.18655
Time,s,93,0.18073,0.16968,0.06257,0.18345
Time,s,93,0.1781,0.17245,0.06626,0.17536
Time,s,93,0.18006,0.16892,0.06346,0.18339
Time,s,93,0.18067,0.1684,0.06219,0.18352
Time,s,93,0.17768,0.16793,0.06682,0.17827
Time,s,93,0.1752,0.16863,0.06345,0.18051
Time,s,93,0.17497,0.17364,0.06182,0.17754
Time,s,93,0.17643,0.17353,0.06642,0.17962
Time,s,93,0.17615,0.1735,0.06264,0.18234
Time,s,93,0.17847,0.17147,0.06361,0.18069
Time,s,93,0.17723,0.17612,0.06738,0.18207
Time,s,93,0.17597,0.17198,0.06169,0.17622
Time,s,93,0.17678,0.16981,0.06193,0.17831
Time,s,93,0.17717,0.17027,0.06426,0.18012
Time,s,93,0.17433,0.17102,0.06064,0.17944
Time,s,93,0.17431,0.17015,0.0686,0.18099
Time,s,93,0.17448,0.17322,0.06317,0.17767
Time,s,93,0.17793,0.16994,0.06264,0.17876
Time,s,93,0.1805,0.17041,0.06338,0.17889
Time,s,93,0.17701,0.17283,0.0641,0.18017
Time,s,93,0.18028,0.18059,0.06272,0.17884
Time,s,93,0.17639,0.17663,0.06827,0.1755
Time,s,93,0.17705,0.17646,0.06306,0.17687
Time,s,93,0.17787,0.17742,0.06347,0.17535
Time,s,93,0.1763,0.17451,0.07423,0.17577
Time,s,93,0.18392,0.17533,0.0655,0.1781
Time,s,93,0.18316,0.17059,0.06332,0.17857
Time,s,93,0.18607,0.17154,0.07568,0.1797
Time,s,93,0.17776,0.17212,0.06311,0.17689
Time,s,94,0.18291,0.17182,0.06412,0.1755
Time,s,94,0.18299,0.17058,0.06791,0.17568
Time,s,94,0.17586,0.17062,0.06291,0.17666
Time,s,94,0.17961,0.17749,0.06317,0.17586
Time,s,94,0.17635,0.17184,0.06468,0.17922
Time,s,94,0.18404,0.17037,0.06298,0.17688
Time,s,94,0.18226,0.17064,0.06668,0.17673
Time,s,94,0.17989,0.17009,0.06391,0.18522
Time,s,94,0.1791,0.1696,0.063,0.18297
Time,s,94,0.1799,0.17563,0.06586,0.18363
Time,s,94,0.18048,0.17681,0.06209,0.17939
Time,s,94,0.18161,0.17014,0.06954,0.18433
Time,s,94,0.18056,0.17035,0.06439,0.17777
Time,s,94,0.17709,0.17398,0.06494,0.1773
Time,s,94,0.17765,0.17695,0.06775,0.18538
Time,s,94,0.17838,0.17426,0.06321,0.18379
Time,s,94,0.17832,0.16996,0.06995,0.18052
Time,s,94,0.17636,0.17099,0.0651,0.18001
Time,s,94,0.17816,0.17425,0.06322,0.17575
Time,s,94,0.17591,0.17314,0.0724,0.17799
Time,s,94,0.17784,0.17726,0.06473,0.18254
Time,s,94,0.17596,0.17164,0.06331,0.18324
Time,s,94,0.1785,0.1786,0.06753,0.18487
Time,s,94,0.18388,0.17039,0.06541,0.1828
Time,s,94,0.17812,0.17,0.06906,0.18421
Time,s,94,0.17945,0.1699,0.06589,0.18301
Time,s,94,0.17613,0.16979,0.06405,0.1825
Time,s,94,0.1765,0.16936,0.06911,0.18076
Time,s,94,0.17583,0.17319,0.06046,0.18689
Time,s,94,0.17762,0.17213,0.065,0.18354
Time,s,94,0.17628,0.17706,0.06638,0.17811
Time,s,94,0.17711,0.17532,0.06412,0.18217
Time,s,94,0.17566,0.16915,0.07058,0.18317
Time,s,94,0.1787,0.1764,0.06456,0.17897
Time,s,94,0.17908,0.17754,0.06458,0.17948
Time,s,94,0.17807,0.17402,0.06761,0.17795
Time,s,94,0.18296,0.17507,0.06388,0.17974
Time,s,94,0.17644,0.18109,0.07123,0.17789
Time,s,94,0.18045,0.17371,0.06333,0.17759
Time,s,94,0.18189,0.1696,0.06414,0.17848
Time,s,94,0.17857,0.17227,0.06775,0.18088
Time,s,94,0.17934,0.17734,0.06409,0.17734
Time,s,94,0.18092,0.1703,0.06339,0.1801
Time,s,94,0.18009,0.16933,0.06719,0.18201
Time,s,94,0.17477,0.17188,0.07006,0.17695
Time,s,94,0.17645,0.17007,0.06931,0.178
Time,s,94,0.17962,0.17123,0.06502,0.1795
Time,s,94,0.17503,0.17315,0.06608,0.17734
Time,s,94,0.17537,0.17159,0.06701,0.17838
Time,s,94,0.17468,0.17161,0.06404,0.17779
Time,s,94,0.17657,0.1709,0.07061,0.17854
Time,s,94,0.17632,0.18214,0.06446,0.1807
Time,s,94,0.17758,0.17641,0.0638,0.18347
Time,s,94,0.17605,0.17664,0.06836,0.17952
Time,s,94,0.17632,0.17742,0.06358,0.18042
Time,s,94,0.17949,0.17845,0.06359,0.18034
Time,s,94,0.1737,0.17684,0.06668,0.17964
Time,s,94,0.17669,0.17489,0.06379,0.18001
Time,s,94,0.1749,0.17789,0.07035,0.18055
Time,s,94,0.17426,0.17716,0.06509,0.18049
Time,s,94,0.17771,0.178,0.06293,0.18018
Time,s,94,0.17622,0.173,0.06904,0.19182
Time,s,94,0.17389,0.17101,0.06527,0.18022
Time,s,94,0.17434,0.17081,0.07087,0.18543
Time,s,94,0.17411,0.17185,0.06577,0.18114
Time,s,94,0.17471,0.17331,0.06378,0.18632
Time,s,94,0.17497,0.1713,0.06845,0.1853
Time,s,94,0.17421,0.17141,0.06473,0.18508
Time,s,94,0.17451,0.17041,0.06775,0.18823
Time,s,94,0.17411,0.17029,0.06925,0.18643
Time,s,94,0.17591,0.17125,0.0637,0.1898
Time,s,94,0.18038,0.17086,0.07141,0.18066
Time,s,94,0.18316,0.17641,0.06548,0.18505
Time,s,94,0.18285,0.17803,0.06369,0.18533
Time,s,94,0.18561,0.18106,0.075,0.19051
Time,s,94,0.17996,0.17056,0.06334,0.18612
Time,s,94,0.17424,0.17334,0.07237,0.18706
Time,s,94,0.18082,0.17466,0.0676,0.18574
Time,s,94,0.18322,0.17519,0.06555,0.18513
Time,s,94,0.18586,0.17619,0.07033,0.18328
Time,s,94,0.18038,0.18112,0.06288,0.17967
Time,s,94,0.18119,0.17239,0.06373,0.17988
Time,s,94,0.17405,0.17112,0.06775,0.1825
Time,s,94,0.18054,0.1699,0.06317,0.1804
Time,s,94,0.18082,0.17474,0.07031,0.17877
Time,s,94,0.18077,0.17054,0.066,0.18194
Time,s,94,0.179,0.17172,0.06455,0.19136
Time,s,94,0.17983,0.17088,0.06938,0.18012
Time,s,94,0.18269,0.1713,0.06392,0.18514
Time,s,94,0.17654,0.17204,0.0644,0.17677
Time,s,94,0.18433,0.17944,0.06711,0.18216
Time,s,94,0.176,0.17452,0.064,0.17656
Time,s,94,0.1766,0.17895,0.07478,0.17369
Time,s,94,0.17784,0.18273,0.06594,0.17486
Time,s,94,0.17685,0.17634,0.06432,0.18046
Time,s,94,0.17821,0.17422,0.0679,0.17665
Time,s,94,0.18245,0.17931,0.06452,0.17641
Time,s,94,0.17802,0.17659,0.0719,0.1785
Time,s,94,0.17517,0.17636,0.06635,0.17678
Time,s,94,0.17562,0.17557,0.0639,0.1755
Time,s,95,0.17533,0.17292,0.0688,0.18275
Time,s,95,0.1746,0.17143,0.06462,0.17796
Time,s,95,0.17581,0.17708,0.07096,0.17741
Time,s,95,0.17427,0.17829,0.0634,0.17822
Time,s,95,0.18008,0.17191,0.06429,0.17839
Time,s,95,0.18254,0.17812,0.06831,0.17619
Time,s,95,0.1837,0.17902,0.06298,0.17973
Time,s,95,0.18016,0.1721,0.07155,0.17555
Time,s,95,0.17624,0.17762,0.06751,0.17573
Time,s,95,0.17939,0.1821,0.06336,0.17665
Time,s,95,0.18243,0.17327,0.07036,0.1761
Time,s,95,0.17911,0.17763,0.06411,0.17662
Time,s,95,0.18234,0.17549,0.07243,0.17572
Time,s,95,0.17704,0.17381,0.06278,0.18563
Time,s,95,0.18203,0.17112,0.0631,0.18336
Time,s,95,0.17939,0.1726,0.06917,0.18764
Time,s,95,0.18242,0.1716,0.06565,0.18304
Time,s,95,0.17832,0.17283,0.07435,0.18703
Time,s,95,0.17602,0.18083,0.0639,0.18567
Time,s,95,0.17555,0.18057,0.06307,0.18206
Time,s,95,0.17604,0.18159,0.06816,0.1766
Time,s,95,0.17571,0.18521,0.06391,0.17978
Time,s,95,0.18152,0.17249,0.07036,0.1796
Time,s,95,0.17601,0.17419,0.06557,0.18119
Time,s,95,0.17733,0.17124,0.06357,0.18467
Time,s,95,0.17515,0.17252,0.06467,0.18492
Time,s,95,0.17663,0.17242,0.06499,0.17645
Time,s,95,0.17554,0.17139,0.06958,0.18292
Time,s,95,0.1752,0.17292,0.06402,0.1757
Time,s,95,0.17564,0.18385,0.06369,0.17738
Time,s,95,0.17528,0.179,0.06681,0.17761
Time,s,95,0.17579,0.17589,0.06393,0.17659
Time,s,95,0.17865,0.17584,0.0632,0.17501
Time,s,95,0.18388,0.1721,0.06465,0.18398
Time,s,95,0.17926,0.16869,0.06081,0.17558
Time,s,95,0.17975,0.16879,0.06792,0.17671
Time,s,95,0.17478,0.16853,0.06123,0.17552
Time,s,95,0.17985,0.16711,0.06971,0.1759
Time,s,95,0.17599,0.17825,0.06471,0.17716
Time,s,95,0.1753,0.16769,0.06131,0.17665
Time,s,95,0.17886,0.17806,0.07023,0.17676
Time,s,95,0.17868,0.17476,0.06669,0.17569
Time,s,95,0.17569,0.17332,0.06805,0.17997
Time,s,95,0.17968,0.16762,0.06576,0.17641
Time,s,95,0.17701,0.17475,0.06191,0.18249
Time,s,95,0.1785,0.17133,0.06711,0.18353
Time,s,95,0.17865,0.17098,0.06276,0.18536
Time,s,95,0.17529,0.17068,0.06339,0.18141
Time,s,95,0.17495,0.16938,0.0641,0.18169
Time,s,95,0.17505,0.1744,0.06328,0.1845
Time,s,95,0.17486,0.17659,0.07385,0.17819
Time,s,95,0.17783,0.17761,0.06234,0.18285
Time,s,95,0.17664,0.17326,0.06398,0.17946
Time,s,95,0.17465,0.16809,0.06278,0.17943
Time,s,95,0.17382,0.17365,0.06339,0.17341
Time,s,95,0.18308,0.17264,0.06788,0.1778
Time,s,95,0.1749,0.17379,0.06367,0.17807
Time,s,95,0.1816,0.17006,0.06985,0.17909
Time,s,95,0.18086,0.17322,0.06527,0.17736
Time,s,95,0.18258,0.16908,0.06399,0.17754
Time,s,95,0.18295,0.16875,0.06661,0.17597
Time,s,95,0.18351,0.16819,0.06334,0.17386
Time,s,95,0.17989,0.17205,0.07117,0.17459
Time,s,95,0.17933,0.17621,0.06486,0.17649
Time,s,95,0.17409,0.17437,0.05857,0.17483
Time,s,95,0.17936,0.1732,0.0688,0.17665
Time,s,95,0.17785,0.17553,0.06666,0.18207
Time,s,95,0.17478,0.1732,0.07019,0.18347
Time,s,95,0.18019,0.18057,0.06619,0.17559
Time,s,95,0.17703,0.16897,0.06265,0.17733
Time,s,95,0.17861,0.17235,0.06818,0.17505
Time,s,95,0.17421,0.16841,0.064,0.17444
Time,s,95,0.17521,0.16865,0.07071,0.1755
Time,s,95,0.17563,0.16823,0.06461,0.17486
Time,s,95,0.17487,0.16766,0.06287,0.18138
Time,s,95,0.17572,0.16696,0.06986,0.17468
Time,s,95,0.17315,0.17479,0.0635,0.17682
Time,s,95,0.17566,0.17312,0.07007,0.18065
Time,s,95,0.17514,0.17223,0.06614,0.18257
Time,s,95,0.18694,0.17238,0.06338,0.18125
Time,s,95,0.18463,0.17463,0.06693,0.18118
Time,s,95,0.18626,0.16837,0.06021,0.17438
Time,s,95,0.18474,0.17308,0.07066,0.17839
Time,s,95,0.18405,0.16947,0.06592,0.17982
Time,s,95,0.17658,0.16981,0.06351,0.17763
Time,s,95,0.17629,0.1684,0.06786,0.18467
Time,s,95,0.18039,0.1699,0.06375,0.17446
Time,s,95,0.18175,0.17838,0.06956,0.18034
Time,s,95,0.18355,0.16783,0.06616,0.1772
Time,s,95,0.18005,0.17491,0.06422,0.17568
Time,s,95,0.18227,0.17365,0.06519,0.17403
Time,s,95,0.17812,0.17182,0.06888,0.17577
Time,s,95,0.1826,0.17045,0.06423,0.1749
Time,s,95,0.18223,0.17126,0.0654,0.17714
Time,s,95,0.17665,0.17378,0.0616,0.17438
Time,s,95,0.17665,0.16983,0.06822,0.17571
Time,s,95,0.17771,0.17474,0.05925,0.17739
Time,s,95,0.17875,0.16901,0.06265,0.1745
Time,s,95,0.17728,0.1698,0.0644,0.17705
Time,s,95,0.1786,0.17228,0.06304,0.18135
Time,s,96,0.17688,0.16858,0.06671,0.18722
Time,s,96,0.17668,0.17458,0.06272,0.1855
Time,s,96,0.17801,0.17377,0.0693,0.18784
Time,s,96,0.1773,0.1731,0.0635,0.18541
Time,s,96,0.17666,0.17431,0.06254,0.18716
Time,s,96,0.18716,0.1772,0.06442,0.1871
Time,s,96,0.18618,0.16941,0.06307,0.18933
Time,s,96,0.17722,0.16904,0.06602,0.18524
Time,s,96,0.17761,0.16673,0.06356,0.18898
Time,s,96,0.18202,0.16966,0.06819,0.18557
Time,s,96,0.1795,0.16776,0.06258,0.18093
Time,s,96,0.18437,0.16915,0.06945,0.18355
Time,s,96,0.18545,0.16807,0.06435,0.18101
Time,s,96,0.17752,0.16882,0.06279,0.18481
Time,s,96,0.17839,0.17202,0.06469,0.18434
Time,s,96,0.18227,0.17439,0.06547,0.1811
Time,s,96,0.18197,0.17412,0.06962,0.17958
Time,s,96,0.17892,0.17394,0.06238,0.18103
Time,s,96,0.17645,0.17261,0.06785,0.18674
Time,s,96,0.17694,0.1769,0.0619,0.17981
Time,s,96,0.17643,0.16719,0.06811,0.18252
Time,s,96,0.17678,0.16886,0.06278,0.18135
Time,s,96,0.17768,0.16862,0.06256,0.18111
Time,s,96,0.17771,0.16898,0.06478,0.18229
Time,s,96,0.18086,0.17107,0.06271,0.18277
Time,s,96,0.174,0.16891,0.06891,0.18046
Time,s,96,0.17492,0.16827,0.06287,0.18166
Time,s,96,0.17477,0.16963,0.0673,0.18097
Time,s,96,0.17568,0.16811,0.06278,0.1837
Time,s,96,0.17406,0.17451,0.06948,0.18732
Time,s,96,0.17425,0.17625,0.06421,0.1867
Time,s,96,0.18063,0.17327,0.06179,0.18887
Time,s,96,0.17443,0.16844,0.06404,0.19063
Time,s,96,0.18133,0.17098,0.06272,0.18686
Time,s,96,0.17491,0.1691,0.06731,0.18661
Time,s,96,0.175,0.16803,0.06126,0.18581
Time,s,96,0.18056,0.16867,0.06209,0.18567
Time,s,96,0.17895,0.16965,0.06276,0.18907
Time,s,96,0.18017,0.17033,0.06162,0.18069
Time,s,96,0.18124,0.16907,0.06528,0.18693
Time,s,96,0.17897,0.17515,0.0647,0.18551
Time,s,96,0.18063,0.17312,0.07176,0.18404
Time,s,96,0.18049,0.18189,0.06244,0.17999
Time,s,96,0.1746,0.1866,0.06783,0.17987
Time,s,96,0.1816,0.18229,0.06333,0.17844
Time,s,96,0.18332,0.1848,0.06978,0.17894
Time,s,96,0.17554,0.18008,0.0637,0.17818
Time,s,96,0.17487,0.17621,0.06211,0.17973
Time,s,96,0.17498,0.17604,0.06363,0.17866
Time,s,96,0.17364,0.17649,0.06233,0.17933
Time,s,96,0.17359,0.17581,0.06211,0.17931
Time,s,96,0.17678,0.17503,0.06175,0.18166
Time,s,96,0.17443,0.17958,0.06713,0.17943
Time,s,96,0.17567,0.17473,0.06176,0.17816
Time,s,96,0.17583,0.1759,0.06929,0.17948
Time,s,96,0.17479,0.17495,0.06337,0.18539
Time,s,96,0.17412,0.18125,0.06189,0.18416
Time,s,96,0.18169,0.18112,0.06552,0.18345
Time,s,96,0.17486,0.18232,0.06215,0.18487
Time,s,96,0.1807,0.1816,0.06736,0.18351
Time,s,96,0.17618,0.18173,0.06111,0.18231
Time,s,96,0.17718,0.18303,0.06928,0.18218
Time,s,96,0.18063,0.17488,0.06259,0.17877
Time,s,96,0.1748,0.17461,0.0626,0.18292
Time,s,96,0.17383,0.17663,0.06486,0.18317
Time,s,96,0.17504,0.17443,0.05968,0.1819
Time,s,96,0.17764,0.17384,0.07065,0.18377
Time,s,96,0.17856,0.1756,0.06138,0.18055
Time,s,96,0.1773,0.17822,0.0673,0.18386
Time,s,96,0.1778,0.18635,0.06362,0.1846
Time,s,96,0.17944,0.18348,0.07049,0.17822
Time,s,96,0.17562,0.17619,0.06427,0.18578
Time,s,96,0.1801,0.18173,0.06253,0.17869
Time,s,96,0.17611,0.17732,0.0642,0.17778
Time,s,96,0.17408,0.1761,0.06234,0.18517
Time,s,96,0.17446,0.1773,0.06309,0.17733
Time,s,96,0.17782,0.17787,0.06177,0.18054
Time,s,96,0.17545,0.18765,0.06799,0.18116
Time,s,96,0.17624,0.17827,0.06322,0.18173
Time,s,96,0.17782,0.19265,0.06934,0.17813
Time,s,96,0.17456,0.1922,0.06352,0.18004
Time,s,96,0.17905,0.18505,0.06197,0.17811
Time,s,96,0.18292,0.17995,0.06397,0.17707
Time,s,96,0.18117,0.19463,0.06173,0.17779
Time,s,96,0.18205,0.17329,0.06757,0.17811
Time,s,96,0.17603,0.16954,0.05884,0.17997
Time,s,96,0.17409,0.17349,0.06709,0.17701
Time,s,96,0.1812,0.17124,0.06209,0.17796
Time,s,96,0.18048,0.17071,0.06087,0.17776
Time,s,96,0.17788,0.17571,0.06388,0.17302
Time,s,96,0.17775,0.17711,0.06285,0.17524
Time,s,96,0.18153,0.17583,0.06666,0.17474
Time,s,96,0.17308,0.17139,0.06326,0.17713
Time,s,96,0.17512,0.17296,0.06489,0.18101
Time,s,96,0.1751,0.17466,0.0612,0.18095
Time,s,96,0.17449,0.1721,0.06838,0.17774
Time,s,96,0.17735,0.17059,0.06309,0.17666
Time,s,96,0.17654,0.1722,0.06202,0.17471
Time,s,96,0.17445,0.17657,0.06443,0.17635
Time,s,96,0.1743,0.17467,0.06147,0.17466
Time,s,97,0.18053,0.16981,0.06657,0.17737
Time,s,97,0.18345,0.17103,0.06254,0.18048
Time,s,97,0.18332,0.1769,0.06386,0.17445
Time,s,97,0.17914,0.17573,0.06106,0.17793
Time,s,97,0.17484,0.17508,0.06917,0.17607
Time,s,97,0.17489,0.17295,0.06279,0.18121
Time,s,97,0.17698,0.17078,0.06207,0.17424
Time,s,97,0.17781,0.18181,0.06454,0.1741
Time,s,97,0.17929,0.16989,0.0625,0.17429
Time,s,97,0.17759,0.17511,0.06655,0.17487
Time,s,97,0.17473,0.17146,0.06262,0.17541
Time,s,97,0.17539,0.16982,0.0686,0.17328
Time,s,97,0.17731,0.16997,0.06107,0.17796
Time,s,97,0.17643,0.17059,0.06744,0.17443
Time,s,97,0.17507,0.17177,0.06212,0.17646
Time,s,97,0.17779,0.17672,0.06516,0.17411
Time,s,97,0.1754,0.17717,0.06593,0.17886
Time,s,97,0.17464,0.17318,0.06223,0.17388
Time,s,97,0.17742,0.1783,0.06514,0.17471
Time,s,97,0.18326,0.17373,0.0618,0.1772
Time,s,97,0.17687,0.17499,0.06672,0.17413
Time,s,97,0.18322,0.1716,0.06186,0.18325
Time,s,97,0.17961,0.1715,0.06742,0.17877
Time,s,97,0.17579,0.17513,0.06174,0.1852
Time,s,97,0.18368,0.17031,0.06308,0.17518
Time,s,97,0.1752,0.17008,0.0632,0.17826
Time,s,97,0.17402,0.18272,0.06145,0.18163
Time,s,97,0.17681,0.17567,0.06396,0.18083
Time,s,97,0.17576,0.17419,0.06274,0.17504
Time,s,97,0.18165,0.17753,0.06579,0.17837
Time,s,97,0.17411,0.17026,0.06191,0.17903
Time,s,97,0.17455,0.17171,0.06231,0.1783
Time,s,97,0.17587,0.1719,0.06238,0.18101
Time,s,97,0.17751,0.16867,0.06829,0.17599
Time,s,97,0.17577,0.16773,0.06248,0.1744
Time,s,97,0.17567,0.17036,0.06178,0.1743
Time,s,97,0.18285,0.16889,0.06339,0.17422
Time,s,97,0.1769,0.16646,0.06195,0.1813
Time,s,97,0.18047,0.16754,0.06487,0.17339
Time,s,97,0.18253,0.17787,0.0621,0.17707
Time,s,97,0.17851,0.17329,0.06779,0.17693
Time,s,97,0.17874,0.17455,0.06932,0.17729
Time,s,97,0.18329,0.18106,0.07081,0.17443
Time,s,97,0.17533,0.1678,0.06369,0.17479
Time,s,97,0.17517,0.17075,0.06421,0.18027
Time,s,97,0.1764,0.17543,0.06605,0.17537
Time,s,97,0.17582,0.17,0.06444,0.17824
Time,s,97,0.17686,0.16821,0.0683,0.17624
Time,s,97,0.18171,0.16969,0.06473,0.17658
Time,s,97,0.17598,0.16743,0.07017,0.17778
Time,s,97,0.17517,0.16896,0.06689,0.17989
Time,s,97,0.178,0.17752,0.07171,0.17609
Time,s,97,0.17539,0.17725,0.06495,0.17809
Time,s,97,0.1759,0.17258,0.07179,0.17695
Time,s,97,0.17653,0.17801,0.06398,0.17646
Time,s,97,0.17594,0.1776,0.06391,0.17642
Time,s,97,0.18019,0.16863,0.06668,0.17519
Time,s,97,0.18215,0.1715,0.06471,0.1756
Time,s,97,0.17804,0.16947,0.06791,0.18695
Time,s,97,0.17965,0.1668,0.06455,0.17712
Time,s,97,0.18212,0.16714,0.06893,0.1846
Time,s,97,0.1788,0.17446,0.06418,0.18423
Time,s,97,0.18035,0.16778,0.07062,0.18173
Time,s,97,0.17619,0.1785,0.06407,0.17589
Time,s,97,0.17631,0.17428,0.06414,0.18265
Time,s,97,0.17672,0.17215,0.06819,0.18087
Time,s,97,0.17482,0.17416,0.06882,0.1806
Time,s,97,0.17634,0.17341,0.06872,0.18026
Time,s,97,0.17446,0.16833,0.0647,0.18398
Time,s,97,0.18539,0.17704,0.06938,0.18335
Time,s,97,0.1747,0.1718,0.06259,0.18365
Time,s,97,0.17468,0.16857,0.07145,0.17811
Time,s,97,0.17703,0.16764,0.06513,0.1769
Time,s,97,0.18586,0.17198,0.06403,0.18199
Time,s,97,0.1777,0.16629,0.06703,0.18228
Time,s,97,0.18413,0.1675,0.06448,0.17777
Time,s,97,0.17589,0.16742,0.06669,0.17932
Time,s,97,0.18326,0.16729,0.06348,0.18209
Time,s,97,0.18793,0.16787,0.06815,0.17836
Time,s,97,0.18033,0.17613,0.06414,0.17598
Time,s,97,0.17917,0.17346,0.06822,0.17626
Time,s,97,0.18005,0.17444,0.06591,0.17608
Time,s,97,0.17631,0.17339,0.0709,0.17759
Time,s,97,0.1765,0.17079,0.06522,0.18316
Time,s,97,0.17727,0.17116,0.06442,0.1761
Time,s,97,0.17714,0.1674,0.06612,0.17771
Time,s,97,0.1815,0.17201,0.06406,0.17605
Time,s,97,0.18028,0.17135,0.0679,0.18271
Time,s,97,0.1773,0.16676,0.06335,0.17803
Time,s,97,0.17618,0.16668,0.07008,0.17705
Time,s,97,0.1772,0.16728,0.06659,0.18043
Time,s,97,0.1779,0.17036,0.06698,0.18031
Time,s,97,0.18188,0.17043,0.0645,0.1803
Time,s,97,0.17736,0.17063,0.06403,0.18103
Time,s,97,0.18294,0.16895,0.06697,0.18333
Time,s,97,0.1825,0.17426,0.06537,0.18015
Time,s,97,0.18278,0.17396,0.06368,0.19061
Time,s,97,0.18569,0.17507,0.06344,0.18939
Time,s,97,0.17587,0.16974,0.06894,0.18053
Time,s,97,0.17793,0.17202,0.0642,0.18842
Time,s,98,0.18245,0.17275,0.06997,0.18658
Time,s,98,0.1765,0.1782,0.06654,0.18877
Time,s,98,0.17813,0.17201,0.06408,0.1802
Time,s,98,0.17983,0.17188,0.06295,0.18601
Time,s,98,0.17598,0.17645,0.06378,0.18725
Time,s,98,0.17803,0.1772,0.06249,0.18273
Time,s,98,0.17819,0.1707,0.06449,0.18679
Time,s,98,0.17622,0.17044,0.06497,0.18502
Time,s,98,0.18033,0.17008,0.06712,0.18629
Time,s,98,0.17756,0.17316,0.0638,0.184
Time,s,98,0.17571,0.17228,0.06815,0.18167
Time,s,98,0.17702,0.16961,0.06406,0.18044
Time,s,98,0.17928,0.16992,0.07121,0.18877
Time,s,98,0.17725,0.1713,0.06535,0.18372
Time,s,98,0.18071,0.16811,0.06385,0.18367
Time,s,98,0.18035,0.16897,0.06346,0.18248
Time,s,98,0.18172,0.16897,0.06828,0.18843
Time,s,98,0.18074,0.16986,0.06931,0.18078
Time,s,98,0.17871,0.16919,0.06268,0.18787
Time,s,98,0.17777,0.17356,0.0626,0.18437
Time,s,98,0.17796,0.1717,0.06705,0.18133
Time,s,98,0.17939,0.1739,0.06414,0.18134
Time,s,98,0.17714,0.1759,0.06837,0.18584
Time,s,98,0.17706,0.17695,0.06316,0.18214
Time,s,98,0.17721,0.17462,0.06724,0.18307
Time,s,98,0.17438,0.17464,0.06451,0.18049
Time,s,98,0.17603,0.17287,0.06366,0.17736
Time,s,98,0.17545,0.16874,0.06738,0.17389
Time,s,98,0.17899,0.17164,0.06251,0.17406
Time,s,98,0.17432,0.17541,0.07006,0.17294
Time,s,98,0.17405,0.17036,0.06575,0.17465
Time,s,98,0.1744,0.1741,0.06301,0.17371
Time,s,98,0.18414,0.16969,0.0674,0.17738
Time,s,98,0.18228,0.16998,0.0628,0.17395
Time,s,98,0.18196,0.17004,0.06865,0.17519
Time,s,98,0.17931,0.16998,0.06286,0.17662
Time,s,98,0.17561,0.16885,0.06258,0.17875
Time,s,98,0.18989,0.16924,0.06556,0.18027
Time,s,98,0.17973,0.17649,0.0677,0.17659
Time,s,98,0.17472,0.17488,0.07002,0.17766
Time,s,98,0.17778,0.17479,0.06393,0.17673
Time,s,98,0.17679,0.17424,0.06999,0.17929
Time,s,98,0.18012,0.17632,0.06658,0.17724
Time,s,98,0.17375,0.18136,0.06387,0.17725
Time,s,98,0.17956,0.1802,0.06539,0.17686
Time,s,98,0.18135,0.18045,0.06278,0.17833
Time,s,98,0.17299,0.18185,0.07042,0.17636
Time,s,98,0.17424,0.1818,0.06293,0.18105
Time,s,98,0.1744,0.18354,0.06406,0.17876
Time,s,98,0.1741,0.17833,0.06589,0.17737
Time,s,98,0.17463,0.17571,0.06315,0.18854
Time,s,98,0.17711,0.17562,0.06652,0.18743
Time,s,98,0.17484,0.17412,0.06279,0.17606
Time,s,98,0.17454,0.17831,0.06917,0.18195
Time,s,98,0.17455,0.17905,0.06272,0.17671
Time,s,98,0.17916,0.17429,0.06288,0.17694
Time,s,98,0.18393,0.17661,0.06532,0.17717
Time,s,98,0.17923,0.17917,0.0634,0.1838
Time,s,98,0.18108,0.17488,0.0704,0.18336
Time,s,98,0.18066,0.17472,0.06427,0.18381
Time,s,98,0.18489,0.17794,0.06364,0.18316
Time,s,98,0.17983,0.17455,0.06552,0.18528
Time,s,98,0.17369,0.17485,0.06362,0.18204
Time,s,98,0.18144,0.17438,0.06709,0.18507
Time,s,98,0.17527,0.1746,0.05949,0.18353
Time,s,98,0.17673,0.17415,0.05841,0.17831
Time,s,98,0.1781,0.17731,0.06012,0.17774
Time,s,98,0.18346,0.17866,0.06557,0.18251
Time,s,98,0.17926,0.18073,0.06357,0.18776
Time,s,98,0.1864,0.18151,0.05874,0.18502
Time,s,98,0.17493,0.17386,0.0588,0.18035
Time,s,98,0.17402,0.17502,0.05958,0.18224
Time,s,98,0.17438,0.17457,0.05886,0.18246
Time,s,98,0.17921,0.17264,0.06161,0.18205
Time,s,98,0.17372,0.16907,0.05924,0.17758
Time,s,98,0.17743,0.17627,0.06324,0.17991
Time,s,98,0.17477,0.17331,0.05879,0.17658
Time,s,98,0.17515,0.17177,0.06609,0.18321
Time,s,98,0.17689,0.17144,0.06044,0.17849
Time,s,98,0.175,0.17259,0.05861,0.17865
Time,s,98,0.17308,0.1678,0.06245,0.17928
Time,s,98,0.17527,0.16825,0.05971,0.17799
Time,s,98,0.18283,0.17042,0.06555,0.18056
Time,s,98,0.18013,0.16777,0.05999,0.1763
Time,s,98,0.1737,0.17025,0.06058,0.18535
Time,s,98,0.18039,0.17331,0.06154,0.1761
Time,s,98,0.17435,0.1707,0.0588,0.17956
Time,s,98,0.17814,0.16983,0.06401,0.17658
Time,s,98,0.17721,0.17093,0.05977,0.17557
Time,s,98,0.17816,0.16974,0.05842,0.17709
Time,s,98,0.17696,0.16952,0.06164,0.17667
Time,s,98,0.17816,0.1723,0.0588,0.17983
Time,s,98,0.17596,0.17141,0.06227,0.17972
Time,s,98,0.17649,0.17141,0.06071,0.17808
Time,s,98,0.17425,0.18188,0.0629,0.1793
Time,s,98,0.17782,0.17331,0.06007,0.17899
Time,s,98,0.1795,0.17562,0.05877,0.17681
Time,s,98,0.1754,0.17673,0.06165,0.17775
Time,s,98,0.17619,0.16999,0.06083,0.17615
Time,s,98,0.17493,0.17565,0.0647,0.17594
Time,s,99,0.17428,0.17309,0.06047,0.17648
Time,s,99,0.17328,0.172,0.05856,0.17456
Time,s,99,0.17247,0.17385,0.06075,0.17875
Time,s,99,0.17488,0.16984,0.059,0.17698
Time,s,99,0.17488,0.17772,0.0588,0.17802
Time,s,99,0.1764,0.16895,0.05885,0.17644
Time,s,99,0.17462,0.16947,0.06492,0.17581
Time,s,99,0.17369,0.16751,0.062,0.18088
Time,s,99,0.17877,0.16859,0.05872,0.17719
Time,s,99,0.17504,0.16828,0.06153,0.18176
Time,s,99,0.17516,0.16872,0.05909,0.18227
Time,s,99,0.17471,0.16895,0.06642,0.18424
Time,s,99,0.17605,0.17472,0.05866,0.18314
Time,s,99,0.18082,0.1762,0.06607,0.18693
Time,s,99,0.17962,0.17587,0.06005,0.17765
Time,s,99,0.18127,0.17527,0.05846,0.1841
Time,s,99,0.17426,0.17422,0.0634,0.18033
Time,s,99,0.17938,0.17264,0.05999,0.1755
Time,s,99,0.17902,0.17153,0.05845,0.17537
Time,s,99,0.18032,0.17285,0.05961,0.18046
Time,s,99,0.18247,0.16876,0.06423,0.1839
Time,s,99,0.18024,0.17054,0.06156,0.18419
Time,s,99,0.18066,0.17672,0.05933,0.18453
Time,s,99,0.18601,0.17102,0.06591,0.1824
Time,s,99,0.18175,0.17034,0.06003,0.18539
Time,s,99,0.1781,0.16956,0.06512,0.17632
Time,s,99,0.1802,0.16861,0.06036,0.18096
Time,s,99,0.18588,0.17372,0.05965,0.17947
Time,s,99,0.17726,0.16809,0.06263,0.17768
Time,s,99,0.17787,0.16936,0.05923,0.18138
Time,s,99,0.17991,0.17833,0.06371,0.18327
Time,s,99,0.17811,0.17798,0.05923,0.17905
Time,s,99,0.17845,0.17087,0.06673,0.1786
Time,s,99,0.18035,0.17187,0.06188,0.17657
Time,s,99,0.17866,0.17017,0.06375,0.17882
Time,s,99,0.17739,0.17015,0.06198,0.17596
Time,s,99,0.1787,0.17379,0.0594,0.17713
Time,s,99,0.1778,0.17414,0.06482,0.17661
Time,s,99,0.18035,0.16858,0.06109,0.17693
Time,s,99,0.18122,0.16807,0.05925,0.17497
Time,s,99,0.18484,0.16912,0.06254,0.17772
Time,s,99,0.18221,0.16978,0.06696,0.1808
Time,s,99,0.18953,0.16756,0.06348,0.17513
Time,s,99,0.18278,0.16782,0.06076,0.17406
Time,s,99,0.18327,0.16901,0.06532,0.17538
Time,s,99,0.18202,0.17526,0.05908,0.17465
Time,s,99,0.18506,0.17593,0.06307,0.17624
Time,s,99,0.18509,0.1809,0.06492,0.17452
Time,s,99,0.18429,0.17403,0.05781,0.17631
Time,s,99,0.18035,0.17709,0.06485,0.17798
Time,s,99,0.18019,0.17501,0.06006,0.17488
Time,s,99,0.18121,0.17172,0.0583,0.1741
Time,s,99,0.17808,0.17568,0.06191,0.17535
Time,s,99,0.17805,0.16682,0.05865,0.17521
Time,s,99,0.17873,0.17182,0.06283,0.17455
Time,s,99,0.17778,0.1675,0.05855,0.17541
Time,s,99,0.17871,0.17348,0.06506,0.17584
Time,s,99,0.17707,0.16773,0.06072,0.17529
Time,s,99,0.18609,0.16709,0.05853,0.17641
Time,s,99,0.18639,0.16823,0.06155,0.17679
Time,s,99,0.18775,0.1739,0.05953,0.17455
Time,s,99,0.17973,0.16723,0.06326,0.17405
Time,s,99,0.18099,0.18088,0.06011,0.17555
Time,s,99,0.18444,0.17221,0.06748,0.17418
Time,s,99,0.1849,0.17291,0.06218,0.17502
Time,s,99,0.18319,0.17599,0.06162,0.17548
Time,s,99,0.18136,0.1762,0.06302,0.17629
Time,s,99,0.18363,0.16975,0.06205,0.1757
Time,s,99,0.1807,0.17332,0.06582,0.1815
Time,s,99,0.17942,0.17163,0.06028,0.1762
Time,s,99,0.17874,0.17262,0.06135,0.17557
Time,s,99,0.17719,0.16841,0.06135,0.18243
Time,s,99,0.17396,0.16779,0.06164,0.17537
Time,s,99,0.17444,0.16753,0.06902,0.17413
Time,s,99,0.17665,0.16839,0.05908,0.1816
Time,s,99,0.17733,0.16799,0.06529,0.17883
Time,s,99,0.1781,0.16748,0.06124,0.18313
Time,s,99,0.17843,0.16696,0.05857,0.18513
Time,s,99,0.18216,0.17296,0.06367,0.17455
Time,s,99,0.17454,0.17905,0.05929,0.18008
Time,s,99,0.1761,0.17192,0.06441,0.18312
Time,s,99,0.17458,0.16968,0.05943,0.18786
Time,s,99,0.17517,0.17084,0.06656,0.18854
Time,s,99,0.17455,0.17007,0.06203,0.18665
Time,s,99,0.17458,0.16634,0.06034,0.18135
Time,s,99,0.17441,0.17045,0.0657,0.18034
Time,s,99,0.1796,0.16994,0.05954,0.18894
Time,s,99,0.18186,0.16948,0.06531,0.18457
Time,s,99,0.18313,0.17107,0.06049,0.18554
Time,s,99,0.17978,0.16882,0.05898,0.18761
Time,s,99,0.1743,0.16965,0.06246,0.17965
Time,s,99,0.17638,0.16819,0.05924,0.18053
Time,s,99,0.17951,0.16903,0.06463,0.18156
Time,s,99,0.17556,0.16906,0.06128,0.18517
Time,s,99,0.17411,0.17125,0.06313,0.18652
Time,s,99,0.17979,0.17813,0.05882,0.18902
Time,s,99,0.18011,0.16961,0.05684,0.1856
Time,s,99,0.18129,0.18163,0.06088,0.18745
Time,s,99,0.17608,0.17053,0.05917,0.18674
Time,s,99,0.17809,0.17176,0.06735,0.18096
Time,s,100,0.17467,0.17486,0.05826,0.18043
Time,s,100,0.17952,0.16883,0.05885,0.19308
Time,s,100,0.17642,0.16779,0.06194,0.18078
Time,s,100,0.1772,0.1706,0.05847,0.18658
Time,s,100,0.17796,0.17056,0.05776,0.18705
Time,s,100,0.17904,0.16823,0.0589,0.18468
Time,s,100,0.17488,0.16893,0.06556,0.18676
Time,s,100,0.17484,0.18525,0.06041,0.18506
Time,s,100,0.17601,0.16877,0.05793,0.18475
Time,s,100,0.17366,0.16822,0.05819,0.18422
Time,s,100,0.17705,0.17635,0.05763,0.18811
Time,s,100,0.17702,0.17584,0.06269,0.18041
Time,s,100,0.17597,0.17485,0.05792,0.18069
Time,s,100,0.18189,0.1746,0.0585,0.18757
Time,s,100,0.18537,0.16962,0.05946,0.18185
Time,s,100,0.17854,0.16817,0.05824,0.18782
Time,s,100,0.17451,0.17063,0.06249,0.18682
Time,s,100,0.17957,0.17513,0.05827,0.18534
Time,s,100,0.17498,0.1694,0.05825,0.17989
Time,s,100,0.17917,0.17315,0.05926,0.18032
Time,s,100,0.18067,0.17109,0.05919,0.18778
Time,s,100,0.17829,0.16866,0.06139,0.17921
Time,s,100,0.18021,0.17032,0.05817,0.18544
Time,s,100,0.1793,0.16773,0.07177,0.18466
Time,s,100,0.1757,0.16994,0.06111,0.1838
Time,s,100,0.17652,0.17501,0.06213,0.18376
Time,s,100,0.17823,0.18061,0.06155,0.1773
Time,s,100,0.17404,0.17388,0.05832,0.18627
Time,s,100,0.17385,0.1721,0.06177,0.18231
Time,s,100,0.17453,0.16826,0.06097,0.18226
Time,s,100,0.1754,0.17136,0.05891,0.17826
Time,s,100,0.17601,0.17149,0.06,0.17982
Time,s,100,0.17839,0.16863,0.05906,0.17991
Time,s,100,0.17462,0.16932,0.05993,0.1815
Time,s,100,0.17413,0.16984,0.05954,0.18036
Time,s,100,0.17459,0.17251,0.06254,0.17839
Time,s,100,0.17428,0.16983,0.05848,0.17868
Time,s,100,0.17454,0.1721,0.06461,0.17885
Time,s,100,0.17753,0.17254,0.05887,0.17666
Time,s,100,0.18244,0.17923,0.05895,0.17685
Time,s,100,0.18218,0.18052,0.06241,0.18485
Time,s,100,0.18202,0.17219,0.05936,0.17689
Time,s,100,0.17689,0.1758,0.06336,0.18339
Time,s,100,0.17859,0.17218,0.05838,0.18093
Time,s,100,0.17966,0.1755,0.0662,0.18237
Time,s,100,0.1801,0.17575,0.05937,0.17722
Time,s,100,0.18023,0.17203,0.05882,0.1781
Time,s,100,0.17798,0.17051,0.06155,0.17882
Time,s,100,0.17756,0.1696,0.0609,0.17769
Time,s,100,0.18121,0.17126,0.06362,0.18058
Time,s,100,0.17856,0.17207,0.06011,0.17712
Time,s,100,0.1746,0.17256,0.06035,0.17797
Time,s,100,0.17624,0.17087,0.0656,0.17721
Time,s,100,0.1764,0.16969,0.05829,0.1776
Time,s,100,0.18257,0.18172,0.06229,0.17665
Time,s,100,0.17427,0.17186,0.05925,0.17761
Time,s,100,0.18059,0.17864,0.0644,0.17781
Time,s,100,0.17505,0.17141,0.06053,0.1766
Time,s,100,0.17419,0.17326,0.05994,0.18612
Time,s,100,0.17747,0.17057,0.06334,0.18245
Time,s,100,0.18105,0.1759,0.05847,0.18711
Time,s,100,0.17928,0.17617,0.06498,0.183
Time,s,100,0.17491,0.17162,0.06042,0.1838
Time,s,100,0.17481,0.17237,0.06666,0.18194
Time,s,100,0.17513,0.17347,0.06351,0.18665
Time,s,100,0.17446,0.17912,0.05817,0.18266
Time,s,100,0.18068,0.17136,0.06243,0.18034
Time,s,100,0.18282,0.16965,0.06064,0.18525
Time,s,100,0.18339,0.17343,0.06604,0.18121
Time,s,100,0.17927,0.17047,0.05995,0.17554
Time,s,100,0.17891,0.17863,0.05884,0.17944
Time,s,100,0.18016,0.17967,0.06258,0.17752
Time,s,100,0.18105,0.17824,0.05865,0.17667
Time,s,100,0.18699,0.18452,0.05806,0.17982
Time,s,100,0.18056,0.1761,0.05895,0.18065
Time,s,100,0.17944,0.17515,0.06578,0.17578
Time,s,100,0.178,0.17285,0.06079,0.18454
Time,s,100,0.17654,0.17042,0.06111,0.17656
Time,s,100,0.17655,0.1727,0.06721,0.17596
Time,s,100,0.17929,0.17112,0.05924,0.17711
Time,s,100,0.17372,0.17021,0.064,0.17594
Time,s,100,0.17746,0.17125,0.05931,0.17582
Time,s,100,0.17841,0.17005,0.05867,0.17557
Time,s,100,0.17726,0.17065,0.06134,0.17643
Time,s,100,0.17831,0.16886,0.05943,0.17543
Time,s,100,0.1752,0.17532,0.06363,0.17895
Time,s,100,0.17784,0.17284,0.05968,0.17664
Time,s,100,0.17454,0.17645,0.06549,0.17607
Time,s,100,0.1737,0.16984,0.06271,0.18202
Time,s,100,0.17402,0.17319,0.05878,0.17587
Time,s,100,0.1736,0.17554,0.06315,0.1746
Time,s,100,0.17371,0.17336,0.05871,0.176
Time,s,100,0.17494,0.17628,0.06384,0.17736
Time,s,100,0.17449,0.17506,0.05924,0.17692
Time,s,100,0.17342,0.1697,0.06491,0.18878
Time,s,100,0.18282,0.16828,0.06034,0.17765
Time,s,100,0.1808,0.17206,0.0591,0.18282
Time,s,100,0.18426,0.16738,0.06512,0.17513
Time,s,100,0.18243,0.16775,0.05986,0.17642
Time,s,100,0.18211,0.16801,0.06493,0.17571
