Name,Unit,Query,Min/max,Min/max clusters,Bloom filter,Dictionary
Time,s,1,0.03825,0.04767,0.04619,0.03995
Time,s,1,0.03299,0.04116,0.04217,0.03422
Time,s,1,0.03084,0.03743,0.0387,0.03044
Time,s,1,0.02951,0.03478,0.03366,0.02954
Time,s,1,0.02905,0.03404,0.03374,0.03203
Time,s,1,0.03308,0.03368,0.03207,0.03762
Time,s,1,0.0299,0.0348,0.03222,0.03466
Time,s,1,0.02859,0.0352,0.03134,0.03007
Time,s,1,0.0281,0.03639,0.03099,0.02906
Time,s,1,0.02749,0.03485,0.03067,0.02763
Time,s,1,0.0294,0.03287,0.03096,0.03149
Time,s,1,0.02912,0.03279,0.0315,0.03578
Time,s,1,0.02771,0.03253,0.0323,0.03201
Time,s,1,0.02703,0.03199,0.03047,0.02864
Time,s,1,0.02623,0.032,0.03081,0.02917
Time,s,1,0.02646,0.03202,0.03109,0.0285
Time,s,1,0.02606,0.03198,0.03076,0.02808
Time,s,1,0.02843,0.03357,0.03134,0.02883
Time,s,1,0.0275,0.03159,0.03269,0.02912
Time,s,1,0.02725,0.03422,0.03353,0.03475
Time,s,1,0.02679,0.03955,0.03322,0.04135
Time,s,1,0.02611,0.03414,0.03167,0.03894
Time,s,1,0.02698,0.03248,0.03124,0.03894
Time,s,1,0.02636,0.03316,0.03051,0.0392
Time,s,1,0.0268,0.03323,0.03096,0.04061
Time,s,1,0.02744,0.03186,0.03046,0.04046
Time,s,1,0.02751,0.03178,0.03118,0.03603
Time,s,1,0.02675,0.03124,0.03119,0.03726
Time,s,1,0.02637,0.03155,0.03021,0.03302
Time,s,1,0.02687,0.03117,0.03147,0.03146
Time,s,1,0.02717,0.0321,0.03258,0.03038
Time,s,1,0.02683,0.03101,0.0334,0.02882
Time,s,1,0.02664,0.0306,0.03154,0.02767
Time,s,1,0.0266,0.03081,0.03071,0.02755
Time,s,1,0.02742,0.03045,0.03015,0.02893
Time,s,1,0.02632,0.03046,0.02997,0.04198
Time,s,1,0.02698,0.03068,0.03016,0.04515
Time,s,1,0.02611,0.03124,0.03064,0.04745
Time,s,1,0.0268,0.03076,0.03035,0.03939
Time,s,1,0.02753,0.03273,0.03225,0.03368
Time,s,1,0.02754,0.03444,0.03107,0.03036
Time,s,1,0.02614,0.03147,0.03067,0.02836
Time,s,1,0.02654,0.03065,0.03117,0.02824
Time,s,1,0.0269,0.03,0.03157,0.02768
Time,s,1,0.02664,0.03037,0.03083,0.02757
Time,s,1,0.02638,0.03015,0.02996,0.02774
Time,s,1,0.02619,0.03048,0.03166,0.02988
Time,s,1,0.02678,0.03079,0.03122,0.03102
Time,s,1,0.02695,0.03089,0.0308,0.02894
Time,s,1,0.02709,0.03042,0.03106,0.02808
Time,s,1,0.0283,0.03092,0.03135,0.02798
Time,s,1,0.02697,0.03091,0.03159,0.0278
Time,s,1,0.0319,0.03039,0.03131,0.02809
Time,s,1,0.0312,0.03102,0.03709,0.02892
Time,s,1,0.02725,0.03215,0.03342,0.02786
Time,s,1,0.02607,0.04286,0.03209,0.02764
Time,s,1,0.02816,0.03615,0.0315,0.02843
Time,s,1,0.02772,0.03386,0.03075,0.02803
Time,s,1,0.02707,0.03215,0.03004,0.02859
Time,s,1,0.02753,0.03262,0.03086,0.02793
Time,s,1,0.02771,0.03125,0.03021,0.02874
Time,s,1,0.0275,0.03091,0.03022,0.02811
Time,s,1,0.02729,0.03178,0.03058,0.02769
Time,s,1,0.02785,0.03085,0.03138,0.02888
Time,s,1,0.03228,0.03142,0.03097,0.0289
Time,s,1,0.02821,0.0313,0.03048,0.02836
Time,s,1,0.02685,0.03163,0.03157,0.02835
Time,s,1,0.02626,0.03099,0.03089,0.02808
Time,s,1,0.02691,0.03095,0.03025,0.02781
Time,s,1,0.02764,0.03177,0.03104,0.02728
Time,s,1,0.02855,0.03726,0.03451,0.02734
Time,s,1,0.02749,0.0384,0.03071,0.02814
Time,s,1,0.02619,0.03429,0.03031,0.02789
Time,s,1,0.02699,0.03294,0.03103,0.02792
Time,s,1,0.02728,0.03178,0.03106,0.02765
Time,s,1,0.02845,0.03228,0.02977,0.02786
Time,s,1,0.02824,0.03135,0.03093,0.02801
Time,s,1,0.02697,0.03036,0.03022,0.02794
Time,s,1,0.02609,0.03021,0.03042,0.02814
Time,s,1,0.02615,0.03081,0.03084,0.02744
Time,s,1,0.02677,0.03054,0.03134,0.02766
Time,s,1,0.02672,0.03045,0.0315,0.02882
Time,s,1,0.02647,0.0311,0.03036,0.02996
Time,s,1,0.02799,0.03191,0.03074,0.02852
Time,s,1,0.02757,0.03145,0.03041,0.02842
Time,s,1,0.02725,0.03072,0.03043,0.02798
Time,s,1,0.02668,0.03014,0.0295,0.02891
Time,s,1,0.02643,0.03257,0.03046,0.02858
Time,s,1,0.0277,0.03604,0.03022,0.02827
Time,s,1,0.02677,0.03665,0.03208,0.03154
Time,s,1,0.02655,0.03283,0.03094,0.03399
Time,s,1,0.02641,0.03197,0.03036,0.02884
Time,s,1,0.02669,0.03091,0.03011,0.02851
Time,s,1,0.02817,0.03157,0.03025,0.02746
Time,s,1,0.02795,0.03156,0.03086,0.02726
Time,s,1,0.02972,0.03155,0.03137,0.02813
Time,s,1,0.03011,0.03052,0.03074,0.02791
Time,s,1,0.02856,0.03151,0.03095,0.02821
Time,s,1,0.02893,0.0312,0.03061,0.02778
Time,s,1,0.02808,0.03075,0.03029,0.02848
Time,s,2,0.02923,0.03063,0.03167,0.02759
Time,s,2,0.028,0.03067,0.03117,0.02811
Time,s,2,0.0284,0.03213,0.032,0.02827
Time,s,2,0.02903,0.03219,0.03025,0.02819
Time,s,2,0.02879,0.03144,0.03154,0.02829
Time,s,2,0.02874,0.03126,0.0354,0.02829
Time,s,2,0.02844,0.03288,0.0317,0.02823
Time,s,2,0.02901,0.0311,0.03067,0.02749
Time,s,2,0.02996,0.03044,0.0314,0.02789
Time,s,2,0.02952,0.03237,0.03555,0.02752
Time,s,2,0.02871,0.0324,0.04065,0.02834
Time,s,2,0.02976,0.0307,0.03331,0.0294
Time,s,2,0.02906,0.03149,0.03142,0.02928
Time,s,2,0.02838,0.03068,0.03059,0.02855
Time,s,2,0.02814,0.02995,0.03057,0.02811
Time,s,2,0.02847,0.031,0.03116,0.02749
Time,s,2,0.02813,0.03079,0.03094,0.02696
Time,s,2,0.02871,0.0316,0.03067,0.02875
Time,s,2,0.02925,0.0319,0.0307,0.02967
Time,s,2,0.02859,0.03081,0.03048,0.0286
Time,s,2,0.02874,0.03222,0.02969,0.02799
Time,s,2,0.03176,0.03745,0.03152,0.02692
Time,s,2,0.03308,0.04209,0.03357,0.02724
Time,s,2,0.02937,0.04155,0.03278,0.02843
Time,s,2,0.02905,0.03678,0.03066,0.02808
Time,s,2,0.02856,0.03303,0.03065,0.028
Time,s,2,0.03113,0.03148,0.03141,0.02759
Time,s,2,0.03024,0.03107,0.03165,0.02749
Time,s,2,0.02925,0.03127,0.03097,0.02745
Time,s,2,0.02787,0.03014,0.03043,0.02717
Time,s,2,0.02811,0.03181,0.03048,0.02697
Time,s,2,0.02849,0.03147,0.03104,0.02783
Time,s,2,0.03074,0.03157,0.03092,0.02853
Time,s,2,0.03022,0.03353,0.03049,0.0273
Time,s,2,0.02978,0.03187,0.03007,0.02773
Time,s,2,0.02915,0.03099,0.03261,0.02771
Time,s,2,0.02917,0.03084,0.03378,0.02786
Time,s,2,0.02856,0.03073,0.03147,0.02725
Time,s,2,0.02789,0.03103,0.03035,0.0287
Time,s,2,0.02863,0.03347,0.03088,0.03174
Time,s,2,0.02809,0.03268,0.03056,0.03032
Time,s,2,0.02979,0.03156,0.03076,0.02822
Time,s,2,0.02841,0.03144,0.03078,0.02817
Time,s,2,0.02908,0.03159,0.03172,0.02779
Time,s,2,0.0283,0.0304,0.0306,0.0277
Time,s,2,0.03054,0.03096,0.03083,0.02695
Time,s,2,0.02967,0.03091,0.03143,0.02754
Time,s,2,0.02852,0.03098,0.03113,0.02982
Time,s,2,0.02802,0.03056,0.03004,0.03173
Time,s,2,0.02853,0.0321,0.03073,0.02825
Time,s,2,0.02851,0.03207,0.03127,0.029
Time,s,2,0.02803,0.03146,0.03129,0.0294
Time,s,2,0.02787,0.03101,0.03039,0.02916
Time,s,2,0.02971,0.03049,0.03037,0.02974
Time,s,2,0.02834,0.03127,0.03077,0.02865
Time,s,2,0.02879,0.03216,0.03001,0.02797
Time,s,2,0.02873,0.03229,0.03452,0.02767
Time,s,2,0.02826,0.03253,0.03671,0.02722
Time,s,2,0.02864,0.03203,0.0331,0.02713
Time,s,2,0.02877,0.03189,0.0322,0.02771
Time,s,2,0.02905,0.03346,0.03036,0.02755
Time,s,2,0.02798,0.03388,0.03045,0.02728
Time,s,2,0.02854,0.03115,0.03021,0.02773
Time,s,2,0.02971,0.03097,0.03021,0.02878
Time,s,2,0.02923,0.03203,0.03082,0.0285
Time,s,2,0.02909,0.03245,0.03494,0.02856
Time,s,2,0.02872,0.03062,0.04471,0.0278
Time,s,2,0.02898,0.03135,0.03564,0.02769
Time,s,2,0.02824,0.03131,0.03254,0.02634
Time,s,2,0.03021,0.03106,0.03117,0.02686
Time,s,2,0.02923,0.03162,0.03238,0.02821
Time,s,2,0.02845,0.03456,0.03105,0.02836
Time,s,2,0.02854,0.03515,0.03007,0.02842
Time,s,2,0.02918,0.03403,0.03227,0.02797
Time,s,2,0.02893,0.03271,0.03245,0.02769
Time,s,2,0.02779,0.03112,0.03095,0.02675
Time,s,2,0.03024,0.03065,0.03127,0.02837
Time,s,2,0.0337,0.03101,0.0317,0.029
Time,s,2,0.03133,0.03202,0.03037,0.02831
Time,s,2,0.02918,0.03159,0.03064,0.02796
Time,s,2,0.03005,0.0306,0.03385,0.02767
Time,s,2,0.02975,0.03058,0.0328,0.02811
Time,s,2,0.02977,0.0308,0.03194,0.02771
Time,s,2,0.03035,0.03099,0.03126,0.02736
Time,s,2,0.02907,0.03261,0.03259,0.02765
Time,s,2,0.02911,0.03164,0.03206,0.02751
Time,s,2,0.02932,0.03235,0.03108,0.02686
Time,s,2,0.03848,0.03098,0.02998,0.02755
Time,s,2,0.03476,0.0305,0.03103,0.02922
Time,s,2,0.03067,0.0316,0.03114,0.02862
Time,s,2,0.02921,0.03131,0.03442,0.02831
Time,s,2,0.02848,0.03216,0.03266,0.02837
Time,s,2,0.02922,0.03137,0.03116,0.02831
Time,s,2,0.02852,0.03612,0.03141,0.02831
Time,s,2,0.02888,0.03217,0.03015,0.02787
Time,s,2,0.02894,0.03122,0.0302,0.02826
Time,s,2,0.02874,0.03205,0.03085,0.02892
Time,s,2,0.02882,0.03156,0.0301,0.02794
Time,s,2,0.02815,0.0309,0.0304,0.02758
Time,s,2,0.02913,0.03156,0.03081,0.02695
Time,s,3,0.02958,0.031,0.02992,0.02669
Time,s,3,0.02898,0.03036,0.03116,0.02727
Time,s,3,0.02864,0.0307,0.03036,0.0282
Time,s,3,0.02853,0.03069,0.02982,0.02814
Time,s,3,0.02861,0.03224,0.03104,0.03096
Time,s,3,0.02794,0.03072,0.03187,0.03239
Time,s,3,0.03003,0.03075,0.03168,0.03087
Time,s,3,0.02926,0.03265,0.03295,0.02925
Time,s,3,0.02929,0.03224,0.03543,0.02782
Time,s,3,0.02818,0.03779,0.03145,0.02826
Time,s,3,0.02909,0.03202,0.03162,0.02803
Time,s,3,0.02798,0.03231,0.03119,0.02779
Time,s,3,0.02823,0.03203,0.03203,0.02879
Time,s,3,0.02965,0.03034,0.03013,0.02753
Time,s,3,0.02927,0.03028,0.02971,0.02866
Time,s,3,0.02878,0.03102,0.03069,0.03085
Time,s,3,0.02913,0.03128,0.03027,0.02882
Time,s,3,0.02926,0.02994,0.03059,0.02786
Time,s,3,0.02918,0.03331,0.03016,0.02737
Time,s,3,0.02889,0.03095,0.03041,0.02738
Time,s,3,0.02864,0.03029,0.03083,0.02751
Time,s,3,0.02904,0.03123,0.03087,0.02791
Time,s,3,0.0285,0.03368,0.03174,0.02816
Time,s,3,0.02857,0.03646,0.03116,0.02772
Time,s,3,0.0298,0.03263,0.03305,0.02856
Time,s,3,0.02831,0.03187,0.03326,0.02829
Time,s,3,0.02849,0.03164,0.03145,0.02776
Time,s,3,0.02853,0.03244,0.03092,0.02703
Time,s,3,0.02808,0.0318,0.03037,0.02774
Time,s,3,0.02822,0.03081,0.03007,0.02744
Time,s,3,0.02813,0.02996,0.03085,0.02828
Time,s,3,0.0306,0.03048,0.03077,0.02744
Time,s,3,0.03357,0.03117,0.02957,0.02782
Time,s,3,0.02984,0.03166,0.03047,0.0284
Time,s,3,0.02919,0.03024,0.03025,0.02744
Time,s,3,0.02789,0.03163,0.02998,0.02856
Time,s,3,0.02884,0.03113,0.03031,0.02766
Time,s,3,0.03086,0.03091,0.0306,0.02738
Time,s,3,0.03107,0.03019,0.02977,0.02801
Time,s,3,0.02911,0.03114,0.03043,0.02792
Time,s,3,0.02842,0.03147,0.0324,0.02791
Time,s,3,0.02894,0.03276,0.03178,0.02723
Time,s,3,0.0285,0.03213,0.03033,0.02867
Time,s,3,0.02965,0.03142,0.03038,0.02824
Time,s,3,0.02912,0.03185,0.03053,0.02792
Time,s,3,0.02838,0.03081,0.02956,0.02757
Time,s,3,0.02815,0.03177,0.03128,0.0275
Time,s,3,0.02823,0.03124,0.03193,0.02735
Time,s,3,0.03008,0.03131,0.03109,0.02837
Time,s,3,0.0291,0.03105,0.0302,0.02803
Time,s,3,0.0283,0.0306,0.03152,0.02802
Time,s,3,0.0283,0.03126,0.0307,0.02772
Time,s,3,0.02837,0.03283,0.0309,0.02906
Time,s,3,0.02869,0.03064,0.03049,0.03035
Time,s,3,0.02864,0.03123,0.03188,0.03127
Time,s,3,0.02848,0.03117,0.03148,0.02938
Time,s,3,0.02878,0.03096,0.03086,0.02815
Time,s,3,0.03565,0.03061,0.03035,0.02743
Time,s,3,0.0294,0.0314,0.03033,0.02764
Time,s,3,0.0286,0.03349,0.03087,0.02782
Time,s,3,0.02871,0.03375,0.03661,0.02804
Time,s,3,0.02865,0.03321,0.03441,0.02841
Time,s,3,0.0281,0.03331,0.03167,0.02826
Time,s,3,0.02914,0.03148,0.03034,0.03324
Time,s,3,0.02837,0.0303,0.03039,0.02821
Time,s,3,0.0287,0.03086,0.03072,0.02779
Time,s,3,0.02812,0.0307,0.03037,0.02726
Time,s,3,0.02878,0.0314,0.0306,0.02735
Time,s,3,0.02852,0.03139,0.03104,0.02885
Time,s,3,0.0282,0.03117,0.0303,0.02837
Time,s,3,0.02923,0.03075,0.03047,0.02763
Time,s,3,0.0285,0.03021,0.03077,0.02766
Time,s,3,0.02942,0.03058,0.0299,0.02745
Time,s,3,0.02904,0.03318,0.03007,0.02685
Time,s,3,0.02928,0.03763,0.03091,0.02688
Time,s,3,0.0302,0.03341,0.03199,0.02697
Time,s,3,0.02902,0.0321,0.03045,0.02917
Time,s,3,0.02879,0.03132,0.03223,0.02727
Time,s,3,0.02864,0.03172,0.03193,0.02787
Time,s,3,0.02977,0.03107,0.03071,0.02833
Time,s,3,0.0303,0.03089,0.02964,0.02769
Time,s,3,0.02827,0.03222,0.03127,0.02792
Time,s,3,0.03023,0.03216,0.03098,0.02709
Time,s,3,0.03003,0.03162,0.03041,0.02771
Time,s,3,0.02923,0.03102,0.02978,0.02698
Time,s,3,0.02848,0.03198,0.03087,0.02808
Time,s,3,0.02942,0.03173,0.03228,0.02745
Time,s,3,0.03266,0.0306,0.03216,0.02783
Time,s,3,0.03011,0.03106,0.031,0.02759
Time,s,3,0.02877,0.03076,0.03038,0.02873
Time,s,3,0.02861,0.03109,0.03241,0.02735
Time,s,3,0.0298,0.03281,0.03111,0.02832
Time,s,3,0.03364,0.03155,0.03064,0.02934
Time,s,3,0.03996,0.03152,0.03096,0.03876
Time,s,3,0.03461,0.03264,0.03007,0.03559
Time,s,3,0.03104,0.03315,0.03275,0.03182
Time,s,3,0.02956,0.03204,0.03187,0.02954
Time,s,3,0.02932,0.03192,0.03135,0.02806
Time,s,3,0.02899,0.03123,0.03019,0.02799
Time,s,3,0.02888,0.03144,0.03028,0.02775
Time,s,4,0.0297,0.03076,0.03045,0.02736
Time,s,4,0.02853,0.03112,0.0301,0.02714
Time,s,4,0.0303,0.03105,0.03029,0.02733
Time,s,4,0.02874,0.03195,0.03081,0.02748
Time,s,4,0.02954,0.03123,0.03036,0.02785
Time,s,4,0.02856,0.03093,0.03011,0.02755
Time,s,4,0.03048,0.03144,0.03131,0.02897
Time,s,4,0.02929,0.03081,0.03057,0.0286
Time,s,4,0.02927,0.03263,0.02999,0.02729
Time,s,4,0.02899,0.03286,0.03045,0.02771
Time,s,4,0.02921,0.03161,0.03159,0.03819
Time,s,4,0.0296,0.03207,0.03089,0.03442
Time,s,4,0.02929,0.03148,0.03062,0.0306
Time,s,4,0.02895,0.03445,0.03384,0.02757
Time,s,4,0.02897,0.04416,0.03477,0.02842
Time,s,4,0.03084,0.03864,0.03103,0.02745
Time,s,4,0.03191,0.03917,0.03113,0.02766
Time,s,4,0.03011,0.04292,0.03103,0.02867
Time,s,4,0.02883,0.03784,0.03125,0.02908
Time,s,4,0.02913,0.03298,0.03165,0.03084
Time,s,4,0.0286,0.03137,0.03108,0.03096
Time,s,4,0.02925,0.03297,0.03105,0.0291
Time,s,4,0.0301,0.03214,0.03062,0.02739
Time,s,4,0.02846,0.03451,0.03044,0.02797
Time,s,4,0.02909,0.03536,0.03073,0.02725
Time,s,4,0.02878,0.03218,0.03236,0.02818
Time,s,4,0.02902,0.03137,0.03112,0.02777
Time,s,4,0.02883,0.03294,0.03029,0.02778
Time,s,4,0.03034,0.03354,0.03027,0.0276
Time,s,4,0.02955,0.03253,0.03065,0.02976
Time,s,4,0.02876,0.03154,0.03497,0.03155
Time,s,4,0.02959,0.03018,0.03179,0.0289
Time,s,4,0.02835,0.03084,0.03099,0.02803
Time,s,4,0.02844,0.03148,0.03018,0.02807
Time,s,4,0.02897,0.03117,0.03064,0.02759
Time,s,4,0.02831,0.03065,0.03018,0.02779
Time,s,4,0.02874,0.03067,0.03004,0.02741
Time,s,4,0.029,0.03152,0.03039,0.02749
Time,s,4,0.02953,0.03028,0.03176,0.02761
Time,s,4,0.02862,0.03006,0.03105,0.02713
Time,s,4,0.0284,0.03111,0.03028,0.02778
Time,s,4,0.02913,0.03262,0.03023,0.02747
Time,s,4,0.03312,0.03198,0.03056,0.02671
Time,s,4,0.03377,0.03098,0.03081,0.02773
Time,s,4,0.03014,0.03063,0.03097,0.0285
Time,s,4,0.02979,0.03058,0.03268,0.02776
Time,s,4,0.0293,0.03105,0.03151,0.0273
Time,s,4,0.02977,0.03135,0.03047,0.02691
Time,s,4,0.03124,0.0314,0.03024,0.02735
Time,s,4,0.03078,0.03176,0.03035,0.02787
Time,s,4,0.02991,0.03227,0.03081,0.02744
Time,s,4,0.02951,0.03125,0.03279,0.02738
Time,s,4,0.02982,0.03311,0.03116,0.02748
Time,s,4,0.02932,0.03261,0.03033,0.0281
Time,s,4,0.02833,0.03121,0.0303,0.02735
Time,s,4,0.0294,0.03033,0.03042,0.02736
Time,s,4,0.02872,0.03074,0.03048,0.02738
Time,s,4,0.02943,0.03056,0.03031,0.02855
Time,s,4,0.02897,0.03095,0.03012,0.02704
Time,s,4,0.02903,0.03095,0.03012,0.0286
Time,s,4,0.0286,0.03066,0.03041,0.02823
Time,s,4,0.02943,0.03148,0.03135,0.02784
Time,s,4,0.02881,0.03166,0.03218,0.02805
Time,s,4,0.02952,0.03319,0.03256,0.02691
Time,s,4,0.02915,0.03383,0.03312,0.02855
Time,s,4,0.02923,0.03179,0.03726,0.02993
Time,s,4,0.02869,0.04139,0.03272,0.02907
Time,s,4,0.02836,0.03098,0.03089,0.02849
Time,s,4,0.02948,0.03054,0.03069,0.03076
Time,s,4,0.02863,0.03224,0.03045,0.03073
Time,s,4,0.02922,0.03273,0.03052,0.02821
Time,s,4,0.02914,0.03082,0.03024,0.02756
Time,s,4,0.02853,0.03046,0.0301,0.02681
Time,s,4,0.02889,0.03088,0.03021,0.02731
Time,s,4,0.0288,0.03418,0.03073,0.02772
Time,s,4,0.02902,0.03967,0.03007,0.02716
Time,s,4,0.02848,0.0334,0.03016,0.02984
Time,s,4,0.02897,0.03205,0.03045,0.0303
Time,s,4,0.02835,0.03101,0.02983,0.03018
Time,s,4,0.02914,0.03216,0.03069,0.02865
Time,s,4,0.02939,0.03123,0.03192,0.02742
Time,s,4,0.03025,0.03082,0.03061,0.02787
Time,s,4,0.02931,0.03211,0.03295,0.02898
Time,s,4,0.03017,0.03197,0.03467,0.02774
Time,s,4,0.03096,0.0331,0.03156,0.02764
Time,s,4,0.03056,0.03255,0.03218,0.0285
Time,s,4,0.02928,0.03225,0.04206,0.02727
Time,s,4,0.0293,0.03222,0.03574,0.02706
Time,s,4,0.02987,0.03166,0.0317,0.02832
Time,s,4,0.0303,0.03046,0.03134,0.02753
Time,s,4,0.02889,0.03069,0.03082,0.02743
Time,s,4,0.02856,0.03146,0.03045,0.02789
Time,s,4,0.0292,0.03157,0.03099,0.02719
Time,s,4,0.02902,0.03139,0.03011,0.02696
Time,s,4,0.02964,0.03089,0.03309,0.0278
Time,s,4,0.02905,0.0324,0.03308,0.02764
Time,s,4,0.0291,0.03131,0.03135,0.02739
Time,s,4,0.03268,0.03263,0.03091,0.02754
Time,s,4,0.03327,0.03117,0.03227,0.02787
Time,s,4,0.0293,0.03082,0.03136,0.02808
Time,s,5,0.03028,0.03081,0.03147,0.02886
Time,s,5,0.03135,0.03123,0.03126,0.02912
Time,s,5,0.03297,0.03016,0.03102,0.0288
Time,s,5,0.03157,0.03126,0.03169,0.02858
Time,s,5,0.02994,0.03081,0.03025,0.02769
Time,s,5,0.02986,0.03144,0.03103,0.0274
Time,s,5,0.02905,0.03203,0.0306,0.02708
Time,s,5,0.0294,0.03353,0.03117,0.02926
Time,s,5,0.02902,0.03103,0.03081,0.02909
Time,s,5,0.02965,0.03439,0.03049,0.02811
Time,s,5,0.0299,0.03191,0.03119,0.0285
Time,s,5,0.03121,0.03154,0.03028,0.02732
Time,s,5,0.03057,0.03052,0.03093,0.02799
Time,s,5,0.02845,0.03121,0.03068,0.02771
Time,s,5,0.02921,0.03255,0.03123,0.02683
Time,s,5,0.02867,0.03504,0.03274,0.0269
Time,s,5,0.02966,0.03297,0.03282,0.02767
Time,s,5,0.03155,0.03216,0.03628,0.02712
Time,s,5,0.03041,0.03031,0.03163,0.02717
Time,s,5,0.03069,0.03101,0.03102,0.02743
Time,s,5,0.02865,0.03185,0.0311,0.0276
Time,s,5,0.03096,0.03127,0.03086,0.02818
Time,s,5,0.02919,0.03103,0.03114,0.02806
Time,s,5,0.02931,0.03073,0.02985,0.02729
Time,s,5,0.0314,0.03136,0.03096,0.02744
Time,s,5,0.02972,0.03299,0.03255,0.02859
Time,s,5,0.03707,0.03804,0.03129,0.02773
Time,s,5,0.02907,0.03266,0.03099,0.02732
Time,s,5,0.02928,0.03248,0.03055,0.02711
Time,s,5,0.02952,0.03284,0.03012,0.02745
Time,s,5,0.02897,0.03238,0.03043,0.0276
Time,s,5,0.02907,0.03176,0.03062,0.02806
Time,s,5,0.02868,0.03096,0.03178,0.02762
Time,s,5,0.02842,0.03062,0.03147,0.02728
Time,s,5,0.02924,0.03124,0.03495,0.02747
Time,s,5,0.02885,0.03064,0.032,0.02919
Time,s,5,0.02933,0.03011,0.03116,0.03364
Time,s,5,0.02987,0.03077,0.03024,0.0293
Time,s,5,0.02965,0.03043,0.03025,0.02858
Time,s,5,0.02899,0.03058,0.03087,0.02722
Time,s,5,0.02888,0.03063,0.0299,0.02675
Time,s,5,0.02845,0.0309,0.03094,0.02746
Time,s,5,0.02935,0.03078,0.03067,0.02756
Time,s,5,0.02902,0.03225,0.03015,0.02734
Time,s,5,0.02961,0.03227,0.03026,0.0287
Time,s,5,0.02912,0.0312,0.03084,0.02956
Time,s,5,0.02903,0.03184,0.03117,0.02926
Time,s,5,0.02853,0.03173,0.03155,0.02986
Time,s,5,0.0285,0.03105,0.03031,0.02806
Time,s,5,0.02908,0.0308,0.03166,0.02777
Time,s,5,0.0287,0.03132,0.03149,0.02828
Time,s,5,0.03278,0.03217,0.03051,0.02731
Time,s,5,0.03434,0.03033,0.03005,0.02752
Time,s,5,0.03074,0.03026,0.0306,0.02733
Time,s,5,0.0301,0.03167,0.03018,0.02714
Time,s,5,0.02876,0.0306,0.03126,0.02857
Time,s,5,0.02992,0.03057,0.03122,0.02799
Time,s,5,0.0307,0.03137,0.03042,0.02749
Time,s,5,0.0299,0.03105,0.03131,0.02759
Time,s,5,0.02958,0.03021,0.03025,0.02787
Time,s,5,0.03071,0.03078,0.03064,0.02836
Time,s,5,0.03074,0.03138,0.03073,0.02806
Time,s,5,0.03024,0.03074,0.03075,0.02988
Time,s,5,0.0288,0.03118,0.03016,0.02932
Time,s,5,0.02907,0.03051,0.03088,0.02772
Time,s,5,0.02921,0.03206,0.03005,0.028
Time,s,5,0.029,0.03412,0.0308,0.02876
Time,s,5,0.02871,0.03235,0.03057,0.02806
Time,s,5,0.0285,0.03231,0.03387,0.02708
Time,s,5,0.02962,0.03142,0.03702,0.02876
Time,s,5,0.02865,0.03109,0.03216,0.02794
Time,s,5,0.03266,0.03093,0.0303,0.0277
Time,s,5,0.03805,0.03101,0.03073,0.02948
Time,s,5,0.03372,0.03076,0.03041,0.02875
Time,s,5,0.03019,0.03081,0.02977,0.02793
Time,s,5,0.03006,0.03119,0.03109,0.0282
Time,s,5,0.02932,0.03123,0.03091,0.02846
Time,s,5,0.02858,0.03342,0.03029,0.02773
Time,s,5,0.02915,0.04082,0.03095,0.02822
Time,s,5,0.02909,0.03593,0.03192,0.02716
Time,s,5,0.0299,0.0327,0.03163,0.02838
Time,s,5,0.02884,0.03138,0.03079,0.02755
Time,s,5,0.03012,0.03094,0.03004,0.02782
Time,s,5,0.0297,0.03192,0.03016,0.02998
Time,s,5,0.03033,0.03109,0.03196,0.03088
Time,s,5,0.02989,0.0315,0.03085,0.0295
Time,s,5,0.0283,0.03121,0.03352,0.02913
Time,s,5,0.02904,0.03066,0.03119,0.02792
Time,s,5,0.02888,0.03247,0.03076,0.02817
Time,s,5,0.03144,0.03126,0.03081,0.0277
Time,s,5,0.02948,0.0306,0.0316,0.02771
Time,s,5,0.02902,0.03054,0.03071,0.02786
Time,s,5,0.02863,0.03066,0.02997,0.02859
Time,s,5,0.02967,0.03055,0.03026,0.03234
Time,s,5,0.02911,0.03103,0.03067,0.02991
Time,s,5,0.03019,0.03164,0.03027,0.02811
Time,s,5,0.03017,0.03426,0.03124,0.02793
Time,s,5,0.02965,0.034,0.03074,0.02833
Time,s,5,0.02922,0.03254,0.03039,0.0293
Time,s,5,0.02859,0.0342,0.03048,0.02858
Time,s,6,0.02888,0.03395,0.03076,0.02772
Time,s,6,0.02973,0.03394,0.02992,0.02761
Time,s,6,0.02834,0.03305,0.03185,0.02767
Time,s,6,0.02876,0.03372,0.03165,0.02822
Time,s,6,0.02933,0.03251,0.031,0.02737
Time,s,6,0.03136,0.03279,0.03233,0.02874
Time,s,6,0.03507,0.03319,0.03189,0.02857
Time,s,6,0.03081,0.03297,0.03066,0.02876
Time,s,6,0.02986,0.03253,0.03038,0.02785
Time,s,6,0.02839,0.03426,0.03933,0.02825
Time,s,6,0.02873,0.03464,0.04166,0.028
Time,s,6,0.02991,0.03473,0.04555,0.02775
Time,s,6,0.03031,0.03365,0.03706,0.02868
Time,s,6,0.02951,0.03267,0.03326,0.0281
Time,s,6,0.02966,0.03302,0.03144,0.02859
Time,s,6,0.02863,0.03231,0.03069,0.0281
Time,s,6,0.02968,0.03438,0.02991,0.02767
Time,s,6,0.02902,0.03404,0.03063,0.02772
Time,s,6,0.03117,0.03376,0.03258,0.02792
Time,s,6,0.0299,0.03393,0.03416,0.0278
Time,s,6,0.02927,0.03378,0.03693,0.02749
Time,s,6,0.02875,0.03367,0.03198,0.02796
Time,s,6,0.0291,0.04047,0.03168,0.02984
Time,s,6,0.02847,0.03308,0.03028,0.02855
Time,s,6,0.02892,0.03341,0.03054,0.02832
Time,s,6,0.03003,0.03319,0.0312,0.02901
Time,s,6,0.02934,0.03351,0.0314,0.029
Time,s,6,0.02855,0.03549,0.03056,0.02785
Time,s,6,0.0295,0.03897,0.03044,0.02853
Time,s,6,0.02903,0.03467,0.03035,0.02769
Time,s,6,0.02934,0.03282,0.03013,0.02761
Time,s,6,0.03001,0.03448,0.03,0.02805
Time,s,6,0.03002,0.03409,0.03016,0.02825
Time,s,6,0.02988,0.03349,0.03065,0.02821
Time,s,6,0.02919,0.03421,0.03029,0.0283
Time,s,6,0.02991,0.03382,0.03133,0.02757
Time,s,6,0.02969,0.03307,0.03287,0.02771
Time,s,6,0.02944,0.03286,0.03321,0.02886
Time,s,6,0.02924,0.03336,0.03065,0.02822
Time,s,6,0.02904,0.03451,0.03058,0.02911
Time,s,6,0.02907,0.03333,0.0312,0.02889
Time,s,6,0.02964,0.0333,0.03148,0.03063
Time,s,6,0.02846,0.03321,0.03283,0.02945
Time,s,6,0.02919,0.0347,0.03148,0.02939
Time,s,6,0.0286,0.03347,0.03931,0.02839
Time,s,6,0.02932,0.03305,0.03112,0.02753
Time,s,6,0.029,0.03266,0.03011,0.02753
Time,s,6,0.02945,0.0324,0.03055,0.02763
Time,s,6,0.02882,0.03276,0.03078,0.0282
Time,s,6,0.02863,0.03293,0.02992,0.02774
Time,s,6,0.0287,0.03347,0.0304,0.02844
Time,s,6,0.02942,0.03435,0.03,0.03379
Time,s,6,0.0305,0.03527,0.03116,0.03055
Time,s,6,0.0292,0.03389,0.03131,0.02846
Time,s,6,0.03014,0.03272,0.03103,0.0283
Time,s,6,0.02889,0.03267,0.03083,0.02756
Time,s,6,0.02963,0.03239,0.03004,0.02737
Time,s,6,0.02872,0.03302,0.03081,0.0277
Time,s,6,0.02854,0.03355,0.03153,0.0282
Time,s,6,0.02868,0.03364,0.03069,0.02844
Time,s,6,0.03029,0.03291,0.03023,0.02847
Time,s,6,0.03531,0.03268,0.03068,0.02887
Time,s,6,0.03106,0.03264,0.03049,0.02917
Time,s,6,0.02983,0.03256,0.03002,0.02895
Time,s,6,0.02871,0.03644,0.03035,0.02852
Time,s,6,0.02949,0.03551,0.03004,0.02849
Time,s,6,0.03028,0.0338,0.02945,0.02755
Time,s,6,0.03158,0.0328,0.02973,0.02782
Time,s,6,0.03112,0.03386,0.0302,0.0282
Time,s,6,0.03164,0.03524,0.0305,0.02815
Time,s,6,0.03044,0.03367,0.03057,0.02834
Time,s,6,0.0299,0.03273,0.03482,0.02755
Time,s,6,0.02986,0.03303,0.03808,0.02794
Time,s,6,0.0303,0.03397,0.03321,0.02792
Time,s,6,0.03043,0.03319,0.03182,0.02745
Time,s,6,0.02992,0.03602,0.03173,0.02882
Time,s,6,0.03002,0.03892,0.03014,0.02936
Time,s,6,0.02943,0.03476,0.03049,0.02774
Time,s,6,0.02957,0.03321,0.03106,0.02836
Time,s,6,0.02925,0.03306,0.03116,0.02823
Time,s,6,0.02968,0.03348,0.03034,0.02731
Time,s,6,0.03006,0.0402,0.02956,0.02844
Time,s,6,0.02938,0.03639,0.02962,0.03088
Time,s,6,0.02926,0.03492,0.02974,0.02741
Time,s,6,0.02933,0.03519,0.02973,0.02852
Time,s,6,0.03107,0.03339,0.02996,0.02773
Time,s,6,0.03032,0.03381,0.03027,0.02799
Time,s,6,0.02985,0.03309,0.03048,0.02861
Time,s,6,0.02999,0.03268,0.03096,0.02751
Time,s,6,0.02961,0.03283,0.03281,0.0281
Time,s,6,0.02939,0.03352,0.03159,0.02828
Time,s,6,0.02979,0.03346,0.03015,0.02858
Time,s,6,0.0297,0.0324,0.03014,0.02752
Time,s,6,0.02969,0.03294,0.03019,0.02808
Time,s,6,0.03784,0.0331,0.03089,0.02751
Time,s,6,0.02995,0.03286,0.03007,0.02729
Time,s,6,0.02958,0.03537,0.03075,0.02782
Time,s,6,0.02985,0.03379,0.03099,0.02723
Time,s,6,0.02983,0.03544,0.03021,0.02781
Time,s,6,0.02987,0.03368,0.03122,0.0315
Time,s,7,0.03053,0.03366,0.0305,0.02985
Time,s,7,0.03052,0.03309,0.03033,0.03178
Time,s,7,0.02972,0.03255,0.02985,0.03046
Time,s,7,0.02912,0.03286,0.02992,0.02739
Time,s,7,0.02978,0.03352,0.03023,0.02796
Time,s,7,0.03147,0.03268,0.03153,0.02803
Time,s,7,0.03076,0.03379,0.03287,0.02785
Time,s,7,0.03015,0.03504,0.03214,0.02735
Time,s,7,0.02964,0.03271,0.03079,0.02882
Time,s,7,0.03031,0.03266,0.03182,0.03295
Time,s,7,0.02984,0.03261,0.03097,0.03035
Time,s,7,0.02916,0.03264,0.03063,0.03265
Time,s,7,0.02911,0.03347,0.03136,0.03406
Time,s,7,0.02923,0.03433,0.03113,0.03152
Time,s,7,0.02979,0.03295,0.03053,0.02933
Time,s,7,0.03045,0.03275,0.0303,0.02826
Time,s,7,0.03471,0.03458,0.02998,0.0283
Time,s,7,0.03058,0.03476,0.02997,0.02768
Time,s,7,0.03064,0.03328,0.02991,0.02829
Time,s,7,0.0306,0.03296,0.03009,0.02836
Time,s,7,0.0307,0.0334,0.03028,0.02781
Time,s,7,0.03028,0.03277,0.03024,0.02774
Time,s,7,0.03112,0.03425,0.03035,0.02804
Time,s,7,0.03005,0.03401,0.03116,0.02748
Time,s,7,0.02936,0.03767,0.03189,0.02771
Time,s,7,0.03088,0.03571,0.03742,0.02785
Time,s,7,0.03,0.03381,0.03215,0.02696
Time,s,7,0.02949,0.03342,0.03068,0.02725
Time,s,7,0.02959,0.0351,0.03181,0.02882
Time,s,7,0.03022,0.03355,0.03166,0.0283
Time,s,7,0.0298,0.033,0.03101,0.02891
Time,s,7,0.03031,0.0333,0.03099,0.02799
Time,s,7,0.02929,0.03247,0.03043,0.02734
Time,s,7,0.02915,0.03297,0.03028,0.02739
Time,s,7,0.03021,0.03303,0.03015,0.0277
Time,s,7,0.02963,0.03244,0.03065,0.02802
Time,s,7,0.03034,0.03248,0.03083,0.02811
Time,s,7,0.02969,0.03319,0.03058,0.03002
Time,s,7,0.03015,0.03444,0.0314,0.02883
Time,s,7,0.0296,0.03454,0.03273,0.02773
Time,s,7,0.03079,0.03254,0.03293,0.02883
Time,s,7,0.02947,0.03194,0.03298,0.02802
Time,s,7,0.03225,0.03312,0.03159,0.02875
Time,s,7,0.03147,0.03281,0.031,0.02852
Time,s,7,0.03018,0.03237,0.02985,0.02759
Time,s,7,0.0295,0.03338,0.03026,0.02851
Time,s,7,0.02975,0.0329,0.03068,0.02788
Time,s,7,0.03058,0.03222,0.03116,0.02822
Time,s,7,0.02954,0.04683,0.03032,0.02898
Time,s,7,0.03037,0.04107,0.03036,0.02834
Time,s,7,0.02963,0.03662,0.03047,0.0287
Time,s,7,0.02986,0.03401,0.03007,0.02879
Time,s,7,0.03106,0.03291,0.03087,0.02843
Time,s,7,0.03035,0.03236,0.03084,0.02847
Time,s,7,0.03026,0.03242,0.0432,0.02722
Time,s,7,0.03015,0.03261,0.03793,0.02901
Time,s,7,0.04153,0.03247,0.03325,0.03099
Time,s,7,0.03823,0.03548,0.03171,0.02885
Time,s,7,0.03448,0.03381,0.03183,0.02827
Time,s,7,0.03196,0.03278,0.03222,0.02807
Time,s,7,0.03012,0.03538,0.03224,0.02751
Time,s,7,0.03036,0.03485,0.03176,0.02832
Time,s,7,0.0307,0.03337,0.03117,0.02807
Time,s,7,0.03,0.03293,0.0328,0.02744
Time,s,7,0.02982,0.03251,0.03228,0.02876
Time,s,7,0.02996,0.033,0.03219,0.02785
Time,s,7,0.0301,0.03297,0.03189,0.03023
Time,s,7,0.03037,0.03281,0.03078,0.03203
Time,s,7,0.03009,0.03256,0.03152,0.02927
Time,s,7,0.02992,0.03255,0.03135,0.02868
Time,s,7,0.03391,0.03348,0.03295,0.02747
Time,s,7,0.03302,0.03517,0.03137,0.02773
Time,s,7,0.0314,0.03784,0.0311,0.02836
Time,s,7,0.03061,0.0353,0.03103,0.02816
Time,s,7,0.03141,0.03385,0.03302,0.0273
Time,s,7,0.03113,0.03255,0.0323,0.02932
Time,s,7,0.03117,0.032,0.0364,0.0392
Time,s,7,0.03237,0.03198,0.0344,0.03704
Time,s,7,0.03177,0.03205,0.03218,0.03276
Time,s,7,0.03049,0.03246,0.03162,0.02907
Time,s,7,0.02939,0.03391,0.03127,0.02841
Time,s,7,0.03011,0.03284,0.03282,0.02782
Time,s,7,0.02927,0.03269,0.03202,0.02897
Time,s,7,0.03087,0.03243,0.03113,0.02919
Time,s,7,0.03172,0.0322,0.03179,0.02782
Time,s,7,0.02987,0.03248,0.03158,0.02813
Time,s,7,0.02958,0.03192,0.03115,0.02844
Time,s,7,0.02941,0.03358,0.03182,0.02745
Time,s,7,0.02985,0.03385,0.03074,0.02868
Time,s,7,0.02975,0.03245,0.03124,0.02738
Time,s,7,0.02922,0.03336,0.03161,0.02819
Time,s,7,0.03047,0.03293,0.0307,0.02824
Time,s,7,0.03102,0.03311,0.03203,0.02863
Time,s,7,0.03014,0.03431,0.03337,0.02868
Time,s,7,0.02928,0.03393,0.03284,0.02773
Time,s,7,0.02962,0.03348,0.03166,0.02738
Time,s,7,0.02985,0.03254,0.03022,0.02694
Time,s,7,0.02948,0.0327,0.03186,0.0279
Time,s,7,0.03043,0.03217,0.03264,0.02839
Time,s,7,0.03052,0.03272,0.03212,0.02797
Time,s,8,0.02981,0.03293,0.03118,0.0278
Time,s,8,0.02948,0.03424,0.03289,0.02755
Time,s,8,0.02981,0.03358,0.0313,0.02837
Time,s,8,0.0296,0.03475,0.04156,0.02831
Time,s,8,0.02984,0.0338,0.03159,0.02783
Time,s,8,0.02978,0.03254,0.03098,0.02702
Time,s,8,0.02969,0.03265,0.03077,0.02743
Time,s,8,0.02954,0.03257,0.03149,0.02878
Time,s,8,0.03037,0.03349,0.03321,0.02836
Time,s,8,0.03037,0.03516,0.03136,0.02784
Time,s,8,0.02969,0.03305,0.03078,0.0282
Time,s,8,0.02961,0.03292,0.03081,0.02782
Time,s,8,0.02988,0.03428,0.03043,0.02757
Time,s,8,0.02936,0.03288,0.03065,0.03076
Time,s,8,0.03045,0.0335,0.03133,0.03158
Time,s,8,0.0316,0.03308,0.03413,0.02949
Time,s,8,0.03034,0.03307,0.0337,0.02774
Time,s,8,0.03205,0.03379,0.0316,0.02937
Time,s,8,0.03096,0.03428,0.031,0.02974
Time,s,8,0.02986,0.03308,0.03102,0.02836
Time,s,8,0.02952,0.03696,0.03111,0.02798
Time,s,8,0.03019,0.03691,0.03218,0.02733
Time,s,8,0.02956,0.03331,0.03194,0.02776
Time,s,8,0.02984,0.03273,0.03128,0.02949
Time,s,8,0.03018,0.03161,0.03116,0.03381
Time,s,8,0.0349,0.03355,0.03066,0.02962
Time,s,8,0.03141,0.03393,0.03102,0.02798
Time,s,8,0.03022,0.03362,0.03265,0.02843
Time,s,8,0.03075,0.03309,0.0354,0.02843
Time,s,8,0.03194,0.03254,0.03565,0.02868
Time,s,8,0.0319,0.03268,0.03228,0.02835
Time,s,8,0.02928,0.03245,0.03134,0.02844
Time,s,8,0.02987,0.03259,0.03389,0.02822
Time,s,8,0.02922,0.0328,0.03257,0.02861
Time,s,8,0.02988,0.03413,0.03241,0.02831
Time,s,8,0.02873,0.03457,0.03199,0.02832
Time,s,8,0.02988,0.03308,0.03094,0.02833
Time,s,8,0.02973,0.03295,0.03141,0.02829
Time,s,8,0.03006,0.03326,0.03111,0.0278
Time,s,8,0.02973,0.03247,0.03085,0.02855
Time,s,8,0.02923,0.03206,0.03171,0.02877
Time,s,8,0.02965,0.0324,0.03095,0.02774
Time,s,8,0.02909,0.03235,0.03101,0.02818
Time,s,8,0.02998,0.03285,0.03284,0.02882
Time,s,8,0.02942,0.03367,0.03257,0.02824
Time,s,8,0.03019,0.03247,0.03299,0.02885
Time,s,8,0.03037,0.03302,0.03228,0.02904
Time,s,8,0.0301,0.03373,0.03149,0.02872
Time,s,8,0.02952,0.0345,0.03148,0.02828
Time,s,8,0.0296,0.03348,0.03094,0.02798
Time,s,8,0.03061,0.0326,0.0316,0.02862
Time,s,8,0.03303,0.03304,0.03123,0.03009
Time,s,8,0.03025,0.0327,0.03163,0.02975
Time,s,8,0.02964,0.0329,0.03195,0.03036
Time,s,8,0.02969,0.03275,0.03142,0.02848
Time,s,8,0.03176,0.03249,0.03171,0.02826
Time,s,8,0.03426,0.03388,0.03109,0.02968
Time,s,8,0.03002,0.03398,0.03188,0.02889
Time,s,8,0.03991,0.03375,0.03169,0.0282
Time,s,8,0.02986,0.03409,0.03139,0.02906
Time,s,8,0.02958,0.03305,0.03115,0.02931
Time,s,8,0.02916,0.03299,0.03129,0.03096
Time,s,8,0.03018,0.03286,0.03162,0.02897
Time,s,8,0.03831,0.03258,0.03056,0.02849
Time,s,8,0.03709,0.03243,0.03331,0.03131
Time,s,8,0.03222,0.03269,0.03269,0.02866
Time,s,8,0.02974,0.0336,0.03093,0.02794
Time,s,8,0.02995,0.03448,0.03146,0.02812
Time,s,8,0.02991,0.03503,0.03181,0.02883
Time,s,8,0.0304,0.04009,0.03159,0.02831
Time,s,8,0.02991,0.03516,0.03189,0.02906
Time,s,8,0.02996,0.03304,0.03225,0.0296
Time,s,8,0.02996,0.03265,0.03186,0.0294
Time,s,8,0.03043,0.03278,0.03246,0.02791
Time,s,8,0.02932,0.03284,0.03143,0.02805
Time,s,8,0.02981,0.03214,0.03072,0.02822
Time,s,8,0.02998,0.03347,0.03211,0.02867
Time,s,8,0.02896,0.03379,0.03293,0.03653
Time,s,8,0.02895,0.03326,0.03319,0.03489
Time,s,8,0.03337,0.03192,0.03254,0.03105
Time,s,8,0.03027,0.03346,0.03613,0.02971
Time,s,8,0.02919,0.03307,0.03436,0.03352
Time,s,8,0.03026,0.03199,0.03124,0.02892
Time,s,8,0.03099,0.03185,0.03211,0.02857
Time,s,8,0.02894,0.03222,0.03134,0.02824
Time,s,8,0.02884,0.03214,0.03084,0.02818
Time,s,8,0.03072,0.03197,0.0315,0.02894
Time,s,8,0.03012,0.0316,0.03166,0.02904
Time,s,8,0.02934,0.0324,0.03285,0.02887
Time,s,8,0.02843,0.03216,0.03126,0.02972
Time,s,8,0.02822,0.03301,0.03074,0.02868
Time,s,8,0.02877,0.03421,0.03129,0.0285
Time,s,8,0.02877,0.03305,0.03107,0.02831
Time,s,8,0.02887,0.03276,0.03161,0.02836
Time,s,8,0.02857,0.03294,0.03164,0.02925
Time,s,8,0.02947,0.03247,0.03229,0.02852
Time,s,8,0.02868,0.03284,0.03161,0.02872
Time,s,8,0.0297,0.03315,0.03406,0.02794
Time,s,8,0.02918,0.03326,0.03261,0.02884
Time,s,8,0.02879,0.03446,0.03064,0.02781
Time,s,9,0.02828,0.03497,0.03072,0.02818
Time,s,9,0.02852,0.03295,0.03128,0.02804
Time,s,9,0.02795,0.0333,0.03132,0.02843
Time,s,9,0.02845,0.03211,0.03147,0.02865
Time,s,9,0.02876,0.03261,0.03091,0.02834
Time,s,9,0.02884,0.03504,0.03259,0.02794
Time,s,9,0.02881,0.03359,0.03143,0.02896
Time,s,9,0.0288,0.03339,0.03209,0.02821
Time,s,9,0.02814,0.03509,0.03092,0.02845
Time,s,9,0.02854,0.03592,0.03133,0.02787
Time,s,9,0.02945,0.03185,0.03141,0.02803
Time,s,9,0.02819,0.03256,0.03118,0.02852
Time,s,9,0.02867,0.03281,0.03368,0.02757
Time,s,9,0.02825,0.03231,0.03109,0.02823
Time,s,9,0.02909,0.03317,0.03111,0.02704
Time,s,9,0.02936,0.03229,0.0316,0.02843
Time,s,9,0.03072,0.03201,0.03198,0.02847
Time,s,9,0.03024,0.03359,0.03164,0.02852
Time,s,9,0.02898,0.03822,0.03095,0.02845
Time,s,9,0.0291,0.03356,0.03111,0.02804
Time,s,9,0.02838,0.03269,0.03095,0.02878
Time,s,9,0.0283,0.03233,0.03164,0.02905
Time,s,9,0.02952,0.03237,0.03162,0.02986
Time,s,9,0.02979,0.03251,0.03125,0.02895
Time,s,9,0.02929,0.03337,0.03144,0.02811
Time,s,9,0.02945,0.03314,0.03118,0.02824
Time,s,9,0.02868,0.03246,0.03102,0.02824
Time,s,9,0.02822,0.03216,0.03241,0.02989
Time,s,9,0.02922,0.03239,0.0316,0.02931
Time,s,9,0.0284,0.03284,0.03105,0.03044
Time,s,9,0.02919,0.03386,0.03105,0.02868
Time,s,9,0.02903,0.03354,0.03082,0.02865
Time,s,9,0.02888,0.04386,0.03571,0.02857
Time,s,9,0.03112,0.0411,0.03781,0.02907
Time,s,9,0.03437,0.03601,0.0322,0.02832
Time,s,9,0.03036,0.03363,0.03247,0.02857
Time,s,9,0.02939,0.03295,0.03151,0.02848
Time,s,9,0.03094,0.03438,0.0318,0.02834
Time,s,9,0.03093,0.03359,0.0314,0.03239
Time,s,9,0.03008,0.03299,0.03086,0.03215
Time,s,9,0.02859,0.03421,0.03093,0.02869
Time,s,9,0.0297,0.03366,0.03109,0.0288
Time,s,9,0.02928,0.03325,0.03089,0.0281
Time,s,9,0.02943,0.04073,0.03118,0.02771
Time,s,9,0.02855,0.04104,0.03138,0.02802
Time,s,9,0.02887,0.03721,0.03089,0.02869
Time,s,9,0.02858,0.03447,0.03227,0.02791
Time,s,9,0.02934,0.03387,0.03442,0.02822
Time,s,9,0.02913,0.03374,0.03171,0.02784
Time,s,9,0.02862,0.03531,0.03173,0.02769
Time,s,9,0.02964,0.04476,0.03356,0.02842
Time,s,9,0.03096,0.04198,0.03229,0.02825
Time,s,9,0.02951,0.03852,0.03073,0.02768
Time,s,9,0.02925,0.03508,0.03163,0.02726
Time,s,9,0.02902,0.03509,0.03174,0.02767
Time,s,9,0.029,0.03408,0.03152,0.02946
Time,s,9,0.02893,0.03357,0.04077,0.02922
Time,s,9,0.02902,0.03272,0.04078,0.02941
Time,s,9,0.02904,0.0335,0.03628,0.02876
Time,s,9,0.03025,0.03242,0.03262,0.02813
Time,s,9,0.03011,0.03333,0.03035,0.0286
Time,s,9,0.03044,0.03464,0.03003,0.02928
Time,s,9,0.0285,0.03535,0.0309,0.02854
Time,s,9,0.02862,0.03359,0.03028,0.02856
Time,s,9,0.02855,0.03921,0.03069,0.02839
Time,s,9,0.02907,0.038,0.03015,0.02951
Time,s,9,0.02833,0.03547,0.03184,0.02948
Time,s,9,0.02833,0.03366,0.03037,0.02878
Time,s,9,0.02923,0.03426,0.02976,0.02781
Time,s,9,0.02931,0.03347,0.03012,0.0278
Time,s,9,0.02998,0.0347,0.03108,0.02792
Time,s,9,0.02917,0.03417,0.03034,0.02813
Time,s,9,0.02926,0.03333,0.03179,0.02929
Time,s,9,0.02869,0.03363,0.03231,0.02937
Time,s,9,0.02886,0.03424,0.03145,0.02834
Time,s,9,0.02867,0.03361,0.03045,0.02814
Time,s,9,0.02886,0.03319,0.03029,0.02834
Time,s,9,0.03034,0.03406,0.02984,0.02815
Time,s,9,0.02898,0.03375,0.0298,0.0279
Time,s,9,0.02849,0.03346,0.03,0.02835
Time,s,9,0.02977,0.03312,0.03031,0.02989
Time,s,9,0.02906,0.03324,0.03075,0.02838
Time,s,9,0.02933,0.03305,0.0298,0.02932
Time,s,9,0.0287,0.0323,0.03127,0.02823
Time,s,9,0.03003,0.03461,0.03659,0.02838
Time,s,9,0.0304,0.03372,0.03096,0.02832
Time,s,9,0.02963,0.03538,0.0302,0.02936
Time,s,9,0.02866,0.03397,0.03026,0.02974
Time,s,9,0.03053,0.03426,0.03016,0.02908
Time,s,9,0.03368,0.03316,0.03032,0.0279
Time,s,9,0.0307,0.0329,0.03211,0.02867
Time,s,9,0.02989,0.0337,0.03056,0.02869
Time,s,9,0.03031,0.03304,0.03095,0.02936
Time,s,9,0.03097,0.03509,0.03011,0.02908
Time,s,9,0.02872,0.03457,0.03001,0.0283
Time,s,9,0.02965,0.03498,0.02967,0.02856
Time,s,9,0.0312,0.0343,0.02953,0.02959
Time,s,9,0.02935,0.03378,0.02966,0.03303
Time,s,9,0.03027,0.03281,0.0301,0.02956
Time,s,9,0.02913,0.03642,0.03193,0.02869
Time,s,10,0.02882,0.03383,0.03227,0.02775
Time,s,10,0.0289,0.03406,0.03373,0.02917
Time,s,10,0.02899,0.03403,0.03173,0.02908
Time,s,10,0.02862,0.03356,0.02981,0.02889
Time,s,10,0.02796,0.03301,0.0299,0.02975
Time,s,10,0.02903,0.03294,0.03052,0.0288
Time,s,10,0.02938,0.03362,0.03129,0.02812
Time,s,10,0.02938,0.03299,0.03062,0.02816
Time,s,10,0.02879,0.03401,0.03113,0.02853
Time,s,10,0.02888,0.03275,0.03194,0.02815
Time,s,10,0.02836,0.03364,0.03046,0.03722
Time,s,10,0.0283,0.0331,0.03074,0.03533
Time,s,10,0.02946,0.03311,0.03079,0.03097
Time,s,10,0.02816,0.03751,0.03026,0.02923
Time,s,10,0.02908,0.03815,0.03126,0.02865
Time,s,10,0.02878,0.03595,0.03242,0.02895
Time,s,10,0.03007,0.0344,0.03118,0.02834
Time,s,10,0.02902,0.03469,0.03589,0.02876
Time,s,10,0.02912,0.03432,0.03897,0.02834
Time,s,10,0.03088,0.0339,0.03403,0.02791
Time,s,10,0.02943,0.03319,0.03116,0.02903
Time,s,10,0.02883,0.03287,0.0313,0.02877
Time,s,10,0.02899,0.03362,0.03216,0.02911
Time,s,10,0.02886,0.03483,0.03092,0.02953
Time,s,10,0.02891,0.03701,0.0316,0.02852
Time,s,10,0.02919,0.03503,0.0303,0.02894
Time,s,10,0.02932,0.0361,0.0304,0.02882
Time,s,10,0.03727,0.03478,0.03115,0.02846
Time,s,10,0.03022,0.03374,0.03102,0.02763
Time,s,10,0.02866,0.03284,0.03108,0.02792
Time,s,10,0.0288,0.0341,0.03101,0.02834
Time,s,10,0.02919,0.03312,0.03103,0.0283
Time,s,10,0.0305,0.03308,0.03029,0.02898
Time,s,10,0.03084,0.03311,0.03107,0.0284
Time,s,10,0.02921,0.03425,0.03015,0.03977
Time,s,10,0.02971,0.03461,0.03212,0.0293
Time,s,10,0.02927,0.03359,0.03634,0.0284
Time,s,10,0.02896,0.03308,0.0318,0.02837
Time,s,10,0.02833,0.03306,0.04358,0.02876
Time,s,10,0.02906,0.03471,0.03833,0.02902
Time,s,10,0.0287,0.03389,0.03502,0.02957
Time,s,10,0.02863,0.03459,0.03217,0.03044
Time,s,10,0.02905,0.03321,0.03081,0.02809
Time,s,10,0.0306,0.03338,0.03039,0.03031
Time,s,10,0.03435,0.03259,0.03117,0.02936
Time,s,10,0.02984,0.03307,0.03227,0.02825
Time,s,10,0.03081,0.03316,0.03297,0.02827
Time,s,10,0.03102,0.03392,0.03239,0.0283
Time,s,10,0.02907,0.0355,0.03271,0.02881
Time,s,10,0.02894,0.03421,0.03257,0.0287
Time,s,10,0.02854,0.03342,0.033,0.02911
Time,s,10,0.02897,0.03451,0.03293,0.02831
Time,s,10,0.02957,0.0345,0.03175,0.02906
Time,s,10,0.0303,0.03396,0.03132,0.03021
Time,s,10,0.02853,0.03494,0.03099,0.03368
Time,s,10,0.02913,0.03332,0.03131,0.02912
Time,s,10,0.02947,0.03351,0.03018,0.02905
Time,s,10,0.03024,0.0336,0.03062,0.02778
Time,s,10,0.02899,0.03522,0.03047,0.02819
Time,s,10,0.02911,0.03488,0.03121,0.02861
Time,s,10,0.02831,0.03433,0.03023,0.03021
Time,s,10,0.02866,0.03704,0.03062,0.02919
Time,s,10,0.02914,0.03732,0.03081,0.02846
Time,s,10,0.02912,0.03488,0.03042,0.02906
Time,s,10,0.02875,0.03361,0.03211,0.02889
Time,s,10,0.02942,0.03267,0.03113,0.02874
Time,s,10,0.02912,0.03393,0.03104,0.02818
Time,s,10,0.02869,0.04035,0.03002,0.02867
Time,s,10,0.0295,0.04479,0.03016,0.02747
Time,s,10,0.02984,0.0388,0.0303,0.02892
Time,s,10,0.02947,0.0354,0.03112,0.02892
Time,s,10,0.02952,0.03418,0.03138,0.02877
Time,s,10,0.03043,0.03454,0.03139,0.02854
Time,s,10,0.02964,0.03417,0.03108,0.0284
Time,s,10,0.02893,0.034,0.03125,0.02777
Time,s,10,0.02911,0.03384,0.03139,0.02843
Time,s,10,0.02945,0.0326,0.0311,0.02831
Time,s,10,0.02971,0.03283,0.03077,0.02827
Time,s,10,0.02881,0.03344,0.03022,0.03
Time,s,10,0.02913,0.03306,0.03078,0.02956
Time,s,10,0.02879,0.03245,0.03052,0.02898
Time,s,10,0.02838,0.03403,0.03164,0.02818
Time,s,10,0.02817,0.03495,0.03156,0.02811
Time,s,10,0.02909,0.0366,0.03277,0.02791
Time,s,10,0.03012,0.03301,0.03209,0.02728
Time,s,10,0.02952,0.03221,0.0318,0.02773
Time,s,10,0.02894,0.03363,0.03448,0.02733
Time,s,10,0.03037,0.03405,0.04266,0.02785
Time,s,10,0.02901,0.03402,0.03376,0.0273
Time,s,10,0.02898,0.03385,0.03229,0.02731
Time,s,10,0.02914,0.03513,0.03063,0.02834
Time,s,10,0.02866,0.03377,0.03049,0.02705
Time,s,10,0.02906,0.03333,0.03044,0.02683
Time,s,10,0.02822,0.03312,0.03096,0.02663
Time,s,10,0.02921,0.03311,0.02999,0.02822
Time,s,10,0.02889,0.03532,0.03063,0.02855
Time,s,10,0.03009,0.03351,0.03028,0.02702
Time,s,10,0.03408,0.03278,0.03152,0.02705
Time,s,10,0.03276,0.0339,0.03098,0.02711
Time,s,10,0.03494,0.03404,0.03091,0.0281
Time,s,11,0.031,0.03343,0.0303,0.02842
Time,s,11,0.03055,0.0358,0.03057,0.02947
Time,s,11,0.03015,0.03423,0.03321,0.02831
Time,s,11,0.02929,0.03395,0.0319,0.02738
Time,s,11,0.02897,0.03415,0.03232,0.02755
Time,s,11,0.03033,0.0338,0.03104,0.02697
Time,s,11,0.02983,0.03287,0.03014,0.02782
Time,s,11,0.03382,0.03301,0.03136,0.02662
Time,s,11,0.03311,0.03404,0.03216,0.02724
Time,s,11,0.02952,0.03782,0.03125,0.02787
Time,s,11,0.02907,0.03537,0.0315,0.0283
Time,s,11,0.02852,0.03462,0.03052,0.02976
Time,s,11,0.02864,0.0351,0.03039,0.03158
Time,s,11,0.02994,0.03296,0.03006,0.02759
Time,s,11,0.0295,0.03258,0.03098,0.0281
Time,s,11,0.02952,0.03433,0.0307,0.02752
Time,s,11,0.02901,0.03357,0.03277,0.02766
Time,s,11,0.02838,0.03276,0.03388,0.02967
Time,s,11,0.03016,0.03331,0.03276,0.02856
Time,s,11,0.0407,0.03309,0.03154,0.02735
Time,s,11,0.03835,0.03324,0.03064,0.02758
Time,s,11,0.03231,0.03379,0.03095,0.02731
Time,s,11,0.03004,0.03506,0.03113,0.02754
Time,s,11,0.02989,0.03338,0.03088,0.02677
Time,s,11,0.03016,0.03293,0.03047,0.02645
Time,s,11,0.02877,0.03295,0.03038,0.02735
Time,s,11,0.02964,0.03309,0.03086,0.02946
Time,s,11,0.02894,0.03267,0.03014,0.02863
Time,s,11,0.02926,0.03257,0.03061,0.02832
Time,s,11,0.02873,0.03303,0.03112,0.02835
Time,s,11,0.02962,0.0331,0.03045,0.02694
Time,s,11,0.02985,0.03297,0.0303,0.02843
Time,s,11,0.03091,0.0326,0.0312,0.02774
Time,s,11,0.0294,0.03304,0.03065,0.02738
Time,s,11,0.02904,0.03207,0.03106,0.02744
Time,s,11,0.02926,0.03441,0.03109,0.02688
Time,s,11,0.02987,0.03501,0.03107,0.02792
Time,s,11,0.03045,0.03322,0.02982,0.028
Time,s,11,0.02913,0.03217,0.03158,0.02779
Time,s,11,0.02974,0.0333,0.03647,0.02804
Time,s,11,0.03061,0.03289,0.03256,0.02798
Time,s,11,0.03071,0.03328,0.03111,0.02714
Time,s,11,0.03013,0.03338,0.03031,0.02773
Time,s,11,0.03009,0.03332,0.03106,0.02767
Time,s,11,0.03019,0.03444,0.03046,0.02743
Time,s,11,0.02892,0.03269,0.03126,0.0282
Time,s,11,0.03455,0.03296,0.03094,0.02876
Time,s,11,0.03608,0.0333,0.03084,0.02829
Time,s,11,0.03225,0.03467,0.03094,0.02825
Time,s,11,0.02979,0.03357,0.03173,0.02765
Time,s,11,0.02916,0.03297,0.03113,0.02744
Time,s,11,0.03169,0.03298,0.03169,0.02771
Time,s,11,0.03566,0.03284,0.03177,0.0272
Time,s,11,0.0311,0.03368,0.03008,0.02779
Time,s,11,0.03182,0.03466,0.03076,0.02717
Time,s,11,0.03028,0.03432,0.03211,0.02773
Time,s,11,0.02902,0.03293,0.03082,0.02985
Time,s,11,0.02965,0.0356,0.0301,0.02816
Time,s,11,0.02929,0.03966,0.03122,0.03175
Time,s,11,0.02896,0.03646,0.03117,0.03862
Time,s,11,0.0297,0.03343,0.03017,0.03268
Time,s,11,0.02921,0.03365,0.03014,0.0297
Time,s,11,0.02898,0.03428,0.03006,0.02791
Time,s,11,0.02923,0.03276,0.03029,0.02838
Time,s,11,0.02948,0.03249,0.03032,0.02891
Time,s,11,0.02833,0.03226,0.03052,0.02783
Time,s,11,0.02859,0.03284,0.03034,0.02907
Time,s,11,0.02932,0.03326,0.03066,0.02905
Time,s,11,0.02974,0.0328,0.03068,0.03274
Time,s,11,0.02974,0.03299,0.03068,0.02934
Time,s,11,0.02884,0.03278,0.03147,0.02863
Time,s,11,0.03065,0.03421,0.03016,0.02677
Time,s,11,0.02999,0.03312,0.03063,0.02698
Time,s,11,0.02979,0.03299,0.03067,0.02693
Time,s,11,0.02894,0.03288,0.03011,0.0266
Time,s,11,0.02907,0.03381,0.03169,0.02771
Time,s,11,0.0312,0.04062,0.03059,0.02782
Time,s,11,0.0296,0.03729,0.03069,0.0278
Time,s,11,0.02901,0.03377,0.03033,0.02906
Time,s,11,0.02952,0.03316,0.03098,0.02848
Time,s,11,0.0301,0.0327,0.03133,0.02734
Time,s,11,0.02912,0.03382,0.03199,0.02707
Time,s,11,0.02974,0.0323,0.03125,0.02708
Time,s,11,0.02883,0.03296,0.03165,0.02743
Time,s,11,0.0289,0.03291,0.03185,0.02781
Time,s,11,0.02929,0.03323,0.03184,0.02785
Time,s,11,0.03022,0.03305,0.03133,0.02769
Time,s,11,0.03024,0.03535,0.03275,0.02823
Time,s,11,0.02919,0.03407,0.03226,0.0274
Time,s,11,0.029,0.03366,0.03072,0.02694
Time,s,11,0.02868,0.03375,0.03205,0.02678
Time,s,11,0.03024,0.03406,0.0375,0.02753
Time,s,11,0.02909,0.03532,0.03186,0.02756
Time,s,11,0.02937,0.03565,0.03051,0.02701
Time,s,11,0.02903,0.03343,0.03128,0.0293
Time,s,11,0.02915,0.03282,0.03017,0.02878
Time,s,11,0.02853,0.03249,0.03163,0.02759
Time,s,11,0.0292,0.0326,0.03091,0.02788
Time,s,11,0.02858,0.03253,0.03057,0.02748
Time,s,11,0.02927,0.0317,0.0308,0.02751
Time,s,12,0.02885,0.03256,0.03074,0.02741
Time,s,12,0.02953,0.03421,0.03032,0.02706
Time,s,12,0.02891,0.03388,0.03104,0.02892
Time,s,12,0.02894,0.03291,0.03055,0.02924
Time,s,12,0.02947,0.03284,0.03157,0.02759
Time,s,12,0.02892,0.03305,0.03084,0.02749
Time,s,12,0.0315,0.03367,0.03128,0.02836
Time,s,12,0.03326,0.03983,0.03302,0.0278
Time,s,12,0.03072,0.03394,0.03185,0.02732
Time,s,12,0.03086,0.03305,0.03034,0.02784
Time,s,12,0.03002,0.03305,0.03138,0.0277
Time,s,12,0.02948,0.03315,0.03101,0.03603
Time,s,12,0.02871,0.03255,0.03119,0.02794
Time,s,12,0.03083,0.03413,0.03205,0.02736
Time,s,12,0.02975,0.03367,0.03126,0.02857
Time,s,12,0.0291,0.04161,0.03236,0.02764
Time,s,12,0.02885,0.03247,0.03063,0.02919
Time,s,12,0.02933,0.03279,0.0306,0.02828
Time,s,12,0.029,0.03356,0.03058,0.02797
Time,s,12,0.02908,0.03413,0.03052,0.0271
Time,s,12,0.02957,0.03305,0.03137,0.02702
Time,s,12,0.02971,0.03286,0.0317,0.02677
Time,s,12,0.02869,0.03219,0.03127,0.02825
Time,s,12,0.02929,0.03362,0.03101,0.02804
Time,s,12,0.02894,0.0339,0.03099,0.02766
Time,s,12,0.02916,0.03294,0.03073,0.02858
Time,s,12,0.02905,0.03361,0.03158,0.03245
Time,s,12,0.02936,0.03314,0.03053,0.02959
Time,s,12,0.02869,0.03294,0.03092,0.02806
Time,s,12,0.02987,0.03324,0.03031,0.02756
Time,s,12,0.0291,0.03425,0.03096,0.02845
Time,s,12,0.02915,0.03529,0.03131,0.02903
Time,s,12,0.0294,0.03679,0.02963,0.02959
Time,s,12,0.02891,0.03388,0.0301,0.02762
Time,s,12,0.0284,0.03321,0.03175,0.02885
Time,s,12,0.02906,0.03366,0.03097,0.02741
Time,s,12,0.02869,0.03357,0.03071,0.02696
Time,s,12,0.02932,0.03581,0.03086,0.02882
Time,s,12,0.02894,0.03332,0.03,0.02915
Time,s,12,0.02857,0.03396,0.0316,0.02758
Time,s,12,0.02906,0.04769,0.03061,0.02695
Time,s,12,0.02918,0.04757,0.03195,0.02887
Time,s,12,0.03001,0.04693,0.03256,0.02764
Time,s,12,0.02868,0.07427,0.03436,0.02761
Time,s,12,0.0294,0.06395,0.03485,0.02669
Time,s,12,0.02832,0.04957,0.03421,0.02798
Time,s,12,0.02915,0.03944,0.03177,0.02695
Time,s,12,0.0294,0.03719,0.03098,0.02729
Time,s,12,0.02998,0.03421,0.03037,0.02697
Time,s,12,0.03175,0.03383,0.03203,0.02792
Time,s,12,0.03105,0.03855,0.03144,0.02804
Time,s,12,0.02974,0.03782,0.03088,0.02821
Time,s,12,0.02883,0.03457,0.03175,0.02805
Time,s,12,0.02903,0.03363,0.03114,0.02779
Time,s,12,0.03069,0.03463,0.0312,0.02772
Time,s,12,0.0297,0.03387,0.03177,0.02768
Time,s,12,0.03003,0.03573,0.03253,0.02829
Time,s,12,0.02895,0.03372,0.03078,0.02762
Time,s,12,0.02903,0.0337,0.03086,0.02719
Time,s,12,0.02923,0.03388,0.03148,0.02705
Time,s,12,0.02954,0.03401,0.03196,0.02816
Time,s,12,0.0312,0.03321,0.03084,0.02721
Time,s,12,0.03284,0.03405,0.02986,0.02794
Time,s,12,0.03356,0.03505,0.03077,0.02764
Time,s,12,0.02992,0.03294,0.0303,0.02754
Time,s,12,0.02912,0.03451,0.03087,0.02779
Time,s,12,0.02917,0.03397,0.03035,0.02789
Time,s,12,0.02892,0.03369,0.02964,0.0274
Time,s,12,0.02922,0.03456,0.03058,0.02779
Time,s,12,0.02921,0.0335,0.03071,0.02802
Time,s,12,0.02887,0.03304,0.03088,0.02936
Time,s,12,0.02928,0.03281,0.03081,0.02833
Time,s,12,0.02882,0.03273,0.03174,0.02852
Time,s,12,0.02847,0.03291,0.03092,0.02827
Time,s,12,0.02884,0.03651,0.03047,0.02972
Time,s,12,0.02847,0.03423,0.03,0.02825
Time,s,12,0.02985,0.03375,0.03068,0.02768
Time,s,12,0.02877,0.03262,0.03214,0.0277
Time,s,12,0.02971,0.03313,0.03267,0.02703
Time,s,12,0.02924,0.03423,0.03047,0.02815
Time,s,12,0.02881,0.03349,0.03211,0.02772
Time,s,12,0.02866,0.03403,0.03085,0.02871
Time,s,12,0.02888,0.03322,0.03074,0.02791
Time,s,12,0.02857,0.03361,0.02995,0.02803
Time,s,12,0.02858,0.03523,0.03131,0.03252
Time,s,12,0.03046,0.03656,0.03154,0.02905
Time,s,12,0.03032,0.03601,0.03035,0.02789
Time,s,12,0.02968,0.03355,0.03025,0.02766
Time,s,12,0.03028,0.03436,0.03109,0.02752
Time,s,12,0.02988,0.03277,0.03037,0.02762
Time,s,12,0.02864,0.03328,0.03138,0.02739
Time,s,12,0.02962,0.03326,0.03158,0.02878
Time,s,12,0.02925,0.03417,0.03064,0.02776
Time,s,12,0.02883,0.0328,0.03056,0.0282
Time,s,12,0.02961,0.03268,0.04248,0.02817
Time,s,12,0.0292,0.03422,0.04283,0.02745
Time,s,12,0.02928,0.03372,0.03362,0.0273
Time,s,12,0.02894,0.03305,0.03221,0.02673
Time,s,12,0.02938,0.03756,0.03069,0.02802
Time,s,12,0.0289,0.03799,0.03099,0.02838
Time,s,13,0.02959,0.03431,0.03919,0.0273
Time,s,13,0.02858,0.03669,0.03989,0.02683
Time,s,13,0.02916,0.0346,0.03462,0.02781
Time,s,13,0.02887,0.03383,0.03205,0.02766
Time,s,13,0.02912,0.03363,0.03075,0.02773
Time,s,13,0.02946,0.0334,0.03019,0.02756
Time,s,13,0.02912,0.0349,0.03105,0.02728
Time,s,13,0.02913,0.03296,0.03093,0.02696
Time,s,13,0.02829,0.03289,0.03292,0.02836
Time,s,13,0.02954,0.03268,0.03198,0.03018
Time,s,13,0.02857,0.03555,0.03217,0.0286
Time,s,13,0.02949,0.03352,0.0313,0.02755
Time,s,13,0.02903,0.03296,0.03141,0.02805
Time,s,13,0.02921,0.03309,0.033,0.0284
Time,s,13,0.02903,0.03371,0.03137,0.02909
Time,s,13,0.02912,0.03448,0.03043,0.02812
Time,s,13,0.03098,0.03326,0.03085,0.03053
Time,s,13,0.03166,0.03492,0.03104,0.03345
Time,s,13,0.03605,0.03325,0.03081,0.02963
Time,s,13,0.03054,0.03998,0.03058,0.02862
Time,s,13,0.02998,0.0382,0.03025,0.02779
Time,s,13,0.03062,0.03464,0.03312,0.02771
Time,s,13,0.03252,0.03276,0.03097,0.02703
Time,s,13,0.03028,0.03252,0.03195,0.02809
Time,s,13,0.02913,0.03333,0.0316,0.02707
Time,s,13,0.02927,0.03237,0.03054,0.02748
Time,s,13,0.02836,0.03297,0.03003,0.0274
Time,s,13,0.02898,0.03429,0.03148,0.0282
Time,s,13,0.02892,0.03313,0.03014,0.02803
Time,s,13,0.02898,0.03315,0.03058,0.02738
Time,s,13,0.02971,0.03357,0.03059,0.02743
Time,s,13,0.02846,0.03419,0.03004,0.02933
Time,s,13,0.02946,0.0369,0.02994,0.02823
Time,s,13,0.02932,0.03641,0.0311,0.02754
Time,s,13,0.02886,0.03357,0.02986,0.0276
Time,s,13,0.02897,0.03298,0.03021,0.02787
Time,s,13,0.02854,0.03261,0.03074,0.02888
Time,s,13,0.02839,0.03319,0.03015,0.02775
Time,s,13,0.02858,0.03496,0.0302,0.02772
Time,s,13,0.02922,0.03381,0.03116,0.02765
Time,s,13,0.02884,0.03332,0.03208,0.02808
Time,s,13,0.02942,0.03301,0.03129,0.03282
Time,s,13,0.02963,0.03425,0.03053,0.03071
Time,s,13,0.0288,0.03409,0.03052,0.02948
Time,s,13,0.02913,0.03533,0.03078,0.02834
Time,s,13,0.02854,0.03474,0.03136,0.02888
Time,s,13,0.02915,0.04013,0.03397,0.02884
Time,s,13,0.02887,0.03523,0.03494,0.02731
Time,s,13,0.02919,0.03474,0.03194,0.02926
Time,s,13,0.02933,0.03483,0.03092,0.02778
Time,s,13,0.02949,0.03326,0.03034,0.02733
Time,s,13,0.02857,0.03277,0.03055,0.02795
Time,s,13,0.02899,0.03256,0.03168,0.02757
Time,s,13,0.02965,0.03226,0.03213,0.02751
Time,s,13,0.02868,0.03263,0.0303,0.02795
Time,s,13,0.02819,0.03267,0.03067,0.02902
Time,s,13,0.02938,0.03238,0.03028,0.02761
Time,s,13,0.03012,0.0328,0.02994,0.02756
Time,s,13,0.02915,0.04181,0.03195,0.02904
Time,s,13,0.03193,0.0337,0.03071,0.02764
Time,s,13,0.03045,0.03269,0.03131,0.02726
Time,s,13,0.02897,0.03264,0.03068,0.02707
Time,s,13,0.02919,0.03339,0.03235,0.02856
Time,s,13,0.02931,0.03305,0.03045,0.0274
Time,s,13,0.03625,0.03298,0.03085,0.02722
Time,s,13,0.03066,0.03306,0.03152,0.02733
Time,s,13,0.02941,0.03475,0.03118,0.02832
Time,s,13,0.02947,0.03339,0.03009,0.02831
Time,s,13,0.02913,0.03183,0.03019,0.02801
Time,s,13,0.02911,0.03279,0.03008,0.02792
Time,s,13,0.02961,0.03517,0.03017,0.02753
Time,s,13,0.03105,0.03387,0.03048,0.02732
Time,s,13,0.03287,0.03289,0.03186,0.02706
Time,s,13,0.03365,0.03574,0.03093,0.02754
Time,s,13,0.02981,0.03618,0.03003,0.03056
Time,s,13,0.0289,0.03374,0.02983,0.03289
Time,s,13,0.02953,0.03361,0.03022,0.03361
Time,s,13,0.02851,0.03288,0.03057,0.03238
Time,s,13,0.02927,0.03341,0.03008,0.0295
Time,s,13,0.0285,0.03319,0.03029,0.02938
Time,s,13,0.02901,0.03461,0.03026,0.02847
Time,s,13,0.02914,0.03552,0.03002,0.02774
Time,s,13,0.02974,0.03389,0.03057,0.02726
Time,s,13,0.02909,0.03828,0.03076,0.02913
Time,s,13,0.02973,0.04591,0.03097,0.02816
Time,s,13,0.02919,0.04009,0.03036,0.02757
Time,s,13,0.02931,0.0359,0.0302,0.02797
Time,s,13,0.02967,0.03454,0.03001,0.02739
Time,s,13,0.0294,0.03385,0.03063,0.02789
Time,s,13,0.02969,0.03321,0.0312,0.02881
Time,s,13,0.03011,0.03285,0.02992,0.02785
Time,s,13,0.02878,0.03356,0.0311,0.02726
Time,s,13,0.02914,0.03364,0.03103,0.02712
Time,s,13,0.0284,0.03694,0.03331,0.02783
Time,s,13,0.02959,0.03837,0.03166,0.02775
Time,s,13,0.03035,0.03444,0.03013,0.02778
Time,s,13,0.02943,0.03347,0.02993,0.02908
Time,s,13,0.0289,0.03306,0.03057,0.02833
Time,s,13,0.02958,0.0331,0.03104,0.03009
Time,s,13,0.02825,0.03251,0.03659,0.0305
Time,s,14,0.0292,0.03294,0.03308,0.02783
Time,s,14,0.02933,0.03288,0.03242,0.02752
Time,s,14,0.02887,0.03533,0.03114,0.02714
Time,s,14,0.02872,0.03429,0.03179,0.02711
Time,s,14,0.02931,0.03213,0.03075,0.02723
Time,s,14,0.02857,0.03378,0.03182,0.02903
Time,s,14,0.02828,0.03283,0.03025,0.02748
Time,s,14,0.02843,0.03314,0.03053,0.02676
Time,s,14,0.02952,0.03314,0.03037,0.02694
Time,s,14,0.02967,0.03212,0.03003,0.02716
Time,s,14,0.02875,0.03271,0.03082,0.02707
Time,s,14,0.02929,0.03208,0.03002,0.02723
Time,s,14,0.02893,0.0342,0.03028,0.02742
Time,s,14,0.02962,0.03409,0.03063,0.02691
Time,s,14,0.02874,0.03354,0.03215,0.02721
Time,s,14,0.02891,0.03223,0.03178,0.02898
Time,s,14,0.02935,0.03224,0.03102,0.02828
Time,s,14,0.02874,0.03367,0.03046,0.02761
Time,s,14,0.0288,0.03279,0.0311,0.02794
Time,s,14,0.02928,0.03268,0.03207,0.02705
Time,s,14,0.02901,0.03235,0.03109,0.02683
Time,s,14,0.02884,0.03268,0.03014,0.02702
Time,s,14,0.02895,0.03334,0.03104,0.02876
Time,s,14,0.02902,0.03298,0.03133,0.02782
Time,s,14,0.0309,0.03269,0.03084,0.02758
Time,s,14,0.03338,0.03288,0.03035,0.02738
Time,s,14,0.04115,0.03278,0.03049,0.02868
Time,s,14,0.03764,0.04667,0.03116,0.02748
Time,s,14,0.03529,0.0404,0.03155,0.02755
Time,s,14,0.03087,0.03568,0.03033,0.02734
Time,s,14,0.03155,0.03409,0.03121,0.02806
Time,s,14,0.03182,0.03448,0.03039,0.0273
Time,s,14,0.02935,0.0346,0.0302,0.02769
Time,s,14,0.0296,0.03538,0.03034,0.02662
Time,s,14,0.02915,0.03519,0.03012,0.02714
Time,s,14,0.02923,0.03247,0.03046,0.02815
Time,s,14,0.02883,0.03404,0.03057,0.02681
Time,s,14,0.02897,0.03354,0.03203,0.02699
Time,s,14,0.02941,0.03273,0.03076,0.02728
Time,s,14,0.02912,0.03287,0.03122,0.02727
Time,s,14,0.02973,0.03315,0.03102,0.02759
Time,s,14,0.02932,0.03797,0.03011,0.0278
Time,s,14,0.02884,0.03497,0.02981,0.02698
Time,s,14,0.02932,0.03392,0.03098,0.02777
Time,s,14,0.02847,0.03311,0.02977,0.02829
Time,s,14,0.02901,0.03356,0.03059,0.0277
Time,s,14,0.02892,0.03323,0.03011,0.02808
Time,s,14,0.0295,0.03265,0.03014,0.02897
Time,s,14,0.02973,0.0342,0.03011,0.02779
Time,s,14,0.02957,0.03374,0.03061,0.02717
Time,s,14,0.02917,0.03296,0.03109,0.02668
Time,s,14,0.02904,0.03247,0.03346,0.02867
Time,s,14,0.02932,0.03225,0.03584,0.02862
Time,s,14,0.02974,0.03207,0.03197,0.02771
Time,s,14,0.02848,0.03188,0.03197,0.02765
Time,s,14,0.02914,0.03184,0.03062,0.02782
Time,s,14,0.02855,0.03309,0.02984,0.02848
Time,s,14,0.02984,0.03228,0.03063,0.03355
Time,s,14,0.03027,0.03353,0.03081,0.02908
Time,s,14,0.02972,0.03292,0.03075,0.02852
Time,s,14,0.02876,0.03361,0.03139,0.03103
Time,s,14,0.0286,0.03358,0.03082,0.02946
Time,s,14,0.02885,0.03419,0.0311,0.0281
Time,s,14,0.02925,0.03339,0.03191,0.02752
Time,s,14,0.0291,0.03259,0.03064,0.02729
Time,s,14,0.02947,0.03324,0.03069,0.02748
Time,s,14,0.02983,0.03471,0.0301,0.02738
Time,s,14,0.03104,0.03267,0.03227,0.02715
Time,s,14,0.02995,0.03336,0.03208,0.02697
Time,s,14,0.02952,0.03352,0.03264,0.02762
Time,s,14,0.02961,0.03368,0.03272,0.02795
Time,s,14,0.02899,0.03244,0.03179,0.02748
Time,s,14,0.02948,0.03258,0.03118,0.02734
Time,s,14,0.029,0.03307,0.03102,0.02665
Time,s,14,0.02847,0.03236,0.03021,0.0282
Time,s,14,0.03095,0.03286,0.03033,0.0278
Time,s,14,0.03034,0.03491,0.031,0.02692
Time,s,14,0.02891,0.03287,0.03017,0.02727
Time,s,14,0.02934,0.03307,0.03081,0.0274
Time,s,14,0.03003,0.03308,0.03097,0.02755
Time,s,14,0.03244,0.03334,0.03062,0.0274
Time,s,14,0.03218,0.03206,0.03027,0.02762
Time,s,14,0.04611,0.03242,0.03028,0.02677
Time,s,14,0.03846,0.03308,0.03081,0.0273
Time,s,14,0.03301,0.03267,0.03112,0.02756
Time,s,14,0.02927,0.03266,0.0316,0.02671
Time,s,14,0.03012,0.03256,0.03108,0.02675
Time,s,14,0.03023,0.0328,0.03046,0.02746
Time,s,14,0.03006,0.0321,0.03026,0.02846
Time,s,14,0.02905,0.03455,0.03098,0.0275
Time,s,14,0.03064,0.04111,0.03079,0.02662
Time,s,14,0.02963,0.03482,0.02966,0.02735
Time,s,14,0.02946,0.03399,0.0307,0.02678
Time,s,14,0.02907,0.0331,0.03235,0.02718
Time,s,14,0.0293,0.03292,0.03146,0.02734
Time,s,14,0.02939,0.03252,0.03052,0.02763
Time,s,14,0.02975,0.03189,0.03048,0.02712
Time,s,14,0.02867,0.03278,0.03243,0.02755
Time,s,14,0.0296,0.03318,0.0312,0.02729
Time,s,14,0.02912,0.03428,0.03123,0.02841
Time,s,15,0.02916,0.03386,0.03016,0.02832
Time,s,15,0.02902,0.03342,0.03042,0.02763
Time,s,15,0.02975,0.03235,0.03202,0.0276
Time,s,15,0.03103,0.03227,0.03224,0.02712
Time,s,15,0.03035,0.03225,0.037,0.02918
Time,s,15,0.02991,0.03262,0.03173,0.02757
Time,s,15,0.02925,0.03381,0.03071,0.02674
Time,s,15,0.02893,0.03203,0.03047,0.02682
Time,s,15,0.02895,0.03299,0.02979,0.02696
Time,s,15,0.02885,0.03237,0.02989,0.02658
Time,s,15,0.02903,0.03236,0.03067,0.02771
Time,s,15,0.03013,0.03248,0.03027,0.02685
Time,s,15,0.02915,0.03314,0.0304,0.02666
Time,s,15,0.02921,0.03282,0.03053,0.02678
Time,s,15,0.0291,0.03232,0.0307,0.02814
Time,s,15,0.02982,0.03258,0.02992,0.03082
Time,s,15,0.03035,0.03194,0.031,0.03038
Time,s,15,0.02983,0.03223,0.03033,0.02786
Time,s,15,0.0293,0.03259,0.03079,0.02688
Time,s,15,0.02854,0.03316,0.0322,0.02748
Time,s,15,0.02922,0.03184,0.03158,0.0294
Time,s,15,0.02932,0.03186,0.03133,0.02759
Time,s,15,0.02866,0.03414,0.03039,0.0275
Time,s,15,0.02867,0.03256,0.03002,0.02833
Time,s,15,0.03003,0.032,0.031,0.02889
Time,s,15,0.03016,0.03374,0.03174,0.02732
Time,s,15,0.02894,0.03259,0.03087,0.02695
Time,s,15,0.02885,0.03159,0.0307,0.02725
Time,s,15,0.02886,0.03156,0.03174,0.02694
Time,s,15,0.02842,0.03375,0.03119,0.02657
Time,s,15,0.02864,0.03259,0.03044,0.02741
Time,s,15,0.02918,0.03286,0.03192,0.02681
Time,s,15,0.02974,0.03284,0.03171,0.02706
Time,s,15,0.02882,0.0332,0.03139,0.02712
Time,s,15,0.02958,0.03361,0.03222,0.02709
Time,s,15,0.03123,0.03215,0.03094,0.02701
Time,s,15,0.03553,0.0322,0.03131,0.02742
Time,s,15,0.03106,0.03197,0.03018,0.02764
Time,s,15,0.02976,0.03334,0.03077,0.02831
Time,s,15,0.03026,0.03972,0.0301,0.02795
Time,s,15,0.02984,0.03501,0.03022,0.02773
Time,s,15,0.02882,0.0331,0.03105,0.02885
Time,s,15,0.02894,0.03249,0.02963,0.03948
Time,s,15,0.02874,0.032,0.03033,0.03417
Time,s,15,0.02883,0.03282,0.0309,0.03058
Time,s,15,0.02864,0.03256,0.02995,0.02766
Time,s,15,0.02981,0.03276,0.03053,0.02797
Time,s,15,0.03054,0.03219,0.03065,0.02776
Time,s,15,0.02889,0.03261,0.03023,0.02785
Time,s,15,0.02856,0.03317,0.03002,0.02765
Time,s,15,0.02866,0.03217,0.0306,0.02665
Time,s,15,0.02918,0.03188,0.03007,0.02752
Time,s,15,0.02874,0.03319,0.03066,0.02841
Time,s,15,0.02915,0.03354,0.0305,0.02666
Time,s,15,0.02871,0.03243,0.03034,0.0272
Time,s,15,0.02878,0.03245,0.03165,0.02824
Time,s,15,0.02871,0.0329,0.03457,0.02842
Time,s,15,0.02882,0.03215,0.03385,0.02669
Time,s,15,0.03034,0.03197,0.03389,0.0279
Time,s,15,0.02956,0.03187,0.04161,0.02911
Time,s,15,0.02939,0.03177,0.03544,0.02909
Time,s,15,0.02856,0.0319,0.03074,0.02894
Time,s,15,0.02891,0.03326,0.03141,0.02768
Time,s,15,0.02915,0.03269,0.03127,0.02737
Time,s,15,0.02864,0.03272,0.03123,0.02764
Time,s,15,0.02896,0.03338,0.03201,0.02815
Time,s,15,0.02981,0.03287,0.03341,0.02727
Time,s,15,0.02866,0.03401,0.03061,0.02658
Time,s,15,0.02913,0.03277,0.03058,0.0268
Time,s,15,0.02908,0.03283,0.03085,0.02688
Time,s,15,0.02817,0.03029,0.03267,0.02649
Time,s,15,0.02895,0.02998,0.03286,0.02857
Time,s,15,0.0282,0.03102,0.03085,0.0317
Time,s,15,0.02908,0.03135,0.03155,0.02797
Time,s,15,0.02971,0.03204,0.03088,0.02712
Time,s,15,0.02874,0.03232,0.03046,0.02865
Time,s,15,0.02997,0.03056,0.03119,0.0272
Time,s,15,0.03009,0.03006,0.03068,0.02816
Time,s,15,0.02975,0.03068,0.03035,0.02754
Time,s,15,0.02957,0.03138,0.03035,0.02708
Time,s,15,0.02838,0.03076,0.03018,0.02733
Time,s,15,0.0287,0.03033,0.03044,0.02683
Time,s,15,0.02893,0.03039,0.03036,0.02705
Time,s,15,0.02857,0.03011,0.03052,0.02712
Time,s,15,0.02904,0.03187,0.03035,0.02691
Time,s,15,0.02994,0.0309,0.03083,0.0278
Time,s,15,0.02924,0.03048,0.03004,0.02725
Time,s,15,0.02955,0.03071,0.0312,0.02797
Time,s,15,0.02899,0.0309,0.03019,0.02713
Time,s,15,0.02975,0.03449,0.03015,0.02752
Time,s,15,0.03132,0.03549,0.03072,0.02689
Time,s,15,0.03427,0.03237,0.03093,0.0279
Time,s,15,0.03315,0.03122,0.03093,0.02714
Time,s,15,0.03068,0.02984,0.03023,0.02718
Time,s,15,0.02988,0.03039,0.03053,0.02709
Time,s,15,0.02897,0.03054,0.03148,0.02821
Time,s,15,0.02891,0.03086,0.03035,0.02793
Time,s,15,0.02854,0.03031,0.03112,0.02723
Time,s,15,0.02884,0.03081,0.03322,0.02785
Time,s,15,0.02933,0.03054,0.03172,0.02737
Time,s,16,0.02972,0.03204,0.0332,0.02735
Time,s,16,0.02911,0.03206,0.03232,0.02664
Time,s,16,0.02908,0.03075,0.03077,0.02681
Time,s,16,0.03409,0.03078,0.03013,0.02736
Time,s,16,0.03527,0.0303,0.03051,0.02706
Time,s,16,0.03213,0.0305,0.03163,0.02655
Time,s,16,0.0298,0.0305,0.03035,0.0271
Time,s,16,0.02922,0.0311,0.03036,0.02782
Time,s,16,0.02828,0.03147,0.03475,0.02746
Time,s,16,0.02908,0.03148,0.03438,0.02674
Time,s,16,0.02983,0.03065,0.03089,0.02638
Time,s,16,0.02985,0.03041,0.03093,0.02672
Time,s,16,0.03126,0.03037,0.03151,0.0274
Time,s,16,0.02912,0.03108,0.03114,0.02817
Time,s,16,0.02938,0.03169,0.03093,0.02744
Time,s,16,0.02907,0.03134,0.03082,0.02847
Time,s,16,0.02903,0.03264,0.03063,0.02844
Time,s,16,0.02915,0.0313,0.02992,0.02738
Time,s,16,0.02885,0.02993,0.0306,0.03162
Time,s,16,0.02983,0.03023,0.03014,0.03551
Time,s,16,0.0287,0.0309,0.02993,0.03123
Time,s,16,0.03047,0.03047,0.02998,0.0288
Time,s,16,0.02927,0.03016,0.03027,0.0275
Time,s,16,0.02861,0.03048,0.03319,0.02728
Time,s,16,0.02851,0.03109,0.03156,0.02705
Time,s,16,0.03,0.03041,0.03169,0.0268
Time,s,16,0.03005,0.03128,0.0312,0.02638
Time,s,16,0.03069,0.03229,0.02999,0.02644
Time,s,16,0.0291,0.03173,0.03075,0.02724
Time,s,16,0.02888,0.03109,0.03116,0.02982
Time,s,16,0.02908,0.03064,0.03254,0.0325
Time,s,16,0.02972,0.03093,0.03191,0.0289
Time,s,16,0.02874,0.03057,0.03174,0.02789
Time,s,16,0.02914,0.03117,0.03143,0.02704
Time,s,16,0.02923,0.03086,0.03166,0.0273
Time,s,16,0.02832,0.03335,0.03299,0.02707
Time,s,16,0.0297,0.03107,0.03145,0.02707
Time,s,16,0.02886,0.03001,0.03062,0.02861
Time,s,16,0.02971,0.03129,0.03027,0.02782
Time,s,16,0.02896,0.03026,0.03097,0.02712
Time,s,16,0.0296,0.03136,0.03258,0.02753
Time,s,16,0.02902,0.03426,0.0326,0.02665
Time,s,16,0.029,0.03511,0.03078,0.02783
Time,s,16,0.02885,0.03198,0.03055,0.02682
Time,s,16,0.02886,0.03019,0.03033,0.02718
Time,s,16,0.03062,0.03089,0.03581,0.02756
Time,s,16,0.03263,0.03065,0.03148,0.02745
Time,s,16,0.03345,0.03073,0.04143,0.02694
Time,s,16,0.03158,0.03291,0.04006,0.02786
Time,s,16,0.03066,0.03234,0.03569,0.02669
Time,s,16,0.02921,0.03073,0.03222,0.02741
Time,s,16,0.02935,0.03083,0.03146,0.02724
Time,s,16,0.02862,0.03255,0.03052,0.02751
Time,s,16,0.02895,0.03148,0.03036,0.02833
Time,s,16,0.02862,0.03039,0.03084,0.02786
Time,s,16,0.0291,0.03001,0.03052,0.02713
Time,s,16,0.02994,0.03095,0.03067,0.02654
Time,s,16,0.02876,0.03102,0.03088,0.02736
Time,s,16,0.03031,0.03067,0.03001,0.02727
Time,s,16,0.03033,0.03025,0.03231,0.02846
Time,s,16,0.02962,0.03046,0.03764,0.0289
Time,s,16,0.02954,0.03115,0.0338,0.02862
Time,s,16,0.02945,0.03002,0.03138,0.02785
Time,s,16,0.02878,0.03917,0.03174,0.02699
Time,s,16,0.02829,0.03111,0.03057,0.02786
Time,s,16,0.02987,0.03098,0.03083,0.02733
Time,s,16,0.03019,0.03081,0.03161,0.02771
Time,s,16,0.02891,0.03034,0.03288,0.02894
Time,s,16,0.02909,0.031,0.03328,0.02884
Time,s,16,0.02841,0.03205,0.03228,0.02774
Time,s,16,0.02921,0.03311,0.03113,0.02818
Time,s,16,0.02849,0.03106,0.03056,0.02677
Time,s,16,0.02881,0.03078,0.03066,0.02702
Time,s,16,0.02845,0.03126,0.0302,0.02708
Time,s,16,0.02854,0.03079,0.03239,0.02757
Time,s,16,0.029,0.03079,0.03124,0.02764
Time,s,16,0.02892,0.03175,0.03038,0.0292
Time,s,16,0.0287,0.03104,0.03051,0.02971
Time,s,16,0.02868,0.0331,0.03031,0.02783
Time,s,16,0.02855,0.03228,0.02963,0.02761
Time,s,16,0.02893,0.0326,0.03077,0.02668
Time,s,16,0.02834,0.03065,0.03046,0.02767
Time,s,16,0.02894,0.03095,0.03135,0.02758
Time,s,16,0.02885,0.03092,0.03063,0.02732
Time,s,16,0.02877,0.03143,0.03013,0.02674
Time,s,16,0.03176,0.03082,0.03101,0.02737
Time,s,16,0.03039,0.03121,0.03144,0.02781
Time,s,16,0.0288,0.03036,0.03206,0.02999
Time,s,16,0.03015,0.03507,0.03011,0.03099
Time,s,16,0.02895,0.03997,0.03043,0.02843
Time,s,16,0.02913,0.03481,0.03092,0.02827
Time,s,16,0.02937,0.03156,0.03034,0.02705
Time,s,16,0.02929,0.03393,0.03101,0.02733
Time,s,16,0.02998,0.03508,0.03244,0.02755
Time,s,16,0.03055,0.03165,0.03157,0.02663
Time,s,16,0.03002,0.03236,0.03077,0.02684
Time,s,16,0.02981,0.03133,0.03045,0.02727
Time,s,16,0.02881,0.03055,0.03079,0.02686
Time,s,16,0.02901,0.03076,0.03111,0.02792
Time,s,16,0.02828,0.0312,0.0316,0.02708
Time,s,17,0.03051,0.03158,0.03091,0.02702
Time,s,17,0.04367,0.03147,0.03143,0.02707
Time,s,17,0.03117,0.03303,0.03193,0.02708
Time,s,17,0.02973,0.03339,0.03283,0.02839
Time,s,17,0.02837,0.03205,0.03115,0.02734
Time,s,17,0.02988,0.03074,0.03064,0.02726
Time,s,17,0.0284,0.0306,0.03163,0.02759
Time,s,17,0.02934,0.03098,0.03074,0.02805
Time,s,17,0.02874,0.03092,0.0304,0.02757
Time,s,17,0.02935,0.03083,0.03084,0.0277
Time,s,17,0.02826,0.03098,0.03127,0.02697
Time,s,17,0.02924,0.03219,0.03394,0.02724
Time,s,17,0.02933,0.0308,0.03738,0.02768
Time,s,17,0.0289,0.03082,0.03173,0.02692
Time,s,17,0.02945,0.03508,0.03019,0.02682
Time,s,17,0.02879,0.04293,0.03044,0.02703
Time,s,17,0.02873,0.03703,0.03073,0.02726
Time,s,17,0.0293,0.03335,0.0304,0.02739
Time,s,17,0.03867,0.03173,0.03082,0.02766
Time,s,17,0.03421,0.03056,0.03107,0.0272
Time,s,17,0.03087,0.031,0.03034,0.02668
Time,s,17,0.03006,0.0305,0.0308,0.02691
Time,s,17,0.03043,0.03087,0.03109,0.02781
Time,s,17,0.02932,0.03052,0.03062,0.02888
Time,s,17,0.02938,0.03157,0.03269,0.02758
Time,s,17,0.02966,0.03077,0.03336,0.02726
Time,s,17,0.02922,0.03081,0.0318,0.02682
Time,s,17,0.03011,0.03033,0.03374,0.02641
Time,s,17,0.02945,0.0311,0.03086,0.02816
Time,s,17,0.02889,0.03346,0.03106,0.02794
Time,s,17,0.02924,0.03208,0.03126,0.02821
Time,s,17,0.02939,0.03114,0.0304,0.02761
Time,s,17,0.02938,0.03175,0.03051,0.02811
Time,s,17,0.0291,0.03093,0.03135,0.02678
Time,s,17,0.029,0.03046,0.03025,0.02787
Time,s,17,0.02906,0.03067,0.03016,0.0287
Time,s,17,0.02911,0.03221,0.03225,0.02772
Time,s,17,0.02889,0.03252,0.03171,0.02857
Time,s,17,0.02966,0.03245,0.03169,0.0277
Time,s,17,0.02845,0.03239,0.03111,0.02792
Time,s,17,0.03013,0.03083,0.03028,0.02834
Time,s,17,0.0287,0.03143,0.03072,0.02706
Time,s,17,0.02868,0.03388,0.0303,0.02693
Time,s,17,0.02868,0.03947,0.03157,0.02718
Time,s,17,0.02867,0.03274,0.03137,0.02668
Time,s,17,0.02931,0.03098,0.03147,0.0287
Time,s,17,0.0292,0.0307,0.03023,0.03161
Time,s,17,0.02911,0.03061,0.0299,0.0279
Time,s,17,0.02861,0.03164,0.0306,0.02763
Time,s,17,0.0292,0.03099,0.0301,0.02767
Time,s,17,0.02895,0.0308,0.03034,0.02704
Time,s,17,0.0295,0.03047,0.03037,0.02733
Time,s,17,0.02913,0.03084,0.03069,0.02711
Time,s,17,0.0295,0.03018,0.03105,0.02806
Time,s,17,0.02933,0.03077,0.03081,0.02815
Time,s,17,0.03062,0.03076,0.03094,0.02781
Time,s,17,0.03244,0.03118,0.03059,0.02799
Time,s,17,0.03224,0.03083,0.03211,0.02792
Time,s,17,0.03176,0.03111,0.03157,0.02715
Time,s,17,0.02975,0.03166,0.03083,0.02694
Time,s,17,0.02968,0.03135,0.03089,0.02661
Time,s,17,0.03016,0.03059,0.03126,0.02709
Time,s,17,0.0301,0.03041,0.03084,0.02693
Time,s,17,0.02849,0.0318,0.03186,0.02692
Time,s,17,0.02931,0.03983,0.03355,0.02645
Time,s,17,0.02975,0.03667,0.03464,0.02702
Time,s,17,0.02896,0.03249,0.03079,0.02686
Time,s,17,0.02935,0.03187,0.03097,0.02907
Time,s,17,0.03005,0.03107,0.03052,0.02958
Time,s,17,0.03,0.03207,0.03159,0.02802
Time,s,17,0.02896,0.03401,0.03017,0.02868
Time,s,17,0.02886,0.03339,0.03133,0.02858
Time,s,17,0.02864,0.03174,0.03394,0.02771
Time,s,17,0.02859,0.03277,0.03269,0.02802
Time,s,17,0.0288,0.03272,0.03158,0.029
Time,s,17,0.02901,0.03177,0.0305,0.02911
Time,s,17,0.02885,0.03149,0.03087,0.03024
Time,s,17,0.02917,0.0315,0.032,0.02925
Time,s,17,0.02834,0.03142,0.03406,0.02829
Time,s,17,0.02885,0.03242,0.03234,0.02784
Time,s,17,0.02885,0.03251,0.03131,0.02801
Time,s,17,0.02867,0.03152,0.03139,0.0282
Time,s,17,0.0287,0.03128,0.03022,0.02808
Time,s,17,0.02872,0.03056,0.03012,0.02747
Time,s,17,0.02886,0.03102,0.0309,0.02726
Time,s,17,0.03013,0.03218,0.03072,0.02948
Time,s,17,0.02934,0.03184,0.03032,0.02804
Time,s,17,0.02948,0.03206,0.03112,0.02816
Time,s,17,0.02885,0.03084,0.03135,0.02757
Time,s,17,0.02913,0.03105,0.03278,0.02718
Time,s,17,0.02917,0.03126,0.0313,0.02861
Time,s,17,0.029,0.03166,0.03006,0.02801
Time,s,17,0.02914,0.03095,0.03096,0.02899
Time,s,17,0.02999,0.03127,0.03059,0.02992
Time,s,17,0.03079,0.03398,0.03015,0.02925
Time,s,17,0.03182,0.03814,0.03157,0.02886
Time,s,17,0.03009,0.03198,0.03074,0.02881
Time,s,17,0.02881,0.03242,0.03058,0.02799
Time,s,17,0.02859,0.03249,0.03097,0.02875
Time,s,17,0.02864,0.03201,0.03063,0.02843
Time,s,18,0.02924,0.03125,0.0309,0.02814
Time,s,18,0.0288,0.03115,0.03047,0.02765
Time,s,18,0.02874,0.03309,0.03021,0.02735
Time,s,18,0.02896,0.03139,0.03024,0.02891
Time,s,18,0.02884,0.03418,0.03295,0.03414
Time,s,18,0.02995,0.03473,0.03194,0.02979
Time,s,18,0.03014,0.03119,0.03215,0.02939
Time,s,18,0.02903,0.0312,0.03222,0.02909
Time,s,18,0.0285,0.0311,0.03129,0.02775
Time,s,18,0.02874,0.03195,0.03167,0.02794
Time,s,18,0.03149,0.0335,0.02991,0.02791
Time,s,18,0.03522,0.0321,0.03075,0.02865
Time,s,18,0.03372,0.03042,0.03186,0.02831
Time,s,18,0.03046,0.0307,0.03056,0.02763
Time,s,18,0.0291,0.0304,0.03095,0.0286
Time,s,18,0.02932,0.03028,0.03117,0.02879
Time,s,18,0.02889,0.03038,0.03501,0.02799
Time,s,18,0.02905,0.03024,0.03314,0.02832
Time,s,18,0.02827,0.03002,0.03022,0.02847
Time,s,18,0.02837,0.0387,0.03115,0.02734
Time,s,18,0.02976,0.03078,0.0301,0.02722
Time,s,18,0.02916,0.03071,0.03296,0.02826
Time,s,18,0.02911,0.03051,0.04054,0.02803
Time,s,18,0.02897,0.03111,0.03723,0.02809
Time,s,18,0.02929,0.03071,0.0333,0.02881
Time,s,18,0.03012,0.03055,0.03081,0.02876
Time,s,18,0.02927,0.03131,0.03082,0.02835
Time,s,18,0.02909,0.03123,0.03053,0.02773
Time,s,18,0.02999,0.03037,0.0306,0.02768
Time,s,18,0.03042,0.03072,0.03206,0.02781
Time,s,18,0.02963,0.03079,0.03301,0.02786
Time,s,18,0.03032,0.03109,0.03198,0.02837
Time,s,18,0.03068,0.03344,0.03095,0.029
Time,s,18,0.02977,0.03108,0.03068,0.02804
Time,s,18,0.02948,0.03124,0.03059,0.02865
Time,s,18,0.0296,0.03098,0.03053,0.02839
Time,s,18,0.03006,0.0314,0.03066,0.02762
Time,s,18,0.02773,0.03177,0.03154,0.02814
Time,s,18,0.02968,0.03178,0.03173,0.02824
Time,s,18,0.0301,0.03168,0.03098,0.02813
Time,s,18,0.02977,0.03185,0.03132,0.02831
Time,s,18,0.02945,0.03116,0.0331,0.02793
Time,s,18,0.02952,0.03041,0.03136,0.02747
Time,s,18,0.03032,0.03114,0.03098,0.02781
Time,s,18,0.03143,0.03136,0.02964,0.02856
Time,s,18,0.03089,0.03278,0.03074,0.03018
Time,s,18,0.02897,0.03595,0.03084,0.03025
Time,s,18,0.03114,0.03303,0.03064,0.02901
Time,s,18,0.04211,0.03078,0.0304,0.02874
Time,s,18,0.03668,0.03151,0.03086,0.02802
Time,s,18,0.03224,0.03143,0.03105,0.0288
Time,s,18,0.03056,0.0302,0.03135,0.03065
Time,s,18,0.03008,0.03067,0.03153,0.02857
Time,s,18,0.02933,0.03049,0.03176,0.02844
Time,s,18,0.02969,0.03691,0.03106,0.03149
Time,s,18,0.02926,0.03358,0.03369,0.03568
Time,s,18,0.0294,0.03199,0.03161,0.03237
Time,s,18,0.02935,0.03082,0.03141,0.02894
Time,s,18,0.02969,0.03251,0.031,0.02947
Time,s,18,0.02933,0.03265,0.03144,0.02827
Time,s,18,0.02961,0.03137,0.03217,0.02809
Time,s,18,0.03122,0.03256,0.03114,0.03121
Time,s,18,0.03136,0.0331,0.03104,0.03326
Time,s,18,0.03013,0.03352,0.03045,0.0301
Time,s,18,0.03193,0.03181,0.04077,0.02886
Time,s,18,0.03256,0.0304,0.04911,0.02836
Time,s,18,0.0365,0.03096,0.05479,0.02846
Time,s,18,0.03293,0.03179,0.05863,0.02738
Time,s,18,0.03968,0.03424,0.04573,0.02816
Time,s,18,0.02977,0.03182,0.03972,0.0288
Time,s,18,0.02958,0.03125,0.03543,0.02819
Time,s,18,0.03017,0.03465,0.03237,0.02885
Time,s,18,0.02996,0.03478,0.03305,0.02838
Time,s,18,0.0293,0.0322,0.03308,0.02831
Time,s,18,0.02954,0.03256,0.03242,0.02821
Time,s,18,0.02984,0.03243,0.03192,0.02752
Time,s,18,0.02937,0.03246,0.03159,0.02816
Time,s,18,0.0292,0.03202,0.03204,0.02773
Time,s,18,0.02905,0.0321,0.03178,0.02921
Time,s,18,0.03016,0.03332,0.03431,0.02787
Time,s,18,0.02977,0.03253,0.03278,0.02915
Time,s,18,0.03052,0.03224,0.03399,0.02938
Time,s,18,0.02985,0.03232,0.03219,0.02782
Time,s,18,0.0296,0.03194,0.03185,0.02948
Time,s,18,0.03016,0.03085,0.03136,0.02852
Time,s,18,0.02981,0.03027,0.03132,0.02814
Time,s,18,0.02919,0.03086,0.03083,0.02783
Time,s,18,0.02985,0.03032,0.03145,0.02792
Time,s,18,0.02861,0.03161,0.03131,0.02786
Time,s,18,0.03023,0.03178,0.03162,0.02803
Time,s,18,0.02935,0.0321,0.0322,0.02784
Time,s,18,0.02877,0.03241,0.03148,0.02831
Time,s,18,0.02927,0.03179,0.03161,0.0279
Time,s,18,0.02934,0.03123,0.03113,0.03062
Time,s,18,0.03061,0.0309,0.03106,0.0287
Time,s,18,0.03035,0.0321,0.03182,0.02859
Time,s,18,0.03014,0.03196,0.03136,0.02877
Time,s,18,0.02928,0.03543,0.03176,0.02851
Time,s,18,0.0295,0.03678,0.0314,0.03013
Time,s,18,0.02915,0.03757,0.03098,0.02817
Time,s,19,0.02871,0.03453,0.03211,0.02928
Time,s,19,0.02989,0.03279,0.03147,0.02986
Time,s,19,0.02968,0.03255,0.03088,0.0286
Time,s,19,0.03173,0.03119,0.03095,0.02833
Time,s,19,0.03064,0.02961,0.03183,0.02855
Time,s,19,0.02978,0.03294,0.03217,0.0285
Time,s,19,0.02963,0.0324,0.03169,0.028
Time,s,19,0.02962,0.03323,0.0319,0.02833
Time,s,19,0.0299,0.03435,0.03337,0.03061
Time,s,19,0.02964,0.03274,0.03254,0.02872
Time,s,19,0.02971,0.03177,0.03126,0.02943
Time,s,19,0.02926,0.03132,0.03046,0.02813
Time,s,19,0.02887,0.03256,0.03285,0.0291
Time,s,19,0.02986,0.03106,0.03329,0.02879
Time,s,19,0.03009,0.03095,0.03229,0.03276
Time,s,19,0.03043,0.03108,0.03164,0.03363
Time,s,19,0.03012,0.03127,0.03137,0.03048
Time,s,19,0.03042,0.0331,0.0357,0.02839
Time,s,19,0.02911,0.03426,0.03609,0.02915
Time,s,19,0.03056,0.03409,0.03196,0.03254
Time,s,19,0.03085,0.03267,0.03166,0.03092
Time,s,19,0.03546,0.03145,0.03067,0.02858
Time,s,19,0.02961,0.03174,0.0309,0.02936
Time,s,19,0.03056,0.03218,0.03112,0.02853
Time,s,19,0.02967,0.03176,0.03122,0.02709
Time,s,19,0.02923,0.03075,0.03083,0.03492
Time,s,19,0.02921,0.0309,0.03089,0.03605
Time,s,19,0.02993,0.0331,0.0313,0.03193
Time,s,19,0.03068,0.03253,0.03246,0.02951
Time,s,19,0.03034,0.03205,0.03157,0.02812
Time,s,19,0.02942,0.03251,0.03232,0.02851
Time,s,19,0.02931,0.03478,0.0326,0.02939
Time,s,19,0.02955,0.03299,0.0344,0.02845
Time,s,19,0.02954,0.03292,0.0326,0.02947
Time,s,19,0.02912,0.03142,0.03106,0.02827
Time,s,19,0.02912,0.03314,0.03143,0.0275
Time,s,19,0.03017,0.03318,0.03121,0.02729
Time,s,19,0.02915,0.03203,0.03076,0.0275
Time,s,19,0.02978,0.03294,0.0311,0.0286
Time,s,19,0.02921,0.03234,0.03113,0.02999
Time,s,19,0.03055,0.03281,0.03184,0.02815
Time,s,19,0.03038,0.03185,0.03116,0.02927
Time,s,19,0.03001,0.03283,0.0339,0.02852
Time,s,19,0.02989,0.03207,0.0334,0.02765
Time,s,19,0.02889,0.0324,0.0334,0.02771
Time,s,19,0.02872,0.03248,0.03211,0.02809
Time,s,19,0.029,0.03298,0.03159,0.02778
Time,s,19,0.02963,0.04669,0.03279,0.02893
Time,s,19,0.02889,0.04222,0.03068,0.02806
Time,s,19,0.02945,0.03529,0.03094,0.02904
Time,s,19,0.0292,0.03191,0.03174,0.0286
Time,s,19,0.02862,0.03217,0.03065,0.02886
Time,s,19,0.02887,0.03165,0.03108,0.02753
Time,s,19,0.02941,0.03119,0.03152,0.02723
Time,s,19,0.03002,0.03114,0.03052,0.028
Time,s,19,0.02959,0.03242,0.03105,0.02811
Time,s,19,0.0288,0.03247,0.03127,0.02798
Time,s,19,0.02928,0.03129,0.03099,0.02795
Time,s,19,0.02955,0.03132,0.03069,0.02824
Time,s,19,0.0296,0.03232,0.03153,0.02897
Time,s,19,0.02926,0.03394,0.03098,0.03033
Time,s,19,0.02917,0.03292,0.03109,0.02988
Time,s,19,0.0307,0.0331,0.03207,0.02842
Time,s,19,0.02899,0.03207,0.03145,0.02791
Time,s,19,0.02892,0.03161,0.03103,0.02854
Time,s,19,0.02937,0.03253,0.031,0.02945
Time,s,19,0.02914,0.03411,0.03297,0.0284
Time,s,19,0.02936,0.03219,0.03143,0.02775
Time,s,19,0.02973,0.03163,0.03075,0.02875
Time,s,19,0.02848,0.03183,0.03224,0.0284
Time,s,19,0.02923,0.03374,0.03745,0.02835
Time,s,19,0.02981,0.03601,0.03188,0.02872
Time,s,19,0.02908,0.03296,0.03122,0.02863
Time,s,19,0.0292,0.03326,0.03148,0.02842
Time,s,19,0.02992,0.04213,0.03114,0.02819
Time,s,19,0.02993,0.03412,0.03377,0.02732
Time,s,19,0.03129,0.03337,0.03175,0.02888
Time,s,19,0.03602,0.03248,0.03271,0.03426
Time,s,19,0.03296,0.03152,0.0319,0.03017
Time,s,19,0.03062,0.03207,0.03191,0.02887
Time,s,19,0.0298,0.03199,0.03152,0.02838
Time,s,19,0.02978,0.0329,0.03166,0.02771
Time,s,19,0.02888,0.03165,0.03202,0.02924
Time,s,19,0.03094,0.03252,0.03182,0.02859
Time,s,19,0.02937,0.03176,0.03379,0.02882
Time,s,19,0.02973,0.03114,0.03149,0.0291
Time,s,19,0.02904,0.03075,0.03095,0.0288
Time,s,19,0.02984,0.03043,0.03107,0.02867
Time,s,19,0.02891,0.03271,0.03058,0.02772
Time,s,19,0.02989,0.03281,0.03258,0.02801
Time,s,19,0.0296,0.03424,0.04579,0.02832
Time,s,19,0.02969,0.03277,0.03828,0.02822
Time,s,19,0.02934,0.03195,0.03374,0.02837
Time,s,19,0.02956,0.03319,0.0314,0.0281
Time,s,19,0.02953,0.03279,0.03131,0.02874
Time,s,19,0.0308,0.03286,0.03147,0.02846
Time,s,19,0.03074,0.03469,0.03058,0.0282
Time,s,19,0.02868,0.03557,0.03046,0.02822
Time,s,19,0.02958,0.03227,0.03195,0.02869
Time,s,19,0.02908,0.03326,0.03082,0.0296
Time,s,20,0.02917,0.03122,0.03098,0.02838
Time,s,20,0.02986,0.03181,0.03166,0.02907
Time,s,20,0.02918,0.03267,0.0311,0.02868
Time,s,20,0.02942,0.03316,0.03118,0.0278
Time,s,20,0.02983,0.03497,0.03092,0.02877
Time,s,20,0.0345,0.03253,0.03063,0.0292
Time,s,20,0.03402,0.03567,0.03256,0.02798
Time,s,20,0.03074,0.03405,0.03226,0.02765
Time,s,20,0.02958,0.03282,0.03063,0.02835
Time,s,20,0.02989,0.03275,0.03149,0.02823
Time,s,20,0.02981,0.03417,0.03403,0.02872
Time,s,20,0.02941,0.03297,0.03342,0.02871
Time,s,20,0.03007,0.03334,0.03108,0.02901
Time,s,20,0.02959,0.0339,0.03099,0.02813
Time,s,20,0.03073,0.03316,0.03114,0.02774
Time,s,20,0.03023,0.03416,0.0316,0.02845
Time,s,20,0.02951,0.03223,0.03174,0.02831
Time,s,20,0.02989,0.0324,0.0325,0.02945
Time,s,20,0.03022,0.0324,0.03093,0.02852
Time,s,20,0.02899,0.03203,0.03027,0.02958
Time,s,20,0.03066,0.03243,0.03158,0.02903
Time,s,20,0.02963,0.03225,0.03588,0.02846
Time,s,20,0.02955,0.03175,0.03517,0.02992
Time,s,20,0.02942,0.0313,0.03237,0.02884
Time,s,20,0.03002,0.03171,0.03129,0.02964
Time,s,20,0.02867,0.03265,0.03495,0.02852
Time,s,20,0.02871,0.03184,0.03388,0.02847
Time,s,20,0.02967,0.03131,0.03226,0.03057
Time,s,20,0.03166,0.03194,0.03072,0.0284
Time,s,20,0.03068,0.03209,0.03136,0.02838
Time,s,20,0.03068,0.03082,0.03134,0.0287
Time,s,20,0.0309,0.03464,0.03097,0.02904
Time,s,20,0.03619,0.03382,0.03161,0.02853
Time,s,20,0.03092,0.03221,0.03171,0.02941
Time,s,20,0.03023,0.03128,0.03153,0.0322
Time,s,20,0.0382,0.03176,0.0332,0.03088
Time,s,20,0.02901,0.03054,0.03174,0.02953
Time,s,20,0.02885,0.03258,0.03223,0.02984
Time,s,20,0.02937,0.03386,0.03132,0.0282
Time,s,20,0.02911,0.03254,0.03059,0.02776
Time,s,20,0.02956,0.03207,0.03037,0.02846
Time,s,20,0.02923,0.03234,0.03166,0.02798
Time,s,20,0.02875,0.03172,0.0312,0.02816
Time,s,20,0.03,0.03239,0.03169,0.02772
Time,s,20,0.02921,0.03276,0.03052,0.02823
Time,s,20,0.02886,0.03241,0.03396,0.0289
Time,s,20,0.02833,0.03262,0.03309,0.02874
Time,s,20,0.02807,0.0382,0.03078,0.02783
Time,s,20,0.02846,0.03362,0.02985,0.02837
Time,s,20,0.02845,0.03164,0.02962,0.02959
Time,s,20,0.03001,0.03508,0.03022,0.02859
Time,s,20,0.02908,0.04766,0.03006,0.02789
Time,s,20,0.02852,0.04053,0.03046,0.02868
Time,s,20,0.02806,0.03497,0.02972,0.02858
Time,s,20,0.02945,0.03271,0.0306,0.0298
Time,s,20,0.02828,0.03155,0.02987,0.02936
Time,s,20,0.02938,0.03101,0.02996,0.02952
Time,s,20,0.04048,0.03186,0.02949,0.02857
Time,s,20,0.03559,0.03157,0.02917,0.02795
Time,s,20,0.03121,0.03118,0.02955,0.02796
Time,s,20,0.02943,0.03199,0.02999,0.02783
Time,s,20,0.02951,0.03204,0.02972,0.02799
Time,s,20,0.02966,0.03209,0.02954,0.02904
Time,s,20,0.02909,0.03179,0.02974,0.02883
Time,s,20,0.02945,0.03204,0.02884,0.02866
Time,s,20,0.02874,0.03395,0.03011,0.0285
Time,s,20,0.0288,0.03204,0.02936,0.02819
Time,s,20,0.02845,0.032,0.02935,0.02805
Time,s,20,0.02797,0.03208,0.03076,0.02764
Time,s,20,0.02908,0.03112,0.02947,0.02857
Time,s,20,0.02863,0.03338,0.03097,0.02839
Time,s,20,0.02795,0.03293,0.03084,0.02806
Time,s,20,0.02779,0.0327,0.03027,0.02844
Time,s,20,0.02722,0.03201,0.03055,0.02789
Time,s,20,0.02884,0.03365,0.03454,0.02817
Time,s,20,0.02791,0.0415,0.03172,0.03006
Time,s,20,0.0285,0.04075,0.02953,0.02922
Time,s,20,0.02862,0.04504,0.02976,0.0289
Time,s,20,0.02845,0.04331,0.02983,0.02851
Time,s,20,0.02816,0.04427,0.03043,0.02939
Time,s,20,0.02796,0.04793,0.03125,0.02877
Time,s,20,0.02816,0.04252,0.03147,0.0282
Time,s,20,0.02838,0.03893,0.03045,0.02728
Time,s,20,0.02812,0.03816,0.03059,0.02752
Time,s,20,0.0285,0.03587,0.02948,0.02828
Time,s,20,0.02932,0.03443,0.02967,0.02849
Time,s,20,0.03001,0.03213,0.03032,0.02823
Time,s,20,0.0372,0.03129,0.03069,0.02941
Time,s,20,0.03018,0.03928,0.03211,0.03005
Time,s,20,0.02947,0.04825,0.03037,0.03057
Time,s,20,0.02916,0.04347,0.02945,0.02978
Time,s,20,0.02853,0.03695,0.02938,0.02878
Time,s,20,0.02827,0.03507,0.02988,0.03269
Time,s,20,0.02896,0.03699,0.03006,0.03085
Time,s,20,0.02803,0.0348,0.02981,0.02926
Time,s,20,0.02805,0.03332,0.03007,0.02899
Time,s,20,0.03011,0.03195,0.02988,0.02819
Time,s,20,0.02915,0.03157,0.04064,0.02766
Time,s,20,0.0284,0.03163,0.03537,0.02803
Time,s,20,0.02907,0.03078,0.0322,0.02722
Time,s,21,0.02822,0.03294,0.0306,0.02867
Time,s,21,0.02904,0.03367,0.03,0.02928
Time,s,21,0.02916,0.03348,0.03089,0.02846
Time,s,21,0.02941,0.03327,0.03237,0.0283
Time,s,21,0.02971,0.03306,0.03098,0.02794
Time,s,21,0.02909,0.03267,0.0304,0.02847
Time,s,21,0.02789,0.03391,0.03053,0.0287
Time,s,21,0.02794,0.03342,0.02957,0.02826
Time,s,21,0.02936,0.03349,0.03043,0.02928
Time,s,21,0.02854,0.03246,0.03117,0.02827
Time,s,21,0.0282,0.033,0.03025,0.02834
Time,s,21,0.02829,0.03172,0.03067,0.0284
Time,s,21,0.02823,0.03108,0.03041,0.02862
Time,s,21,0.02908,0.03153,0.02987,0.02869
Time,s,21,0.02849,0.03148,0.03027,0.02918
Time,s,21,0.02887,0.03154,0.0336,0.02877
Time,s,21,0.0286,0.03116,0.03267,0.02724
Time,s,21,0.02884,0.03104,0.03166,0.02821
Time,s,21,0.02857,0.03209,0.03065,0.02816
Time,s,21,0.02809,0.03098,0.03043,0.02868
Time,s,21,0.02892,0.03286,0.03049,0.02813
Time,s,21,0.02851,0.03252,0.0314,0.02723
Time,s,21,0.02927,0.0404,0.02989,0.02844
Time,s,21,0.02893,0.03199,0.0308,0.02861
Time,s,21,0.03025,0.03172,0.031,0.02938
Time,s,21,0.02928,0.03113,0.03141,0.02893
Time,s,21,0.02925,0.03178,0.03532,0.02852
Time,s,21,0.02979,0.03301,0.0326,0.02823
Time,s,21,0.02899,0.0338,0.03087,0.02826
Time,s,21,0.02854,0.03196,0.03009,0.02841
Time,s,21,0.03022,0.03194,0.03043,0.02832
Time,s,21,0.03011,0.03213,0.03033,0.02847
Time,s,21,0.02907,0.03088,0.03033,0.02791
Time,s,21,0.02898,0.03246,0.03056,0.02814
Time,s,21,0.02867,0.03332,0.03064,0.0289
Time,s,21,0.02879,0.03224,0.03139,0.02798
Time,s,21,0.02865,0.03099,0.03089,0.02897
Time,s,21,0.0281,0.03155,0.03026,0.028
Time,s,21,0.02882,0.03468,0.03056,0.03013
Time,s,21,0.03021,0.03408,0.03131,0.02918
Time,s,21,0.02873,0.03222,0.0322,0.02864
Time,s,21,0.03082,0.03316,0.03074,0.02853
Time,s,21,0.03542,0.03188,0.03018,0.02844
Time,s,21,0.0319,0.03207,0.02982,0.02772
Time,s,21,0.03029,0.03656,0.02966,0.02811
Time,s,21,0.02891,0.03473,0.03047,0.02809
Time,s,21,0.02881,0.03245,0.02963,0.02842
Time,s,21,0.02885,0.03152,0.03078,0.02735
Time,s,21,0.02959,0.03146,0.03025,0.02869
Time,s,21,0.02863,0.03154,0.03005,0.02794
Time,s,21,0.02938,0.03525,0.03276,0.03196
Time,s,21,0.02882,0.03492,0.03183,0.03183
Time,s,21,0.02836,0.03469,0.0305,0.02932
Time,s,21,0.02863,0.03309,0.02936,0.02862
Time,s,21,0.02821,0.03172,0.03117,0.02774
Time,s,21,0.02906,0.03115,0.03267,0.02791
Time,s,21,0.0285,0.03207,0.03071,0.02705
Time,s,21,0.02845,0.03207,0.03084,0.02779
Time,s,21,0.02887,0.03122,0.03121,0.02806
Time,s,21,0.02883,0.03168,0.03045,0.02961
Time,s,21,0.03073,0.03136,0.03011,0.02953
Time,s,21,0.03069,0.03154,0.02987,0.02794
Time,s,21,0.02824,0.03212,0.0302,0.02827
Time,s,21,0.02845,0.03236,0.0305,0.02801
Time,s,21,0.02936,0.03171,0.03047,0.02747
Time,s,21,0.0305,0.03088,0.03052,0.02794
Time,s,21,0.02979,0.03204,0.03029,0.02893
Time,s,21,0.02926,0.0334,0.03157,0.02919
Time,s,21,0.0289,0.03281,0.03173,0.02989
Time,s,21,0.02833,0.03264,0.03013,0.0288
Time,s,21,0.0287,0.03276,0.0299,0.0286
Time,s,21,0.02838,0.03268,0.03056,0.02887
Time,s,21,0.02789,0.03255,0.03122,0.02843
Time,s,21,0.02896,0.03174,0.03,0.02881
Time,s,21,0.02846,0.03228,0.03011,0.02827
Time,s,21,0.02878,0.03381,0.03117,0.02729
Time,s,21,0.02995,0.03145,0.03014,0.02807
Time,s,21,0.02887,0.03165,0.03064,0.02858
Time,s,21,0.02872,0.03436,0.03186,0.02788
Time,s,21,0.03002,0.03642,0.03679,0.0281
Time,s,21,0.02888,0.04459,0.0314,0.02849
Time,s,21,0.02899,0.03884,0.03041,0.029
Time,s,21,0.02942,0.03446,0.03063,0.02837
Time,s,21,0.02878,0.032,0.03028,0.02831
Time,s,21,0.02855,0.03254,0.03096,0.02892
Time,s,21,0.029,0.03208,0.03245,0.02797
Time,s,21,0.02885,0.03134,0.03358,0.02798
Time,s,21,0.02809,0.03156,0.03064,0.02803
Time,s,21,0.02835,0.03144,0.03022,0.02768
Time,s,21,0.0287,0.03111,0.03178,0.02802
Time,s,21,0.0288,0.03207,0.03125,0.02854
Time,s,21,0.02827,0.0318,0.03059,0.02913
Time,s,21,0.02804,0.03194,0.03331,0.02826
Time,s,21,0.02932,0.03195,0.03207,0.02829
Time,s,21,0.02857,0.03431,0.0308,0.02962
Time,s,21,0.02861,0.03801,0.0317,0.03053
Time,s,21,0.02931,0.03334,0.03089,0.03098
Time,s,21,0.03142,0.03448,0.03035,0.02894
Time,s,21,0.03562,0.03284,0.0303,0.02952
Time,s,21,0.03066,0.03239,0.02987,0.0276
Time,s,22,0.02975,0.03484,0.03119,0.02875
Time,s,22,0.02902,0.03264,0.03049,0.02837
Time,s,22,0.02944,0.03195,0.02969,0.0285
Time,s,22,0.02798,0.03233,0.0304,0.02752
Time,s,22,0.02869,0.03207,0.02987,0.02859
Time,s,22,0.02873,0.03357,0.03198,0.02829
Time,s,22,0.0365,0.03399,0.03499,0.02801
Time,s,22,0.02878,0.0329,0.03347,0.02841
Time,s,22,0.0291,0.03359,0.03097,0.03053
Time,s,22,0.02859,0.03242,0.0295,0.03298
Time,s,22,0.02847,0.04146,0.03034,0.0285
Time,s,22,0.02851,0.04176,0.03148,0.02817
Time,s,22,0.02893,0.03577,0.03051,0.02994
Time,s,22,0.03285,0.03372,0.03441,0.02822
Time,s,22,0.03936,0.03192,0.03595,0.02767
Time,s,22,0.03433,0.03177,0.03271,0.028
Time,s,22,0.03092,0.03089,0.03125,0.02845
Time,s,22,0.0297,0.03044,0.03034,0.02832
Time,s,22,0.02949,0.0301,0.03166,0.02919
Time,s,22,0.02857,0.03102,0.03079,0.02887
Time,s,22,0.02917,0.03128,0.03109,0.02964
Time,s,22,0.02887,0.03075,0.03152,0.0361
Time,s,22,0.02947,0.03101,0.03073,0.03277
Time,s,22,0.0283,0.03035,0.02959,0.02933
Time,s,22,0.0292,0.0304,0.03062,0.02882
Time,s,22,0.02846,0.03028,0.03029,0.02848
Time,s,22,0.02883,0.03535,0.03009,0.0287
Time,s,22,0.02903,0.03496,0.03081,0.02897
Time,s,22,0.02921,0.0347,0.0312,0.03128
Time,s,22,0.02901,0.03229,0.03107,0.0301
Time,s,22,0.02943,0.03312,0.03448,0.02854
Time,s,22,0.02903,0.03095,0.03535,0.02859
Time,s,22,0.03185,0.03135,0.03258,0.02829
Time,s,22,0.03122,0.03344,0.03145,0.02827
Time,s,22,0.0296,0.03139,0.02973,0.02781
Time,s,22,0.02957,0.0308,0.02976,0.02855
Time,s,22,0.02863,0.03,0.03017,0.02807
Time,s,22,0.02872,0.03071,0.02916,0.02832
Time,s,22,0.0296,0.03108,0.02995,0.02762
Time,s,22,0.02918,0.0314,0.02981,0.02863
Time,s,22,0.02912,0.03314,0.0299,0.02808
Time,s,22,0.02935,0.03986,0.03034,0.02817
Time,s,22,0.02857,0.03708,0.03,0.02841
Time,s,22,0.02865,0.04429,0.02943,0.02752
Time,s,22,0.02879,0.04447,0.03139,0.02826
Time,s,22,0.02942,0.04304,0.03094,0.02828
Time,s,22,0.02824,0.04026,0.0305,0.02999
Time,s,22,0.02924,0.03764,0.03096,0.02867
Time,s,22,0.02907,0.03445,0.03014,0.02779
Time,s,22,0.03025,0.03337,0.03114,0.02767
Time,s,22,0.03085,0.03209,0.03078,0.02913
Time,s,22,0.03654,0.03129,0.03025,0.02813
Time,s,22,0.03053,0.03484,0.03013,0.02822
Time,s,22,0.03015,0.04225,0.03127,0.02887
Time,s,22,0.02808,0.04429,0.03084,0.02917
Time,s,22,0.02878,0.04045,0.03153,0.02988
Time,s,22,0.02869,0.03684,0.03171,0.02811
Time,s,22,0.02894,0.03448,0.03115,0.02807
Time,s,22,0.02887,0.03258,0.03054,0.02868
Time,s,22,0.02814,0.03214,0.031,0.02886
Time,s,22,0.0285,0.03164,0.03047,0.02786
Time,s,22,0.02902,0.03128,0.0296,0.02818
Time,s,22,0.02866,0.03161,0.02964,0.02803
Time,s,22,0.02872,0.033,0.03009,0.02883
Time,s,22,0.02791,0.03154,0.03286,0.02947
Time,s,22,0.02824,0.03156,0.03251,0.02969
Time,s,22,0.02928,0.03069,0.0303,0.03293
Time,s,22,0.03003,0.03069,0.03031,0.03163
Time,s,22,0.02865,0.03161,0.03126,0.0293
Time,s,22,0.0299,0.03252,0.03033,0.02757
Time,s,22,0.02929,0.03458,0.02973,0.02769
Time,s,22,0.02919,0.03245,0.03005,0.0269
Time,s,22,0.02834,0.0403,0.02976,0.03018
Time,s,22,0.02851,0.03205,0.0296,0.0308
Time,s,22,0.02882,0.0329,0.03008,0.0312
Time,s,22,0.02973,0.03301,0.03029,0.03129
Time,s,22,0.02899,0.03205,0.02972,0.03015
Time,s,22,0.02911,0.03189,0.02943,0.0309
Time,s,22,0.02818,0.03075,0.02993,0.02978
Time,s,22,0.02866,0.03094,0.03008,0.03087
Time,s,22,0.02892,0.03172,0.0299,0.02973
Time,s,22,0.02984,0.03119,0.03043,0.03072
Time,s,22,0.02929,0.03069,0.03046,0.03091
Time,s,22,0.02916,0.03107,0.03334,0.03022
Time,s,22,0.03645,0.03249,0.03584,0.03099
Time,s,22,0.03681,0.03103,0.03171,0.03033
Time,s,22,0.03135,0.03044,0.03098,0.0302
Time,s,22,0.02866,0.03061,0.02986,0.03001
Time,s,22,0.02936,0.03096,0.0306,0.03138
Time,s,22,0.02894,0.03215,0.03196,0.02952
Time,s,22,0.02978,0.0321,0.03098,0.02955
Time,s,22,0.02865,0.03408,0.031,0.02985
Time,s,22,0.02939,0.03547,0.0308,0.0312
Time,s,22,0.02896,0.03157,0.03084,0.03018
Time,s,22,0.02882,0.03234,0.03159,0.03054
Time,s,22,0.02878,0.03209,0.0318,0.03137
Time,s,22,0.0287,0.03248,0.0323,0.03083
Time,s,22,0.02853,0.03143,0.03322,0.03148
Time,s,22,0.02895,0.03201,0.03148,0.03034
Time,s,22,0.02908,0.03111,0.03017,0.03028
Time,s,23,0.02938,0.03065,0.03151,0.03051
Time,s,23,0.03032,0.0311,0.03063,0.03
Time,s,23,0.02902,0.03128,0.03034,0.03222
Time,s,23,0.02867,0.03266,0.02987,0.03158
Time,s,23,0.02945,0.03274,0.02984,0.03008
Time,s,23,0.0318,0.0302,0.02971,0.0304
Time,s,23,0.03636,0.03165,0.03015,0.02998
Time,s,23,0.03004,0.03085,0.02999,0.03586
Time,s,23,0.02897,0.03116,0.02996,0.04351
Time,s,23,0.02907,0.03103,0.02997,0.03847
Time,s,23,0.02808,0.0307,0.03057,0.0338
Time,s,23,0.0296,0.03121,0.0297,0.0311
Time,s,23,0.02803,0.03416,0.02967,0.03049
Time,s,23,0.02913,0.03218,0.02987,0.03081
Time,s,23,0.02917,0.03073,0.02962,0.03042
Time,s,23,0.02927,0.03048,0.02993,0.03064
Time,s,23,0.02921,0.03075,0.02954,0.03065
Time,s,23,0.02883,0.03131,0.02984,0.03008
Time,s,23,0.02868,0.03148,0.03029,0.03068
Time,s,23,0.02877,0.03126,0.02964,0.03222
Time,s,23,0.02891,0.03104,0.0299,0.03649
Time,s,23,0.02973,0.03177,0.02922,0.03236
Time,s,23,0.02892,0.03046,0.02982,0.03079
Time,s,23,0.02894,0.0306,0.02976,0.03049
Time,s,23,0.02863,0.03056,0.03086,0.02976
Time,s,23,0.02942,0.03058,0.02988,0.03703
Time,s,23,0.02911,0.03216,0.03101,0.03993
Time,s,23,0.02933,0.03284,0.02987,0.03575
Time,s,23,0.02843,0.03131,0.03114,0.03289
Time,s,23,0.02951,0.03143,0.03025,0.03023
Time,s,23,0.02923,0.03023,0.0317,0.02946
Time,s,23,0.0285,0.03288,0.02998,0.02945
Time,s,23,0.02839,0.03108,0.03037,0.03034
Time,s,23,0.02798,0.03124,0.03054,0.03027
Time,s,23,0.02896,0.03041,0.0299,0.02918
Time,s,23,0.02979,0.02979,0.03017,0.03032
Time,s,23,0.02884,0.03088,0.0345,0.03122
Time,s,23,0.02847,0.03176,0.03493,0.03124
Time,s,23,0.02901,0.03362,0.03993,0.0294
Time,s,23,0.02998,0.03218,0.03927,0.02974
Time,s,23,0.02922,0.03117,0.03367,0.02914
Time,s,23,0.02871,0.03117,0.0314,0.02961
Time,s,23,0.03058,0.03297,0.03047,0.02939
Time,s,23,0.02899,0.03586,0.03005,0.029
Time,s,23,0.02924,0.03145,0.02981,0.02905
Time,s,23,0.02874,0.03164,0.03052,0.02895
Time,s,23,0.02915,0.03065,0.03164,0.02925
Time,s,23,0.02862,0.03096,0.03031,0.02941
Time,s,23,0.02927,0.03061,0.0301,0.0293
Time,s,23,0.02818,0.03158,0.03165,0.02913
Time,s,23,0.02922,0.03046,0.03211,0.02947
Time,s,23,0.02882,0.03028,0.03029,0.02904
Time,s,23,0.02818,0.03157,0.0303,0.02939
Time,s,23,0.02809,0.03248,0.03081,0.02965
Time,s,23,0.02843,0.03259,0.02931,0.02989
Time,s,23,0.02874,0.03199,0.0442,0.03034
Time,s,23,0.02892,0.03051,0.05799,0.02974
Time,s,23,0.02886,0.03156,0.046,0.02947
Time,s,23,0.02881,0.03776,0.03453,0.02967
Time,s,23,0.03044,0.03509,0.0328,0.02989
Time,s,23,0.02994,0.03243,0.03348,0.03233
Time,s,23,0.0346,0.03111,0.03214,0.03196
Time,s,23,0.031,0.03162,0.03004,0.03052
Time,s,23,0.03003,0.03087,0.03011,0.02953
Time,s,23,0.02962,0.03227,0.04141,0.0295
Time,s,23,0.02917,0.03205,0.03658,0.02937
Time,s,23,0.02945,0.03067,0.03143,0.0289
Time,s,23,0.02941,0.03066,0.0302,0.02967
Time,s,23,0.02906,0.03144,0.0333,0.029
Time,s,23,0.02991,0.03104,0.03493,0.02948
Time,s,23,0.02891,0.03176,0.03374,0.02921
Time,s,23,0.02838,0.0329,0.03203,0.02971
Time,s,23,0.02824,0.03439,0.03039,0.03075
Time,s,23,0.02906,0.03442,0.02997,0.03595
Time,s,23,0.02855,0.03216,0.02982,0.0305
Time,s,23,0.02968,0.03237,0.03017,0.02994
Time,s,23,0.03706,0.0303,0.03029,0.02879
Time,s,23,0.02868,0.03113,0.03059,0.02944
Time,s,23,0.02978,0.03195,0.03033,0.02894
Time,s,23,0.02946,0.0362,0.03094,0.02911
Time,s,23,0.02937,0.04487,0.03021,0.029
Time,s,23,0.0304,0.03737,0.03004,0.02924
Time,s,23,0.02888,0.03363,0.03094,0.02839
Time,s,23,0.02994,0.03226,0.02984,0.02961
Time,s,23,0.02904,0.03157,0.02996,0.02897
Time,s,23,0.03017,0.03104,0.03262,0.02864
Time,s,23,0.02964,0.03079,0.03656,0.02894
Time,s,23,0.0291,0.03049,0.03181,0.02948
Time,s,23,0.02936,0.03044,0.03037,0.02894
Time,s,23,0.02897,0.0304,0.03067,0.02978
Time,s,23,0.02852,0.03182,0.03019,0.03027
Time,s,23,0.02897,0.03212,0.03332,0.02937
Time,s,23,0.02874,0.03369,0.03113,0.02979
Time,s,23,0.02873,0.03837,0.04027,0.02897
Time,s,23,0.02939,0.0331,0.03069,0.03003
Time,s,23,0.02916,0.03203,0.03062,0.032
Time,s,23,0.02988,0.03194,0.03004,0.03033
Time,s,23,0.02897,0.0328,0.03009,0.02928
Time,s,23,0.02846,0.03256,0.03077,0.02922
Time,s,23,0.02799,0.03146,0.03103,0.02869
Time,s,24,0.02936,0.03079,0.03099,0.02966
Time,s,24,0.02992,0.0311,0.03047,0.02873
Time,s,24,0.02924,0.03113,0.03063,0.0297
Time,s,24,0.03095,0.03091,0.03132,0.02938
Time,s,24,0.03022,0.03149,0.03092,0.0298
Time,s,24,0.02977,0.03467,0.03105,0.02899
Time,s,24,0.02863,0.0379,0.03031,0.02942
Time,s,24,0.02865,0.03344,0.02998,0.02996
Time,s,24,0.02905,0.03407,0.03038,0.03016
Time,s,24,0.02873,0.03147,0.03006,0.02923
Time,s,24,0.02928,0.0321,0.02985,0.03
Time,s,24,0.02899,0.03158,0.03059,0.02922
Time,s,24,0.02915,0.03078,0.03046,0.02924
Time,s,24,0.02872,0.03092,0.03001,0.02844
Time,s,24,0.02967,0.03188,0.03013,0.03044
Time,s,24,0.03253,0.03221,0.02955,0.02978
Time,s,24,0.03394,0.0309,0.02972,0.02966
Time,s,24,0.03239,0.03066,0.03012,0.02851
Time,s,24,0.02791,0.0303,0.03031,0.02887
Time,s,24,0.02876,0.03069,0.03023,0.02874
Time,s,24,0.02948,0.03064,0.03016,0.02922
Time,s,24,0.02923,0.0299,0.03048,0.02852
Time,s,24,0.03073,0.03074,0.03048,0.0294
Time,s,24,0.029,0.03032,0.03108,0.02976
Time,s,24,0.02936,0.02976,0.03135,0.0286
Time,s,24,0.02932,0.03043,0.03197,0.02946
Time,s,24,0.02866,0.0305,0.0313,0.0299
Time,s,24,0.02873,0.03213,0.0299,0.03169
Time,s,24,0.02906,0.03304,0.02997,0.03401
Time,s,24,0.02886,0.03938,0.0311,0.03174
Time,s,24,0.02933,0.03209,0.03155,0.02992
Time,s,24,0.02838,0.03271,0.03064,0.03086
Time,s,24,0.02949,0.03122,0.02942,0.02931
Time,s,24,0.03,0.03057,0.03027,0.02953
Time,s,24,0.02914,0.03042,0.02994,0.02952
Time,s,24,0.02793,0.03018,0.02973,0.02888
Time,s,24,0.02855,0.03063,0.03027,0.03103
Time,s,24,0.03005,0.03006,0.03105,0.02973
Time,s,24,0.02878,0.03207,0.03463,0.02869
Time,s,24,0.02899,0.03125,0.03313,0.02882
Time,s,24,0.0293,0.03234,0.03116,0.02903
Time,s,24,0.02983,0.03188,0.03001,0.02879
Time,s,24,0.02882,0.03195,0.03037,0.0288
Time,s,24,0.02876,0.03267,0.02939,0.02986
Time,s,24,0.02847,0.03759,0.02962,0.03007
Time,s,24,0.02855,0.03301,0.02941,0.02933
Time,s,24,0.02852,0.03243,0.03005,0.02909
Time,s,24,0.02876,0.03137,0.03023,0.02999
Time,s,24,0.02902,0.03131,0.0304,0.02987
Time,s,24,0.02906,0.03132,0.03027,0.02939
Time,s,24,0.02865,0.03164,0.0307,0.0299
Time,s,24,0.03014,0.03119,0.0306,0.02933
Time,s,24,0.02957,0.03032,0.03047,0.02855
Time,s,24,0.02916,0.03056,0.0315,0.02882
Time,s,24,0.0284,0.03075,0.03054,0.02916
Time,s,24,0.02909,0.0308,0.0308,0.02886
Time,s,24,0.02807,0.03052,0.03185,0.0298
Time,s,24,0.02866,0.02999,0.03183,0.02873
Time,s,24,0.02927,0.03039,0.03088,0.02859
Time,s,24,0.02858,0.03022,0.02934,0.0294
Time,s,24,0.02949,0.03029,0.02981,0.0289
Time,s,24,0.03042,0.03046,0.03218,0.02893
Time,s,24,0.03066,0.03282,0.03115,0.02993
Time,s,24,0.02897,0.03064,0.03002,0.03031
Time,s,24,0.02867,0.03126,0.03127,0.02894
Time,s,24,0.02949,0.03199,0.03068,0.02943
Time,s,24,0.02877,0.03229,0.0308,0.02915
Time,s,24,0.02865,0.03186,0.02998,0.03018
Time,s,24,0.02915,0.03738,0.03071,0.03119
Time,s,24,0.02825,0.03925,0.03072,0.02957
Time,s,24,0.03173,0.03452,0.02989,0.02906
Time,s,24,0.03406,0.03145,0.03016,0.02908
Time,s,24,0.03614,0.0309,0.03018,0.02901
Time,s,24,0.03025,0.03004,0.03054,0.02935
Time,s,24,0.02944,0.03225,0.03095,0.02918
Time,s,24,0.02876,0.03158,0.03087,0.02888
Time,s,24,0.02907,0.03288,0.03102,0.02905
Time,s,24,0.02918,0.03253,0.03046,0.02886
Time,s,24,0.02878,0.03359,0.03102,0.02913
Time,s,24,0.02901,0.03312,0.0298,0.02987
Time,s,24,0.03,0.03195,0.02961,0.02969
Time,s,24,0.0286,0.0313,0.03038,0.03176
Time,s,24,0.02956,0.03123,0.03007,0.03481
Time,s,24,0.02869,0.0307,0.02991,0.03013
Time,s,24,0.02836,0.03137,0.03052,0.02959
Time,s,24,0.02907,0.0314,0.03011,0.02841
Time,s,24,0.02956,0.03129,0.02952,0.02894
Time,s,24,0.02968,0.03105,0.02978,0.02938
Time,s,24,0.03026,0.03037,0.03007,0.02988
Time,s,24,0.02908,0.03115,0.03152,0.02886
Time,s,24,0.02838,0.03103,0.03019,0.02877
Time,s,24,0.02922,0.03029,0.03345,0.02878
Time,s,24,0.02885,0.03,0.03438,0.02959
Time,s,24,0.0296,0.03031,0.03079,0.02953
Time,s,24,0.02902,0.03147,0.03036,0.0289
Time,s,24,0.02904,0.03761,0.03054,0.02935
Time,s,24,0.02921,0.03294,0.03197,0.03064
Time,s,24,0.02881,0.03171,0.02959,0.03009
Time,s,24,0.02962,0.03081,0.03024,0.02924
Time,s,24,0.02952,0.03213,0.03103,0.02878
Time,s,25,0.0293,0.03164,0.03237,0.0292
Time,s,25,0.02875,0.03171,0.0307,0.02911
Time,s,25,0.02987,0.03107,0.0303,0.02926
Time,s,25,0.02849,0.03136,0.02971,0.02913
Time,s,25,0.02943,0.03085,0.03004,0.03714
Time,s,25,0.02958,0.03288,0.03232,0.0326
Time,s,25,0.02956,0.03101,0.031,0.03013
Time,s,25,0.03018,0.03066,0.03042,0.02978
Time,s,25,0.02869,0.03177,0.02992,0.02891
Time,s,25,0.02822,0.03295,0.03157,0.02939
Time,s,25,0.02883,0.03188,0.03005,0.02997
Time,s,25,0.02863,0.03281,0.03066,0.02975
Time,s,25,0.02945,0.0312,0.02991,0.02971
Time,s,25,0.02975,0.03112,0.03095,0.02986
Time,s,25,0.02877,0.03011,0.02974,0.02861
Time,s,25,0.0289,0.03071,0.03,0.02946
Time,s,25,0.02877,0.03057,0.03086,0.03003
Time,s,25,0.02844,0.02985,0.02928,0.02976
Time,s,25,0.02893,0.03053,0.02978,0.02909
Time,s,25,0.02891,0.03143,0.03027,0.02862
Time,s,25,0.02883,0.03143,0.02957,0.02939
Time,s,25,0.02902,0.03146,0.0305,0.02943
Time,s,25,0.02978,0.03062,0.03033,0.03106
Time,s,25,0.0285,0.03071,0.03032,0.03048
Time,s,25,0.02913,0.03073,0.03053,0.0302
Time,s,25,0.0311,0.03057,0.02994,0.02938
Time,s,25,0.03138,0.03066,0.02948,0.02978
Time,s,25,0.03343,0.03067,0.03031,0.02962
Time,s,25,0.03078,0.03028,0.02969,0.02977
Time,s,25,0.0295,0.03117,0.03034,0.02943
Time,s,25,0.02904,0.0315,0.03009,0.03067
Time,s,25,0.02928,0.03338,0.03129,0.02988
Time,s,25,0.02899,0.03224,0.0308,0.02894
Time,s,25,0.02964,0.03217,0.0303,0.02926
Time,s,25,0.02866,0.03274,0.03012,0.0285
Time,s,25,0.03006,0.03211,0.03117,0.03196
Time,s,25,0.03034,0.0307,0.03079,0.032
Time,s,25,0.03074,0.0315,0.03021,0.03036
Time,s,25,0.02999,0.03083,0.02997,0.02907
Time,s,25,0.0301,0.03078,0.03016,0.0294
Time,s,25,0.02923,0.03267,0.02901,0.03039
Time,s,25,0.02913,0.03213,0.03015,0.0287
Time,s,25,0.02969,0.03149,0.02925,0.02915
Time,s,25,0.02872,0.03133,0.03132,0.02886
Time,s,25,0.03056,0.03034,0.03763,0.02947
Time,s,25,0.029,0.03018,0.03208,0.02941
Time,s,25,0.03695,0.03427,0.03046,0.02882
Time,s,25,0.02863,0.03816,0.03111,0.029
Time,s,25,0.02935,0.03296,0.03054,0.02922
Time,s,25,0.02889,0.03331,0.0299,0.02906
Time,s,25,0.02883,0.03218,0.0297,0.02922
Time,s,25,0.02903,0.0323,0.03008,0.02887
Time,s,25,0.02901,0.03263,0.03088,0.03014
Time,s,25,0.02955,0.0314,0.03082,0.03026
Time,s,25,0.02902,0.03145,0.03067,0.02876
Time,s,25,0.02904,0.03075,0.03069,0.02901
Time,s,25,0.0284,0.03112,0.04011,0.0295
Time,s,25,0.02934,0.0309,0.03161,0.02969
Time,s,25,0.02871,0.03115,0.03105,0.02893
Time,s,25,0.02914,0.03107,0.02997,0.02975
Time,s,25,0.02853,0.03187,0.03021,0.02969
Time,s,25,0.03078,0.03394,0.02984,0.02896
Time,s,25,0.02882,0.03218,0.02921,0.02894
Time,s,25,0.02916,0.03071,0.02986,0.02922
Time,s,25,0.02953,0.03115,0.02936,0.03022
Time,s,25,0.02916,0.03055,0.0295,0.02909
Time,s,25,0.02867,0.02931,0.03253,0.02925
Time,s,25,0.02844,0.03136,0.03101,0.0291
Time,s,25,0.02917,0.03253,0.03031,0.02914
Time,s,25,0.02864,0.0314,0.03011,0.02878
Time,s,25,0.02913,0.03044,0.03006,0.02879
Time,s,25,0.02942,0.03028,0.03224,0.02855
Time,s,25,0.03076,0.03271,0.03042,0.02904
Time,s,25,0.03115,0.03251,0.0295,0.02915
Time,s,25,0.02926,0.03184,0.03024,0.03038
Time,s,25,0.02916,0.03021,0.02971,0.02953
Time,s,25,0.02902,0.03023,0.02984,0.02948
Time,s,25,0.03301,0.03057,0.0306,0.03114
Time,s,25,0.03632,0.0301,0.02952,0.02973
Time,s,25,0.04006,0.02982,0.03058,0.02837
Time,s,25,0.04109,0.03211,0.03096,0.02904
Time,s,25,0.04019,0.03241,0.0297,0.02929
Time,s,25,0.0324,0.0329,0.03038,0.02921
Time,s,25,0.03034,0.0319,0.03081,0.02913
Time,s,25,0.02925,0.03024,0.02997,0.02873
Time,s,25,0.02987,0.02961,0.03019,0.02818
Time,s,25,0.02898,0.03006,0.03007,0.03027
Time,s,25,0.02973,0.03128,0.03157,0.02941
Time,s,25,0.02904,0.03099,0.03085,0.03057
Time,s,25,0.02931,0.03054,0.03021,0.03063
Time,s,25,0.02872,0.03106,0.02918,0.03472
Time,s,25,0.02937,0.03005,0.02992,0.03045
Time,s,25,0.02866,0.03008,0.02993,0.02917
Time,s,25,0.0295,0.02993,0.02988,0.02918
Time,s,25,0.02974,0.03165,0.03022,0.02929
Time,s,25,0.02883,0.03053,0.02992,0.02876
Time,s,25,0.0313,0.02976,0.03115,0.02836
Time,s,25,0.02937,0.03127,0.03624,0.02991
Time,s,25,0.02907,0.03518,0.03062,0.03086
Time,s,25,0.02905,0.03319,0.02996,0.02868
Time,s,26,0.02907,0.03121,0.03053,0.02973
Time,s,26,0.02978,0.03147,0.03222,0.02871
Time,s,26,0.02912,0.03123,0.02973,0.02904
Time,s,26,0.02899,0.03006,0.03034,0.02922
Time,s,26,0.02929,0.03123,0.0296,0.02931
Time,s,26,0.03022,0.03232,0.03002,0.02903
Time,s,26,0.02973,0.03149,0.03174,0.02983
Time,s,26,0.0302,0.03073,0.0313,0.02937
Time,s,26,0.02938,0.03156,0.02966,0.02881
Time,s,26,0.0294,0.03081,0.03033,0.02952
Time,s,26,0.02897,0.03006,0.0317,0.02923
Time,s,26,0.02884,0.03167,0.03133,0.02939
Time,s,26,0.02879,0.03299,0.02983,0.02937
Time,s,26,0.02906,0.03285,0.03007,0.03021
Time,s,26,0.02875,0.03227,0.02966,0.02966
Time,s,26,0.02943,0.03152,0.02938,0.02928
Time,s,26,0.02893,0.03089,0.03026,0.02886
Time,s,26,0.02977,0.03055,0.02998,0.03086
Time,s,26,0.02923,0.03507,0.03102,0.02932
Time,s,26,0.02852,0.0359,0.03142,0.02883
Time,s,26,0.029,0.03677,0.03128,0.02902
Time,s,26,0.02905,0.03446,0.02965,0.02863
Time,s,26,0.02934,0.03344,0.03026,0.0294
Time,s,26,0.02845,0.03204,0.02981,0.02897
Time,s,26,0.0297,0.035,0.03656,0.02976
Time,s,26,0.02901,0.03308,0.03124,0.03023
Time,s,26,0.02975,0.03265,0.02972,0.03024
Time,s,26,0.02917,0.03209,0.03033,0.0289
Time,s,26,0.02922,0.03164,0.0303,0.02949
Time,s,26,0.02815,0.03214,0.02961,0.02922
Time,s,26,0.0287,0.0317,0.02988,0.03096
Time,s,26,0.02852,0.03287,0.02993,0.03033
Time,s,26,0.02866,0.03471,0.02957,0.02996
Time,s,26,0.02994,0.03251,0.04081,0.02974
Time,s,26,0.02971,0.03454,0.03451,0.0289
Time,s,26,0.03228,0.03467,0.0324,0.02899
Time,s,26,0.03236,0.03305,0.03198,0.02845
Time,s,26,0.03076,0.03249,0.0296,0.02884
Time,s,26,0.02906,0.0323,0.02987,0.0293
Time,s,26,0.02926,0.03273,0.03024,0.02982
Time,s,26,0.02961,0.03305,0.03018,0.02863
Time,s,26,0.02923,0.0322,0.03058,0.02914
Time,s,26,0.02854,0.03156,0.03113,0.02861
Time,s,26,0.02944,0.03235,0.02957,0.02966
Time,s,26,0.02894,0.03262,0.02926,0.0356
Time,s,26,0.02838,0.03261,0.0312,0.03071
Time,s,26,0.02892,0.03385,0.02986,0.03023
Time,s,26,0.02811,0.03921,0.03022,0.02947
Time,s,26,0.02913,0.03499,0.03064,0.02928
Time,s,26,0.02898,0.03339,0.0344,0.02928
Time,s,26,0.02837,0.03301,0.03187,0.03022
Time,s,26,0.02867,0.03172,0.03153,0.02953
Time,s,26,0.02859,0.0316,0.03129,0.02906
Time,s,26,0.02835,0.03194,0.03117,0.0298
Time,s,26,0.03016,0.03128,0.03067,0.02897
Time,s,26,0.02947,0.0322,0.03002,0.0294
Time,s,26,0.02894,0.03212,0.0302,0.02937
Time,s,26,0.02913,0.03236,0.02959,0.02895
Time,s,26,0.0293,0.03188,0.02996,0.02974
Time,s,26,0.02854,0.03074,0.02961,0.02897
Time,s,26,0.02857,0.03141,0.02951,0.03033
Time,s,26,0.02908,0.03121,0.03005,0.03027
Time,s,26,0.0289,0.03199,0.02987,0.02957
Time,s,26,0.02829,0.03196,0.03213,0.02902
Time,s,26,0.02918,0.03189,0.0309,0.02934
Time,s,26,0.02829,0.03213,0.03088,0.03183
Time,s,26,0.02843,0.03325,0.0299,0.0433
Time,s,26,0.0295,0.03348,0.03002,0.03653
Time,s,26,0.02858,0.03314,0.02974,0.0324
Time,s,26,0.02926,0.03188,0.03014,0.02988
Time,s,26,0.03049,0.03206,0.03099,0.0293
Time,s,26,0.02945,0.03229,0.03118,0.02874
Time,s,26,0.02858,0.03305,0.03434,0.02903
Time,s,26,0.02896,0.03255,0.03759,0.02969
Time,s,26,0.03002,0.03317,0.03328,0.03011
Time,s,26,0.02954,0.0362,0.03108,0.02941
Time,s,26,0.02914,0.03688,0.03072,0.02982
Time,s,26,0.02851,0.03651,0.03154,0.02964
Time,s,26,0.02877,0.03728,0.03056,0.02925
Time,s,26,0.02842,0.03825,0.02979,0.02952
Time,s,26,0.02803,0.04084,0.02994,0.03028
Time,s,26,0.02962,0.03875,0.02895,0.02944
Time,s,26,0.0294,0.03905,0.03024,0.03036
Time,s,26,0.02907,0.03861,0.03055,0.03053
Time,s,26,0.02876,0.03802,0.03082,0.03225
Time,s,26,0.02918,0.03782,0.03746,0.03173
Time,s,26,0.02815,0.0375,0.04141,0.02976
Time,s,26,0.02848,0.03813,0.03559,0.02935
Time,s,26,0.02834,0.03728,0.0324,0.02949
Time,s,26,0.02862,0.03784,0.03122,0.02958
Time,s,26,0.03044,0.03688,0.03009,0.02942
Time,s,26,0.03005,0.03684,0.03021,0.02992
Time,s,26,0.03489,0.03728,0.02963,0.02947
Time,s,26,0.03058,0.04282,0.02999,0.03031
Time,s,26,0.02901,0.04066,0.03062,0.03057
Time,s,26,0.02899,0.03999,0.03042,0.03056
Time,s,26,0.03035,0.03923,0.03046,0.03356
Time,s,26,0.02985,0.03865,0.03091,0.03477
Time,s,26,0.02844,0.0386,0.03055,0.03429
Time,s,26,0.0284,0.0363,0.03125,0.03075
Time,s,27,0.02919,0.03341,0.03079,0.03007
Time,s,27,0.029,0.03246,0.03462,0.03037
Time,s,27,0.02936,0.03199,0.03364,0.02943
Time,s,27,0.02879,0.03157,0.03123,0.02994
Time,s,27,0.02845,0.03166,0.03066,0.0299
Time,s,27,0.02911,0.03211,0.03172,0.03005
Time,s,27,0.02939,0.0328,0.03136,0.02958
Time,s,27,0.02994,0.03206,0.03193,0.02922
Time,s,27,0.02984,0.03195,0.03159,0.02915
Time,s,27,0.0299,0.03335,0.03125,0.02963
Time,s,27,0.02927,0.04136,0.03075,0.02949
Time,s,27,0.02891,0.04414,0.03281,0.02942
Time,s,27,0.02899,0.0385,0.03156,0.03001
Time,s,27,0.02891,0.03466,0.0307,0.02945
Time,s,27,0.02902,0.03296,0.03142,0.02912
Time,s,27,0.02995,0.03322,0.03284,0.02912
Time,s,27,0.02854,0.03177,0.03259,0.02961
Time,s,27,0.02908,0.0332,0.0399,0.0296
Time,s,27,0.0286,0.03243,0.03096,0.02952
Time,s,27,0.02937,0.03177,0.03046,0.03048
Time,s,27,0.02931,0.03251,0.03091,0.02949
Time,s,27,0.03008,0.03305,0.03085,0.03067
Time,s,27,0.02985,0.04328,0.03093,0.03251
Time,s,27,0.02886,0.04215,0.03113,0.03031
Time,s,27,0.02936,0.03733,0.03054,0.03025
Time,s,27,0.02858,0.03542,0.03154,0.02976
Time,s,27,0.02876,0.03409,0.03193,0.02938
Time,s,27,0.02857,0.03266,0.03027,0.02946
Time,s,27,0.02862,0.03227,0.0304,0.02929
Time,s,27,0.02973,0.03261,0.0312,0.03027
Time,s,27,0.02894,0.03268,0.0294,0.02958
Time,s,27,0.02896,0.03298,0.03097,0.03238
Time,s,27,0.02936,0.03273,0.03026,0.0318
Time,s,27,0.02912,0.03243,0.03026,0.03008
Time,s,27,0.02919,0.03282,0.03038,0.02948
Time,s,27,0.02935,0.03398,0.03089,0.02979
Time,s,27,0.0294,0.03306,0.03107,0.03036
Time,s,27,0.02859,0.03218,0.02999,0.03133
Time,s,27,0.02892,0.03388,0.03092,0.03031
Time,s,27,0.02888,0.03719,0.03009,0.0297
Time,s,27,0.02917,0.03576,0.03252,0.03019
Time,s,27,0.02938,0.03347,0.03196,0.03009
Time,s,27,0.03039,0.03274,0.03104,0.02938
Time,s,27,0.03095,0.03282,0.03085,0.03041
Time,s,27,0.03062,0.03174,0.03165,0.02911
Time,s,27,0.02996,0.03268,0.03054,0.02991
Time,s,27,0.03115,0.03243,0.03051,0.02948
Time,s,27,0.03031,0.03321,0.03291,0.02984
Time,s,27,0.03367,0.0324,0.03204,0.0295
Time,s,27,0.03063,0.0326,0.03066,0.03004
Time,s,27,0.02915,0.03291,0.03035,0.02895
Time,s,27,0.02908,0.03372,0.03064,0.03185
Time,s,27,0.0286,0.03405,0.03086,0.03402
Time,s,27,0.02877,0.0326,0.03169,0.03065
Time,s,27,0.02824,0.03226,0.0369,0.03021
Time,s,27,0.02911,0.03225,0.03152,0.03017
Time,s,27,0.02937,0.03153,0.03123,0.03062
Time,s,27,0.02908,0.03182,0.03074,0.02896
Time,s,27,0.02934,0.03273,0.03061,0.03097
Time,s,27,0.02975,0.03117,0.03174,0.03078
Time,s,27,0.02989,0.03201,0.03069,0.02938
Time,s,27,0.03019,0.03146,0.03073,0.03016
Time,s,27,0.02921,0.0318,0.03207,0.03025
Time,s,27,0.02923,0.03175,0.03065,0.03048
Time,s,27,0.02919,0.03214,0.03017,0.03166
Time,s,27,0.02903,0.03185,0.03048,0.02988
Time,s,27,0.02954,0.03279,0.03033,0.02963
Time,s,27,0.02907,0.03193,0.03122,0.03088
Time,s,27,0.02895,0.0319,0.03231,0.03137
Time,s,27,0.02902,0.03261,0.03063,0.03091
Time,s,27,0.02897,0.03254,0.03028,0.0306
Time,s,27,0.02959,0.03224,0.03075,0.02916
Time,s,27,0.02928,0.0322,0.03003,0.02971
Time,s,27,0.0292,0.03564,0.03017,0.02976
Time,s,27,0.02891,0.03411,0.03005,0.03007
Time,s,27,0.02866,0.03231,0.03181,0.03007
Time,s,27,0.03004,0.032,0.03114,0.03058
Time,s,27,0.02969,0.0322,0.03119,0.03023
Time,s,27,0.03068,0.03277,0.03078,0.02962
Time,s,27,0.02931,0.0321,0.03204,0.03177
Time,s,27,0.03055,0.03224,0.03264,0.03486
Time,s,27,0.03025,0.03215,0.03198,0.03254
Time,s,27,0.02942,0.03329,0.0315,0.03061
Time,s,27,0.02896,0.03444,0.03176,0.03027
Time,s,27,0.02917,0.03313,0.03077,0.02957
Time,s,27,0.02897,0.03223,0.0298,0.02987
Time,s,27,0.02884,0.03181,0.03006,0.02934
Time,s,27,0.02915,0.03283,0.03109,0.03006
Time,s,27,0.02899,0.03668,0.03042,0.02978
Time,s,27,0.0287,0.03546,0.03014,0.03041
Time,s,27,0.02899,0.03421,0.0306,0.03022
Time,s,27,0.02879,0.03271,0.03008,0.03169
Time,s,27,0.02853,0.03226,0.0305,0.02999
Time,s,27,0.02819,0.03243,0.03059,0.03003
Time,s,27,0.02953,0.03219,0.03095,0.03133
Time,s,27,0.02942,0.03238,0.03101,0.02971
Time,s,27,0.03049,0.033,0.03126,0.03078
Time,s,27,0.02955,0.03198,0.03076,0.03118
Time,s,27,0.02934,0.03192,0.03064,0.03058
Time,s,27,0.02899,0.03247,0.03061,0.03014
Time,s,28,0.0289,0.03337,0.03016,0.03025
Time,s,28,0.02946,0.03292,0.03031,0.02975
Time,s,28,0.03177,0.03313,0.03006,0.03014
Time,s,28,0.02994,0.03227,0.03052,0.0303
Time,s,28,0.03507,0.03206,0.0303,0.03081
Time,s,28,0.0304,0.03325,0.03077,0.03404
Time,s,28,0.03031,0.03322,0.03071,0.03212
Time,s,28,0.02834,0.03318,0.03203,0.02938
Time,s,28,0.02905,0.03313,0.03526,0.03031
Time,s,28,0.02863,0.03364,0.03153,0.02987
Time,s,28,0.0298,0.03322,0.03051,0.02925
Time,s,28,0.02981,0.03348,0.03295,0.03015
Time,s,28,0.02903,0.03436,0.03365,0.02957
Time,s,28,0.02899,0.03485,0.03216,0.02979
Time,s,28,0.02929,0.03403,0.03148,0.02961
Time,s,28,0.02902,0.0333,0.0306,0.03006
Time,s,28,0.02931,0.03402,0.03053,0.02979
Time,s,28,0.03085,0.03439,0.03064,0.02968
Time,s,28,0.02999,0.03413,0.03192,0.02868
Time,s,28,0.02936,0.033,0.03189,0.02985
Time,s,28,0.0288,0.03318,0.03047,0.02985
Time,s,28,0.02917,0.03499,0.03116,0.03086
Time,s,28,0.02881,0.03473,0.03337,0.02981
Time,s,28,0.0296,0.03542,0.03092,0.02992
Time,s,28,0.02954,0.03353,0.0303,0.03015
Time,s,28,0.0293,0.03345,0.03036,0.02958
Time,s,28,0.02883,0.03329,0.03067,0.02983
Time,s,28,0.02918,0.03352,0.02991,0.0295
Time,s,28,0.02912,0.03365,0.03095,0.02993
Time,s,28,0.02917,0.03354,0.03117,0.02924
Time,s,28,0.02911,0.03357,0.03045,0.0322
Time,s,28,0.02949,0.03343,0.03173,0.03128
Time,s,28,0.02952,0.0325,0.03047,0.03002
Time,s,28,0.03024,0.03334,0.03071,0.03005
Time,s,28,0.02941,0.03408,0.03133,0.02962
Time,s,28,0.02955,0.03446,0.03084,0.02867
Time,s,28,0.0288,0.03406,0.02986,0.02952
Time,s,28,0.02883,0.03938,0.03026,0.02939
Time,s,28,0.02911,0.03696,0.03166,0.03025
Time,s,28,0.02896,0.03389,0.03109,0.03055
Time,s,28,0.02907,0.03319,0.03037,0.02995
Time,s,28,0.02946,0.03344,0.03123,0.02976
Time,s,28,0.0298,0.03562,0.03045,0.02961
Time,s,28,0.02896,0.03466,0.03051,0.03012
Time,s,28,0.0301,0.03288,0.03199,0.03014
Time,s,28,0.02981,0.03281,0.03263,0.03081
Time,s,28,0.02963,0.03333,0.03028,0.03107
Time,s,28,0.03003,0.0352,0.03317,0.03002
Time,s,28,0.02897,0.03444,0.03124,0.03038
Time,s,28,0.02833,0.0346,0.0309,0.02968
Time,s,28,0.02992,0.03388,0.03026,0.02973
Time,s,28,0.02886,0.03383,0.03138,0.02934
Time,s,28,0.02915,0.03343,0.03112,0.03014
Time,s,28,0.02906,0.03414,0.02993,0.02955
Time,s,28,0.03072,0.03353,0.03123,0.02949
Time,s,28,0.02975,0.03479,0.0309,0.02946
Time,s,28,0.02877,0.03374,0.03111,0.02966
Time,s,28,0.02994,0.03275,0.03091,0.02905
Time,s,28,0.03044,0.03303,0.03084,0.02944
Time,s,28,0.03255,0.03341,0.03039,0.0298
Time,s,28,0.03246,0.03343,0.03212,0.03631
Time,s,28,0.02977,0.03274,0.03739,0.02996
Time,s,28,0.0292,0.03319,0.0324,0.03004
Time,s,28,0.03012,0.03314,0.03087,0.03118
Time,s,28,0.02898,0.0328,0.03011,0.03035
Time,s,28,0.02959,0.03325,0.03055,0.02987
Time,s,28,0.03284,0.03389,0.03074,0.03073
Time,s,28,0.03702,0.03441,0.03141,0.02977
Time,s,28,0.03336,0.03386,0.03106,0.03009
Time,s,28,0.03007,0.03241,0.03148,0.02998
Time,s,28,0.02951,0.03515,0.03043,0.02984
Time,s,28,0.03004,0.03775,0.03046,0.02986
Time,s,28,0.02979,0.03549,0.03021,0.02951
Time,s,28,0.02964,0.03419,0.03013,0.03014
Time,s,28,0.02938,0.0336,0.03108,0.03065
Time,s,28,0.02918,0.03387,0.03241,0.03151
Time,s,28,0.02849,0.03333,0.03244,0.03051
Time,s,28,0.03067,0.03309,0.03306,0.0294
Time,s,28,0.03049,0.03341,0.03971,0.03034
Time,s,28,0.02998,0.03279,0.03114,0.03034
Time,s,28,0.02995,0.03434,0.03031,0.02955
Time,s,28,0.02964,0.03418,0.03026,0.02922
Time,s,28,0.02964,0.03552,0.03229,0.03025
Time,s,28,0.02987,0.03438,0.03181,0.03016
Time,s,28,0.03761,0.03378,0.0312,0.02934
Time,s,28,0.02926,0.03462,0.03093,0.03046
Time,s,28,0.02989,0.03852,0.03029,0.0291
Time,s,28,0.02892,0.03631,0.03042,0.02965
Time,s,28,0.02985,0.03559,0.03036,0.02949
Time,s,28,0.02916,0.03387,0.03139,0.02925
Time,s,28,0.03027,0.03389,0.03161,0.02923
Time,s,28,0.03048,0.03645,0.03024,0.02987
Time,s,28,0.02988,0.03607,0.03031,0.02957
Time,s,28,0.02889,0.03373,0.03128,0.0301
Time,s,28,0.02893,0.03326,0.03048,0.02915
Time,s,28,0.02996,0.03221,0.03063,0.03008
Time,s,28,0.02903,0.03392,0.03038,0.02931
Time,s,28,0.02953,0.03328,0.03126,0.0308
Time,s,28,0.02933,0.03384,0.03051,0.031
Time,s,28,0.02948,0.03468,0.03045,0.02972
Time,s,29,0.02936,0.03433,0.03141,0.03254
Time,s,29,0.03008,0.035,0.02977,0.03066
Time,s,29,0.02924,0.03379,0.0354,0.02938
Time,s,29,0.02967,0.03469,0.0405,0.0309
Time,s,29,0.02883,0.0335,0.03483,0.03014
Time,s,29,0.0296,0.03429,0.03226,0.03009
Time,s,29,0.02945,0.03367,0.03178,0.031
Time,s,29,0.02957,0.03282,0.03042,0.0301
Time,s,29,0.02972,0.03259,0.03074,0.02953
Time,s,29,0.02923,0.03382,0.03001,0.02966
Time,s,29,0.02938,0.03332,0.02942,0.03038
Time,s,29,0.03183,0.03292,0.02964,0.03022
Time,s,29,0.03206,0.03311,0.02901,0.02957
Time,s,29,0.03208,0.03321,0.03228,0.03152
Time,s,29,0.03336,0.03314,0.03347,0.03504
Time,s,29,0.03011,0.03463,0.03053,0.03015
Time,s,29,0.02961,0.03621,0.02929,0.03035
Time,s,29,0.02932,0.03531,0.03073,0.02928
Time,s,29,0.02918,0.03539,0.03076,0.02922
Time,s,29,0.02882,0.03536,0.03034,0.02884
Time,s,29,0.02905,0.03663,0.02956,0.0296
Time,s,29,0.02932,0.03422,0.02904,0.02863
Time,s,29,0.02835,0.03395,0.02903,0.02952
Time,s,29,0.02966,0.0336,0.02987,0.0294
Time,s,29,0.02879,0.03476,0.03024,0.03034
Time,s,29,0.02864,0.03336,0.03071,0.02873
Time,s,29,0.02898,0.03298,0.02992,0.02939
Time,s,29,0.03053,0.03362,0.03162,0.02955
Time,s,29,0.03004,0.03282,0.02955,0.02965
Time,s,29,0.02969,0.03262,0.02965,0.02954
Time,s,29,0.02931,0.0351,0.03,0.03077
Time,s,29,0.02915,0.03453,0.02901,0.02974
Time,s,29,0.03029,0.03461,0.02944,0.02978
Time,s,29,0.02873,0.03373,0.02958,0.0293
Time,s,29,0.0293,0.03509,0.02944,0.02923
Time,s,29,0.02884,0.03926,0.02959,0.02946
Time,s,29,0.02927,0.03465,0.03009,0.02963
Time,s,29,0.02912,0.03379,0.03019,0.0294
Time,s,29,0.02947,0.03311,0.0293,0.02955
Time,s,29,0.02898,0.03352,0.02974,0.03011
Time,s,29,0.02875,0.03292,0.03088,0.03045
Time,s,29,0.0291,0.03253,0.03224,0.03011
Time,s,29,0.02965,0.03371,0.03038,0.03044
Time,s,29,0.02958,0.0331,0.02942,0.02956
Time,s,29,0.02892,0.03214,0.02942,0.02958
Time,s,29,0.03118,0.03264,0.03025,0.03012
Time,s,29,0.03052,0.03299,0.02891,0.03076
Time,s,29,0.04175,0.03374,0.02956,0.03059
Time,s,29,0.03523,0.03392,0.02914,0.02984
Time,s,29,0.03213,0.03342,0.02956,0.02975
Time,s,29,0.02968,0.03376,0.02882,0.02937
Time,s,29,0.03097,0.03272,0.02947,0.02941
Time,s,29,0.03059,0.03421,0.03089,0.03021
Time,s,29,0.02992,0.03407,0.03196,0.03028
Time,s,29,0.02966,0.03384,0.03001,0.0322
Time,s,29,0.02987,0.03313,0.03069,0.03111
Time,s,29,0.02942,0.03334,0.02999,0.03082
Time,s,29,0.02916,0.03319,0.02942,0.03008
Time,s,29,0.02912,0.0335,0.03105,0.03057
Time,s,29,0.02928,0.03387,0.03065,0.03012
Time,s,29,0.03026,0.03496,0.03116,0.03062
Time,s,29,0.02925,0.03442,0.0309,0.03019
Time,s,29,0.02995,0.03577,0.02968,0.02987
Time,s,29,0.03083,0.03756,0.03095,0.03073
Time,s,29,0.03132,0.03797,0.03082,0.03084
Time,s,29,0.03019,0.03856,0.03077,0.03007
Time,s,29,0.0313,0.03899,0.03605,0.02988
Time,s,29,0.03143,0.04323,0.03225,0.03041
Time,s,29,0.03477,0.03949,0.02991,0.03086
Time,s,29,0.03068,0.0362,0.03026,0.03521
Time,s,29,0.03006,0.04417,0.02959,0.03093
Time,s,29,0.02885,0.04076,0.03021,0.03081
Time,s,29,0.02939,0.03613,0.03062,0.02963
Time,s,29,0.02912,0.03476,0.0301,0.03035
Time,s,29,0.02961,0.03393,0.03155,0.03043
Time,s,29,0.02897,0.03351,0.03202,0.02948
Time,s,29,0.02893,0.03404,0.03086,0.03128
Time,s,29,0.03026,0.03411,0.03072,0.03024
Time,s,29,0.03007,0.03453,0.02991,0.03221
Time,s,29,0.02981,0.0354,0.03007,0.03108
Time,s,29,0.03013,0.03599,0.03216,0.03
Time,s,29,0.02925,0.03687,0.03027,0.03062
Time,s,29,0.02941,0.04157,0.03026,0.03102
Time,s,29,0.02955,0.03688,0.03022,0.03116
Time,s,29,0.0288,0.03532,0.03034,0.03083
Time,s,29,0.02984,0.0343,0.03003,0.02933
Time,s,29,0.02864,0.03368,0.0294,0.03027
Time,s,29,0.0303,0.03519,0.02961,0.03014
Time,s,29,0.02927,0.03509,0.03204,0.02993
Time,s,29,0.02978,0.03366,0.03078,0.02994
Time,s,29,0.02871,0.03393,0.03103,0.03056
Time,s,29,0.02933,0.03313,0.0303,0.0296
Time,s,29,0.03,0.03355,0.02927,0.03035
Time,s,29,0.02918,0.0348,0.03071,0.03027
Time,s,29,0.03016,0.03382,0.03046,0.02979
Time,s,29,0.02926,0.03394,0.03175,0.02994
Time,s,29,0.02932,0.03471,0.03072,0.03152
Time,s,29,0.02973,0.03439,0.03198,0.03159
Time,s,29,0.02992,0.03439,0.03133,0.03019
Time,s,29,0.02925,0.03321,0.03001,0.03021
Time,s,30,0.03188,0.03523,0.02955,0.02954
Time,s,30,0.02973,0.03478,0.02984,0.02999
Time,s,30,0.02939,0.03379,0.03073,0.02986
Time,s,30,0.02912,0.03349,0.03003,0.02943
Time,s,30,0.02974,0.03368,0.03003,0.02982
Time,s,30,0.02934,0.03381,0.03006,0.03007
Time,s,30,0.02902,0.03358,0.02994,0.02925
Time,s,30,0.02961,0.0339,0.03141,0.02993
Time,s,30,0.02978,0.03408,0.0309,0.03148
Time,s,30,0.02971,0.03388,0.03004,0.03027
Time,s,30,0.0291,0.03479,0.03036,0.03064
Time,s,30,0.03022,0.03422,0.03032,0.03032
Time,s,30,0.02977,0.03486,0.03039,0.02968
Time,s,30,0.02969,0.03361,0.03058,0.03093
Time,s,30,0.02939,0.0346,0.03052,0.03101
Time,s,30,0.03051,0.03899,0.03011,0.03099
Time,s,30,0.02971,0.03663,0.03109,0.03013
Time,s,30,0.02983,0.03513,0.03052,0.03038
Time,s,30,0.02927,0.03403,0.03062,0.0311
Time,s,30,0.02964,0.03314,0.03228,0.03086
Time,s,30,0.02944,0.03304,0.03441,0.03006
Time,s,30,0.03116,0.03326,0.03246,0.03007
Time,s,30,0.03254,0.03381,0.02999,0.03034
Time,s,30,0.03202,0.03399,0.02947,0.03423
Time,s,30,0.03353,0.03303,0.03092,0.03177
Time,s,30,0.03027,0.03339,0.0306,0.03242
Time,s,30,0.02983,0.03427,0.02995,0.04166
Time,s,30,0.02929,0.03421,0.03032,0.03709
Time,s,30,0.02954,0.03668,0.02951,0.03441
Time,s,30,0.029,0.03599,0.02937,0.03189
Time,s,30,0.02987,0.04406,0.03092,0.03087
Time,s,30,0.02974,0.04769,0.03081,0.0307
Time,s,30,0.0297,0.04076,0.02992,0.03027
Time,s,30,0.02961,0.03726,0.03324,0.03069
Time,s,30,0.02889,0.03434,0.03059,0.02923
Time,s,30,0.02877,0.03437,0.03012,0.03025
Time,s,30,0.02937,0.03319,0.02955,0.03061
Time,s,30,0.03117,0.03374,0.02941,0.03022
Time,s,30,0.0298,0.03386,0.03809,0.02998
Time,s,30,0.02933,0.03329,0.03992,0.03047
Time,s,30,0.0291,0.03309,0.03419,0.02939
Time,s,30,0.02992,0.03355,0.03152,0.03029
Time,s,30,0.02962,0.03406,0.03008,0.03027
Time,s,30,0.02972,0.03465,0.03028,0.0306
Time,s,30,0.03011,0.03547,0.03058,0.02985
Time,s,30,0.0314,0.03583,0.02956,0.03019
Time,s,30,0.02944,0.03623,0.03073,0.03026
Time,s,30,0.03002,0.03541,0.03068,0.02936
Time,s,30,0.02893,0.034,0.0312,0.03092
Time,s,30,0.02912,0.0339,0.03097,0.03152
Time,s,30,0.02915,0.03347,0.03056,0.031
Time,s,30,0.03062,0.03069,0.03034,0.03064
Time,s,30,0.03054,0.03316,0.02994,0.03004
Time,s,30,0.03007,0.03363,0.02928,0.02994
Time,s,30,0.02967,0.03347,0.03,0.0318
Time,s,30,0.02924,0.03364,0.02913,0.03161
Time,s,30,0.02914,0.03494,0.02993,0.04017
Time,s,30,0.02863,0.03436,0.02936,0.03549
Time,s,30,0.02924,0.03333,0.02956,0.03144
Time,s,30,0.0293,0.03346,0.03213,0.03141
Time,s,30,0.03,0.03449,0.03124,0.03143
Time,s,30,0.02922,0.03457,0.03033,0.03333
Time,s,30,0.03039,0.03744,0.03027,0.03099
Time,s,30,0.0296,0.03528,0.02964,0.03032
Time,s,30,0.0291,0.03583,0.03049,0.02951
Time,s,30,0.02862,0.03477,0.03073,0.03049
Time,s,30,0.02886,0.03358,0.03132,0.03057
Time,s,30,0.02983,0.03377,0.03076,0.03009
Time,s,30,0.02923,0.03436,0.03168,0.03073
Time,s,30,0.02991,0.03385,0.03105,0.03013
Time,s,30,0.02911,0.03496,0.02959,0.03027
Time,s,30,0.02986,0.03327,0.03166,0.02955
Time,s,30,0.02912,0.03373,0.03616,0.03039
Time,s,30,0.02888,0.03431,0.03247,0.03002
Time,s,30,0.03111,0.0353,0.03094,0.02971
Time,s,30,0.0301,0.03426,0.03044,0.03149
Time,s,30,0.02894,0.03416,0.03031,0.03633
Time,s,30,0.03176,0.03705,0.02975,0.0317
Time,s,30,0.03423,0.04033,0.02976,0.03073
Time,s,30,0.03787,0.03707,0.02994,0.03031
Time,s,30,0.03116,0.0343,0.03115,0.03056
Time,s,30,0.02978,0.03375,0.03086,0.02943
Time,s,30,0.02864,0.03351,0.0298,0.0311
Time,s,30,0.02951,0.03399,0.02956,0.0301
Time,s,30,0.02931,0.03296,0.03003,0.0316
Time,s,30,0.02989,0.03312,0.03022,0.03106
Time,s,30,0.02929,0.03307,0.03262,0.0313
Time,s,30,0.03,0.03366,0.03131,0.03036
Time,s,30,0.02922,0.03369,0.03027,0.03028
Time,s,30,0.02997,0.03324,0.0294,0.03125
Time,s,30,0.02945,0.03367,0.02973,0.03167
Time,s,30,0.02982,0.03399,0.02982,0.03117
Time,s,30,0.02943,0.03392,0.02956,0.03035
Time,s,30,0.02899,0.03272,0.02955,0.03184
Time,s,30,0.02939,0.0336,0.03225,0.03048
Time,s,30,0.02981,0.034,0.03051,0.0299
Time,s,30,0.02979,0.03433,0.03016,0.03115
Time,s,30,0.02967,0.03372,0.03057,0.02915
Time,s,30,0.02937,0.03475,0.02986,0.02996
Time,s,30,0.03045,0.03385,0.02991,0.03004
Time,s,31,0.02995,0.03342,0.03038,0.02986
Time,s,31,0.02959,0.03324,0.03057,0.02976
Time,s,31,0.02935,0.03449,0.03115,0.03022
Time,s,31,0.02916,0.03542,0.03119,0.03011
Time,s,31,0.02968,0.03402,0.03163,0.03051
Time,s,31,0.02941,0.03379,0.03121,0.0297
Time,s,31,0.02923,0.03324,0.03012,0.02991
Time,s,31,0.02925,0.03254,0.0318,0.02952
Time,s,31,0.02888,0.03346,0.02917,0.03007
Time,s,31,0.02943,0.03444,0.02969,0.02917
Time,s,31,0.0301,0.0361,0.02929,0.03058
Time,s,31,0.03134,0.03568,0.03232,0.03031
Time,s,31,0.03068,0.03444,0.04055,0.02988
Time,s,31,0.02969,0.03347,0.0347,0.03034
Time,s,31,0.02933,0.03333,0.03143,0.03003
Time,s,31,0.02948,0.03303,0.03012,0.03229
Time,s,31,0.02906,0.03287,0.0298,0.031
Time,s,31,0.02936,0.03325,0.02993,0.03058
Time,s,31,0.029,0.03358,0.02971,0.03022
Time,s,31,0.02879,0.03356,0.03024,0.02994
Time,s,31,0.03039,0.03376,0.03148,0.03057
Time,s,31,0.02927,0.03337,0.03126,0.03124
Time,s,31,0.02897,0.03352,0.03105,0.03081
Time,s,31,0.02876,0.03327,0.02969,0.02983
Time,s,31,0.02994,0.03413,0.03225,0.03007
Time,s,31,0.02924,0.0344,0.03675,0.0309
Time,s,31,0.02971,0.03897,0.03173,0.0322
Time,s,31,0.02936,0.03675,0.03037,0.03159
Time,s,31,0.02857,0.03491,0.03,0.03
Time,s,31,0.03041,0.03542,0.03237,0.03222
Time,s,31,0.02924,0.03488,0.03074,0.03507
Time,s,31,0.02944,0.03395,0.02988,0.0303
Time,s,31,0.03046,0.0349,0.03028,0.0306
Time,s,31,0.03299,0.03534,0.02947,0.03006
Time,s,31,0.0357,0.03323,0.03002,0.03093
Time,s,31,0.03048,0.03328,0.02955,0.03025
Time,s,31,0.03059,0.033,0.03181,0.02979
Time,s,31,0.02914,0.03335,0.03232,0.03062
Time,s,31,0.02957,0.0338,0.03237,0.03018
Time,s,31,0.02891,0.03353,0.03297,0.02995
Time,s,31,0.0297,0.0328,0.03142,0.02968
Time,s,31,0.03009,0.03366,0.02945,0.03066
Time,s,31,0.03056,0.0339,0.03,0.03011
Time,s,31,0.0293,0.03491,0.03039,0.0287
Time,s,31,0.02988,0.03494,0.02993,0.02837
Time,s,31,0.03039,0.03404,0.03007,0.02882
Time,s,31,0.032,0.03387,0.03096,0.02925
Time,s,31,0.03714,0.03436,0.02999,0.02935
Time,s,31,0.03656,0.03301,0.03053,0.02959
Time,s,31,0.03258,0.0334,0.02975,0.02892
Time,s,31,0.03019,0.03327,0.02948,0.02848
Time,s,31,0.02953,0.03414,0.02912,0.02796
Time,s,31,0.03023,0.03322,0.02975,0.02868
Time,s,31,0.02941,0.03404,0.02914,0.02875
Time,s,31,0.02927,0.03414,0.02976,0.02842
Time,s,31,0.02936,0.03399,0.02987,0.02979
Time,s,31,0.02977,0.03363,0.03049,0.02928
Time,s,31,0.03026,0.03445,0.03136,0.02965
Time,s,31,0.02975,0.03711,0.03015,0.02938
Time,s,31,0.02989,0.03571,0.0297,0.02985
Time,s,31,0.03015,0.03466,0.03013,0.02956
Time,s,31,0.02931,0.03595,0.02952,0.03035
Time,s,31,0.03018,0.03666,0.03006,0.02911
Time,s,31,0.02961,0.03453,0.02988,0.02905
Time,s,31,0.02956,0.03367,0.03227,0.02857
Time,s,31,0.03003,0.03276,0.03098,0.02875
Time,s,31,0.02978,0.03307,0.02993,0.02895
Time,s,31,0.02888,0.03407,0.02989,0.02903
Time,s,31,0.03013,0.03373,0.03069,0.0285
Time,s,31,0.0291,0.03396,0.03078,0.02889
Time,s,31,0.02901,0.03345,0.03059,0.03067
Time,s,31,0.0294,0.03313,0.02986,0.02972
Time,s,31,0.02997,0.03341,0.03022,0.0294
Time,s,31,0.02944,0.03332,0.03069,0.02857
Time,s,31,0.02945,0.03646,0.03086,0.0293
Time,s,31,0.02933,0.04194,0.03072,0.02851
Time,s,31,0.02943,0.03619,0.03055,0.02892
Time,s,31,0.02988,0.03596,0.03089,0.03004
Time,s,31,0.03092,0.03659,0.03368,0.02921
Time,s,31,0.03051,0.03489,0.03206,0.02855
Time,s,31,0.02917,0.03399,0.02997,0.0288
Time,s,31,0.02957,0.03334,0.02991,0.02857
Time,s,31,0.02913,0.03419,0.03088,0.02822
Time,s,31,0.03045,0.03376,0.02974,0.02888
Time,s,31,0.02932,0.03365,0.0298,0.03131
Time,s,31,0.02951,0.03416,0.02966,0.03322
Time,s,31,0.02904,0.03372,0.0303,0.03063
Time,s,31,0.03116,0.03384,0.0302,0.02974
Time,s,31,0.03136,0.03272,0.03915,0.02883
Time,s,31,0.03522,0.03312,0.03721,0.02883
Time,s,31,0.0303,0.03394,0.03254,0.0284
Time,s,31,0.02937,0.03482,0.03157,0.02928
Time,s,31,0.02887,0.0334,0.03297,0.02883
Time,s,31,0.02956,0.03309,0.03183,0.03281
Time,s,31,0.0289,0.03489,0.03018,0.03295
Time,s,31,0.02885,0.03431,0.02968,0.03014
Time,s,31,0.02956,0.03376,0.03031,0.02942
Time,s,31,0.02895,0.03301,0.02983,0.03134
Time,s,31,0.02887,0.03391,0.02957,0.03008
Time,s,31,0.02886,0.03424,0.03272,0.0287
Time,s,32,0.03072,0.03304,0.03189,0.02862
Time,s,32,0.02925,0.03399,0.03282,0.02942
Time,s,32,0.02984,0.03375,0.03085,0.02943
Time,s,32,0.02926,0.03422,0.03881,0.02937
Time,s,32,0.0292,0.0335,0.03025,0.02916
Time,s,32,0.0299,0.03337,0.02985,0.03034
Time,s,32,0.02926,0.03549,0.02963,0.02907
Time,s,32,0.02902,0.03788,0.03136,0.02997
Time,s,32,0.02978,0.03482,0.03033,0.02936
Time,s,32,0.0301,0.034,0.03147,0.02939
Time,s,32,0.02994,0.03395,0.03023,0.02998
Time,s,32,0.02923,0.03348,0.03101,0.02992
Time,s,32,0.03073,0.03362,0.03016,0.03017
Time,s,32,0.02995,0.03355,0.02989,0.02957
Time,s,32,0.02907,0.03382,0.02978,0.03003
Time,s,32,0.02912,0.03369,0.02959,0.02902
Time,s,32,0.02951,0.03324,0.02994,0.03029
Time,s,32,0.02925,0.03348,0.02999,0.03001
Time,s,32,0.03783,0.034,0.03072,0.02987
Time,s,32,0.02875,0.0336,0.0288,0.02997
Time,s,32,0.03146,0.03556,0.0314,0.0299
Time,s,32,0.03027,0.03602,0.02948,0.03003
Time,s,32,0.02905,0.03457,0.02913,0.02972
Time,s,32,0.02862,0.03996,0.02992,0.03046
Time,s,32,0.02902,0.03584,0.02962,0.0317
Time,s,32,0.02924,0.03469,0.02988,0.03027
Time,s,32,0.02811,0.03438,0.02968,0.0312
Time,s,32,0.02836,0.03471,0.02977,0.03141
Time,s,32,0.02863,0.03418,0.0305,0.03039
Time,s,32,0.02839,0.03958,0.0302,0.03032
Time,s,32,0.02851,0.04155,0.03199,0.03075
Time,s,32,0.02784,0.03652,0.03545,0.03013
Time,s,32,0.02853,0.03484,0.03091,0.03004
Time,s,32,0.02611,0.03442,0.03054,0.02953
Time,s,32,0.02758,0.03435,0.03359,0.02917
Time,s,32,0.02809,0.03379,0.0319,0.02791
Time,s,32,0.02842,0.0339,0.02975,0.02788
Time,s,32,0.02862,0.0332,0.02945,0.02846
Time,s,32,0.02839,0.03536,0.02996,0.02931
Time,s,32,0.02844,0.03566,0.03032,0.03308
Time,s,32,0.02949,0.03434,0.03033,0.02879
Time,s,32,0.02853,0.03453,0.02948,0.02879
Time,s,32,0.0305,0.03429,0.02989,0.03256
Time,s,32,0.02936,0.03283,0.03085,0.03493
Time,s,32,0.03259,0.03298,0.03048,0.03254
Time,s,32,0.03115,0.03211,0.0354,0.03078
Time,s,32,0.03194,0.03139,0.03029,0.02942
Time,s,32,0.02926,0.03208,0.03043,0.03373
Time,s,32,0.02843,0.03246,0.03019,0.0346
Time,s,32,0.02845,0.03402,0.02995,0.034
Time,s,32,0.02847,0.03323,0.03031,0.03182
Time,s,32,0.02905,0.03282,0.02989,0.03347
Time,s,32,0.02872,0.03251,0.03022,0.03308
Time,s,32,0.02857,0.03317,0.03023,0.03024
Time,s,32,0.02887,0.03474,0.03041,0.02841
Time,s,32,0.02866,0.03363,0.03016,0.02747
Time,s,32,0.02971,0.03304,0.02998,0.02842
Time,s,32,0.02969,0.03301,0.02997,0.02799
Time,s,32,0.02869,0.0339,0.02977,0.02825
Time,s,32,0.02841,0.03312,0.03083,0.02913
Time,s,32,0.0292,0.0332,0.0311,0.02884
Time,s,32,0.02886,0.0328,0.03113,0.02814
Time,s,32,0.02882,0.03179,0.03026,0.02762
Time,s,32,0.02833,0.03202,0.02982,0.02784
Time,s,32,0.02897,0.0326,0.03002,0.02858
Time,s,32,0.0285,0.03239,0.03055,0.02816
Time,s,32,0.02863,0.03253,0.03072,0.0275
Time,s,32,0.02844,0.03148,0.03091,0.02922
Time,s,32,0.02842,0.03219,0.02983,0.02837
Time,s,32,0.02884,0.03207,0.03037,0.0276
Time,s,32,0.02835,0.03397,0.03151,0.029
Time,s,32,0.02938,0.03786,0.03105,0.02833
Time,s,32,0.02866,0.03482,0.02987,0.0282
Time,s,32,0.02865,0.0348,0.03024,0.02902
Time,s,32,0.02907,0.03371,0.02996,0.02813
Time,s,32,0.02877,0.03364,0.02952,0.02778
Time,s,32,0.02865,0.03234,0.02971,0.02737
Time,s,32,0.02877,0.03207,0.02959,0.02702
Time,s,32,0.02818,0.03299,0.02993,0.02788
Time,s,32,0.02911,0.034,0.03068,0.03026
Time,s,32,0.02884,0.0328,0.03044,0.02838
Time,s,32,0.03058,0.03303,0.03107,0.02772
Time,s,32,0.02877,0.0332,0.02975,0.02735
Time,s,32,0.02884,0.03294,0.03324,0.02818
Time,s,32,0.02959,0.03263,0.03622,0.02731
Time,s,32,0.02864,0.0327,0.03136,0.02807
Time,s,32,0.02888,0.03331,0.03041,0.02857
Time,s,32,0.02892,0.03291,0.03028,0.0276
Time,s,32,0.02877,0.0331,0.02989,0.02724
Time,s,32,0.02873,0.03252,0.02984,0.0277
Time,s,32,0.02792,0.0327,0.03047,0.02776
Time,s,32,0.02916,0.0353,0.02983,0.0276
Time,s,32,0.02865,0.03468,0.03044,0.02735
Time,s,32,0.02926,0.03293,0.02995,0.02849
Time,s,32,0.02941,0.03356,0.02961,0.03005
Time,s,32,0.0291,0.03281,0.02947,0.03425
Time,s,32,0.02878,0.03264,0.03012,0.03014
Time,s,32,0.02924,0.03268,0.03137,0.02822
Time,s,32,0.03076,0.03264,0.03096,0.02709
Time,s,32,0.03106,0.03265,0.03159,0.02839
Time,s,33,0.03254,0.03267,0.03226,0.02751
Time,s,33,0.03077,0.03265,0.03074,0.02757
Time,s,33,0.02862,0.0333,0.03041,0.02778
Time,s,33,0.02902,0.03742,0.03047,0.02867
Time,s,33,0.0279,0.03451,0.03054,0.02765
Time,s,33,0.02889,0.03333,0.03125,0.02832
Time,s,33,0.02871,0.03293,0.02962,0.02859
Time,s,33,0.0284,0.03287,0.02979,0.02829
Time,s,33,0.02865,0.03397,0.02975,0.02902
Time,s,33,0.02869,0.03456,0.02953,0.02885
Time,s,33,0.02913,0.0336,0.02994,0.02825
Time,s,33,0.02976,0.03254,0.02979,0.02718
Time,s,33,0.02836,0.03261,0.03008,0.0273
Time,s,33,0.03674,0.03213,0.03052,0.02775
Time,s,33,0.03678,0.03253,0.03139,0.02784
Time,s,33,0.03357,0.03266,0.03053,0.02721
Time,s,33,0.02995,0.0323,0.0298,0.02741
Time,s,33,0.02888,0.03289,0.03163,0.0278
Time,s,33,0.02873,0.03222,0.03022,0.02747
Time,s,33,0.02905,0.03624,0.0301,0.02756
Time,s,33,0.02998,0.03892,0.03051,0.02827
Time,s,33,0.02936,0.03437,0.02969,0.02697
Time,s,33,0.02885,0.0335,0.02998,0.0285
Time,s,33,0.02958,0.03285,0.02937,0.02828
Time,s,33,0.02962,0.03416,0.03001,0.02789
Time,s,33,0.02934,0.03535,0.02976,0.02744
Time,s,33,0.02868,0.03303,0.03069,0.02761
Time,s,33,0.02836,0.03244,0.02921,0.02769
Time,s,33,0.02874,0.03363,0.03047,0.02758
Time,s,33,0.03013,0.03361,0.02977,0.02811
Time,s,33,0.02902,0.03335,0.02992,0.02867
Time,s,33,0.02857,0.03243,0.03,0.03102
Time,s,33,0.02946,0.03286,0.03106,0.02854
Time,s,33,0.02842,0.03225,0.03145,0.02756
Time,s,33,0.02813,0.03281,0.03044,0.02767
Time,s,33,0.02845,0.03329,0.0297,0.02809
Time,s,33,0.02802,0.03591,0.03202,0.0297
Time,s,33,0.02814,0.03314,0.03705,0.0285
Time,s,33,0.02793,0.03295,0.03381,0.02794
Time,s,33,0.02843,0.03543,0.03227,0.02759
Time,s,33,0.02897,0.03394,0.03225,0.02791
Time,s,33,0.0292,0.0329,0.03181,0.02783
Time,s,33,0.02997,0.03306,0.03019,0.02815
Time,s,33,0.0293,0.03331,0.02983,0.02929
Time,s,33,0.02878,0.03245,0.02982,0.03079
Time,s,33,0.02843,0.03229,0.02951,0.02863
Time,s,33,0.02876,0.03222,0.03007,0.02952
Time,s,33,0.02842,0.03295,0.02931,0.02875
Time,s,33,0.0287,0.03244,0.03043,0.02731
Time,s,33,0.03004,0.03202,0.03026,0.02695
Time,s,33,0.02968,0.03233,0.03109,0.028
Time,s,33,0.02906,0.03571,0.03177,0.0288
Time,s,33,0.03019,0.0461,0.03131,0.03708
Time,s,33,0.03032,0.04282,0.03028,0.03788
Time,s,33,0.03499,0.03701,0.03013,0.03321
Time,s,33,0.03061,0.03514,0.03121,0.02881
Time,s,33,0.02882,0.03314,0.03015,0.02894
Time,s,33,0.02963,0.0331,0.03033,0.0278
Time,s,33,0.02889,0.0329,0.02951,0.02835
Time,s,33,0.02905,0.03346,0.02939,0.02816
Time,s,33,0.02894,0.0346,0.02971,0.0282
Time,s,33,0.02888,0.03331,0.03025,0.02895
Time,s,33,0.0283,0.03278,0.03046,0.0276
Time,s,33,0.02889,0.03266,0.03032,0.02729
Time,s,33,0.02859,0.03242,0.03033,0.02682
Time,s,33,0.02989,0.03261,0.03182,0.02956
Time,s,33,0.02941,0.03261,0.03079,0.0305
Time,s,33,0.02899,0.03838,0.03057,0.02888
Time,s,33,0.02879,0.03935,0.02979,0.02808
Time,s,33,0.02859,0.03509,0.03031,0.02764
Time,s,33,0.02847,0.03324,0.02982,0.02852
Time,s,33,0.02922,0.03434,0.02932,0.02804
Time,s,33,0.02788,0.03391,0.0294,0.02738
Time,s,33,0.02823,0.03322,0.03021,0.0271
Time,s,33,0.02855,0.03349,0.03079,0.02811
Time,s,33,0.02875,0.03277,0.03082,0.02807
Time,s,33,0.02907,0.03286,0.03147,0.02727
Time,s,33,0.02872,0.03329,0.03031,0.0281
Time,s,33,0.02876,0.03344,0.03009,0.02761
Time,s,33,0.02837,0.03256,0.02977,0.02804
Time,s,33,0.02958,0.03291,0.03015,0.02832
Time,s,33,0.02838,0.03221,0.02929,0.0275
Time,s,33,0.02852,0.03209,0.03016,0.02932
Time,s,33,0.03002,0.03309,0.02947,0.0277
Time,s,33,0.03026,0.03303,0.03048,0.02849
Time,s,33,0.02886,0.03212,0.02937,0.02768
Time,s,33,0.02927,0.03201,0.03011,0.02888
Time,s,33,0.0301,0.03241,0.03045,0.02827
Time,s,33,0.02898,0.03393,0.03035,0.02747
Time,s,33,0.03737,0.03226,0.03036,0.02842
Time,s,33,0.02927,0.0326,0.03218,0.0279
Time,s,33,0.02888,0.0329,0.04532,0.02748
Time,s,33,0.02846,0.0333,0.03745,0.03421
Time,s,33,0.02834,0.03363,0.03377,0.03866
Time,s,33,0.02895,0.03329,0.03186,0.03265
Time,s,33,0.02893,0.03292,0.03056,0.0301
Time,s,33,0.02897,0.03279,0.03026,0.02748
Time,s,33,0.029,0.0328,0.03217,0.02864
Time,s,33,0.02928,0.03442,0.0305,0.0279
Time,s,33,0.02951,0.03824,0.02987,0.02815
Time,s,34,0.02665,0.03447,0.03048,0.02956
Time,s,34,0.02824,0.03301,0.03011,0.02888
Time,s,34,0.02951,0.03227,0.03034,0.02738
Time,s,34,0.02936,0.03199,0.03157,0.02756
Time,s,34,0.02863,0.03251,0.0311,0.02784
Time,s,34,0.02933,0.03414,0.03021,0.02797
Time,s,34,0.02959,0.03434,0.03007,0.02777
Time,s,34,0.02981,0.03397,0.02989,0.02838
Time,s,34,0.03015,0.03383,0.03056,0.03226
Time,s,34,0.03328,0.03388,0.03127,0.03015
Time,s,34,0.02979,0.0333,0.03056,0.02803
Time,s,34,0.02918,0.03285,0.03193,0.02861
Time,s,34,0.02847,0.03931,0.03133,0.02756
Time,s,34,0.02864,0.03663,0.03037,0.02719
Time,s,34,0.02907,0.03441,0.02997,0.02751
Time,s,34,0.03011,0.03633,0.02951,0.02867
Time,s,34,0.02856,0.03826,0.02954,0.02749
Time,s,34,0.02959,0.03376,0.02949,0.02815
Time,s,34,0.02915,0.03317,0.02988,0.02804
Time,s,34,0.0293,0.0325,0.03021,0.02836
Time,s,34,0.02844,0.03341,0.03086,0.02887
Time,s,34,0.02879,0.03249,0.03041,0.03008
Time,s,34,0.02802,0.03234,0.0296,0.02814
Time,s,34,0.02867,0.03313,0.03121,0.02776
Time,s,34,0.02878,0.0338,0.02991,0.02801
Time,s,34,0.02929,0.03271,0.03005,0.02843
Time,s,34,0.02843,0.03276,0.03081,0.02716
Time,s,34,0.02881,0.03374,0.02967,0.02739
Time,s,34,0.02852,0.03489,0.03053,0.0269
Time,s,34,0.02782,0.0337,0.02992,0.0285
Time,s,34,0.02855,0.03296,0.03133,0.02805
Time,s,34,0.02909,0.03419,0.03174,0.02806
Time,s,34,0.02861,0.03262,0.03031,0.02802
Time,s,34,0.02889,0.03322,0.02997,0.02767
Time,s,34,0.03011,0.03323,0.03035,0.02797
Time,s,34,0.0288,0.03267,0.02998,0.02912
Time,s,34,0.02872,0.03255,0.03009,0.02884
Time,s,34,0.0277,0.03321,0.03018,0.02763
Time,s,34,0.02791,0.03299,0.02957,0.02775
Time,s,34,0.03521,0.03254,0.02977,0.02809
Time,s,34,0.03669,0.03348,0.02998,0.02829
Time,s,34,0.0321,0.03286,0.03,0.0273
Time,s,34,0.02967,0.03282,0.03108,0.02701
Time,s,34,0.0293,0.03219,0.03473,0.02755
Time,s,34,0.03228,0.03268,0.03312,0.02805
Time,s,34,0.03322,0.03284,0.0314,0.02777
Time,s,34,0.03097,0.03225,0.03125,0.02707
Time,s,34,0.02895,0.03358,0.03082,0.02779
Time,s,34,0.02854,0.03597,0.02986,0.0271
Time,s,34,0.02857,0.03391,0.0298,0.02803
Time,s,34,0.02976,0.0341,0.03003,0.02824
Time,s,34,0.03196,0.03254,0.03046,0.02858
Time,s,34,0.02981,0.03249,0.02926,0.02806
Time,s,34,0.0295,0.0337,0.03042,0.02781
Time,s,34,0.0287,0.03242,0.02991,0.02767
Time,s,34,0.02862,0.03271,0.02967,0.02782
Time,s,34,0.02852,0.03303,0.03237,0.02905
Time,s,34,0.0298,0.03408,0.03157,0.02827
Time,s,34,0.02902,0.03508,0.03101,0.0279
Time,s,34,0.02873,0.03294,0.03078,0.02939
Time,s,34,0.02911,0.03314,0.03013,0.02976
Time,s,34,0.03064,0.03272,0.02995,0.02817
Time,s,34,0.02997,0.0323,0.03093,0.02749
Time,s,34,0.03186,0.03545,0.03994,0.02744
Time,s,34,0.03041,0.03854,0.03471,0.02736
Time,s,34,0.0287,0.03648,0.03153,0.02867
Time,s,34,0.02847,0.03373,0.03009,0.0317
Time,s,34,0.0293,0.03213,0.02951,0.03083
Time,s,34,0.0283,0.03283,0.03054,0.02819
Time,s,34,0.02846,0.03214,0.03078,0.02831
Time,s,34,0.02956,0.03305,0.03076,0.0286
Time,s,34,0.02913,0.03255,0.02987,0.02908
Time,s,34,0.02866,0.03288,0.03052,0.0287
Time,s,34,0.02819,0.03409,0.03005,0.02749
Time,s,34,0.02956,0.03262,0.03056,0.02775
Time,s,34,0.02968,0.03167,0.03043,0.02726
Time,s,34,0.029,0.0323,0.03031,0.02779
Time,s,34,0.02807,0.03293,0.02999,0.02859
Time,s,34,0.0294,0.03331,0.02992,0.02722
Time,s,34,0.02839,0.0361,0.03011,0.02808
Time,s,34,0.02847,0.0449,0.03098,0.02772
Time,s,34,0.02836,0.03829,0.03156,0.02733
Time,s,34,0.02868,0.03423,0.03149,0.02708
Time,s,34,0.02793,0.03264,0.02969,0.02778
Time,s,34,0.02843,0.03269,0.02984,0.02813
Time,s,34,0.02987,0.03445,0.02945,0.02802
Time,s,34,0.02922,0.0328,0.02961,0.02737
Time,s,34,0.02887,0.03455,0.02945,0.02782
Time,s,34,0.0291,0.03371,0.03011,0.02786
Time,s,34,0.0288,0.03366,0.03108,0.02814
Time,s,34,0.02787,0.03293,0.02982,0.02709
Time,s,34,0.02803,0.03256,0.03026,0.02728
Time,s,34,0.02907,0.03299,0.03148,0.02823
Time,s,34,0.02915,0.03318,0.02987,0.02782
Time,s,34,0.02982,0.03242,0.03064,0.02734
Time,s,34,0.0293,0.03585,0.03378,0.02767
Time,s,34,0.02916,0.03582,0.03655,0.02892
Time,s,34,0.02897,0.03409,0.03113,0.02711
Time,s,34,0.02843,0.03257,0.03057,0.02974
Time,s,34,0.02811,0.03245,0.03081,0.02928
Time,s,35,0.02818,0.03272,0.03076,0.02759
Time,s,35,0.02801,0.03367,0.03075,0.02756
Time,s,35,0.02868,0.03274,0.03003,0.02891
Time,s,35,0.02774,0.03235,0.02993,0.02844
Time,s,35,0.0298,0.03347,0.03037,0.02735
Time,s,35,0.02845,0.03294,0.0302,0.02766
Time,s,35,0.0288,0.03324,0.03059,0.02855
Time,s,35,0.02854,0.03306,0.0297,0.02915
Time,s,35,0.02972,0.03238,0.03107,0.02949
Time,s,35,0.0288,0.03256,0.03064,0.02813
Time,s,35,0.02828,0.0327,0.03156,0.02792
Time,s,35,0.02877,0.03233,0.03032,0.02835
Time,s,35,0.02972,0.03686,0.0301,0.02743
Time,s,35,0.02851,0.03717,0.02931,0.02762
Time,s,35,0.02885,0.03395,0.02962,0.02724
Time,s,35,0.02878,0.03323,0.02897,0.02828
Time,s,35,0.0293,0.03239,0.03148,0.02861
Time,s,35,0.03049,0.03582,0.03176,0.02776
Time,s,35,0.03096,0.0333,0.03029,0.02834
Time,s,35,0.03258,0.0327,0.02996,0.02721
Time,s,35,0.03122,0.03169,0.03059,0.02737
Time,s,35,0.02902,0.03312,0.02976,0.02715
Time,s,35,0.0289,0.03242,0.03009,0.028
Time,s,35,0.02838,0.0325,0.02979,0.02856
Time,s,35,0.02796,0.03259,0.0304,0.03089
Time,s,35,0.02858,0.03213,0.03076,0.03033
Time,s,35,0.02879,0.03222,0.03003,0.02773
Time,s,35,0.02865,0.03386,0.0315,0.02777
Time,s,35,0.02787,0.03358,0.03213,0.02767
Time,s,35,0.02883,0.03243,0.03075,0.02722
Time,s,35,0.02824,0.03227,0.03056,0.02763
Time,s,35,0.02944,0.03273,0.03046,0.02781
Time,s,35,0.02874,0.03262,0.03034,0.02776
Time,s,35,0.02947,0.03185,0.03064,0.02744
Time,s,35,0.02907,0.03228,0.03004,0.02729
Time,s,35,0.02882,0.03243,0.03013,0.02754
Time,s,35,0.02875,0.03319,0.03082,0.02704
Time,s,35,0.02912,0.03348,0.0299,0.0302
Time,s,35,0.02943,0.03328,0.03058,0.02823
Time,s,35,0.0285,0.03309,0.03033,0.02783
Time,s,35,0.02776,0.03283,0.02979,0.02779
Time,s,35,0.02855,0.03249,0.02997,0.02663
Time,s,35,0.02842,0.03274,0.03003,0.02868
Time,s,35,0.02857,0.03286,0.03014,0.02949
Time,s,35,0.02804,0.03397,0.02979,0.02853
Time,s,35,0.02862,0.03546,0.02969,0.02813
Time,s,35,0.02803,0.03369,0.03116,0.02798
Time,s,35,0.02793,0.03421,0.03043,0.02889
Time,s,35,0.02939,0.03622,0.03194,0.0293
Time,s,35,0.02902,0.03405,0.03528,0.02823
Time,s,35,0.02859,0.03416,0.03179,0.02744
Time,s,35,0.02913,0.03249,0.03033,0.02832
Time,s,35,0.0277,0.03272,0.03284,0.02696
Time,s,35,0.0282,0.03292,0.03025,0.02812
Time,s,35,0.02915,0.03419,0.02996,0.02669
Time,s,35,0.03113,0.03411,0.03019,0.0282
Time,s,35,0.02923,0.0327,0.02994,0.02724
Time,s,35,0.02823,0.03181,0.03019,0.02728
Time,s,35,0.02903,0.03224,0.03002,0.02793
Time,s,35,0.02873,0.03326,0.02999,0.02718
Time,s,35,0.03606,0.03468,0.03053,0.02824
Time,s,35,0.02862,0.03809,0.03107,0.02894
Time,s,35,0.02805,0.03697,0.03289,0.03408
Time,s,35,0.02849,0.03323,0.03146,0.03149
Time,s,35,0.02843,0.03329,0.02995,0.0293
Time,s,35,0.02807,0.0331,0.03037,0.02882
Time,s,35,0.02871,0.03287,0.0301,0.02851
Time,s,35,0.02852,0.03372,0.03038,0.02865
Time,s,35,0.02969,0.0337,0.02949,0.0276
Time,s,35,0.02902,0.03371,0.02988,0.02739
Time,s,35,0.02868,0.03405,0.02986,0.02754
Time,s,35,0.02887,0.03338,0.03079,0.02745
Time,s,35,0.03049,0.03282,0.03042,0.02804
Time,s,35,0.02936,0.03246,0.02899,0.02899
Time,s,35,0.03144,0.03266,0.02937,0.02907
Time,s,35,0.03219,0.03301,0.02972,0.02893
Time,s,35,0.02974,0.03232,0.02993,0.02919
Time,s,35,0.02829,0.03528,0.02993,0.02919
Time,s,35,0.03026,0.03437,0.02958,0.02867
Time,s,35,0.0284,0.03334,0.02967,0.02823
Time,s,35,0.02894,0.0325,0.0292,0.02785
Time,s,35,0.0281,0.0328,0.03149,0.02894
Time,s,35,0.02905,0.03247,0.03211,0.03399
Time,s,35,0.02872,0.03394,0.03174,0.02918
Time,s,35,0.02974,0.03283,0.03268,0.02861
Time,s,35,0.0289,0.03214,0.0322,0.0285
Time,s,35,0.02888,0.03252,0.03441,0.02774
Time,s,35,0.02821,0.03266,0.03438,0.0281
Time,s,35,0.02879,0.03276,0.03239,0.02869
Time,s,35,0.0299,0.03253,0.03177,0.02737
Time,s,35,0.02841,0.0326,0.03199,0.02732
Time,s,35,0.02899,0.0335,0.03082,0.02751
Time,s,35,0.0291,0.03333,0.03195,0.02747
Time,s,35,0.02932,0.03587,0.03346,0.02842
Time,s,35,0.02935,0.03356,0.03248,0.02761
Time,s,35,0.02853,0.03276,0.03186,0.02753
Time,s,35,0.0289,0.03217,0.0316,0.02796
Time,s,35,0.02848,0.03222,0.03277,0.02752
Time,s,35,0.02809,0.03191,0.03167,0.02732
Time,s,35,0.02903,0.03182,0.03167,0.02772
Time,s,36,0.02842,0.03159,0.03374,0.02811
Time,s,36,0.02875,0.03276,0.03682,0.02823
Time,s,36,0.02824,0.0321,0.03352,0.02724
Time,s,36,0.02889,0.03332,0.03629,0.02708
Time,s,36,0.02779,0.03365,0.03324,0.02684
Time,s,36,0.0295,0.03436,0.03237,0.02771
Time,s,36,0.02965,0.03339,0.03398,0.02824
Time,s,36,0.0289,0.03373,0.03226,0.02724
Time,s,36,0.02808,0.03361,0.03156,0.02764
Time,s,36,0.02786,0.03321,0.03298,0.02782
Time,s,36,0.02878,0.03984,0.03248,0.02822
Time,s,36,0.02813,0.03449,0.03233,0.02818
Time,s,36,0.02802,0.03301,0.03232,0.02805
Time,s,36,0.0284,0.03161,0.03323,0.03028
Time,s,36,0.02832,0.03285,0.03186,0.03113
Time,s,36,0.02879,0.0328,0.03154,0.02861
Time,s,36,0.02975,0.03329,0.03159,0.0279
Time,s,36,0.02849,0.03229,0.03118,0.02781
Time,s,36,0.02925,0.03242,0.0316,0.02772
Time,s,36,0.02857,0.03196,0.03426,0.02757
Time,s,36,0.02902,0.03234,0.03281,0.02726
Time,s,36,0.03012,0.03289,0.03277,0.02766
Time,s,36,0.02932,0.03255,0.0321,0.02737
Time,s,36,0.02935,0.04,0.03286,0.02744
Time,s,36,0.02955,0.0341,0.03226,0.02909
Time,s,36,0.02864,0.03314,0.03176,0.02856
Time,s,36,0.02849,0.03253,0.0312,0.02878
Time,s,36,0.02925,0.03227,0.03116,0.02772
Time,s,36,0.0299,0.03204,0.03146,0.02719
Time,s,36,0.03034,0.0328,0.03135,0.02769
Time,s,36,0.03292,0.0319,0.03132,0.02706
Time,s,36,0.03233,0.03213,0.03109,0.02721
Time,s,36,0.03032,0.03229,0.03087,0.02701
Time,s,36,0.02877,0.03223,0.03138,0.02755
Time,s,36,0.02859,0.03277,0.03256,0.0269
Time,s,36,0.02836,0.0327,0.03123,0.0271
Time,s,36,0.02823,0.03286,0.03192,0.0273
Time,s,36,0.0285,0.03425,0.03165,0.02721
Time,s,36,0.02897,0.03427,0.03225,0.02692
Time,s,36,0.02841,0.0328,0.03182,0.02873
Time,s,36,0.02818,0.03227,0.03181,0.03179
Time,s,36,0.02915,0.03331,0.03203,0.02871
Time,s,36,0.02894,0.03509,0.03145,0.0277
Time,s,36,0.0292,0.03384,0.03236,0.0274
Time,s,36,0.02837,0.03261,0.03296,0.02756
Time,s,36,0.02824,0.03241,0.03208,0.02731
Time,s,36,0.02835,0.03261,0.03104,0.0274
Time,s,36,0.02815,0.03178,0.03119,0.02692
Time,s,36,0.02802,0.03366,0.03193,0.0283
Time,s,36,0.02866,0.03252,0.03182,0.02914
Time,s,36,0.02829,0.03231,0.03279,0.02784
Time,s,36,0.02874,0.03211,0.03548,0.03027
Time,s,36,0.0281,0.032,0.03484,0.03605
Time,s,36,0.02976,0.03251,0.03361,0.03286
Time,s,36,0.02848,0.03273,0.03303,0.02859
Time,s,36,0.02792,0.03199,0.03287,0.02802
Time,s,36,0.02861,0.03387,0.03249,0.028
Time,s,36,0.02878,0.03353,0.03169,0.02755
Time,s,36,0.03198,0.03542,0.03164,0.02845
Time,s,36,0.03062,0.03997,0.03147,0.02851
Time,s,36,0.02897,0.03311,0.0316,0.02814
Time,s,36,0.02848,0.03222,0.0324,0.02745
Time,s,36,0.02816,0.03209,0.03272,0.02747
Time,s,36,0.02822,0.03215,0.03412,0.02731
Time,s,36,0.02807,0.03253,0.03224,0.02762
Time,s,36,0.03095,0.03237,0.03249,0.02763
Time,s,36,0.02928,0.0317,0.03182,0.02817
Time,s,36,0.02919,0.03299,0.03234,0.02755
Time,s,36,0.02772,0.03437,0.0318,0.02731
Time,s,36,0.02847,0.03286,0.03149,0.02689
Time,s,36,0.02877,0.03256,0.0317,0.0278
Time,s,36,0.02881,0.03275,0.03136,0.02786
Time,s,36,0.02841,0.03274,0.03136,0.02731
Time,s,36,0.02852,0.03243,0.03173,0.02827
Time,s,36,0.02872,0.03848,0.03159,0.0274
Time,s,36,0.02825,0.0476,0.03306,0.02725
Time,s,36,0.02873,0.03915,0.0318,0.02725
Time,s,36,0.02852,0.03509,0.03254,0.02713
Time,s,36,0.02834,0.03395,0.03152,0.02788
Time,s,36,0.03225,0.03314,0.03157,0.02792
Time,s,36,0.03986,0.03379,0.03181,0.02757
Time,s,36,0.03357,0.03336,0.03187,0.02845
Time,s,36,0.03136,0.03276,0.03239,0.02905
Time,s,36,0.03072,0.03251,0.03224,0.02758
Time,s,36,0.03106,0.03293,0.03266,0.02838
Time,s,36,0.03227,0.03301,0.03301,0.02858
Time,s,36,0.02953,0.03364,0.03511,0.02839
Time,s,36,0.02973,0.03462,0.03262,0.02743
Time,s,36,0.02906,0.0336,0.04017,0.0274
Time,s,36,0.02767,0.03342,0.0316,0.02813
Time,s,36,0.03004,0.03478,0.03157,0.03021
Time,s,36,0.02927,0.0332,0.03144,0.02897
Time,s,36,0.02978,0.0326,0.03254,0.03094
Time,s,36,0.03049,0.0322,0.03165,0.02838
Time,s,36,0.03086,0.03373,0.03182,0.02767
Time,s,36,0.02851,0.03241,0.03183,0.02736
Time,s,36,0.02866,0.03312,0.03178,0.02701
Time,s,36,0.02887,0.03427,0.03271,0.02779
Time,s,36,0.02809,0.03404,0.0319,0.03206
Time,s,36,0.02837,0.03326,0.03205,0.02949
Time,s,37,0.02809,0.03363,0.03338,0.02753
Time,s,37,0.02868,0.03237,0.03837,0.02758
Time,s,37,0.02872,0.03213,0.03295,0.02776
Time,s,37,0.02875,0.03228,0.03219,0.02779
Time,s,37,0.02828,0.03247,0.03189,0.02771
Time,s,37,0.02846,0.03203,0.03159,0.02825
Time,s,37,0.02823,0.03523,0.03216,0.02787
Time,s,37,0.02909,0.03846,0.03106,0.0275
Time,s,37,0.02807,0.03455,0.03165,0.02746
Time,s,37,0.02834,0.03316,0.03183,0.02713
Time,s,37,0.02854,0.03317,0.03151,0.02738
Time,s,37,0.02815,0.03351,0.03255,0.02783
Time,s,37,0.02888,0.03428,0.03295,0.02747
Time,s,37,0.02852,0.04062,0.03329,0.02759
Time,s,37,0.02859,0.0399,0.03234,0.02781
Time,s,37,0.02891,0.03572,0.03144,0.02693
Time,s,37,0.02918,0.03372,0.03336,0.02789
Time,s,37,0.02927,0.03298,0.03489,0.02785
Time,s,37,0.0286,0.03314,0.03319,0.0287
Time,s,37,0.02805,0.03547,0.03246,0.02943
Time,s,37,0.02775,0.03395,0.03264,0.02851
Time,s,37,0.02864,0.0324,0.03206,0.028
Time,s,37,0.02789,0.03253,0.03204,0.02833
Time,s,37,0.02874,0.03319,0.03645,0.02767
Time,s,37,0.02867,0.03422,0.03943,0.02707
Time,s,37,0.02869,0.03674,0.03501,0.02722
Time,s,37,0.03438,0.0457,0.03248,0.02708
Time,s,37,0.0381,0.04018,0.03197,0.0277
Time,s,37,0.03176,0.03485,0.03212,0.02844
Time,s,37,0.02933,0.03352,0.03175,0.02812
Time,s,37,0.03164,0.03285,0.0326,0.02894
Time,s,37,0.03807,0.03379,0.03244,0.02909
Time,s,37,0.0292,0.03266,0.03217,0.02855
Time,s,37,0.02889,0.03306,0.04608,0.02728
Time,s,37,0.02802,0.03364,0.03873,0.02714
Time,s,37,0.02882,0.03282,0.03493,0.02806
Time,s,37,0.02895,0.03276,0.03285,0.02807
Time,s,37,0.03111,0.03558,0.03138,0.02748
Time,s,37,0.02933,0.03499,0.03112,0.02737
Time,s,37,0.0318,0.0332,0.03161,0.02838
Time,s,37,0.032,0.03259,0.03179,0.02981
Time,s,37,0.02912,0.03222,0.03226,0.02858
Time,s,37,0.02856,0.03217,0.03188,0.02849
Time,s,37,0.02856,0.03286,0.03187,0.02799
Time,s,37,0.0279,0.03434,0.03113,0.02728
Time,s,37,0.02818,0.03264,0.03134,0.02754
Time,s,37,0.02899,0.03247,0.03335,0.02745
Time,s,37,0.02788,0.033,0.03289,0.02757
Time,s,37,0.02816,0.03297,0.03232,0.0275
Time,s,37,0.02794,0.03285,0.03421,0.02767
Time,s,37,0.02861,0.03348,0.04031,0.02668
Time,s,37,0.029,0.03509,0.03483,0.02687
Time,s,37,0.02844,0.03381,0.03324,0.02754
Time,s,37,0.02876,0.03581,0.03195,0.02882
Time,s,37,0.02784,0.03704,0.03286,0.02751
Time,s,37,0.02827,0.0352,0.03179,0.02818
Time,s,37,0.02909,0.03373,0.03204,0.03389
Time,s,37,0.02807,0.03258,0.03256,0.03083
Time,s,37,0.02916,0.03321,0.03227,0.0292
Time,s,37,0.02826,0.03329,0.03163,0.02794
Time,s,37,0.02988,0.03268,0.03298,0.02699
Time,s,37,0.02985,0.03289,0.03393,0.02768
Time,s,37,0.02846,0.03257,0.03237,0.02717
Time,s,37,0.02819,0.03306,0.03305,0.02698
Time,s,37,0.0292,0.03267,0.03238,0.02746
Time,s,37,0.02835,0.03215,0.03363,0.0272
Time,s,37,0.02987,0.03275,0.03384,0.02844
Time,s,37,0.02934,0.03311,0.03268,0.02939
Time,s,37,0.02888,0.03326,0.03185,0.02789
Time,s,37,0.02905,0.03255,0.0322,0.02855
Time,s,37,0.02897,0.03262,0.03226,0.02886
Time,s,37,0.02814,0.04107,0.03167,0.02791
Time,s,37,0.02773,0.03272,0.03256,0.02856
Time,s,37,0.02789,0.03279,0.0323,0.02786
Time,s,37,0.0284,0.03287,0.03202,0.02719
Time,s,37,0.02803,0.03258,0.03245,0.02782
Time,s,37,0.02911,0.03401,0.03274,0.02951
Time,s,37,0.02865,0.0325,0.03367,0.03895
Time,s,37,0.02842,0.03266,0.03216,0.03368
Time,s,37,0.02844,0.03261,0.03241,0.03065
Time,s,37,0.029,0.03317,0.0321,0.02831
Time,s,37,0.02828,0.03201,0.03244,0.02706
Time,s,37,0.02836,0.03355,0.03221,0.02719
Time,s,37,0.02823,0.03446,0.0352,0.02728
Time,s,37,0.02792,0.03351,0.03381,0.02733
Time,s,37,0.02839,0.03618,0.03214,0.02759
Time,s,37,0.03457,0.03552,0.03205,0.02738
Time,s,37,0.03437,0.03351,0.03236,0.02727
Time,s,37,0.0317,0.03257,0.03211,0.02859
Time,s,37,0.02914,0.03219,0.03188,0.02772
Time,s,37,0.02889,0.03226,0.03153,0.02821
Time,s,37,0.02802,0.03227,0.03245,0.02858
Time,s,37,0.03023,0.03229,0.03194,0.02767
Time,s,37,0.03035,0.03197,0.03171,0.02731
Time,s,37,0.03446,0.0317,0.03167,0.02965
Time,s,37,0.0316,0.03516,0.03231,0.02806
Time,s,37,0.02971,0.03408,0.03304,0.02781
Time,s,37,0.02812,0.03246,0.03215,0.02942
Time,s,37,0.02931,0.03245,0.03345,0.02878
Time,s,37,0.02838,0.03315,0.0402,0.02762
Time,s,38,0.02923,0.03268,0.03521,0.02711
Time,s,38,0.02853,0.03503,0.03366,0.02729
Time,s,38,0.02816,0.03926,0.03258,0.02794
Time,s,38,0.0295,0.03471,0.03246,0.02726
Time,s,38,0.03006,0.03327,0.03246,0.02807
Time,s,38,0.0288,0.03257,0.03343,0.02781
Time,s,38,0.02813,0.03227,0.03287,0.0284
Time,s,38,0.02882,0.03277,0.0347,0.0284
Time,s,38,0.02793,0.03337,0.03423,0.02955
Time,s,38,0.02806,0.03319,0.03472,0.02729
Time,s,38,0.02819,0.03277,0.03433,0.02751
Time,s,38,0.0287,0.03204,0.03111,0.02691
Time,s,38,0.02877,0.03221,0.03271,0.02741
Time,s,38,0.02781,0.03268,0.03244,0.02943
Time,s,38,0.02867,0.03416,0.0327,0.03347
Time,s,38,0.02883,0.03406,0.03291,0.02849
Time,s,38,0.02859,0.03456,0.03379,0.0284
Time,s,38,0.02953,0.03281,0.03389,0.02792
Time,s,38,0.02861,0.03266,0.03307,0.02689
Time,s,38,0.02821,0.0325,0.03297,0.02736
Time,s,38,0.02832,0.03241,0.0323,0.02811
Time,s,38,0.02783,0.03213,0.0332,0.02711
Time,s,38,0.02886,0.03213,0.03314,0.02704
Time,s,38,0.02834,0.03251,0.03371,0.02715
Time,s,38,0.02872,0.03359,0.03435,0.02695
Time,s,38,0.02858,0.03336,0.03346,0.02724
Time,s,38,0.02958,0.03293,0.03312,0.02868
Time,s,38,0.0289,0.03336,0.03239,0.02843
Time,s,38,0.0286,0.03359,0.03334,0.02702
Time,s,38,0.03003,0.0337,0.0328,0.02664
Time,s,38,0.02919,0.03303,0.03316,0.02828
Time,s,38,0.02824,0.03343,0.03377,0.02751
Time,s,38,0.02919,0.03361,0.03407,0.02756
Time,s,38,0.0281,0.03444,0.03363,0.02733
Time,s,38,0.02797,0.03531,0.03357,0.02817
Time,s,38,0.02902,0.0347,0.03424,0.0274
Time,s,38,0.02883,0.03428,0.03272,0.02915
Time,s,38,0.02976,0.0336,0.03443,0.0276
Time,s,38,0.03201,0.03276,0.03336,0.02754
Time,s,38,0.02926,0.03349,0.03263,0.02762
Time,s,38,0.02985,0.03321,0.03336,0.02656
Time,s,38,0.0293,0.03423,0.03407,0.02671
Time,s,38,0.03022,0.03326,0.03254,0.02707
Time,s,38,0.03006,0.03304,0.03252,0.02797
Time,s,38,0.02972,0.03256,0.03309,0.02805
Time,s,38,0.02887,0.03374,0.03292,0.02759
Time,s,38,0.02854,0.03592,0.03247,0.02782
Time,s,38,0.02941,0.03514,0.03258,0.02814
Time,s,38,0.03001,0.03437,0.03429,0.02963
Time,s,38,0.03203,0.03331,0.03924,0.0272
Time,s,38,0.03201,0.03562,0.03597,0.02657
Time,s,38,0.03012,0.03998,0.0335,0.02747
Time,s,38,0.02872,0.03466,0.0331,0.02737
Time,s,38,0.02843,0.03383,0.0333,0.02688
Time,s,38,0.02814,0.03279,0.03313,0.02718
Time,s,38,0.02829,0.033,0.03308,0.02748
Time,s,38,0.02833,0.03311,0.03288,0.03025
Time,s,38,0.02786,0.03336,0.03284,0.0293
Time,s,38,0.02843,0.03301,0.03472,0.02794
Time,s,38,0.02764,0.03331,0.03488,0.02776
Time,s,38,0.02869,0.03373,0.03369,0.02777
Time,s,38,0.02887,0.03373,0.03257,0.02686
Time,s,38,0.0282,0.03317,0.03402,0.02824
Time,s,38,0.03069,0.03361,0.03352,0.02858
Time,s,38,0.03003,0.03332,0.03268,0.02729
Time,s,38,0.02895,0.0329,0.03354,0.02742
Time,s,38,0.02889,0.03318,0.03359,0.02742
Time,s,38,0.02838,0.03436,0.03432,0.02774
Time,s,38,0.02859,0.0347,0.03323,0.02765
Time,s,38,0.02841,0.0341,0.03306,0.02642
Time,s,38,0.02861,0.03352,0.0333,0.02839
Time,s,38,0.0289,0.03401,0.03326,0.02751
Time,s,38,0.02893,0.03384,0.0323,0.03132
Time,s,38,0.02883,0.03328,0.03324,0.02988
Time,s,38,0.02863,0.03481,0.03293,0.0275
Time,s,38,0.0299,0.03533,0.03317,0.02801
Time,s,38,0.02864,0.03409,0.03327,0.02761
Time,s,38,0.02982,0.03409,0.03318,0.02758
Time,s,38,0.0292,0.03346,0.03409,0.02679
Time,s,38,0.02987,0.03535,0.03306,0.02784
Time,s,38,0.0292,0.0345,0.03363,0.0277
Time,s,38,0.02983,0.0335,0.03315,0.02784
Time,s,38,0.02925,0.03587,0.03337,0.02806
Time,s,38,0.02925,0.03496,0.03488,0.02751
Time,s,38,0.02931,0.03491,0.03275,0.02738
Time,s,38,0.0285,0.03345,0.03315,0.02885
Time,s,38,0.02944,0.03408,0.03232,0.02872
Time,s,38,0.02959,0.03301,0.0324,0.02923
Time,s,38,0.02938,0.03333,0.03378,0.02742
Time,s,38,0.02898,0.03306,0.03396,0.02747
Time,s,38,0.02931,0.03381,0.03273,0.02695
Time,s,38,0.02955,0.03301,0.03354,0.02739
Time,s,38,0.02904,0.03288,0.03289,0.0274
Time,s,38,0.0287,0.03283,0.03309,0.02681
Time,s,38,0.02964,0.03338,0.03279,0.02786
Time,s,38,0.02929,0.03321,0.03313,0.0277
Time,s,38,0.02933,0.03285,0.03426,0.0279
Time,s,38,0.02985,0.03355,0.03538,0.02706
Time,s,38,0.03132,0.03363,0.03702,0.0282
Time,s,38,0.03003,0.03551,0.0386,0.02907
Time,s,39,0.03004,0.04268,0.03349,0.02804
Time,s,39,0.02983,0.03628,0.03389,0.02731
Time,s,39,0.03072,0.03492,0.03264,0.02759
Time,s,39,0.03893,0.0332,0.03317,0.02757
Time,s,39,0.03016,0.03434,0.03334,0.02747
Time,s,39,0.0345,0.03453,0.03305,0.02756
Time,s,39,0.03087,0.03382,0.03405,0.02813
Time,s,39,0.02922,0.0345,0.03322,0.02706
Time,s,39,0.02922,0.03313,0.03585,0.02737
Time,s,39,0.02856,0.03342,0.0343,0.02741
Time,s,39,0.02875,0.03326,0.03149,0.02663
Time,s,39,0.02945,0.03367,0.0328,0.02791
Time,s,39,0.03084,0.03516,0.03293,0.0272
Time,s,39,0.02884,0.03566,0.03391,0.02721
Time,s,39,0.0305,0.03434,0.03345,0.02872
Time,s,39,0.03014,0.03451,0.03389,0.02875
Time,s,39,0.02931,0.03406,0.03511,0.02739
Time,s,39,0.02983,0.03412,0.03254,0.02791
Time,s,39,0.02978,0.03282,0.03305,0.02743
Time,s,39,0.0298,0.0417,0.03252,0.02751
Time,s,39,0.02923,0.0337,0.03245,0.02863
Time,s,39,0.02859,0.03318,0.0332,0.02845
Time,s,39,0.02867,0.03311,0.03335,0.0279
Time,s,39,0.02846,0.0333,0.03358,0.02754
Time,s,39,0.02857,0.03272,0.03305,0.02878
Time,s,39,0.02914,0.03288,0.03336,0.02816
Time,s,39,0.02874,0.03318,0.03357,0.02861
Time,s,39,0.0286,0.03441,0.03452,0.02695
Time,s,39,0.02916,0.03317,0.03374,0.02706
Time,s,39,0.02875,0.03305,0.03352,0.02799
Time,s,39,0.02848,0.0333,0.03332,0.03099
Time,s,39,0.02989,0.0355,0.03315,0.03062
Time,s,39,0.03011,0.03404,0.03429,0.02864
Time,s,39,0.02915,0.03465,0.03122,0.02746
Time,s,39,0.02848,0.03558,0.03301,0.02882
Time,s,39,0.02891,0.03416,0.03282,0.02952
Time,s,39,0.02854,0.03339,0.03313,0.02786
Time,s,39,0.02892,0.0333,0.03326,0.02781
Time,s,39,0.03106,0.03415,0.03481,0.02742
Time,s,39,0.02979,0.03459,0.03513,0.0271
Time,s,39,0.02963,0.03308,0.03378,0.02753
Time,s,39,0.02887,0.03331,0.03351,0.02777
Time,s,39,0.02932,0.03259,0.0338,0.02766
Time,s,39,0.02842,0.03291,0.03308,0.02737
Time,s,39,0.02917,0.03487,0.03315,0.02768
Time,s,39,0.02901,0.03491,0.03317,0.02729
Time,s,39,0.02902,0.03355,0.03358,0.02996
Time,s,39,0.02935,0.03426,0.03392,0.0385
Time,s,39,0.0284,0.03666,0.03978,0.03278
Time,s,39,0.0287,0.03805,0.03645,0.02845
Time,s,39,0.03033,0.03459,0.03474,0.02824
Time,s,39,0.03026,0.03354,0.03339,0.02699
Time,s,39,0.03026,0.03347,0.03292,0.02817
Time,s,39,0.02934,0.03337,0.03336,0.02735
Time,s,39,0.02938,0.03347,0.03348,0.02845
Time,s,39,0.02887,0.03303,0.03305,0.02737
Time,s,39,0.02887,0.03314,0.0336,0.02785
Time,s,39,0.02957,0.03336,0.03546,0.0271
Time,s,39,0.0292,0.03268,0.03489,0.0295
Time,s,39,0.03117,0.0329,0.03434,0.0285
Time,s,39,0.02939,0.03332,0.03332,0.02864
Time,s,39,0.03044,0.03304,0.03315,0.02816
Time,s,39,0.03393,0.03347,0.03397,0.02925
Time,s,39,0.02972,0.0344,0.03344,0.02796
Time,s,39,0.02964,0.034,0.03319,0.02816
Time,s,39,0.0306,0.0331,0.03465,0.0274
Time,s,39,0.02934,0.03366,0.03281,0.02758
Time,s,39,0.02861,0.03389,0.03333,0.02744
Time,s,39,0.02861,0.03329,0.03275,0.02716
Time,s,39,0.02962,0.034,0.03328,0.02826
Time,s,39,0.02854,0.03438,0.03321,0.02872
Time,s,39,0.02896,0.03408,0.03346,0.02906
Time,s,39,0.02865,0.03484,0.0335,0.02772
Time,s,39,0.02931,0.03397,0.03281,0.02836
Time,s,39,0.02932,0.03309,0.03298,0.02736
Time,s,39,0.0301,0.03384,0.03326,0.02753
Time,s,39,0.02974,0.03387,0.03309,0.02677
Time,s,39,0.02937,0.036,0.03268,0.0282
Time,s,39,0.02821,0.03445,0.03334,0.02753
Time,s,39,0.02976,0.03351,0.03332,0.02737
Time,s,39,0.02919,0.03425,0.03248,0.02749
Time,s,39,0.02896,0.03467,0.03438,0.02763
Time,s,39,0.02903,0.03435,0.03315,0.02859
Time,s,39,0.0293,0.03429,0.03269,0.02736
Time,s,39,0.02861,0.03446,0.03217,0.02672
Time,s,39,0.02863,0.04542,0.03266,0.02747
Time,s,39,0.02917,0.03828,0.03516,0.02731
Time,s,39,0.02851,0.03594,0.03812,0.02779
Time,s,39,0.03054,0.03454,0.04203,0.03284
Time,s,39,0.03022,0.03391,0.04497,0.02859
Time,s,39,0.02973,0.0331,0.03403,0.02781
Time,s,39,0.02912,0.03411,0.03353,0.02781
Time,s,39,0.02947,0.03698,0.03313,0.02693
Time,s,39,0.02883,0.03528,0.03365,0.02742
Time,s,39,0.02934,0.03564,0.03401,0.02854
Time,s,39,0.02953,0.04715,0.03313,0.02765
Time,s,39,0.02887,0.04744,0.03595,0.02787
Time,s,39,0.02921,0.04012,0.04048,0.02844
Time,s,39,0.03025,0.03607,0.03516,0.0281
Time,s,39,0.03097,0.03518,0.0337,0.02802
Time,s,40,0.03033,0.03429,0.033,0.02741
Time,s,40,0.02905,0.03373,0.03271,0.02797
Time,s,40,0.02861,0.03304,0.03437,0.02813
Time,s,40,0.02868,0.03446,0.03305,0.02863
Time,s,40,0.0296,0.03392,0.03318,0.02767
Time,s,40,0.03014,0.03374,0.03311,0.02941
Time,s,40,0.02964,0.03328,0.03604,0.02818
Time,s,40,0.02907,0.0348,0.03353,0.02781
Time,s,40,0.02923,0.03688,0.03326,0.02705
Time,s,40,0.0298,0.03515,0.033,0.02691
Time,s,40,0.0354,0.03409,0.0326,0.02747
Time,s,40,0.03551,0.03294,0.03305,0.02763
Time,s,40,0.03251,0.03287,0.03368,0.02735
Time,s,40,0.03193,0.03277,0.03369,0.02772
Time,s,40,0.03283,0.03332,0.03278,0.02813
Time,s,40,0.03028,0.03379,0.03247,0.0277
Time,s,40,0.03063,0.03338,0.03234,0.02709
Time,s,40,0.03411,0.03325,0.03191,0.02693
Time,s,40,0.03124,0.03366,0.03164,0.02715
Time,s,40,0.03027,0.03298,0.03183,0.02733
Time,s,40,0.02921,0.03466,0.03235,0.02736
Time,s,40,0.02895,0.03499,0.0318,0.02792
Time,s,40,0.02935,0.03431,0.03181,0.02725
Time,s,40,0.02869,0.03386,0.03187,0.0273
Time,s,40,0.02941,0.03459,0.03167,0.02721
Time,s,40,0.03338,0.03459,0.03259,0.02747
Time,s,40,0.03113,0.03497,0.03281,0.02707
Time,s,40,0.02966,0.03628,0.03212,0.02695
Time,s,40,0.02985,0.03399,0.03199,0.02759
Time,s,40,0.02908,0.03299,0.03174,0.02806
Time,s,40,0.02967,0.03279,0.03314,0.02952
Time,s,40,0.02996,0.03332,0.03261,0.02779
Time,s,40,0.0308,0.03142,0.03173,0.0271
Time,s,40,0.02981,0.03171,0.03145,0.02832
Time,s,40,0.03005,0.03156,0.03267,0.02761
Time,s,40,0.02928,0.03189,0.03195,0.02926
Time,s,40,0.02965,0.03239,0.03208,0.02786
Time,s,40,0.02914,0.03208,0.03204,0.02831
Time,s,40,0.02942,0.03237,0.03226,0.02738
Time,s,40,0.02966,0.03274,0.03193,0.02798
Time,s,40,0.02882,0.03456,0.03237,0.02795
Time,s,40,0.02946,0.03364,0.03253,0.02907
Time,s,40,0.02946,0.03327,0.03286,0.02958
Time,s,40,0.02834,0.0323,0.03286,0.02845
Time,s,40,0.02942,0.0348,0.03272,0.02761
Time,s,40,0.02937,0.03779,0.03352,0.02955
Time,s,40,0.02882,0.03381,0.03916,0.03265
Time,s,40,0.03232,0.03321,0.03909,0.02869
Time,s,40,0.04058,0.03267,0.03323,0.02811
Time,s,40,0.03473,0.0319,0.0323,0.02745
Time,s,40,0.03189,0.03302,0.03245,0.02709
Time,s,40,0.02982,0.03244,0.0322,0.02752
Time,s,40,0.02951,0.03222,0.0327,0.02762
Time,s,40,0.02914,0.03123,0.03207,0.02772
Time,s,40,0.02835,0.03152,0.0324,0.02725
Time,s,40,0.02952,0.0333,0.0333,0.02717
Time,s,40,0.02914,0.03307,0.03495,0.0271
Time,s,40,0.02982,0.03152,0.03306,0.02793
Time,s,40,0.0291,0.03203,0.03328,0.02767
Time,s,40,0.02875,0.03353,0.03392,0.02701
Time,s,40,0.02918,0.03251,0.04652,0.02731
Time,s,40,0.02908,0.03179,0.04017,0.02795
Time,s,40,0.03168,0.03302,0.03576,0.02705
Time,s,40,0.03007,0.03221,0.03435,0.02779
Time,s,40,0.02952,0.03248,0.03493,0.02744
Time,s,40,0.03085,0.03295,0.03309,0.02635
Time,s,40,0.02991,0.03265,0.03211,0.02802
Time,s,40,0.02998,0.03243,0.03191,0.02875
Time,s,40,0.02908,0.03181,0.03238,0.02806
Time,s,40,0.03071,0.03282,0.03267,0.02794
Time,s,40,0.0298,0.03255,0.03218,0.02779
Time,s,40,0.02997,0.03266,0.03243,0.02756
Time,s,40,0.03317,0.03191,0.03225,0.03481
Time,s,40,0.03324,0.03394,0.03271,0.03446
Time,s,40,0.02968,0.03398,0.03308,0.02946
Time,s,40,0.0294,0.03429,0.03341,0.029
Time,s,40,0.02886,0.03481,0.03454,0.02921
Time,s,40,0.02858,0.03249,0.03484,0.02869
Time,s,40,0.02913,0.03227,0.03346,0.02856
Time,s,40,0.02986,0.03295,0.03291,0.02795
Time,s,40,0.02859,0.0332,0.0327,0.02724
Time,s,40,0.02886,0.03437,0.03244,0.02905
Time,s,40,0.02892,0.03352,0.03363,0.02813
Time,s,40,0.02883,0.03342,0.03304,0.02729
Time,s,40,0.0292,0.03275,0.03223,0.02752
Time,s,40,0.02919,0.03304,0.03288,0.02788
Time,s,40,0.02871,0.03326,0.03268,0.02837
Time,s,40,0.02906,0.03308,0.03206,0.0299
Time,s,40,0.02966,0.03247,0.03238,0.02795
Time,s,40,0.02951,0.03244,0.03311,0.02682
Time,s,40,0.02908,0.0327,0.03281,0.02753
Time,s,40,0.02865,0.03287,0.03466,0.02821
Time,s,40,0.02906,0.03293,0.03307,0.02729
Time,s,40,0.02839,0.03537,0.03178,0.02709
Time,s,40,0.02856,0.03814,0.03522,0.02697
Time,s,40,0.02878,0.03534,0.03894,0.02776
Time,s,40,0.02928,0.03389,0.03441,0.02741
Time,s,40,0.02806,0.03355,0.03333,0.02704
Time,s,40,0.02859,0.03242,0.03273,0.02717
Time,s,40,0.03183,0.03261,0.03242,0.02651
Time,s,41,0.03229,0.03209,0.03254,0.02826
Time,s,41,0.02979,0.03293,0.03259,0.02795
Time,s,41,0.0295,0.03363,0.03158,0.02829
Time,s,41,0.0283,0.03284,0.03296,0.03087
Time,s,41,0.02896,0.03235,0.03343,0.03019
Time,s,41,0.03029,0.03401,0.03265,0.02804
Time,s,41,0.02926,0.03522,0.03454,0.02746
Time,s,41,0.02988,0.03397,0.03383,0.0276
Time,s,41,0.02879,0.03312,0.03271,0.02905
Time,s,41,0.02965,0.0326,0.03289,0.0274
Time,s,41,0.029,0.03278,0.03389,0.0286
Time,s,41,0.02943,0.03448,0.03343,0.02802
Time,s,41,0.02929,0.04638,0.03215,0.02926
Time,s,41,0.02984,0.04176,0.03221,0.02945
Time,s,41,0.02924,0.03648,0.03225,0.02809
Time,s,41,0.0289,0.03374,0.03275,0.02768
Time,s,41,0.02842,0.03342,0.03219,0.02848
Time,s,41,0.02895,0.03217,0.0324,0.0273
Time,s,41,0.02921,0.0326,0.03317,0.02727
Time,s,41,0.02916,0.0325,0.03271,0.02643
Time,s,41,0.02917,0.03277,0.03255,0.02858
Time,s,41,0.02863,0.0328,0.03279,0.02754
Time,s,41,0.02904,0.03249,0.03325,0.02717
Time,s,41,0.02886,0.03384,0.03222,0.02766
Time,s,41,0.02941,0.03685,0.03406,0.02761
Time,s,41,0.02928,0.03368,0.03263,0.02784
Time,s,41,0.03109,0.03337,0.03241,0.02733
Time,s,41,0.03037,0.03341,0.03261,0.02715
Time,s,41,0.0308,0.03382,0.03219,0.02813
Time,s,41,0.03438,0.0341,0.03416,0.02766
Time,s,41,0.02979,0.03377,0.03311,0.02806
Time,s,41,0.02905,0.03282,0.03337,0.02814
Time,s,41,0.02912,0.03253,0.03214,0.02757
Time,s,41,0.03026,0.03255,0.03173,0.02715
Time,s,41,0.02954,0.03299,0.03172,0.02814
Time,s,41,0.02912,0.03279,0.03217,0.02695
Time,s,41,0.02948,0.033,0.03381,0.02724
Time,s,41,0.03049,0.03425,0.03281,0.02773
Time,s,41,0.03049,0.03527,0.03226,0.02892
Time,s,41,0.03009,0.0334,0.04018,0.02786
Time,s,41,0.02917,0.0347,0.03244,0.02779
Time,s,41,0.0291,0.0369,0.03353,0.02742
Time,s,41,0.02907,0.03843,0.03351,0.02763
Time,s,41,0.03,0.03486,0.03525,0.02852
Time,s,41,0.02943,0.03344,0.03763,0.02896
Time,s,41,0.02866,0.0332,0.03421,0.03111
Time,s,41,0.0297,0.03245,0.03259,0.02837
Time,s,41,0.02967,0.03411,0.03193,0.02806
Time,s,41,0.0296,0.0333,0.03265,0.02899
Time,s,41,0.0284,0.03284,0.03258,0.02962
Time,s,41,0.02851,0.03387,0.03201,0.03025
Time,s,41,0.02891,0.03315,0.03182,0.02924
Time,s,41,0.02898,0.03271,0.03394,0.0285
Time,s,41,0.02818,0.0324,0.03507,0.0279
Time,s,41,0.0296,0.03294,0.03352,0.02889
Time,s,41,0.02892,0.03296,0.03249,0.0297
Time,s,41,0.02914,0.03285,0.0319,0.02822
Time,s,41,0.0292,0.0323,0.03299,0.02825
Time,s,41,0.0298,0.03224,0.03284,0.02824
Time,s,41,0.02893,0.03292,0.03219,0.0292
Time,s,41,0.02908,0.03283,0.03236,0.02962
Time,s,41,0.02906,0.0331,0.03229,0.03815
Time,s,41,0.02967,0.03259,0.03187,0.04063
Time,s,41,0.02889,0.03229,0.03211,0.03354
Time,s,41,0.02912,0.03318,0.0322,0.0305
Time,s,41,0.02927,0.03305,0.03221,0.02856
Time,s,41,0.02946,0.03403,0.03311,0.02779
Time,s,41,0.0315,0.03314,0.03292,0.02857
Time,s,41,0.02939,0.03342,0.03174,0.02819
Time,s,41,0.02929,0.03548,0.03214,0.02909
Time,s,41,0.02907,0.03469,0.03219,0.02868
Time,s,41,0.02822,0.03396,0.03191,0.02835
Time,s,41,0.0287,0.03488,0.03321,0.02817
Time,s,41,0.02876,0.03336,0.03296,0.02845
Time,s,41,0.02938,0.03241,0.03344,0.02828
Time,s,41,0.03028,0.0331,0.0341,0.02819
Time,s,41,0.03033,0.03267,0.0331,0.02829
Time,s,41,0.02965,0.03255,0.03231,0.02844
Time,s,41,0.02842,0.03309,0.03191,0.02845
Time,s,41,0.02873,0.03258,0.03255,0.0285
Time,s,41,0.0294,0.03226,0.03157,0.02809
Time,s,41,0.03051,0.03248,0.03175,0.02813
Time,s,41,0.03167,0.0328,0.03188,0.02987
Time,s,41,0.02941,0.03252,0.0322,0.02914
Time,s,41,0.0293,0.03279,0.03229,0.02808
Time,s,41,0.03142,0.03311,0.03255,0.02834
Time,s,41,0.03224,0.0328,0.03171,0.02815
Time,s,41,0.03021,0.03231,0.03188,0.02838
Time,s,41,0.02869,0.03255,0.03156,0.02972
Time,s,41,0.02901,0.03409,0.03246,0.02899
Time,s,41,0.02906,0.03649,0.03329,0.02794
Time,s,41,0.02858,0.03697,0.0326,0.02895
Time,s,41,0.02946,0.03484,0.03253,0.02864
Time,s,41,0.02947,0.03276,0.03563,0.02882
Time,s,41,0.02858,0.03314,0.03697,0.02873
Time,s,41,0.02925,0.03246,0.03381,0.02846
Time,s,41,0.029,0.03291,0.03319,0.02825
Time,s,41,0.02954,0.03276,0.03406,0.02905
Time,s,41,0.02815,0.03262,0.0327,0.02886
Time,s,41,0.03004,0.03304,0.032,0.02879
Time,s,42,0.03028,0.03505,0.02938,0.02795
Time,s,42,0.03094,0.0344,0.03161,0.02874
Time,s,42,0.03008,0.03352,0.03317,0.03032
Time,s,42,0.02907,0.03355,0.03237,0.02891
Time,s,42,0.02924,0.03324,0.03223,0.02792
Time,s,42,0.02853,0.03235,0.03296,0.02831
Time,s,42,0.02843,0.03253,0.03194,0.02717
Time,s,42,0.02969,0.0323,0.03292,0.02757
Time,s,42,0.02922,0.03277,0.03424,0.02812
Time,s,42,0.02909,0.03236,0.03307,0.02789
Time,s,42,0.02903,0.03257,0.03325,0.02763
Time,s,42,0.02949,0.03288,0.03267,0.02902
Time,s,42,0.03041,0.03276,0.03333,0.02812
Time,s,42,0.03126,0.03303,0.03317,0.02891
Time,s,42,0.02977,0.0325,0.03331,0.02812
Time,s,42,0.02938,0.03351,0.03235,0.02775
Time,s,42,0.02905,0.03313,0.03216,0.02806
Time,s,42,0.02931,0.03272,0.03271,0.03047
Time,s,42,0.02873,0.03357,0.03314,0.03433
Time,s,42,0.02991,0.03221,0.03204,0.02843
Time,s,42,0.0292,0.03222,0.03272,0.02829
Time,s,42,0.03073,0.03381,0.03246,0.02763
Time,s,42,0.02932,0.03431,0.0336,0.02775
Time,s,42,0.02982,0.03344,0.03241,0.02805
Time,s,42,0.02942,0.03331,0.03303,0.02816
Time,s,42,0.02907,0.03334,0.03329,0.02829
Time,s,42,0.02971,0.03335,0.03317,0.02859
Time,s,42,0.02861,0.03347,0.03313,0.02944
Time,s,42,0.0295,0.03275,0.03446,0.02816
Time,s,42,0.02893,0.03237,0.03273,0.02843
Time,s,42,0.02837,0.03435,0.03282,0.02895
Time,s,42,0.02995,0.03417,0.03286,0.02883
Time,s,42,0.02912,0.03839,0.03176,0.02804
Time,s,42,0.02895,0.04334,0.03185,0.02845
Time,s,42,0.02923,0.03754,0.03194,0.02825
Time,s,42,0.02995,0.03393,0.0321,0.02768
Time,s,42,0.02952,0.03463,0.03204,0.02772
Time,s,42,0.02988,0.03266,0.03181,0.02916
Time,s,42,0.03163,0.03494,0.03263,0.02841
Time,s,42,0.02931,0.03794,0.04283,0.02876
Time,s,42,0.02968,0.03437,0.0389,0.02735
Time,s,42,0.0341,0.03322,0.03494,0.02797
Time,s,42,0.03389,0.0332,0.03564,0.02761
Time,s,42,0.02972,0.03293,0.03681,0.02761
Time,s,42,0.02998,0.03282,0.03352,0.02758
Time,s,42,0.02853,0.03248,0.0334,0.02835
Time,s,42,0.0293,0.0332,0.03237,0.02856
Time,s,42,0.02919,0.03353,0.03296,0.02887
Time,s,42,0.02867,0.03262,0.03141,0.02816
Time,s,42,0.04131,0.03301,0.03169,0.02817
Time,s,42,0.03753,0.03319,0.03231,0.02747
Time,s,42,0.0328,0.03241,0.03369,0.02747
Time,s,42,0.03063,0.0333,0.03319,0.0281
Time,s,42,0.02907,0.03281,0.03261,0.03014
Time,s,42,0.02947,0.03245,0.03228,0.02815
Time,s,42,0.02986,0.03349,0.03238,0.02784
Time,s,42,0.02943,0.03403,0.03378,0.02813
Time,s,42,0.02989,0.03328,0.03334,0.0349
Time,s,42,0.02915,0.03312,0.03313,0.03613
Time,s,42,0.02977,0.03369,0.03268,0.03239
Time,s,42,0.0297,0.03435,0.03205,0.02888
Time,s,42,0.02941,0.03444,0.03342,0.02821
Time,s,42,0.0293,0.03327,0.03219,0.02843
Time,s,42,0.029,0.03282,0.03256,0.02835
Time,s,42,0.02951,0.03398,0.03169,0.02892
Time,s,42,0.02884,0.03387,0.03205,0.03041
Time,s,42,0.02898,0.03359,0.03138,0.02897
Time,s,42,0.0303,0.03285,0.0317,0.02867
Time,s,42,0.0302,0.03332,0.03245,0.02854
Time,s,42,0.02945,0.03478,0.03271,0.02778
Time,s,42,0.02908,0.03455,0.03216,0.02882
Time,s,42,0.02939,0.03275,0.03282,0.02875
Time,s,42,0.02931,0.03241,0.03211,0.02888
Time,s,42,0.02876,0.03264,0.03465,0.0283
Time,s,42,0.03002,0.03267,0.03249,0.02796
Time,s,42,0.02921,0.03254,0.03232,0.0327
Time,s,42,0.03,0.03312,0.03251,0.03397
Time,s,42,0.02927,0.03257,0.03245,0.02997
Time,s,42,0.02934,0.0329,0.03327,0.02847
Time,s,42,0.02954,0.03215,0.03265,0.02803
Time,s,42,0.02895,0.03256,0.03258,0.0289
Time,s,42,0.02958,0.03287,0.03249,0.02786
Time,s,42,0.03094,0.0319,0.03182,0.02839
Time,s,42,0.02994,0.03284,0.03191,0.02812
Time,s,42,0.02903,0.03229,0.03243,0.02829
Time,s,42,0.02951,0.03379,0.0318,0.02826
Time,s,42,0.03155,0.03332,0.03292,0.02899
Time,s,42,0.03065,0.03599,0.03242,0.02919
Time,s,42,0.03007,0.03852,0.03344,0.02873
Time,s,42,0.02885,0.0361,0.03265,0.02754
Time,s,42,0.02929,0.0347,0.03261,0.02757
Time,s,42,0.02993,0.03276,0.03251,0.02786
Time,s,42,0.02918,0.03256,0.03616,0.02801
Time,s,42,0.03025,0.03313,0.03532,0.02816
Time,s,42,0.03531,0.03348,0.03423,0.02844
Time,s,42,0.03661,0.03332,0.03268,0.0278
Time,s,42,0.03532,0.03383,0.03292,0.02786
Time,s,42,0.03378,0.0337,0.0326,0.02892
Time,s,42,0.03008,0.0345,0.03247,0.02798
Time,s,42,0.02995,0.03315,0.03219,0.02766
Time,s,43,0.03367,0.03315,0.03222,0.02758
Time,s,43,0.03422,0.03318,0.03473,0.02771
Time,s,43,0.03082,0.0328,0.03343,0.0288
Time,s,43,0.02974,0.03264,0.03285,0.02817
Time,s,43,0.02952,0.03273,0.03255,0.02892
Time,s,43,0.02937,0.03381,0.03204,0.02875
Time,s,43,0.02876,0.03343,0.0347,0.02859
Time,s,43,0.02925,0.03243,0.03312,0.02802
Time,s,43,0.02948,0.03208,0.03319,0.02685
Time,s,43,0.02882,0.03228,0.03272,0.0283
Time,s,43,0.02933,0.0331,0.03252,0.02938
Time,s,43,0.02976,0.03278,0.03245,0.02854
Time,s,43,0.02863,0.0325,0.0334,0.02808
Time,s,43,0.02936,0.03263,0.0321,0.02758
Time,s,43,0.02902,0.03323,0.03188,0.0293
Time,s,43,0.03005,0.03242,0.03235,0.02911
Time,s,43,0.03039,0.03264,0.03204,0.02816
Time,s,43,0.031,0.0465,0.03302,0.02944
Time,s,43,0.02956,0.04244,0.03356,0.02987
Time,s,43,0.02962,0.03808,0.03314,0.02908
Time,s,43,0.0291,0.03512,0.03253,0.02848
Time,s,43,0.02933,0.03485,0.03245,0.02789
Time,s,43,0.03123,0.03354,0.03247,0.0292
Time,s,43,0.03085,0.03334,0.03335,0.02844
Time,s,43,0.03038,0.03282,0.03262,0.0281
Time,s,43,0.02982,0.03278,0.0319,0.02832
Time,s,43,0.02927,0.03362,0.03231,0.0279
Time,s,43,0.02917,0.03343,0.03385,0.0287
Time,s,43,0.0301,0.03388,0.03284,0.02763
Time,s,43,0.02889,0.03545,0.03261,0.02831
Time,s,43,0.02911,0.03382,0.03229,0.0282
Time,s,43,0.02883,0.03247,0.03199,0.02845
Time,s,43,0.02879,0.03209,0.03197,0.02813
Time,s,43,0.03051,0.03315,0.03402,0.02916
Time,s,43,0.03076,0.03362,0.03321,0.03441
Time,s,43,0.03038,0.03716,0.03236,0.02976
Time,s,43,0.02953,0.0361,0.03176,0.02824
Time,s,43,0.02948,0.03404,0.03191,0.02838
Time,s,43,0.02941,0.03306,0.03252,0.02772
Time,s,43,0.02892,0.03342,0.03463,0.02743
Time,s,43,0.02891,0.0329,0.03315,0.02845
Time,s,43,0.02947,0.03271,0.03344,0.02795
Time,s,43,0.02936,0.03335,0.03886,0.02941
Time,s,43,0.02934,0.03311,0.03299,0.03051
Time,s,43,0.02944,0.0328,0.03238,0.02834
Time,s,43,0.02902,0.0329,0.03229,0.02899
Time,s,43,0.02827,0.03286,0.03198,0.02912
Time,s,43,0.02914,0.03291,0.03185,0.0279
Time,s,43,0.03017,0.03409,0.03255,0.02837
Time,s,43,0.03172,0.03529,0.03357,0.02958
Time,s,43,0.02986,0.03325,0.03352,0.02787
Time,s,43,0.0304,0.0323,0.03475,0.02748
Time,s,43,0.03449,0.03318,0.0328,0.02781
Time,s,43,0.0314,0.03439,0.03213,0.02853
Time,s,43,0.02956,0.03348,0.03254,0.0277
Time,s,43,0.0296,0.03297,0.03231,0.02833
Time,s,43,0.02907,0.03232,0.03289,0.02852
Time,s,43,0.02872,0.03226,0.0319,0.02902
Time,s,43,0.02908,0.03291,0.03185,0.02878
Time,s,43,0.03109,0.03313,0.0324,0.02809
Time,s,43,0.03025,0.03295,0.03353,0.02819
Time,s,43,0.02908,0.03535,0.03194,0.02875
Time,s,43,0.03055,0.03538,0.03195,0.02841
Time,s,43,0.02883,0.03349,0.0322,0.02828
Time,s,43,0.02887,0.04167,0.0319,0.02738
Time,s,43,0.02942,0.03838,0.03263,0.02852
Time,s,43,0.02917,0.03377,0.03277,0.02797
Time,s,43,0.02923,0.03309,0.03225,0.02812
Time,s,43,0.03057,0.03344,0.03195,0.02796
Time,s,43,0.02981,0.0325,0.03224,0.02743
Time,s,43,0.02942,0.03322,0.0321,0.02762
Time,s,43,0.02897,0.03309,0.03297,0.02756
Time,s,43,0.02958,0.04047,0.03427,0.0263
Time,s,43,0.02906,0.03638,0.03308,0.02664
Time,s,43,0.02938,0.03503,0.0321,0.0282
Time,s,43,0.02926,0.03544,0.03249,0.02961
Time,s,43,0.02952,0.03374,0.03304,0.02751
Time,s,43,0.0286,0.03286,0.03267,0.02714
Time,s,43,0.0293,0.03521,0.03251,0.02657
Time,s,43,0.03014,0.03297,0.03341,0.02752
Time,s,43,0.02924,0.03205,0.03374,0.02735
Time,s,43,0.02914,0.03254,0.03245,0.02815
Time,s,43,0.02985,0.03747,0.03202,0.02772
Time,s,43,0.02877,0.03795,0.0331,0.02682
Time,s,43,0.02903,0.03447,0.03169,0.02724
Time,s,43,0.03028,0.03339,0.03232,0.02775
Time,s,43,0.03021,0.03236,0.03341,0.02703
Time,s,43,0.02936,0.03168,0.03878,0.02665
Time,s,43,0.02931,0.03191,0.04666,0.02808
Time,s,43,0.02907,0.03189,0.04174,0.02728
Time,s,43,0.02901,0.03321,0.04004,0.02679
Time,s,43,0.03008,0.03355,0.0379,0.02769
Time,s,43,0.02914,0.03483,0.0349,0.03518
Time,s,43,0.02969,0.03446,0.03434,0.03101
Time,s,43,0.02932,0.03288,0.03295,0.02947
Time,s,43,0.02902,0.03276,0.03252,0.02791
Time,s,43,0.02939,0.03226,0.03207,0.02768
Time,s,43,0.02974,0.03343,0.03165,0.02765
Time,s,43,0.02826,0.03246,0.03218,0.027
Time,s,43,0.02758,0.03279,0.03437,0.02854
Time,s,44,0.02935,0.03343,0.03315,0.02746
Time,s,44,0.02794,0.03296,0.03225,0.02709
Time,s,44,0.03107,0.03281,0.03194,0.02756
Time,s,44,0.02973,0.03216,0.0333,0.02788
Time,s,44,0.03003,0.03253,0.03277,0.02839
Time,s,44,0.02965,0.03225,0.03256,0.02821
Time,s,44,0.02867,0.03213,0.03245,0.02723
Time,s,44,0.02995,0.03307,0.03186,0.02676
Time,s,44,0.03434,0.03469,0.03195,0.02723
Time,s,44,0.02914,0.03387,0.03341,0.0276
Time,s,44,0.0287,0.03328,0.03368,0.0273
Time,s,44,0.02813,0.03229,0.03209,0.02729
Time,s,44,0.02797,0.0343,0.03174,0.02761
Time,s,44,0.02811,0.03412,0.03219,0.0274
Time,s,44,0.02814,0.03321,0.03214,0.02778
Time,s,44,0.02793,0.03309,0.03315,0.02777
Time,s,44,0.02835,0.03292,0.03264,0.02761
Time,s,44,0.0278,0.03355,0.03218,0.02768
Time,s,44,0.03522,0.03265,0.03214,0.02777
Time,s,44,0.03633,0.03235,0.03249,0.02957
Time,s,44,0.03236,0.0326,0.032,0.03047
Time,s,44,0.02992,0.03335,0.03414,0.02908
Time,s,44,0.02926,0.03333,0.03284,0.02781
Time,s,44,0.02891,0.03286,0.03242,0.02797
Time,s,44,0.02786,0.0338,0.03258,0.02843
Time,s,44,0.02815,0.03573,0.0321,0.02858
Time,s,44,0.02824,0.0331,0.03366,0.028
Time,s,44,0.02799,0.03301,0.03232,0.02838
Time,s,44,0.02897,0.03277,0.03226,0.02881
Time,s,44,0.02818,0.03308,0.03205,0.02887
Time,s,44,0.0282,0.03323,0.03248,0.02847
Time,s,44,0.02826,0.03621,0.03241,0.02967
Time,s,44,0.02962,0.0372,0.03225,0.03093
Time,s,44,0.03045,0.03387,0.03293,0.02875
Time,s,44,0.02824,0.03269,0.03249,0.02793
Time,s,44,0.02806,0.03231,0.03217,0.02788
Time,s,44,0.03035,0.03241,0.03393,0.02758
Time,s,44,0.02821,0.03306,0.03352,0.02797
Time,s,44,0.02812,0.03395,0.0322,0.02771
Time,s,44,0.02808,0.033,0.03494,0.02813
Time,s,44,0.0279,0.03304,0.03843,0.02765
Time,s,44,0.0299,0.03258,0.03427,0.02774
Time,s,44,0.02867,0.03207,0.04126,0.02849
Time,s,44,0.02817,0.03206,0.03173,0.02785
Time,s,44,0.02829,0.03198,0.03222,0.0276
Time,s,44,0.02915,0.0325,0.03117,0.028
Time,s,44,0.02884,0.03274,0.03196,0.02821
Time,s,44,0.03053,0.03215,0.03163,0.02793
Time,s,44,0.02911,0.03286,0.03397,0.0273
Time,s,44,0.02825,0.03236,0.03234,0.02847
Time,s,44,0.02844,0.03292,0.03201,0.03419
Time,s,44,0.02797,0.03288,0.03216,0.02913
Time,s,44,0.02804,0.03206,0.03169,0.02806
Time,s,44,0.02811,0.032,0.0313,0.02791
Time,s,44,0.02896,0.03224,0.03268,0.02749
Time,s,44,0.02779,0.03261,0.03288,0.02761
Time,s,44,0.0281,0.03262,0.03342,0.02709
Time,s,44,0.02796,0.03564,0.03234,0.02964
Time,s,44,0.02909,0.0358,0.03231,0.02866
Time,s,44,0.03045,0.03291,0.03273,0.02758
Time,s,44,0.02973,0.03266,0.03191,0.02836
Time,s,44,0.02823,0.03463,0.03219,0.02725
Time,s,44,0.03027,0.03327,0.0319,0.02876
Time,s,44,0.03284,0.03407,0.03183,0.02926
Time,s,44,0.02981,0.03259,0.03177,0.02971
Time,s,44,0.02897,0.03215,0.03206,0.02882
Time,s,44,0.02854,0.03321,0.03225,0.028
Time,s,44,0.0277,0.03394,0.03175,0.02794
Time,s,44,0.02886,0.03441,0.03144,0.02785
Time,s,44,0.02988,0.03327,0.03365,0.02895
Time,s,44,0.03031,0.03314,0.0339,0.02821
Time,s,44,0.02941,0.03235,0.03276,0.02827
Time,s,44,0.02816,0.03304,0.0326,0.02819
Time,s,44,0.02866,0.03324,0.03196,0.02855
Time,s,44,0.02823,0.03293,0.03207,0.02737
Time,s,44,0.02741,0.03268,0.03267,0.02782
Time,s,44,0.02851,0.03247,0.03228,0.02807
Time,s,44,0.02838,0.03962,0.03148,0.0281
Time,s,44,0.0286,0.04159,0.03215,0.02722
Time,s,44,0.02929,0.03751,0.03143,0.0279
Time,s,44,0.02843,0.03942,0.03231,0.0276
Time,s,44,0.02776,0.03389,0.0317,0.02803
Time,s,44,0.029,0.03366,0.03191,0.02793
Time,s,44,0.02879,0.0327,0.03174,0.0274
Time,s,44,0.02813,0.03311,0.03212,0.02879
Time,s,44,0.02765,0.03289,0.03249,0.02736
Time,s,44,0.02772,0.03235,0.03178,0.02748
Time,s,44,0.02867,0.03394,0.03225,0.02781
Time,s,44,0.02833,0.03457,0.03254,0.02744
Time,s,44,0.02826,0.03507,0.03923,0.02872
Time,s,44,0.02813,0.03502,0.04609,0.02984
Time,s,44,0.02797,0.03342,0.03669,0.02745
Time,s,44,0.028,0.03214,0.03497,0.02768
Time,s,44,0.0273,0.03315,0.03333,0.02702
Time,s,44,0.02774,0.03251,0.032,0.02724
Time,s,44,0.02761,0.03334,0.03243,0.0291
Time,s,44,0.02754,0.03268,0.03242,0.02884
Time,s,44,0.02868,0.03315,0.03238,0.02848
Time,s,44,0.02864,0.03505,0.03369,0.02813
Time,s,44,0.02832,0.0327,0.03208,0.02881
Time,s,45,0.02819,0.03247,0.03389,0.02828
Time,s,45,0.02809,0.03196,0.03364,0.0285
Time,s,45,0.02805,0.03216,0.03194,0.0279
Time,s,45,0.02809,0.03287,0.03204,0.02853
Time,s,45,0.02833,0.03235,0.03138,0.02864
Time,s,45,0.02816,0.03304,0.03213,0.02725
Time,s,45,0.03029,0.03287,0.03196,0.02866
Time,s,45,0.03033,0.03286,0.03167,0.03176
Time,s,45,0.02905,0.03322,0.03206,0.03078
Time,s,45,0.0275,0.03448,0.03224,0.02854
Time,s,45,0.02751,0.03372,0.0321,0.02829
Time,s,45,0.02925,0.03333,0.03254,0.02791
Time,s,45,0.02806,0.03405,0.03197,0.02782
Time,s,45,0.02796,0.04063,0.03242,0.02782
Time,s,45,0.0292,0.03328,0.03116,0.02808
Time,s,45,0.02947,0.03373,0.03219,0.02804
Time,s,45,0.02882,0.03262,0.03159,0.02778
Time,s,45,0.02867,0.0324,0.03187,0.02766
Time,s,45,0.02901,0.0321,0.0319,0.02823
Time,s,45,0.03165,0.03297,0.03183,0.02716
Time,s,45,0.03163,0.03409,0.03257,0.02835
Time,s,45,0.02896,0.03401,0.03196,0.02801
Time,s,45,0.02789,0.03494,0.0328,0.0278
Time,s,45,0.02838,0.03271,0.03224,0.02739
Time,s,45,0.02806,0.03247,0.03292,0.02771
Time,s,45,0.02864,0.03221,0.03227,0.02874
Time,s,45,0.02804,0.03263,0.03334,0.0278
Time,s,45,0.02776,0.03562,0.03209,0.02761
Time,s,45,0.0274,0.03964,0.03275,0.02803
Time,s,45,0.02844,0.03663,0.03195,0.02692
Time,s,45,0.02798,0.03331,0.03251,0.02785
Time,s,45,0.02783,0.03252,0.03422,0.02806
Time,s,45,0.02775,0.03366,0.03325,0.02718
Time,s,45,0.0278,0.03291,0.0331,0.02802
Time,s,45,0.02868,0.03291,0.03243,0.02943
Time,s,45,0.02956,0.03244,0.0333,0.0297
Time,s,45,0.02904,0.03224,0.03291,0.02929
Time,s,45,0.02837,0.03285,0.03158,0.02805
Time,s,45,0.02782,0.03275,0.03391,0.02717
Time,s,45,0.02823,0.03228,0.03779,0.02756
Time,s,45,0.02797,0.03179,0.03327,0.02766
Time,s,45,0.02981,0.03266,0.03232,0.02853
Time,s,45,0.02966,0.03292,0.03152,0.02838
Time,s,45,0.03001,0.03283,0.03223,0.02825
Time,s,45,0.0294,0.03259,0.03253,0.02817
Time,s,45,0.0284,0.03252,0.03223,0.03017
Time,s,45,0.02802,0.03256,0.03231,0.04129
Time,s,45,0.0301,0.03273,0.03515,0.03525
Time,s,45,0.03001,0.0325,0.03293,0.03057
Time,s,45,0.02938,0.03252,0.03164,0.02903
Time,s,45,0.02895,0.0333,0.03186,0.02796
Time,s,45,0.02836,0.0335,0.03153,0.02826
Time,s,45,0.0295,0.03365,0.03162,0.03387
Time,s,45,0.02854,0.03391,0.03143,0.03677
Time,s,45,0.02891,0.03379,0.03187,0.03261
Time,s,45,0.02832,0.03488,0.03294,0.02943
Time,s,45,0.02829,0.0326,0.0317,0.03636
Time,s,45,0.02843,0.03507,0.03201,0.0325
Time,s,45,0.02811,0.03553,0.0319,0.02929
Time,s,45,0.02823,0.03325,0.03246,0.02792
Time,s,45,0.02824,0.03262,0.03264,0.02749
Time,s,45,0.02861,0.03287,0.03214,0.02772
Time,s,45,0.028,0.03219,0.03383,0.02998
Time,s,45,0.02842,0.03214,0.03229,0.03274
Time,s,45,0.02852,0.03226,0.03274,0.02949
Time,s,45,0.02833,0.0327,0.03185,0.0281
Time,s,45,0.02794,0.03249,0.0326,0.02745
Time,s,45,0.02789,0.03225,0.03179,0.02887
Time,s,45,0.02782,0.03435,0.03333,0.02911
Time,s,45,0.03016,0.03246,0.03263,0.02928
Time,s,45,0.02973,0.03213,0.03214,0.02943
Time,s,45,0.02844,0.03163,0.03193,0.02849
Time,s,45,0.02877,0.0327,0.03192,0.02801
Time,s,45,0.02873,0.03229,0.03166,0.02771
Time,s,45,0.03016,0.03236,0.03123,0.02797
Time,s,45,0.03368,0.0326,0.03154,0.0276
Time,s,45,0.03045,0.03256,0.03204,0.02828
Time,s,45,0.02944,0.03633,0.03199,0.02828
Time,s,45,0.02854,0.03621,0.03224,0.02825
Time,s,45,0.02899,0.0342,0.03254,0.02826
Time,s,45,0.03138,0.03256,0.03153,0.02801
Time,s,45,0.02939,0.03239,0.03185,0.02789
Time,s,45,0.02943,0.03265,0.03198,0.02736
Time,s,45,0.02907,0.03253,0.03253,0.02796
Time,s,45,0.02857,0.03296,0.03372,0.02909
Time,s,45,0.02915,0.0347,0.03297,0.02852
Time,s,45,0.02848,0.03302,0.03368,0.02985
Time,s,45,0.02836,0.0337,0.032,0.02816
Time,s,45,0.02822,0.03557,0.03536,0.02796
Time,s,45,0.02933,0.03354,0.03712,0.02762
Time,s,45,0.02894,0.03228,0.03374,0.02837
Time,s,45,0.0289,0.03273,0.03239,0.02775
Time,s,45,0.02859,0.03419,0.03284,0.02835
Time,s,45,0.03448,0.03374,0.03333,0.02808
Time,s,45,0.03467,0.03287,0.03281,0.02726
Time,s,45,0.0304,0.03272,0.04115,0.02721
Time,s,45,0.02907,0.03141,0.03383,0.02731
Time,s,45,0.02867,0.03181,0.03276,0.02769
Time,s,45,0.02907,0.03226,0.0326,0.02796
Time,s,45,0.02903,0.03329,0.03275,0.02765
Time,s,46,0.02875,0.03253,0.03403,0.02776
Time,s,46,0.02858,0.03232,0.03431,0.02872
Time,s,46,0.02934,0.03257,0.03271,0.02964
Time,s,46,0.02851,0.03303,0.0322,0.0291
Time,s,46,0.02895,0.03229,0.03305,0.02895
Time,s,46,0.02797,0.03246,0.03262,0.02793
Time,s,46,0.02899,0.03201,0.03227,0.02815
Time,s,46,0.02838,0.03464,0.03186,0.02928
Time,s,46,0.02974,0.03323,0.03205,0.02901
Time,s,46,0.02919,0.0328,0.03245,0.02754
Time,s,46,0.02994,0.03285,0.03246,0.02725
Time,s,46,0.02831,0.03235,0.03196,0.02713
Time,s,46,0.02867,0.03302,0.03164,0.0276
Time,s,46,0.02798,0.03252,0.03215,0.02724
Time,s,46,0.02836,0.03247,0.03218,0.02726
Time,s,46,0.0286,0.03288,0.03263,0.02864
Time,s,46,0.03094,0.03283,0.03269,0.02741
Time,s,46,0.03022,0.03233,0.03193,0.02746
Time,s,46,0.02883,0.03667,0.03218,0.02842
Time,s,46,0.0289,0.03466,0.03354,0.02795
Time,s,46,0.02868,0.0337,0.03321,0.02891
Time,s,46,0.02881,0.03356,0.03207,0.03199
Time,s,46,0.02941,0.03231,0.03295,0.0305
Time,s,46,0.02873,0.03248,0.03343,0.0289
Time,s,46,0.03162,0.03242,0.03263,0.02948
Time,s,46,0.0304,0.03344,0.03171,0.03129
Time,s,46,0.02889,0.03479,0.03319,0.02934
Time,s,46,0.02823,0.03689,0.03264,0.02854
Time,s,46,0.02895,0.03244,0.03279,0.02783
Time,s,46,0.03031,0.03235,0.03199,0.02794
Time,s,46,0.03363,0.03123,0.03187,0.02836
Time,s,46,0.02909,0.03169,0.03236,0.02803
Time,s,46,0.02869,0.03226,0.03203,0.02776
Time,s,46,0.02909,0.03246,0.03272,0.0276
Time,s,46,0.02909,0.03172,0.03375,0.02734
Time,s,46,0.02887,0.03204,0.03297,0.02777
Time,s,46,0.02947,0.0331,0.03268,0.02839
Time,s,46,0.02853,0.03218,0.03298,0.02764
Time,s,46,0.02867,0.04065,0.03725,0.02742
Time,s,46,0.0279,0.04467,0.03335,0.02896
Time,s,46,0.02791,0.03748,0.03322,0.02851
Time,s,46,0.02925,0.0347,0.03285,0.02793
Time,s,46,0.02886,0.03278,0.03225,0.02734
Time,s,46,0.0289,0.03227,0.03162,0.02789
Time,s,46,0.03052,0.03242,0.03164,0.02793
Time,s,46,0.02958,0.03271,0.03284,0.02739
Time,s,46,0.0288,0.0329,0.03455,0.02921
Time,s,46,0.02837,0.03257,0.03336,0.02899
Time,s,46,0.02844,0.03426,0.03244,0.02807
Time,s,46,0.02841,0.03394,0.03246,0.02828
Time,s,46,0.02819,0.03371,0.03172,0.02821
Time,s,46,0.02892,0.03375,0.03186,0.02755
Time,s,46,0.02835,0.03315,0.03245,0.02762
Time,s,46,0.03028,0.03411,0.03411,0.02774
Time,s,46,0.02916,0.03271,0.03312,0.02833
Time,s,46,0.02979,0.03461,0.03256,0.02751
Time,s,46,0.02912,0.03476,0.03293,0.02838
Time,s,46,0.02827,0.03389,0.03118,0.02785
Time,s,46,0.0284,0.03284,0.03189,0.02812
Time,s,46,0.02907,0.03178,0.03292,0.02969
Time,s,46,0.02812,0.03195,0.03187,0.02841
Time,s,46,0.02794,0.03205,0.03199,0.02757
Time,s,46,0.02815,0.03264,0.03283,0.02812
Time,s,46,0.02871,0.0335,0.03223,0.02806
Time,s,46,0.02778,0.03292,0.03221,0.02786
Time,s,46,0.02883,0.0329,0.0326,0.02836
Time,s,46,0.02879,0.03237,0.03279,0.02787
Time,s,46,0.02894,0.03268,0.03406,0.02765
Time,s,46,0.02839,0.0317,0.03334,0.02781
Time,s,46,0.02855,0.03254,0.03308,0.02791
Time,s,46,0.02859,0.03309,0.03243,0.02836
Time,s,46,0.02884,0.03237,0.03288,0.02822
Time,s,46,0.02911,0.03222,0.03214,0.02787
Time,s,46,0.02818,0.03306,0.03219,0.0281
Time,s,46,0.02845,0.03835,0.03164,0.02839
Time,s,46,0.02819,0.03695,0.03272,0.02836
Time,s,46,0.02792,0.03387,0.03237,0.02892
Time,s,46,0.02822,0.03299,0.03175,0.02884
Time,s,46,0.0287,0.03283,0.03269,0.03094
Time,s,46,0.03089,0.03175,0.03269,0.02958
Time,s,46,0.03,0.03212,0.03253,0.02869
Time,s,46,0.02842,0.03165,0.03152,0.02862
Time,s,46,0.02959,0.03385,0.03157,0.02788
Time,s,46,0.02811,0.03301,0.03212,0.02798
Time,s,46,0.02953,0.03271,0.03323,0.02881
Time,s,46,0.03284,0.03265,0.03298,0.02873
Time,s,46,0.02963,0.03339,0.03372,0.0276
Time,s,46,0.02907,0.0335,0.03375,0.02759
Time,s,46,0.02831,0.0328,0.03676,0.02812
Time,s,46,0.02932,0.03262,0.03407,0.02802
Time,s,46,0.02974,0.03566,0.03438,0.02705
Time,s,46,0.02939,0.03356,0.03227,0.02783
Time,s,46,0.03009,0.03253,0.03161,0.02716
Time,s,46,0.02851,0.03265,0.03231,0.02804
Time,s,46,0.02883,0.03303,0.03701,0.02808
Time,s,46,0.0278,0.03214,0.04304,0.028
Time,s,46,0.02881,0.03306,0.03587,0.02747
Time,s,46,0.02867,0.03235,0.03376,0.0279
Time,s,46,0.02801,0.03241,0.03313,0.02731
Time,s,46,0.02839,0.03215,0.0322,0.02743
Time,s,47,0.02822,0.03286,0.03343,0.02705
Time,s,47,0.0289,0.0325,0.03367,0.02902
Time,s,47,0.02901,0.03272,0.03252,0.02768
Time,s,47,0.02954,0.03291,0.03191,0.02747
Time,s,47,0.02762,0.03531,0.03161,0.02764
Time,s,47,0.02877,0.03366,0.03261,0.02819
Time,s,47,0.02883,0.03297,0.03226,0.028
Time,s,47,0.02819,0.03161,0.03156,0.02678
Time,s,47,0.02897,0.0337,0.03263,0.02702
Time,s,47,0.02828,0.03518,0.03295,0.02778
Time,s,47,0.0289,0.0332,0.0331,0.02899
Time,s,47,0.02854,0.03218,0.03317,0.02861
Time,s,47,0.02904,0.03262,0.03252,0.02896
Time,s,47,0.02859,0.03302,0.03303,0.02751
Time,s,47,0.02966,0.0341,0.03392,0.02803
Time,s,47,0.02803,0.03398,0.03219,0.02906
Time,s,47,0.02815,0.03247,0.04151,0.03068
Time,s,47,0.02845,0.03245,0.04167,0.02911
Time,s,47,0.0288,0.03327,0.03737,0.02746
Time,s,47,0.02899,0.0325,0.03383,0.0268
Time,s,47,0.02816,0.03288,0.03304,0.02733
Time,s,47,0.02821,0.0326,0.03339,0.02784
Time,s,47,0.02817,0.03317,0.03264,0.02929
Time,s,47,0.02857,0.03646,0.03274,0.02885
Time,s,47,0.02768,0.03625,0.03275,0.02832
Time,s,47,0.02785,0.03221,0.03341,0.02834
Time,s,47,0.02858,0.03317,0.0332,0.02798
Time,s,47,0.02905,0.03174,0.03305,0.02828
Time,s,47,0.02849,0.03158,0.03352,0.02793
Time,s,47,0.02851,0.0319,0.03301,0.02681
Time,s,47,0.02895,0.03247,0.03226,0.0273
Time,s,47,0.02839,0.03208,0.03203,0.02823
Time,s,47,0.02847,0.03345,0.03283,0.02889
Time,s,47,0.02881,0.03205,0.03298,0.02745
Time,s,47,0.02916,0.03225,0.03336,0.02827
Time,s,47,0.02976,0.03234,0.0322,0.0312
Time,s,47,0.02882,0.0448,0.03561,0.0315
Time,s,47,0.0278,0.04051,0.03551,0.03035
Time,s,47,0.02803,0.03714,0.03345,0.02776
Time,s,47,0.02939,0.03424,0.03231,0.02901
Time,s,47,0.03218,0.03354,0.03252,0.02817
Time,s,47,0.03099,0.03312,0.03282,0.02791
Time,s,47,0.02933,0.03311,0.03219,0.02793
Time,s,47,0.02843,0.03288,0.03411,0.02943
Time,s,47,0.02817,0.03288,0.0361,0.02728
Time,s,47,0.02897,0.03234,0.03371,0.02892
Time,s,47,0.02839,0.03447,0.0334,0.0283
Time,s,47,0.02884,0.03394,0.03249,0.02747
Time,s,47,0.02981,0.03275,0.03385,0.02815
Time,s,47,0.02971,0.03212,0.03247,0.02752
Time,s,47,0.02791,0.03247,0.03208,0.02779
Time,s,47,0.02849,0.03476,0.03309,0.02724
Time,s,47,0.02789,0.03487,0.03445,0.02832
Time,s,47,0.02802,0.03358,0.04296,0.0286
Time,s,47,0.02864,0.03333,0.03738,0.02878
Time,s,47,0.03733,0.03362,0.03345,0.02823
Time,s,47,0.02928,0.03217,0.03236,0.0277
Time,s,47,0.02862,0.03245,0.0337,0.02774
Time,s,47,0.02794,0.0321,0.03285,0.02815
Time,s,47,0.0279,0.03217,0.03257,0.02789
Time,s,47,0.02804,0.0322,0.03275,0.02832
Time,s,47,0.02811,0.03251,0.03238,0.02895
Time,s,47,0.02955,0.03316,0.03214,0.02842
Time,s,47,0.0299,0.03262,0.03207,0.02766
Time,s,47,0.02962,0.03212,0.033,0.02782
Time,s,47,0.02829,0.03294,0.03374,0.0274
Time,s,47,0.02897,0.03176,0.03294,0.02866
Time,s,47,0.02829,0.03247,0.03263,0.02841
Time,s,47,0.02826,0.03505,0.03166,0.0275
Time,s,47,0.02801,0.03361,0.03232,0.02774
Time,s,47,0.02795,0.03325,0.03254,0.0286
Time,s,47,0.02913,0.03412,0.03198,0.02798
Time,s,47,0.02852,0.0386,0.03237,0.02805
Time,s,47,0.02905,0.03438,0.0332,0.02924
Time,s,47,0.0276,0.03269,0.03347,0.02943
Time,s,47,0.02873,0.03324,0.03258,0.02929
Time,s,47,0.02812,0.0323,0.03275,0.02878
Time,s,47,0.0283,0.03259,0.03261,0.02748
Time,s,47,0.02949,0.03408,0.03321,0.02863
Time,s,47,0.02897,0.03379,0.03215,0.02768
Time,s,47,0.02876,0.03391,0.03218,0.02828
Time,s,47,0.02917,0.0327,0.03219,0.02887
Time,s,47,0.03164,0.03201,0.03178,0.02913
Time,s,47,0.03002,0.03343,0.03288,0.0277
Time,s,47,0.02929,0.0335,0.03335,0.02788
Time,s,47,0.02869,0.03413,0.03581,0.02745
Time,s,47,0.03496,0.03252,0.03554,0.02859
Time,s,47,0.03949,0.03171,0.0335,0.02788
Time,s,47,0.03297,0.03274,0.03253,0.02772
Time,s,47,0.03272,0.03223,0.03225,0.02809
Time,s,47,0.03016,0.03227,0.03264,0.02791
Time,s,47,0.02912,0.0319,0.03281,0.02788
Time,s,47,0.03176,0.0325,0.03244,0.02836
Time,s,47,0.02983,0.03273,0.03355,0.03128
Time,s,47,0.03159,0.03279,0.0329,0.03306
Time,s,47,0.03303,0.03222,0.03386,0.02892
Time,s,47,0.03025,0.03203,0.03247,0.02794
Time,s,47,0.02917,0.03242,0.03423,0.02797
Time,s,47,0.02905,0.03402,0.03254,0.02843
Time,s,47,0.03022,0.03317,0.03235,0.02997
Time,s,48,0.02946,0.0325,0.03205,0.02841
Time,s,48,0.02916,0.03442,0.03218,0.02769
Time,s,48,0.02912,0.03346,0.03272,0.02745
Time,s,48,0.02931,0.03257,0.03224,0.02777
Time,s,48,0.02949,0.0323,0.03364,0.0283
Time,s,48,0.029,0.03223,0.03251,0.028
Time,s,48,0.02885,0.0331,0.03029,0.02733
Time,s,48,0.02946,0.03324,0.03307,0.02863
Time,s,48,0.02917,0.0323,0.03276,0.02823
Time,s,48,0.02878,0.03269,0.03197,0.02791
Time,s,48,0.02891,0.0324,0.03227,0.0289
Time,s,48,0.02845,0.03483,0.03375,0.02761
Time,s,48,0.02905,0.03283,0.03272,0.02841
Time,s,48,0.02955,0.03289,0.03181,0.02824
Time,s,48,0.02977,0.03409,0.03289,0.02799
Time,s,48,0.02958,0.0327,0.0323,0.02867
Time,s,48,0.03009,0.03417,0.03317,0.03036
Time,s,48,0.02998,0.03294,0.03357,0.02848
Time,s,48,0.02941,0.03271,0.03317,0.02834
Time,s,48,0.02922,0.03252,0.03225,0.02787
Time,s,48,0.02881,0.03361,0.03279,0.028
Time,s,48,0.02909,0.03831,0.0345,0.02873
Time,s,48,0.02966,0.04058,0.03331,0.02716
Time,s,48,0.02935,0.04003,0.03227,0.0271
Time,s,48,0.02847,0.03872,0.03314,0.02821
Time,s,48,0.02938,0.0404,0.03231,0.02773
Time,s,48,0.02896,0.03962,0.03227,0.02778
Time,s,48,0.02871,0.04352,0.03183,0.02759
Time,s,48,0.02982,0.04455,0.03285,0.02762
Time,s,48,0.02957,0.04501,0.03262,0.02823
Time,s,48,0.02892,0.04654,0.03424,0.02776
Time,s,48,0.02833,0.04393,0.03315,0.02883
Time,s,48,0.02849,0.0412,0.03213,0.03058
Time,s,48,0.02907,0.03991,0.03203,0.02879
Time,s,48,0.0286,0.03845,0.03419,0.02889
Time,s,48,0.02976,0.04144,0.03854,0.02761
Time,s,48,0.03033,0.04056,0.0355,0.02978
Time,s,48,0.0298,0.03792,0.03284,0.02934
Time,s,48,0.02956,0.03829,0.0329,0.02777
Time,s,48,0.0288,0.04146,0.0327,0.02813
Time,s,48,0.02868,0.03867,0.03183,0.02723
Time,s,48,0.03041,0.03899,0.03254,0.0278
Time,s,48,0.02927,0.03716,0.03338,0.02761
Time,s,48,0.0286,0.03969,0.0347,0.02799
Time,s,48,0.03061,0.03936,0.03311,0.02787
Time,s,48,0.0304,0.03856,0.03321,0.02838
Time,s,48,0.02945,0.03758,0.03252,0.02785
Time,s,48,0.02877,0.03549,0.03341,0.02849
Time,s,48,0.02929,0.03429,0.03253,0.03291
Time,s,48,0.03044,0.03434,0.0326,0.03545
Time,s,48,0.03632,0.03296,0.03458,0.03412
Time,s,48,0.03105,0.03356,0.03386,0.03545
Time,s,48,0.0296,0.03735,0.03246,0.02955
Time,s,48,0.02859,0.04313,0.03358,0.02855
Time,s,48,0.02892,0.04113,0.03278,0.02875
Time,s,48,0.02879,0.04093,0.03319,0.02826
Time,s,48,0.0293,0.03991,0.03239,0.02851
Time,s,48,0.02842,0.03994,0.03415,0.02845
Time,s,48,0.02809,0.037,0.03366,0.02895
Time,s,48,0.02818,0.03685,0.03367,0.02731
Time,s,48,0.02865,0.03529,0.03241,0.02758
Time,s,48,0.02851,0.03535,0.03303,0.02799
Time,s,48,0.02917,0.03896,0.03328,0.02851
Time,s,48,0.02854,0.04556,0.0357,0.02867
Time,s,48,0.02907,0.04321,0.03523,0.02759
Time,s,48,0.03037,0.03838,0.0339,0.02793
Time,s,48,0.02959,0.03533,0.03314,0.02755
Time,s,48,0.02939,0.03531,0.03336,0.02776
Time,s,48,0.02836,0.03414,0.03294,0.02815
Time,s,48,0.02851,0.03358,0.03253,0.02763
Time,s,48,0.02856,0.03402,0.0326,0.02776
Time,s,48,0.02931,0.03363,0.03211,0.02755
Time,s,48,0.0304,0.03316,0.03271,0.0276
Time,s,48,0.02946,0.03265,0.03334,0.02872
Time,s,48,0.02885,0.03685,0.03306,0.02864
Time,s,48,0.02953,0.0438,0.03365,0.02849
Time,s,48,0.02895,0.04378,0.03422,0.02805
Time,s,48,0.02899,0.0407,0.03334,0.02807
Time,s,48,0.02902,0.03983,0.03327,0.02862
Time,s,48,0.02987,0.043,0.03327,0.02805
Time,s,48,0.03837,0.04213,0.03337,0.02755
Time,s,48,0.03524,0.04547,0.03372,0.02782
Time,s,48,0.03048,0.04767,0.03363,0.0275
Time,s,48,0.02979,0.04111,0.03347,0.02789
Time,s,48,0.02999,0.03699,0.03537,0.02742
Time,s,48,0.02946,0.0346,0.0388,0.02859
Time,s,48,0.02896,0.0345,0.034,0.0289
Time,s,48,0.0291,0.03523,0.03342,0.02837
Time,s,48,0.03116,0.03568,0.03237,0.0279
Time,s,48,0.03039,0.03493,0.0329,0.02956
Time,s,48,0.02866,0.03416,0.03298,0.02823
Time,s,48,0.02879,0.0346,0.03373,0.02768
Time,s,48,0.02925,0.03377,0.03744,0.02774
Time,s,48,0.02847,0.03426,0.03497,0.02816
Time,s,48,0.02905,0.0347,0.03513,0.0276
Time,s,48,0.02891,0.03384,0.03491,0.02718
Time,s,48,0.02969,0.03403,0.04241,0.02805
Time,s,48,0.02966,0.03588,0.03295,0.02813
Time,s,48,0.03045,0.03489,0.03292,0.02924
Time,s,48,0.03081,0.03457,0.03298,0.02754
Time,s,49,0.0292,0.03341,0.03295,0.02722
Time,s,49,0.03065,0.0337,0.03343,0.02755
Time,s,49,0.0302,0.03384,0.03403,0.02757
Time,s,49,0.0298,0.03409,0.03342,0.02724
Time,s,49,0.03179,0.03503,0.03279,0.02724
Time,s,49,0.03364,0.03522,0.03349,0.02727
Time,s,49,0.02999,0.03499,0.03301,0.02939
Time,s,49,0.02918,0.03815,0.03292,0.02928
Time,s,49,0.03041,0.04092,0.033,0.03132
Time,s,49,0.0299,0.03598,0.0322,0.02804
Time,s,49,0.02903,0.03513,0.03252,0.02801
Time,s,49,0.02912,0.03321,0.03269,0.02735
Time,s,49,0.02785,0.03357,0.0332,0.02791
Time,s,49,0.02878,0.03374,0.0328,0.02911
Time,s,49,0.02978,0.03327,0.03274,0.02804
Time,s,49,0.02915,0.0328,0.03331,0.02743
Time,s,49,0.02944,0.03286,0.03321,0.02738
Time,s,49,0.03062,0.03313,0.03322,0.02699
Time,s,49,0.03031,0.03325,0.03262,0.02729
Time,s,49,0.0294,0.03366,0.03287,0.02884
Time,s,49,0.02975,0.03299,0.03299,0.02821
Time,s,49,0.02896,0.03387,0.03419,0.02799
Time,s,49,0.02881,0.03326,0.03322,0.02854
Time,s,49,0.029,0.0331,0.03344,0.02828
Time,s,49,0.03708,0.03386,0.03615,0.02801
Time,s,49,0.02956,0.03353,0.03324,0.02736
Time,s,49,0.02962,0.03327,0.03298,0.03497
Time,s,49,0.02891,0.03319,0.03311,0.03692
Time,s,49,0.02849,0.03441,0.03345,0.03156
Time,s,49,0.02894,0.03238,0.03399,0.02921
Time,s,49,0.02919,0.03511,0.03389,0.02751
Time,s,49,0.02855,0.03416,0.03319,0.0291
Time,s,49,0.02921,0.03351,0.03285,0.02815
Time,s,49,0.03075,0.0327,0.03303,0.02794
Time,s,49,0.03096,0.03363,0.0365,0.02831
Time,s,49,0.02942,0.03407,0.03592,0.0285
Time,s,49,0.02929,0.03812,0.03383,0.02717
Time,s,49,0.02953,0.03589,0.03235,0.02716
Time,s,49,0.02925,0.03549,0.03291,0.02782
Time,s,49,0.02964,0.0338,0.03378,0.02912
Time,s,49,0.02883,0.03377,0.03339,0.02825
Time,s,49,0.03039,0.03353,0.03542,0.02924
Time,s,49,0.02815,0.03422,0.03318,0.02777
Time,s,49,0.02854,0.03323,0.03308,0.02715
Time,s,49,0.02913,0.03322,0.03273,0.02728
Time,s,49,0.03061,0.03396,0.03336,0.02778
Time,s,49,0.03028,0.03275,0.033,0.03014
Time,s,49,0.02932,0.03382,0.03358,0.02831
Time,s,49,0.02879,0.03419,0.03413,0.02844
Time,s,49,0.02926,0.03388,0.03272,0.02753
Time,s,49,0.02891,0.03374,0.03363,0.02963
Time,s,49,0.03002,0.04718,0.03258,0.02893
Time,s,49,0.02973,0.04389,0.03269,0.02838
Time,s,49,0.02991,0.03789,0.03254,0.02806
Time,s,49,0.03109,0.03493,0.03494,0.02769
Time,s,49,0.03074,0.03582,0.03384,0.02687
Time,s,49,0.03033,0.0394,0.03249,0.02853
Time,s,49,0.02943,0.03558,0.03383,0.02866
Time,s,49,0.03051,0.03512,0.0327,0.02753
Time,s,49,0.03337,0.03418,0.03319,0.02824
Time,s,49,0.03043,0.03377,0.03364,0.02816
Time,s,49,0.03066,0.03557,0.03444,0.02803
Time,s,49,0.03032,0.03481,0.0334,0.02744
Time,s,49,0.0296,0.03324,0.03304,0.02774
Time,s,49,0.02968,0.03595,0.03344,0.0319
Time,s,49,0.02866,0.03444,0.03277,0.03098
Time,s,49,0.02833,0.03354,0.03343,0.02896
Time,s,49,0.02897,0.03337,0.03274,0.02833
Time,s,49,0.02926,0.03403,0.03222,0.02764
Time,s,49,0.02921,0.03506,0.03271,0.02954
Time,s,49,0.03006,0.03379,0.03244,0.02775
Time,s,49,0.02934,0.03356,0.03183,0.02732
Time,s,49,0.02931,0.03348,0.03318,0.02714
Time,s,49,0.02925,0.034,0.03331,0.02857
Time,s,49,0.0297,0.03449,0.0329,0.02909
Time,s,49,0.02976,0.03335,0.03422,0.02785
Time,s,49,0.02928,0.03308,0.03364,0.02693
Time,s,49,0.02917,0.03348,0.0327,0.02795
Time,s,49,0.02869,0.0447,0.03241,0.02778
Time,s,49,0.02869,0.04025,0.03239,0.02757
Time,s,49,0.02949,0.03577,0.03289,0.02746
Time,s,49,0.03033,0.03358,0.03363,0.02817
Time,s,49,0.03076,0.03399,0.03268,0.02742
Time,s,49,0.02937,0.03544,0.03747,0.02751
Time,s,49,0.02921,0.03517,0.04046,0.02721
Time,s,49,0.02996,0.03415,0.03376,0.02739
Time,s,49,0.029,0.03313,0.0326,0.0272
Time,s,49,0.02933,0.033,0.03399,0.02719
Time,s,49,0.0293,0.03398,0.0334,0.02758
Time,s,49,0.0293,0.03416,0.03364,0.02891
Time,s,49,0.02907,0.03417,0.03587,0.02772
Time,s,49,0.02884,0.03402,0.03422,0.0279
Time,s,49,0.03047,0.03324,0.03369,0.02852
Time,s,49,0.02875,0.03811,0.03475,0.02796
Time,s,49,0.02854,0.03584,0.0342,0.02703
Time,s,49,0.02958,0.03396,0.03364,0.02686
Time,s,49,0.02856,0.03438,0.03378,0.02712
Time,s,49,0.02934,0.0337,0.03358,0.02757
Time,s,49,0.02905,0.03327,0.03349,0.02765
Time,s,49,0.02873,0.03376,0.03373,0.02684
Time,s,50,0.02944,0.03446,0.03366,0.02778
Time,s,50,0.0293,0.03436,0.03358,0.02705
Time,s,50,0.02914,0.0343,0.0326,0.02835
Time,s,50,0.02881,0.03668,0.03258,0.0289
Time,s,50,0.02921,0.03754,0.03265,0.02933
Time,s,50,0.02823,0.03533,0.03293,0.02792
Time,s,50,0.0292,0.0353,0.0327,0.02732
Time,s,50,0.02988,0.03366,0.03256,0.02737
Time,s,50,0.02942,0.03346,0.03339,0.02738
Time,s,50,0.03146,0.03276,0.03369,0.0289
Time,s,50,0.03086,0.03316,0.04098,0.02778
Time,s,50,0.03001,0.03309,0.04054,0.02769
Time,s,50,0.02919,0.03293,0.03469,0.02771
Time,s,50,0.03081,0.03493,0.03572,0.02857
Time,s,50,0.03449,0.03485,0.03386,0.02727
Time,s,50,0.03045,0.03403,0.0338,0.0275
Time,s,50,0.02945,0.03302,0.03325,0.028
Time,s,50,0.0299,0.03341,0.03298,0.02776
Time,s,50,0.03113,0.0332,0.03311,0.02799
Time,s,50,0.02972,0.03321,0.0331,0.02787
Time,s,50,0.03036,0.03314,0.0337,0.02774
Time,s,50,0.02809,0.03293,0.03369,0.02826
Time,s,50,0.02915,0.03606,0.0331,0.03098
Time,s,50,0.02879,0.03573,0.03377,0.03152
Time,s,50,0.02882,0.0345,0.03317,0.02858
Time,s,50,0.02966,0.0344,0.03387,0.02852
Time,s,50,0.02897,0.03414,0.03401,0.02869
Time,s,50,0.02919,0.03374,0.03397,0.02979
Time,s,50,0.02844,0.0331,0.033,0.03037
Time,s,50,0.02977,0.03315,0.03303,0.02881
Time,s,50,0.02828,0.03373,0.03342,0.02787
Time,s,50,0.0294,0.03629,0.03368,0.02755
Time,s,50,0.03008,0.03466,0.03581,0.02729
Time,s,50,0.0304,0.0347,0.03666,0.02702
Time,s,50,0.02991,0.03337,0.03358,0.02739
Time,s,50,0.02959,0.03301,0.0331,0.02772
Time,s,50,0.02928,0.03266,0.03282,0.02753
Time,s,50,0.02969,0.03313,0.03271,0.02715
Time,s,50,0.02908,0.03334,0.0345,0.02791
Time,s,50,0.02889,0.03354,0.03475,0.02843
Time,s,50,0.02941,0.03313,0.03246,0.02758
Time,s,50,0.02903,0.03251,0.03313,0.02737
Time,s,50,0.0284,0.03247,0.03292,0.0272
Time,s,50,0.02891,0.03309,0.03731,0.02737
Time,s,50,0.02965,0.03336,0.04613,0.02893
Time,s,50,0.02846,0.03396,0.03935,0.0278
Time,s,50,0.02934,0.03332,0.03539,0.02856
Time,s,50,0.0299,0.0335,0.03461,0.02934
Time,s,50,0.02929,0.03417,0.03358,0.0276
Time,s,50,0.02923,0.03313,0.03305,0.02759
Time,s,50,0.02972,0.03328,0.03294,0.02724
Time,s,50,0.02889,0.03395,0.03263,0.02795
Time,s,50,0.03003,0.04029,0.03234,0.02775
Time,s,50,0.0308,0.03829,0.03405,0.02783
Time,s,50,0.02971,0.03589,0.03309,0.02773
Time,s,50,0.03067,0.03411,0.03394,0.02758
Time,s,50,0.02993,0.03433,0.03314,0.0273
Time,s,50,0.02914,0.03592,0.0333,0.02754
Time,s,50,0.02966,0.03354,0.03289,0.02825
Time,s,50,0.03001,0.03382,0.03426,0.02719
Time,s,50,0.02951,0.03369,0.03323,0.02808
Time,s,50,0.0296,0.03206,0.03314,0.02844
Time,s,50,0.03035,0.03215,0.03275,0.02784
Time,s,50,0.02943,0.03258,0.033,0.02754
Time,s,50,0.0317,0.03236,0.03389,0.02828
Time,s,50,0.03058,0.03235,0.0338,0.02955
Time,s,50,0.03006,0.03426,0.03339,0.02989
Time,s,50,0.0294,0.03255,0.0329,0.02792
Time,s,50,0.03052,0.0321,0.03327,0.02758
Time,s,50,0.03324,0.03222,0.03274,0.02742
Time,s,50,0.03292,0.03223,0.03286,0.02794
Time,s,50,0.0298,0.03294,0.03373,0.02758
Time,s,50,0.02985,0.03385,0.0344,0.02751
Time,s,50,0.0294,0.0328,0.0345,0.02864
Time,s,50,0.02953,0.03246,0.03358,0.02847
Time,s,50,0.02938,0.03229,0.03177,0.02779
Time,s,50,0.02963,0.03276,0.03175,0.02707
Time,s,50,0.02945,0.0325,0.03288,0.02796
Time,s,50,0.02976,0.03235,0.03174,0.02755
Time,s,50,0.02921,0.03286,0.03179,0.02829
Time,s,50,0.02923,0.03467,0.03324,0.03204
Time,s,50,0.02994,0.03323,0.03726,0.02905
Time,s,50,0.0297,0.03397,0.03531,0.02838
Time,s,50,0.03112,0.03324,0.03243,0.02746
Time,s,50,0.03012,0.034,0.0323,0.02794
Time,s,50,0.02969,0.03263,0.03199,0.02789
Time,s,50,0.03143,0.03254,0.03268,0.02918
Time,s,50,0.03036,0.03487,0.03423,0.02734
Time,s,50,0.02936,0.03337,0.03229,0.02788
Time,s,50,0.02937,0.03524,0.0326,0.02742
Time,s,50,0.02947,0.03345,0.03217,0.02777
Time,s,50,0.03145,0.03322,0.03154,0.02753
Time,s,50,0.03844,0.0334,0.03392,0.02768
Time,s,50,0.02998,0.03278,0.03241,0.02725
Time,s,50,0.02959,0.03252,0.03215,0.02759
Time,s,50,0.02899,0.03324,0.03254,0.02722
Time,s,50,0.02945,0.03282,0.03241,0.02728
Time,s,50,0.02919,0.0328,0.0326,0.02736
Time,s,50,0.02934,0.0325,0.0317,0.0289
Time,s,50,0.02929,0.0331,0.03256,0.02784
Time,s,51,0.02906,0.03324,0.03223,0.02904
Time,s,51,0.02998,0.0371,0.0384,0.02843
Time,s,51,0.02968,0.03529,0.04364,0.02704
Time,s,51,0.03094,0.03409,0.03821,0.02695
Time,s,51,0.02991,0.03476,0.03411,0.0306
Time,s,51,0.02973,0.0329,0.0331,0.02953
Time,s,51,0.02948,0.03248,0.03211,0.02847
Time,s,51,0.02932,0.03315,0.03185,0.02763
Time,s,51,0.0294,0.03254,0.0323,0.02785
Time,s,51,0.0293,0.0323,0.0324,0.02743
Time,s,51,0.02882,0.03282,0.03197,0.02754
Time,s,51,0.02914,0.03352,0.03206,0.02715
Time,s,51,0.02877,0.03392,0.03186,0.02698
Time,s,51,0.0294,0.03304,0.03349,0.02809
Time,s,51,0.02953,0.03237,0.03231,0.02823
Time,s,51,0.02913,0.03166,0.03264,0.02708
Time,s,51,0.0296,0.0327,0.03215,0.02727
Time,s,51,0.02905,0.03256,0.03296,0.02735
Time,s,51,0.02898,0.0322,0.03262,0.02789
Time,s,51,0.03272,0.03335,0.03285,0.02892
Time,s,51,0.0338,0.03467,0.03239,0.02906
Time,s,51,0.0307,0.03314,0.03331,0.02751
Time,s,51,0.02936,0.03414,0.03199,0.02728
Time,s,51,0.02984,0.03394,0.03172,0.02786
Time,s,51,0.03109,0.03241,0.03247,0.02852
Time,s,51,0.03284,0.03266,0.03398,0.02945
Time,s,51,0.03082,0.03272,0.03252,0.02804
Time,s,51,0.03079,0.03247,0.03286,0.02778
Time,s,51,0.03022,0.03339,0.02984,0.02727
Time,s,51,0.02996,0.03364,0.03183,0.02706
Time,s,51,0.02838,0.03339,0.03485,0.02768
Time,s,51,0.02984,0.03306,0.0384,0.02803
Time,s,51,0.02965,0.03314,0.03435,0.02811
Time,s,51,0.02866,0.03251,0.03335,0.02725
Time,s,51,0.02922,0.03148,0.0328,0.02763
Time,s,51,0.02904,0.03192,0.03321,0.02894
Time,s,51,0.02964,0.03278,0.0343,0.02818
Time,s,51,0.02942,0.03309,0.03241,0.02853
Time,s,51,0.0298,0.0333,0.03243,0.0313
Time,s,51,0.02912,0.03265,0.03249,0.02881
Time,s,51,0.03051,0.03235,0.0329,0.02766
Time,s,51,0.02977,0.03222,0.03252,0.02663
Time,s,51,0.02998,0.03415,0.03245,0.02849
Time,s,51,0.02925,0.03371,0.03221,0.02844
Time,s,51,0.02927,0.03324,0.03265,0.02802
Time,s,51,0.02983,0.03292,0.0319,0.02843
Time,s,51,0.02861,0.03275,0.03335,0.02748
Time,s,51,0.02948,0.03284,0.03228,0.02749
Time,s,51,0.02913,0.03326,0.03266,0.02751
Time,s,51,0.02886,0.0331,0.032,0.02818
Time,s,51,0.0293,0.03576,0.03191,0.02784
Time,s,51,0.02953,0.03654,0.03193,0.02724
Time,s,51,0.03742,0.03439,0.03248,0.0276
Time,s,51,0.04013,0.03345,0.0323,0.0282
Time,s,51,0.03431,0.03351,0.03252,0.02725
Time,s,51,0.03109,0.03361,0.03261,0.02813
Time,s,51,0.03242,0.03392,0.0322,0.02749
Time,s,51,0.03051,0.03307,0.03299,0.02749
Time,s,51,0.02969,0.03274,0.03313,0.03086
Time,s,51,0.03131,0.03232,0.03236,0.03627
Time,s,51,0.03978,0.03331,0.032,0.03048
Time,s,51,0.0353,0.03346,0.03195,0.02815
Time,s,51,0.03149,0.03278,0.03153,0.02779
Time,s,51,0.03146,0.03262,0.0337,0.02899
Time,s,51,0.02976,0.03288,0.03291,0.02816
Time,s,51,0.02932,0.03266,0.033,0.02756
Time,s,51,0.02878,0.03295,0.03187,0.02703
Time,s,51,0.03018,0.0329,0.03201,0.02785
Time,s,51,0.02963,0.03273,0.0323,0.02892
Time,s,51,0.02875,0.03298,0.03243,0.02793
Time,s,51,0.02929,0.03302,0.03251,0.02936
Time,s,51,0.02906,0.03318,0.03195,0.0289
Time,s,51,0.0298,0.03574,0.03222,0.02836
Time,s,51,0.03109,0.0359,0.03175,0.02749
Time,s,51,0.03015,0.03344,0.03164,0.02744
Time,s,51,0.03012,0.03304,0.03274,0.02723
Time,s,51,0.03004,0.0325,0.0326,0.02968
Time,s,51,0.02918,0.03515,0.03186,0.02792
Time,s,51,0.03074,0.0346,0.0315,0.02765
Time,s,51,0.0349,0.03366,0.03328,0.02959
Time,s,51,0.03068,0.03304,0.03934,0.02786
Time,s,51,0.02987,0.03258,0.03354,0.02797
Time,s,51,0.02893,0.03268,0.03201,0.02816
Time,s,51,0.02874,0.03249,0.03211,0.02756
Time,s,51,0.02989,0.03204,0.03185,0.02732
Time,s,51,0.03036,0.03271,0.03337,0.02852
Time,s,51,0.0297,0.03327,0.03256,0.02744
Time,s,51,0.02919,0.03482,0.03191,0.02785
Time,s,51,0.02988,0.03387,0.03243,0.02768
Time,s,51,0.02909,0.03708,0.03168,0.02836
Time,s,51,0.0291,0.03936,0.03293,0.02809
Time,s,51,0.029,0.03529,0.03325,0.02725
Time,s,51,0.02986,0.03332,0.03195,0.02725
Time,s,51,0.03066,0.03307,0.03145,0.02895
Time,s,51,0.02891,0.03302,0.03328,0.02882
Time,s,51,0.02899,0.03309,0.03196,0.03088
Time,s,51,0.03027,0.03252,0.03169,0.03044
Time,s,51,0.03007,0.03323,0.03218,0.02776
Time,s,51,0.02949,0.03424,0.03292,0.0272
Time,s,51,0.0315,0.03869,0.0322,0.02766
Time,s,52,0.0307,0.03457,0.03193,0.02778
Time,s,52,0.03029,0.03476,0.03196,0.02748
Time,s,52,0.02964,0.0358,0.03158,0.02874
Time,s,52,0.02914,0.03497,0.03245,0.02849
Time,s,52,0.02887,0.03347,0.03313,0.02828
Time,s,52,0.02893,0.0323,0.03192,0.02744
Time,s,52,0.02903,0.03294,0.03235,0.0295
Time,s,52,0.02891,0.0338,0.03269,0.02829
Time,s,52,0.02967,0.03325,0.03249,0.02747
Time,s,52,0.02951,0.03312,0.03275,0.02782
Time,s,52,0.02949,0.03236,0.03233,0.02774
Time,s,52,0.02931,0.03184,0.03201,0.02819
Time,s,52,0.02923,0.03255,0.03172,0.02752
Time,s,52,0.03104,0.03246,0.0322,0.02741
Time,s,52,0.02955,0.03215,0.03213,0.02755
Time,s,52,0.02901,0.03258,0.03192,0.02841
Time,s,52,0.02912,0.03225,0.03215,0.02806
Time,s,52,0.02958,0.03337,0.03199,0.02746
Time,s,52,0.03038,0.03316,0.03218,0.02766
Time,s,52,0.02999,0.03458,0.03144,0.02927
Time,s,52,0.02922,0.03344,0.03214,0.02851
Time,s,52,0.02968,0.0331,0.03295,0.02729
Time,s,52,0.02886,0.03278,0.03263,0.0276
Time,s,52,0.02912,0.03338,0.03185,0.02726
Time,s,52,0.02999,0.03276,0.034,0.02833
Time,s,52,0.02957,0.03331,0.03545,0.02733
Time,s,52,0.02965,0.03827,0.03283,0.02691
Time,s,52,0.0287,0.04377,0.03148,0.0272
Time,s,52,0.03018,0.03865,0.03201,0.028
Time,s,52,0.03131,0.0357,0.03307,0.02811
Time,s,52,0.03058,0.03308,0.03673,0.02773
Time,s,52,0.02961,0.03492,0.03386,0.02884
Time,s,52,0.02978,0.03415,0.03321,0.02885
Time,s,52,0.03069,0.03421,0.03284,0.02863
Time,s,52,0.03448,0.03307,0.03277,0.02853
Time,s,52,0.03014,0.03424,0.03363,0.02825
Time,s,52,0.03152,0.03392,0.03236,0.0276
Time,s,52,0.02972,0.03303,0.0318,0.02757
Time,s,52,0.02933,0.0329,0.03177,0.02787
Time,s,52,0.02872,0.03251,0.03165,0.02751
Time,s,52,0.03007,0.03335,0.03189,0.02701
Time,s,52,0.02959,0.03361,0.03224,0.02914
Time,s,52,0.03006,0.03374,0.03258,0.02917
Time,s,52,0.02914,0.03326,0.03316,0.02886
Time,s,52,0.02992,0.03288,0.03196,0.02774
Time,s,52,0.02999,0.03302,0.03196,0.02741
Time,s,52,0.02987,0.04483,0.03333,0.02728
Time,s,52,0.02887,0.03912,0.03345,0.02883
Time,s,52,0.02914,0.03446,0.03265,0.02813
Time,s,52,0.03027,0.0344,0.03176,0.0274
Time,s,52,0.02998,0.03413,0.02975,0.02833
Time,s,52,0.02993,0.03414,0.03129,0.02843
Time,s,52,0.03007,0.03334,0.03255,0.02851
Time,s,52,0.0305,0.03257,0.03189,0.03057
Time,s,52,0.02999,0.03268,0.03228,0.03023
Time,s,52,0.02936,0.03246,0.03391,0.02791
Time,s,52,0.02824,0.0324,0.03326,0.02748
Time,s,52,0.0296,0.03342,0.03322,0.0285
Time,s,52,0.03644,0.03242,0.03251,0.02975
Time,s,52,0.02848,0.03323,0.03219,0.0285
Time,s,52,0.02855,0.03455,0.03187,0.02716
Time,s,52,0.02823,0.03499,0.03179,0.02798
Time,s,52,0.0285,0.03334,0.03538,0.02794
Time,s,52,0.0287,0.03284,0.03848,0.02765
Time,s,52,0.02757,0.03357,0.03484,0.02788
Time,s,52,0.03074,0.03288,0.03297,0.02684
Time,s,52,0.0283,0.03289,0.03201,0.02731
Time,s,52,0.0287,0.0326,0.03268,0.02839
Time,s,52,0.02881,0.03343,0.03196,0.02755
Time,s,52,0.02878,0.03406,0.03244,0.02739
Time,s,52,0.02823,0.0337,0.03138,0.02746
Time,s,52,0.02897,0.03226,0.03254,0.02873
Time,s,52,0.02749,0.04048,0.03287,0.02835
Time,s,52,0.02959,0.04855,0.03331,0.02759
Time,s,52,0.02853,0.03944,0.03282,0.02932
Time,s,52,0.02772,0.03563,0.03273,0.02768
Time,s,52,0.02847,0.03426,0.03194,0.02746
Time,s,52,0.02802,0.03376,0.03178,0.02823
Time,s,52,0.02737,0.03406,0.03205,0.02827
Time,s,52,0.0287,0.03329,0.03416,0.02739
Time,s,52,0.02818,0.03252,0.03852,0.0275
Time,s,52,0.02937,0.03543,0.03412,0.02959
Time,s,52,0.02863,0.03398,0.0332,0.02764
Time,s,52,0.02821,0.03397,0.03246,0.02663
Time,s,52,0.0297,0.03355,0.03308,0.0277
Time,s,52,0.02881,0.03301,0.03378,0.02792
Time,s,52,0.02901,0.03309,0.0336,0.02802
Time,s,52,0.02944,0.03235,0.03231,0.02758
Time,s,52,0.02974,0.03253,0.03289,0.02781
Time,s,52,0.03247,0.03383,0.03147,0.0281
Time,s,52,0.03047,0.03415,0.03331,0.02877
Time,s,52,0.0292,0.03283,0.03245,0.02925
Time,s,52,0.02821,0.03285,0.03154,0.0282
Time,s,52,0.02811,0.03613,0.03178,0.02784
Time,s,52,0.02857,0.04063,0.03128,0.02877
Time,s,52,0.02769,0.03467,0.03242,0.02796
Time,s,52,0.02799,0.03419,0.03218,0.0278
Time,s,52,0.02739,0.03363,0.03185,0.02949
Time,s,52,0.02791,0.03224,0.03261,0.02809
Time,s,52,0.02804,0.03438,0.03278,0.02822
Time,s,53,0.02928,0.03428,0.03206,0.0282
Time,s,53,0.02858,0.0337,0.03236,0.02761
Time,s,53,0.02881,0.03314,0.03291,0.02771
Time,s,53,0.0281,0.033,0.03297,0.02811
Time,s,53,0.02777,0.03294,0.03235,0.02762
Time,s,53,0.02772,0.03245,0.03336,0.02781
Time,s,53,0.02828,0.03283,0.03254,0.0285
Time,s,53,0.02838,0.03271,0.03261,0.02778
Time,s,53,0.02801,0.03294,0.03249,0.0273
Time,s,53,0.02892,0.03315,0.03293,0.03305
Time,s,53,0.02887,0.03303,0.03183,0.0427
Time,s,53,0.02865,0.03263,0.03194,0.03902
Time,s,53,0.02867,0.03255,0.03313,0.03218
Time,s,53,0.02776,0.03503,0.03215,0.0304
Time,s,53,0.02779,0.03347,0.0325,0.02862
Time,s,53,0.02834,0.03284,0.03134,0.02788
Time,s,53,0.02744,0.03423,0.03262,0.02765
Time,s,53,0.02838,0.03456,0.03298,0.028
Time,s,53,0.02883,0.03344,0.03291,0.02839
Time,s,53,0.02893,0.03411,0.03285,0.02799
Time,s,53,0.02828,0.03361,0.03233,0.02792
Time,s,53,0.03004,0.03573,0.03254,0.02788
Time,s,53,0.02979,0.03304,0.03362,0.02792
Time,s,53,0.02914,0.03376,0.03553,0.02884
Time,s,53,0.02813,0.03302,0.03296,0.02777
Time,s,53,0.03,0.03335,0.03224,0.02755
Time,s,53,0.0287,0.03273,0.03202,0.0279
Time,s,53,0.02935,0.03236,0.03177,0.02861
Time,s,53,0.02909,0.03276,0.03174,0.02777
Time,s,53,0.02822,0.03284,0.03411,0.02765
Time,s,53,0.02893,0.03267,0.03789,0.02687
Time,s,53,0.02869,0.03206,0.03407,0.02798
Time,s,53,0.02871,0.03293,0.03348,0.02824
Time,s,53,0.02796,0.03377,0.03302,0.02794
Time,s,53,0.02846,0.03319,0.03366,0.02871
Time,s,53,0.02832,0.03338,0.03295,0.02864
Time,s,53,0.02885,0.03351,0.03222,0.02759
Time,s,53,0.02855,0.03359,0.03219,0.02735
Time,s,53,0.02819,0.03308,0.03215,0.02771
Time,s,53,0.03082,0.03245,0.0319,0.02766
Time,s,53,0.03037,0.03267,0.03241,0.02721
Time,s,53,0.02864,0.0328,0.03141,0.0277
Time,s,53,0.02827,0.03513,0.03121,0.02764
Time,s,53,0.0281,0.03827,0.03234,0.02732
Time,s,53,0.0286,0.0334,0.0322,0.0272
Time,s,53,0.0329,0.03505,0.0325,0.02753
Time,s,53,0.03337,0.03345,0.03274,0.02754
Time,s,53,0.03083,0.03429,0.03359,0.02991
Time,s,53,0.02827,0.03261,0.03328,0.03164
Time,s,53,0.0283,0.03569,0.0327,0.02829
Time,s,53,0.0283,0.03389,0.04116,0.02797
Time,s,53,0.02881,0.03263,0.03252,0.02843
Time,s,53,0.02854,0.03251,0.03138,0.02801
Time,s,53,0.02748,0.03296,0.03199,0.0286
Time,s,53,0.02909,0.03216,0.03242,0.02881
Time,s,53,0.02896,0.03267,0.03278,0.02857
Time,s,53,0.02951,0.03294,0.03354,0.02991
Time,s,53,0.0292,0.03266,0.03236,0.02879
Time,s,53,0.02843,0.03377,0.03199,0.0284
Time,s,53,0.02825,0.03244,0.03213,0.02786
Time,s,53,0.02851,0.03278,0.03158,0.02819
Time,s,53,0.02936,0.03253,0.03171,0.02866
Time,s,53,0.02812,0.03303,0.03165,0.02823
Time,s,53,0.02934,0.03214,0.03169,0.02795
Time,s,53,0.02872,0.03287,0.03253,0.02838
Time,s,53,0.02842,0.03329,0.03244,0.0286
Time,s,53,0.02987,0.03322,0.03386,0.02975
Time,s,53,0.02839,0.03242,0.03296,0.03312
Time,s,53,0.02846,0.03301,0.03244,0.03123
Time,s,53,0.02786,0.03313,0.03191,0.02917
Time,s,53,0.02811,0.03503,0.03826,0.02799
Time,s,53,0.02796,0.03347,0.03553,0.02949
Time,s,53,0.02819,0.03301,0.03976,0.02961
Time,s,53,0.02788,0.03313,0.0431,0.02814
Time,s,53,0.02895,0.03308,0.03748,0.0285
Time,s,53,0.02863,0.03268,0.03443,0.02831
Time,s,53,0.02949,0.03385,0.03333,0.02847
Time,s,53,0.02951,0.03405,0.03543,0.02888
Time,s,53,0.02861,0.03457,0.03894,0.02835
Time,s,53,0.02821,0.0349,0.03316,0.02876
Time,s,53,0.02754,0.03377,0.03246,0.02837
Time,s,53,0.02956,0.03266,0.03274,0.02812
Time,s,53,0.02939,0.03316,0.03358,0.02932
Time,s,53,0.02909,0.03228,0.03331,0.02938
Time,s,53,0.02994,0.03209,0.03262,0.02885
Time,s,53,0.02911,0.03134,0.03185,0.02824
Time,s,53,0.02858,0.03198,0.03308,0.02862
Time,s,53,0.02891,0.03174,0.03544,0.02845
Time,s,53,0.02803,0.03258,0.03388,0.02866
Time,s,53,0.02849,0.03279,0.03254,0.02857
Time,s,53,0.02908,0.0327,0.03157,0.02783
Time,s,53,0.02996,0.03649,0.03153,0.02831
Time,s,53,0.02968,0.03657,0.03224,0.02823
Time,s,53,0.02832,0.03273,0.03218,0.02844
Time,s,53,0.02808,0.03287,0.03185,0.02799
Time,s,53,0.02888,0.03323,0.03213,0.02841
Time,s,53,0.03004,0.03263,0.03164,0.02819
Time,s,53,0.0283,0.03338,0.03148,0.03031
Time,s,53,0.02914,0.03297,0.03313,0.02814
Time,s,53,0.0286,0.03237,0.03262,0.02938
Time,s,54,0.02948,0.03205,0.0322,0.02806
Time,s,54,0.03303,0.03199,0.03169,0.02849
Time,s,54,0.0336,0.03191,0.03118,0.02845
Time,s,54,0.02996,0.0316,0.03169,0.0282
Time,s,54,0.02914,0.03179,0.03339,0.02893
Time,s,54,0.02855,0.03253,0.03179,0.0303
Time,s,54,0.02858,0.03247,0.03207,0.02913
Time,s,54,0.02801,0.03254,0.03393,0.02865
Time,s,54,0.0285,0.03248,0.03222,0.02884
Time,s,54,0.02918,0.03281,0.03117,0.02817
Time,s,54,0.02867,0.03536,0.03176,0.03037
Time,s,54,0.02865,0.03303,0.03234,0.02863
Time,s,54,0.02895,0.03199,0.03195,0.02829
Time,s,54,0.02861,0.03137,0.03253,0.02804
Time,s,54,0.02891,0.03231,0.03177,0.02873
Time,s,54,0.02878,0.03304,0.03174,0.02894
Time,s,54,0.02817,0.03197,0.03221,0.02827
Time,s,54,0.0282,0.03164,0.03168,0.02944
Time,s,54,0.02868,0.03377,0.03171,0.0287
Time,s,54,0.0283,0.03446,0.0323,0.02925
Time,s,54,0.02843,0.03302,0.03276,0.02846
Time,s,54,0.02991,0.03287,0.03508,0.02795
Time,s,54,0.0295,0.03214,0.03326,0.02815
Time,s,54,0.02893,0.03434,0.03247,0.02852
Time,s,54,0.02847,0.03225,0.03193,0.02942
Time,s,54,0.02936,0.03256,0.03126,0.03551
Time,s,54,0.02905,0.03267,0.03185,0.02904
Time,s,54,0.02812,0.03194,0.03433,0.02913
Time,s,54,0.02806,0.03223,0.03701,0.02953
Time,s,54,0.0283,0.03201,0.03345,0.02827
Time,s,54,0.02799,0.03205,0.03234,0.02849
Time,s,54,0.03648,0.03231,0.0345,0.02843
Time,s,54,0.02796,0.03329,0.0332,0.02823
Time,s,54,0.02873,0.03284,0.03166,0.02976
Time,s,54,0.0288,0.03241,0.0313,0.02908
Time,s,54,0.02794,0.03213,0.03153,0.0287
Time,s,54,0.02863,0.03193,0.03162,0.0282
Time,s,54,0.02892,0.03198,0.03273,0.0287
Time,s,54,0.02782,0.03186,0.03347,0.02878
Time,s,54,0.02901,0.03188,0.03401,0.02887
Time,s,54,0.02883,0.03616,0.03161,0.02862
Time,s,54,0.02886,0.03962,0.03149,0.0279
Time,s,54,0.02814,0.0356,0.03109,0.02768
Time,s,54,0.02872,0.03391,0.03186,0.0284
Time,s,54,0.02859,0.03264,0.03183,0.02834
Time,s,54,0.02794,0.03237,0.03238,0.02928
Time,s,54,0.02885,0.0318,0.03136,0.02824
Time,s,54,0.02827,0.0324,0.03213,0.02865
Time,s,54,0.02817,0.03221,0.03167,0.03034
Time,s,54,0.02924,0.03281,0.03216,0.02867
Time,s,54,0.03017,0.03192,0.03119,0.03636
Time,s,54,0.03086,0.03194,0.03177,0.03484
Time,s,54,0.03012,0.03243,0.03175,0.03045
Time,s,54,0.02927,0.03189,0.03269,0.02917
Time,s,54,0.02778,0.03284,0.03395,0.02849
Time,s,54,0.02818,0.03277,0.03235,0.02874
Time,s,54,0.02925,0.0333,0.03195,0.02888
Time,s,54,0.03447,0.03181,0.03197,0.02879
Time,s,54,0.03171,0.03188,0.03174,0.0281
Time,s,54,0.0351,0.03171,0.03124,0.02908
Time,s,54,0.03451,0.03267,0.0315,0.02889
Time,s,54,0.03204,0.03205,0.03136,0.02883
Time,s,54,0.02954,0.03257,0.03196,0.03095
Time,s,54,0.03062,0.03216,0.03159,0.02942
Time,s,54,0.02948,0.0328,0.03274,0.02878
Time,s,54,0.02922,0.03236,0.03263,0.02851
Time,s,54,0.02908,0.03318,0.03162,0.02878
Time,s,54,0.0283,0.03253,0.03125,0.02926
Time,s,54,0.02848,0.03382,0.03138,0.03018
Time,s,54,0.02864,0.03349,0.03289,0.02817
Time,s,54,0.02875,0.03296,0.03273,0.0284
Time,s,54,0.02878,0.0332,0.0321,0.02953
Time,s,54,0.02811,0.03263,0.03103,0.02837
Time,s,54,0.02888,0.03124,0.03191,0.02816
Time,s,54,0.02967,0.03293,0.03164,0.02922
Time,s,54,0.02919,0.03446,0.0325,0.0285
Time,s,54,0.02959,0.03298,0.0318,0.02896
Time,s,54,0.02964,0.03332,0.03821,0.02897
Time,s,54,0.02851,0.0325,0.03391,0.02797
Time,s,54,0.02655,0.03254,0.03272,0.02758
Time,s,54,0.0285,0.03224,0.03221,0.02886
Time,s,54,0.02865,0.03256,0.03346,0.03025
Time,s,54,0.03016,0.03345,0.03221,0.03493
Time,s,54,0.02919,0.03338,0.03174,0.03292
Time,s,54,0.02881,0.03472,0.03153,0.03103
Time,s,54,0.02944,0.03854,0.03134,0.03185
Time,s,54,0.03531,0.03463,0.03355,0.03071
Time,s,54,0.03243,0.03316,0.03466,0.02934
Time,s,54,0.03004,0.03405,0.03191,0.03012
Time,s,54,0.02906,0.03812,0.03096,0.02907
Time,s,54,0.02929,0.03541,0.03146,0.0286
Time,s,54,0.02874,0.03376,0.03143,0.02863
Time,s,54,0.02927,0.03286,0.03221,0.02808
Time,s,54,0.03029,0.03326,0.0321,0.02901
Time,s,54,0.03215,0.03285,0.03224,0.02861
Time,s,54,0.02981,0.03238,0.03156,0.02822
Time,s,54,0.02934,0.03275,0.03252,0.02836
Time,s,54,0.02852,0.033,0.03195,0.02842
Time,s,54,0.0288,0.03234,0.03156,0.02781
Time,s,54,0.02843,0.03224,0.03198,0.02764
Time,s,55,0.02966,0.03341,0.03317,0.02852
Time,s,55,0.02849,0.03349,0.0316,0.03019
Time,s,55,0.02932,0.03218,0.03106,0.02871
Time,s,55,0.02965,0.03184,0.03966,0.02764
Time,s,55,0.02907,0.03257,0.03197,0.02858
Time,s,55,0.02949,0.03277,0.03129,0.02838
Time,s,55,0.02995,0.03277,0.03169,0.02889
Time,s,55,0.03067,0.03456,0.03125,0.02797
Time,s,55,0.03382,0.03326,0.03169,0.02861
Time,s,55,0.03172,0.03308,0.03133,0.02836
Time,s,55,0.02983,0.03342,0.0317,0.02833
Time,s,55,0.0349,0.03276,0.03259,0.02807
Time,s,55,0.03981,0.03301,0.03142,0.02816
Time,s,55,0.03422,0.03241,0.03084,0.02804
Time,s,55,0.03017,0.03179,0.03103,0.02946
Time,s,55,0.02874,0.03207,0.03124,0.02866
Time,s,55,0.02866,0.03795,0.03169,0.02858
Time,s,55,0.02895,0.03367,0.03106,0.02766
Time,s,55,0.03521,0.033,0.03217,0.0281
Time,s,55,0.04359,0.0321,0.03293,0.02919
Time,s,55,0.03803,0.03162,0.03315,0.02939
Time,s,55,0.03256,0.0333,0.03215,0.03018
Time,s,55,0.02992,0.03229,0.03088,0.02906
Time,s,55,0.02946,0.03191,0.03186,0.02916
Time,s,55,0.02979,0.03256,0.03148,0.02955
Time,s,55,0.03007,0.03221,0.03338,0.02827
Time,s,55,0.02971,0.03175,0.04327,0.0282
Time,s,55,0.0288,0.03277,0.04076,0.02806
Time,s,55,0.03012,0.0326,0.0342,0.02784
Time,s,55,0.03088,0.033,0.03394,0.02853
Time,s,55,0.03061,0.03277,0.03451,0.02841
Time,s,55,0.03048,0.0332,0.03315,0.02757
Time,s,55,0.02927,0.0337,0.03322,0.02791
Time,s,55,0.02856,0.03357,0.03182,0.02862
Time,s,55,0.0295,0.03278,0.03129,0.02896
Time,s,55,0.02978,0.03268,0.0314,0.02805
Time,s,55,0.0293,0.03341,0.03185,0.02889
Time,s,55,0.02941,0.03353,0.03182,0.0285
Time,s,55,0.02918,0.0384,0.03143,0.031
Time,s,55,0.02923,0.03548,0.03143,0.03231
Time,s,55,0.02882,0.03426,0.03173,0.03219
Time,s,55,0.02998,0.03257,0.03255,0.02947
Time,s,55,0.02915,0.03285,0.0316,0.02983
Time,s,55,0.02818,0.03237,0.03272,0.0325
Time,s,55,0.02843,0.03272,0.03182,0.03387
Time,s,55,0.02879,0.03272,0.03179,0.03185
Time,s,55,0.03041,0.04163,0.03178,0.03254
Time,s,55,0.02953,0.03266,0.03253,0.03103
Time,s,55,0.02907,0.03286,0.0325,0.03156
Time,s,55,0.02944,0.03268,0.03241,0.02918
Time,s,55,0.02853,0.03237,0.03217,0.02932
Time,s,55,0.02881,0.03217,0.03222,0.02743
Time,s,55,0.02918,0.03231,0.03364,0.0286
Time,s,55,0.02846,0.03307,0.03134,0.02812
Time,s,55,0.02874,0.03317,0.03271,0.02938
Time,s,55,0.02865,0.03278,0.03196,0.02871
Time,s,55,0.02911,0.03233,0.03098,0.02794
Time,s,55,0.02911,0.0317,0.03129,0.02812
Time,s,55,0.02914,0.03206,0.03192,0.02853
Time,s,55,0.0321,0.03302,0.03231,0.02845
Time,s,55,0.0305,0.03278,0.03117,0.02871
Time,s,55,0.03007,0.0346,0.03219,0.02921
Time,s,55,0.02874,0.03405,0.03335,0.02962
Time,s,55,0.02956,0.0326,0.03178,0.02812
Time,s,55,0.03258,0.0339,0.03154,0.02874
Time,s,55,0.03395,0.03509,0.033,0.0284
Time,s,55,0.02982,0.03268,0.0322,0.02809
Time,s,55,0.02939,0.03294,0.03221,0.028
Time,s,55,0.02936,0.03368,0.0322,0.02853
Time,s,55,0.02881,0.03281,0.03156,0.02846
Time,s,55,0.02893,0.03205,0.03183,0.02801
Time,s,55,0.02905,0.0346,0.03166,0.02864
Time,s,55,0.0295,0.03347,0.0319,0.02978
Time,s,55,0.02884,0.03274,0.03168,0.02865
Time,s,55,0.02844,0.03254,0.03119,0.02802
Time,s,55,0.02897,0.03293,0.03169,0.02922
Time,s,55,0.02884,0.03351,0.0368,0.03082
Time,s,55,0.02904,0.03278,0.03389,0.02954
Time,s,55,0.02895,0.03211,0.03294,0.0292
Time,s,55,0.03047,0.03207,0.03269,0.02833
Time,s,55,0.02907,0.03223,0.03224,0.02874
Time,s,55,0.02938,0.0327,0.03237,0.0284
Time,s,55,0.02861,0.03278,0.03297,0.02832
Time,s,55,0.02933,0.03182,0.03203,0.0293
Time,s,55,0.02823,0.03211,0.03191,0.02797
Time,s,55,0.0289,0.03268,0.03302,0.02771
Time,s,55,0.02921,0.03388,0.0334,0.02821
Time,s,55,0.02902,0.03929,0.03132,0.02866
Time,s,55,0.02846,0.0337,0.03181,0.02804
Time,s,55,0.02791,0.03238,0.03126,0.02925
Time,s,55,0.02952,0.03191,0.03188,0.02876
Time,s,55,0.02941,0.03363,0.03235,0.02887
Time,s,55,0.02897,0.03325,0.03217,0.02889
Time,s,55,0.0316,0.03316,0.03338,0.02836
Time,s,55,0.03023,0.03349,0.03259,0.02841
Time,s,55,0.02997,0.03585,0.0311,0.02917
Time,s,55,0.02861,0.04574,0.03135,0.03243
Time,s,55,0.02867,0.03953,0.03199,0.0317
Time,s,55,0.02983,0.03571,0.03202,0.02881
Time,s,55,0.03773,0.03402,0.03165,0.02998
Time,s,56,0.02894,0.03422,0.03311,0.02946
Time,s,56,0.03043,0.03233,0.03222,0.02826
Time,s,56,0.03034,0.03437,0.03098,0.0285
Time,s,56,0.02907,0.03438,0.03157,0.02992
Time,s,56,0.02909,0.03269,0.03136,0.02935
Time,s,56,0.03003,0.03307,0.03126,0.02839
Time,s,56,0.02875,0.03331,0.03151,0.02914
Time,s,56,0.02889,0.03329,0.03136,0.02869
Time,s,56,0.02865,0.03346,0.03133,0.02824
Time,s,56,0.02887,0.03303,0.03228,0.02896
Time,s,56,0.029,0.0323,0.03215,0.0286
Time,s,56,0.02859,0.03349,0.03124,0.02887
Time,s,56,0.02921,0.03368,0.03152,0.02804
Time,s,56,0.03053,0.03505,0.03143,0.02823
Time,s,56,0.03041,0.0334,0.03186,0.02846
Time,s,56,0.0292,0.03254,0.03201,0.02801
Time,s,56,0.02866,0.0327,0.03199,0.02975
Time,s,56,0.02878,0.03237,0.03262,0.029
Time,s,56,0.0297,0.03268,0.03309,0.02801
Time,s,56,0.03142,0.03243,0.03479,0.02883
Time,s,56,0.03479,0.03319,0.03139,0.02867
Time,s,56,0.02987,0.03429,0.03129,0.02834
Time,s,56,0.02955,0.03673,0.03187,0.02832
Time,s,56,0.02887,0.0433,0.03073,0.02905
Time,s,56,0.02911,0.03828,0.03249,0.02957
Time,s,56,0.02832,0.03543,0.03233,0.0308
Time,s,56,0.02985,0.03456,0.03471,0.02929
Time,s,56,0.03008,0.03411,0.03457,0.02797
Time,s,56,0.03037,0.03366,0.03308,0.02766
Time,s,56,0.03118,0.03345,0.03283,0.02756
Time,s,56,0.02921,0.03379,0.03112,0.02939
Time,s,56,0.02863,0.03454,0.03122,0.02843
Time,s,56,0.0291,0.03644,0.03181,0.02786
Time,s,56,0.02971,0.03581,0.0327,0.02968
Time,s,56,0.02901,0.04089,0.03257,0.02845
Time,s,56,0.02946,0.03632,0.03194,0.0287
Time,s,56,0.02882,0.03408,0.03179,0.0282
Time,s,56,0.02855,0.03393,0.03235,0.02961
Time,s,56,0.03203,0.03445,0.03228,0.02922
Time,s,56,0.03028,0.0341,0.03179,0.02828
Time,s,56,0.02883,0.03342,0.03297,0.02803
Time,s,56,0.02946,0.0334,0.0317,0.02799
Time,s,56,0.02935,0.03341,0.03296,0.02818
Time,s,56,0.02927,0.03315,0.03345,0.02751
Time,s,56,0.0285,0.03381,0.03308,0.02802
Time,s,56,0.0294,0.03411,0.03314,0.02934
Time,s,56,0.02863,0.03317,0.03307,0.02879
Time,s,56,0.02846,0.0341,0.03316,0.02896
Time,s,56,0.02908,0.03314,0.03214,0.02815
Time,s,56,0.02853,0.03517,0.03266,0.02759
Time,s,56,0.02888,0.03474,0.03303,0.02871
Time,s,56,0.02815,0.03397,0.03407,0.02792
Time,s,56,0.02898,0.03327,0.03424,0.0278
Time,s,56,0.02936,0.0341,0.03351,0.03058
Time,s,56,0.02897,0.03412,0.03436,0.03343
Time,s,56,0.02892,0.03437,0.03487,0.02998
Time,s,56,0.02855,0.03286,0.0347,0.02955
Time,s,56,0.03014,0.03394,0.03424,0.02827
Time,s,56,0.02899,0.03414,0.03309,0.02861
Time,s,56,0.02903,0.03329,0.03255,0.02892
Time,s,56,0.02927,0.03512,0.0324,0.02763
Time,s,56,0.02991,0.03463,0.03284,0.02809
Time,s,56,0.02889,0.03417,0.03316,0.02776
Time,s,56,0.02916,0.03472,0.03249,0.0288
Time,s,56,0.02899,0.03431,0.03339,0.02897
Time,s,56,0.02808,0.03387,0.03284,0.02864
Time,s,56,0.02948,0.03474,0.03316,0.02833
Time,s,56,0.02868,0.03553,0.03393,0.02837
Time,s,56,0.02922,0.03386,0.03334,0.02774
Time,s,56,0.0301,0.03407,0.03317,0.02855
Time,s,56,0.02919,0.03418,0.03249,0.02844
Time,s,56,0.02877,0.0341,0.03258,0.0278
Time,s,56,0.0294,0.03409,0.03239,0.02753
Time,s,56,0.02931,0.0332,0.03321,0.02847
Time,s,56,0.03133,0.0334,0.03422,0.02789
Time,s,56,0.03516,0.03343,0.0346,0.02947
Time,s,56,0.03062,0.0332,0.04034,0.02865
Time,s,56,0.0295,0.03295,0.03539,0.02827
Time,s,56,0.02927,0.03331,0.03503,0.02751
Time,s,56,0.0294,0.03546,0.03308,0.02779
Time,s,56,0.02985,0.03395,0.03258,0.02862
Time,s,56,0.0298,0.03412,0.03299,0.02871
Time,s,56,0.02996,0.03484,0.03266,0.02749
Time,s,56,0.02867,0.04009,0.03299,0.02717
Time,s,56,0.0294,0.03418,0.03641,0.02809
Time,s,56,0.02882,0.03379,0.03682,0.02779
Time,s,56,0.02913,0.03326,0.03351,0.02813
Time,s,56,0.02896,0.03281,0.03324,0.02791
Time,s,56,0.02881,0.03313,0.03215,0.02896
Time,s,56,0.02923,0.0327,0.03305,0.02862
Time,s,56,0.02897,0.0332,0.03362,0.03967
Time,s,56,0.02862,0.03244,0.03337,0.03752
Time,s,56,0.02882,0.03268,0.0324,0.03282
Time,s,56,0.02929,0.04176,0.03256,0.0312
Time,s,56,0.02977,0.03319,0.03215,0.02929
Time,s,56,0.03099,0.03395,0.0328,0.02856
Time,s,56,0.02872,0.03378,0.03258,0.02724
Time,s,56,0.02871,0.0336,0.03282,0.02808
Time,s,56,0.02851,0.03573,0.03309,0.02793
Time,s,56,0.02939,0.03508,0.03286,0.02866
Time,s,57,0.02914,0.0341,0.03301,0.02791
Time,s,57,0.02888,0.03354,0.04564,0.02959
Time,s,57,0.02872,0.03339,0.04113,0.02815
Time,s,57,0.0297,0.03412,0.03671,0.02802
Time,s,57,0.0291,0.03352,0.03402,0.0288
Time,s,57,0.0286,0.03366,0.03294,0.02821
Time,s,57,0.02884,0.03309,0.03355,0.02788
Time,s,57,0.02857,0.03364,0.03318,0.02931
Time,s,57,0.02807,0.03634,0.03325,0.02823
Time,s,57,0.03048,0.03542,0.03409,0.0281
Time,s,57,0.02911,0.03446,0.03287,0.03039
Time,s,57,0.0297,0.03399,0.03312,0.03182
Time,s,57,0.03055,0.03372,0.03276,0.02952
Time,s,57,0.02987,0.03361,0.03281,0.0286
Time,s,57,0.03008,0.03299,0.03443,0.0283
Time,s,57,0.02913,0.03282,0.03395,0.02792
Time,s,57,0.02966,0.03551,0.03398,0.02768
Time,s,57,0.02932,0.03363,0.03455,0.02753
Time,s,57,0.02949,0.03275,0.03493,0.02825
Time,s,57,0.02965,0.0336,0.0328,0.02773
Time,s,57,0.02987,0.03331,0.03379,0.02801
Time,s,57,0.02849,0.03314,0.03322,0.02756
Time,s,57,0.02843,0.03304,0.03278,0.02771
Time,s,57,0.03037,0.03365,0.03377,0.02821
Time,s,57,0.03128,0.03375,0.03527,0.02837
Time,s,57,0.02955,0.03315,0.03706,0.02823
Time,s,57,0.029,0.03303,0.04039,0.02812
Time,s,57,0.0289,0.03308,0.03555,0.02834
Time,s,57,0.02976,0.03367,0.03302,0.0306
Time,s,57,0.03317,0.03423,0.0324,0.02931
Time,s,57,0.03432,0.03365,0.03294,0.02832
Time,s,57,0.03027,0.03646,0.03259,0.02839
Time,s,57,0.02996,0.04018,0.03379,0.02761
Time,s,57,0.02947,0.03541,0.03383,0.02789
Time,s,57,0.02917,0.03471,0.03313,0.0286
Time,s,57,0.02863,0.04009,0.0328,0.02798
Time,s,57,0.0295,0.04391,0.03258,0.02785
Time,s,57,0.0292,0.03915,0.03288,0.02816
Time,s,57,0.02872,0.03535,0.03293,0.02766
Time,s,57,0.03085,0.03359,0.0328,0.02731
Time,s,57,0.02907,0.03338,0.0326,0.03088
Time,s,57,0.029,0.0334,0.03366,0.03754
Time,s,57,0.02865,0.03299,0.03399,0.03297
Time,s,57,0.03733,0.03289,0.03354,0.03143
Time,s,57,0.0345,0.03438,0.03404,0.02863
Time,s,57,0.03103,0.03378,0.03268,0.02853
Time,s,57,0.02954,0.03334,0.03294,0.02882
Time,s,57,0.02986,0.03342,0.03293,0.02985
Time,s,57,0.03084,0.03404,0.03285,0.0291
Time,s,57,0.03011,0.03466,0.0347,0.02888
Time,s,57,0.0296,0.03396,0.03331,0.02932
Time,s,57,0.02888,0.0341,0.0343,0.02879
Time,s,57,0.02951,0.03467,0.03325,0.02777
Time,s,57,0.02949,0.03415,0.03363,0.02764
Time,s,57,0.03008,0.03301,0.03301,0.02797
Time,s,57,0.02911,0.03335,0.03303,0.02779
Time,s,57,0.02883,0.03428,0.0328,0.02824
Time,s,57,0.02867,0.03549,0.03263,0.02789
Time,s,57,0.02914,0.03457,0.03208,0.02858
Time,s,57,0.02885,0.03443,0.03271,0.02885
Time,s,57,0.02868,0.03373,0.03312,0.0283
Time,s,57,0.02899,0.03426,0.03336,0.02751
Time,s,57,0.02984,0.03556,0.03326,0.02818
Time,s,57,0.03112,0.03433,0.03207,0.02933
Time,s,57,0.02919,0.03383,0.03354,0.02847
Time,s,57,0.02929,0.03461,0.03249,0.02836
Time,s,57,0.02847,0.0351,0.03303,0.02843
Time,s,57,0.02932,0.03501,0.03271,0.03054
Time,s,57,0.03818,0.03467,0.03369,0.03292
Time,s,57,0.02873,0.03387,0.03314,0.02999
Time,s,57,0.02853,0.03371,0.03202,0.02823
Time,s,57,0.02862,0.033,0.03265,0.02752
Time,s,57,0.02893,0.03307,0.03275,0.02773
Time,s,57,0.0295,0.03383,0.03326,0.02832
Time,s,57,0.02947,0.03479,0.03716,0.02728
Time,s,57,0.03186,0.03484,0.04088,0.02773
Time,s,57,0.02905,0.0337,0.03559,0.02771
Time,s,57,0.0293,0.03322,0.03338,0.02775
Time,s,57,0.03025,0.03324,0.03306,0.02848
Time,s,57,0.03048,0.03444,0.03344,0.02787
Time,s,57,0.02941,0.04081,0.03344,0.02806
Time,s,57,0.02898,0.03527,0.03319,0.02791
Time,s,57,0.02998,0.03502,0.03355,0.02808
Time,s,57,0.03021,0.03361,0.03312,0.02932
Time,s,57,0.03639,0.03354,0.04276,0.02937
Time,s,57,0.03051,0.03338,0.03986,0.02915
Time,s,57,0.02931,0.03418,0.03478,0.0284
Time,s,57,0.02949,0.03385,0.03343,0.02802
Time,s,57,0.02896,0.03328,0.03329,0.03002
Time,s,57,0.02896,0.0325,0.03316,0.02991
Time,s,57,0.02927,0.03334,0.03258,0.02856
Time,s,57,0.02937,0.03337,0.03303,0.02797
Time,s,57,0.02907,0.0344,0.03346,0.02851
Time,s,57,0.02885,0.03306,0.03379,0.02767
Time,s,57,0.0293,0.03467,0.03342,0.02769
Time,s,57,0.0289,0.03597,0.03379,0.0272
Time,s,57,0.02986,0.03488,0.0332,0.0278
Time,s,57,0.02927,0.03338,0.03433,0.02902
Time,s,57,0.02939,0.03294,0.03264,0.02942
Time,s,57,0.02864,0.03335,0.03316,0.02773
Time,s,58,0.02982,0.03391,0.0325,0.02798
Time,s,58,0.0286,0.03358,0.03393,0.02783
Time,s,58,0.02866,0.0339,0.03382,0.02769
Time,s,58,0.02911,0.0339,0.03455,0.02765
Time,s,58,0.02893,0.03454,0.03307,0.02878
Time,s,58,0.02981,0.0345,0.03398,0.03002
Time,s,58,0.02856,0.03602,0.03306,0.02812
Time,s,58,0.02918,0.03368,0.03322,0.02859
Time,s,58,0.02887,0.03346,0.0331,0.02806
Time,s,58,0.02925,0.0365,0.0322,0.02841
Time,s,58,0.02953,0.03893,0.03268,0.02846
Time,s,58,0.03157,0.03663,0.03299,0.02837
Time,s,58,0.02947,0.03433,0.0332,0.02793
Time,s,58,0.02779,0.03448,0.03244,0.02746
Time,s,58,0.02872,0.03376,0.03369,0.02787
Time,s,58,0.02833,0.03375,0.03411,0.02834
Time,s,58,0.02868,0.0338,0.03399,0.02741
Time,s,58,0.02915,0.03259,0.03346,0.02934
Time,s,58,0.02936,0.03333,0.03538,0.02937
Time,s,58,0.03029,0.03333,0.03268,0.02775
Time,s,58,0.02978,0.0339,0.03321,0.02803
Time,s,58,0.03027,0.0339,0.03322,0.02802
Time,s,58,0.02942,0.03301,0.03332,0.02784
Time,s,58,0.02907,0.03293,0.03533,0.02742
Time,s,58,0.02891,0.03432,0.03978,0.02999
Time,s,58,0.02883,0.03525,0.03394,0.03409
Time,s,58,0.02907,0.03549,0.03291,0.02942
Time,s,58,0.02873,0.03699,0.03216,0.02884
Time,s,58,0.02925,0.0398,0.03313,0.02844
Time,s,58,0.02983,0.03645,0.03273,0.02831
Time,s,58,0.0311,0.03385,0.03314,0.02767
Time,s,58,0.02904,0.0335,0.03291,0.02812
Time,s,58,0.02967,0.0339,0.03351,0.02867
Time,s,58,0.03065,0.03415,0.03421,0.02902
Time,s,58,0.02953,0.03334,0.03366,0.02872
Time,s,58,0.02862,0.03326,0.03304,0.02762
Time,s,58,0.02923,0.03325,0.03368,0.02795
Time,s,58,0.02887,0.03293,0.0333,0.02702
Time,s,58,0.03076,0.03319,0.03321,0.02687
Time,s,58,0.03321,0.04225,0.03266,0.02782
Time,s,58,0.0314,0.03391,0.03294,0.02846
Time,s,58,0.02944,0.03364,0.03301,0.02727
Time,s,58,0.03008,0.03392,0.03269,0.02754
Time,s,58,0.02932,0.03418,0.03238,0.02807
Time,s,58,0.02892,0.03376,0.03185,0.02755
Time,s,58,0.02869,0.03498,0.03245,0.02795
Time,s,58,0.02888,0.03404,0.03219,0.02827
Time,s,58,0.02864,0.03306,0.03381,0.02825
Time,s,58,0.03102,0.03386,0.03355,0.02797
Time,s,58,0.02878,0.03436,0.03247,0.0277
Time,s,58,0.02938,0.03394,0.03285,0.02713
Time,s,58,0.02916,0.034,0.03386,0.02746
Time,s,58,0.02858,0.03435,0.03307,0.02756
Time,s,58,0.02879,0.0354,0.03272,0.02783
Time,s,58,0.02846,0.0355,0.03354,0.02899
Time,s,58,0.02885,0.0348,0.03299,0.02813
Time,s,58,0.02929,0.03435,0.03303,0.02895
Time,s,58,0.02931,0.03286,0.0326,0.02795
Time,s,58,0.03248,0.0339,0.03242,0.02771
Time,s,58,0.03209,0.03569,0.03241,0.02826
Time,s,58,0.03078,0.03393,0.03196,0.02668
Time,s,58,0.02978,0.03346,0.03259,0.02784
Time,s,58,0.02894,0.03348,0.03287,0.02885
Time,s,58,0.02985,0.03332,0.03515,0.03053
Time,s,58,0.03095,0.03335,0.03276,0.02904
Time,s,58,0.02916,0.03428,0.03274,0.02861
Time,s,58,0.02964,0.0337,0.03206,0.02936
Time,s,58,0.02937,0.03331,0.03264,0.02887
Time,s,58,0.02807,0.03242,0.03308,0.02909
Time,s,58,0.02853,0.0324,0.03374,0.02928
Time,s,58,0.0294,0.03294,0.03286,0.02742
Time,s,58,0.02985,0.03361,0.03284,0.02786
Time,s,58,0.02935,0.03277,0.03278,0.02751
Time,s,58,0.03032,0.03323,0.03446,0.02772
Time,s,58,0.02956,0.03281,0.03948,0.02764
Time,s,58,0.03024,0.03319,0.03396,0.02822
Time,s,58,0.02885,0.03542,0.0331,0.02771
Time,s,58,0.02875,0.03927,0.0322,0.02727
Time,s,58,0.02989,0.03417,0.03234,0.02776
Time,s,58,0.03045,0.03376,0.03217,0.02794
Time,s,58,0.02879,0.03377,0.03228,0.02834
Time,s,58,0.0291,0.03393,0.03466,0.02745
Time,s,58,0.02876,0.03337,0.03358,0.03071
Time,s,58,0.03009,0.03347,0.03273,0.03344
Time,s,58,0.04133,0.03313,0.03205,0.02875
Time,s,58,0.03677,0.03266,0.034,0.02963
Time,s,58,0.03219,0.03175,0.03286,0.02845
Time,s,58,0.03227,0.03256,0.03401,0.02757
Time,s,58,0.03006,0.03255,0.03345,0.02767
Time,s,58,0.02924,0.03299,0.03272,0.02804
Time,s,58,0.02935,0.03309,0.03225,0.02729
Time,s,58,0.02951,0.0361,0.03324,0.02749
Time,s,58,0.02973,0.03388,0.03275,0.02767
Time,s,58,0.03663,0.03356,0.0347,0.02848
Time,s,58,0.03253,0.03276,0.03327,0.02771
Time,s,58,0.02979,0.03268,0.03299,0.02916
Time,s,58,0.03005,0.03251,0.03297,0.02784
Time,s,58,0.03054,0.03384,0.03306,0.02852
Time,s,58,0.0292,0.03378,0.03258,0.02754
Time,s,58,0.02985,0.03308,0.03245,0.02733
Time,s,59,0.02991,0.03273,0.03209,0.02784
Time,s,59,0.02891,0.0322,0.03247,0.02809
Time,s,59,0.02886,0.03323,0.03188,0.02927
Time,s,59,0.02925,0.03405,0.03274,0.02823
Time,s,59,0.02911,0.03281,0.03291,0.03105
Time,s,59,0.02854,0.03255,0.03365,0.02967
Time,s,59,0.02985,0.03259,0.03379,0.02884
Time,s,59,0.02853,0.03291,0.03228,0.02861
Time,s,59,0.02925,0.03227,0.03344,0.02753
Time,s,59,0.02882,0.03262,0.034,0.0287
Time,s,59,0.02903,0.03389,0.03284,0.02765
Time,s,59,0.02905,0.03333,0.03297,0.02749
Time,s,59,0.02892,0.03267,0.03211,0.0273
Time,s,59,0.02857,0.03424,0.03222,0.02722
Time,s,59,0.02863,0.0342,0.03216,0.02796
Time,s,59,0.02983,0.03271,0.03423,0.02805
Time,s,59,0.02853,0.03316,0.03318,0.02792
Time,s,59,0.02995,0.04626,0.03226,0.02747
Time,s,59,0.02907,0.04072,0.03382,0.02863
Time,s,59,0.02944,0.03561,0.03247,0.02808
Time,s,59,0.02985,0.03443,0.03572,0.02902
Time,s,59,0.02989,0.03368,0.03512,0.03014
Time,s,59,0.02822,0.03308,0.03406,0.02893
Time,s,59,0.02793,0.03504,0.03889,0.02811
Time,s,59,0.02899,0.03534,0.04136,0.02837
Time,s,59,0.02885,0.04001,0.0377,0.02799
Time,s,59,0.02898,0.03545,0.03398,0.0279
Time,s,59,0.02957,0.03413,0.03404,0.02737
Time,s,59,0.02921,0.03308,0.03356,0.02774
Time,s,59,0.02883,0.03317,0.03427,0.02793
Time,s,59,0.03068,0.03312,0.03352,0.02823
Time,s,59,0.03171,0.03329,0.03306,0.02735
Time,s,59,0.03008,0.03298,0.0332,0.0277
Time,s,59,0.02993,0.0332,0.03357,0.02773
Time,s,59,0.02847,0.03268,0.03336,0.02834
Time,s,59,0.0287,0.03266,0.0337,0.02764
Time,s,59,0.03874,0.03339,0.03515,0.02774
Time,s,59,0.02935,0.03363,0.03353,0.02827
Time,s,59,0.02882,0.03311,0.03278,0.0289
Time,s,59,0.02848,0.03266,0.03503,0.02813
Time,s,59,0.02919,0.0329,0.03426,0.03078
Time,s,59,0.02879,0.03336,0.03331,0.03425
Time,s,59,0.03017,0.03617,0.0326,0.03016
Time,s,59,0.02986,0.03625,0.0333,0.02888
Time,s,59,0.02955,0.03354,0.03248,0.02729
Time,s,59,0.02907,0.03265,0.03256,0.02746
Time,s,59,0.02917,0.03246,0.03381,0.02821
Time,s,59,0.02934,0.03265,0.03447,0.02772
Time,s,59,0.03158,0.03258,0.03374,0.02766
Time,s,59,0.03324,0.03367,0.03268,0.02808
Time,s,59,0.02987,0.0333,0.03261,0.0277
Time,s,59,0.02886,0.03519,0.0337,0.02799
Time,s,59,0.02943,0.03341,0.03402,0.02749
Time,s,59,0.02942,0.03357,0.03479,0.02938
Time,s,59,0.02913,0.03277,0.0395,0.029
Time,s,59,0.02846,0.03487,0.04362,0.02819
Time,s,59,0.03039,0.03387,0.03988,0.02802
Time,s,59,0.02891,0.03307,0.04201,0.02746
Time,s,59,0.02863,0.03325,0.03983,0.0285
Time,s,59,0.02927,0.03328,0.03768,0.02823
Time,s,59,0.02854,0.03299,0.03679,0.02859
Time,s,59,0.02815,0.03468,0.03476,0.02939
Time,s,59,0.02856,0.03361,0.0334,0.02817
Time,s,59,0.02794,0.03279,0.03291,0.02877
Time,s,59,0.0303,0.03263,0.0328,0.02872
Time,s,59,0.02957,0.03202,0.03279,0.02796
Time,s,59,0.02922,0.03241,0.03289,0.0282
Time,s,59,0.03005,0.03385,0.03291,0.02766
Time,s,59,0.02952,0.03286,0.03349,0.02813
Time,s,59,0.03,0.0325,0.03682,0.02803
Time,s,59,0.02848,0.03264,0.03642,0.02737
Time,s,59,0.02887,0.03303,0.03926,0.02799
Time,s,59,0.02856,0.03467,0.03849,0.02778
Time,s,59,0.02902,0.03622,0.03396,0.02854
Time,s,59,0.02931,0.04031,0.03408,0.02763
Time,s,59,0.02844,0.03664,0.03358,0.02862
Time,s,59,0.02888,0.03349,0.03335,0.02775
Time,s,59,0.02869,0.03406,0.03266,0.02661
Time,s,59,0.03564,0.0334,0.03392,0.02878
Time,s,59,0.03473,0.03301,0.03475,0.0281
Time,s,59,0.03137,0.03405,0.03347,0.02996
Time,s,59,0.02995,0.03696,0.03428,0.02915
Time,s,59,0.02912,0.04309,0.03401,0.02764
Time,s,59,0.02876,0.03703,0.03277,0.02765
Time,s,59,0.02925,0.03377,0.0329,0.0273
Time,s,59,0.02858,0.03353,0.03411,0.02729
Time,s,59,0.02926,0.03543,0.03507,0.02668
Time,s,59,0.02943,0.03428,0.0345,0.02734
Time,s,59,0.02974,0.03393,0.03377,0.02722
Time,s,59,0.02852,0.0331,0.03257,0.02655
Time,s,59,0.02889,0.03273,0.03294,0.02799
Time,s,59,0.02973,0.03318,0.03383,0.02693
Time,s,59,0.02928,0.03324,0.03331,0.02736
Time,s,59,0.0296,0.03373,0.03365,0.02693
Time,s,59,0.02838,0.03328,0.03351,0.02732
Time,s,59,0.02869,0.03317,0.03301,0.02672
Time,s,59,0.03007,0.03321,0.0328,0.02789
Time,s,59,0.03118,0.03273,0.03269,0.02726
Time,s,59,0.03071,0.03491,0.03246,0.02812
Time,s,59,0.02967,0.03389,0.03306,0.03319
Time,s,60,0.02906,0.03293,0.03373,0.0281
Time,s,60,0.02893,0.03424,0.03415,0.02844
Time,s,60,0.02962,0.03338,0.03392,0.02781
Time,s,60,0.03546,0.03259,0.03287,0.02707
Time,s,60,0.03466,0.03274,0.03319,0.03527
Time,s,60,0.02995,0.03208,0.03434,0.03308
Time,s,60,0.02931,0.0322,0.03321,0.02962
Time,s,60,0.02903,0.03339,0.03314,0.02837
Time,s,60,0.02891,0.03342,0.03343,0.02746
Time,s,60,0.02868,0.03284,0.03382,0.02709
Time,s,60,0.02988,0.03219,0.03401,0.0281
Time,s,60,0.02917,0.03162,0.03527,0.02984
Time,s,60,0.02882,0.03221,0.03404,0.02737
Time,s,60,0.02853,0.03333,0.03274,0.02716
Time,s,60,0.0293,0.03271,0.03303,0.0272
Time,s,60,0.02957,0.0332,0.03303,0.02764
Time,s,60,0.03023,0.03371,0.03402,0.02738
Time,s,60,0.02873,0.03247,0.03264,0.0281
Time,s,60,0.02908,0.0327,0.03278,0.02859
Time,s,60,0.02828,0.03378,0.03338,0.02849
Time,s,60,0.02861,0.03278,0.0361,0.02813
Time,s,60,0.03357,0.03363,0.04012,0.02763
Time,s,60,0.03567,0.0377,0.03481,0.02775
Time,s,60,0.03082,0.04667,0.03406,0.02796
Time,s,60,0.02842,0.04166,0.03304,0.02752
Time,s,60,0.02971,0.03807,0.0335,0.02721
Time,s,60,0.02915,0.03484,0.03308,0.02756
Time,s,60,0.02915,0.03347,0.03641,0.02672
Time,s,60,0.02938,0.03285,0.04845,0.02783
Time,s,60,0.02946,0.03302,0.04045,0.02623
Time,s,60,0.02862,0.03313,0.03587,0.02695
Time,s,60,0.02942,0.03428,0.03444,0.02737
Time,s,60,0.02984,0.03311,0.03337,0.027
Time,s,60,0.02939,0.03243,0.03311,0.02699
Time,s,60,0.02848,0.03285,0.0331,0.0278
Time,s,60,0.02926,0.03278,0.03361,0.02875
Time,s,60,0.02855,0.03278,0.03435,0.02919
Time,s,60,0.02861,0.03205,0.04154,0.0277
Time,s,60,0.02832,0.03299,0.03864,0.02705
Time,s,60,0.02986,0.03377,0.0354,0.02759
Time,s,60,0.02993,0.03329,0.03456,0.02757
Time,s,60,0.03021,0.03308,0.03358,0.02712
Time,s,60,0.02822,0.03236,0.03344,0.0276
Time,s,60,0.02869,0.03266,0.03478,0.02746
Time,s,60,0.0284,0.03254,0.03504,0.02747
Time,s,60,0.02812,0.03239,0.03323,0.02781
Time,s,60,0.02842,0.03313,0.03308,0.02807
Time,s,60,0.0291,0.03605,0.03406,0.02823
Time,s,60,0.02884,0.03419,0.03274,0.02829
Time,s,60,0.02841,0.03267,0.03294,0.03442
Time,s,60,0.02856,0.03426,0.03361,0.0323
Time,s,60,0.02893,0.03393,0.03411,0.02783
Time,s,60,0.03086,0.03294,0.03345,0.02721
Time,s,60,0.02983,0.03399,0.03306,0.02722
Time,s,60,0.02979,0.03382,0.03283,0.02764
Time,s,60,0.02974,0.03374,0.03325,0.02961
Time,s,60,0.02906,0.03352,0.03362,0.03236
Time,s,60,0.02977,0.03447,0.03302,0.02924
Time,s,60,0.03345,0.03333,0.03298,0.02871
Time,s,60,0.0301,0.03333,0.03332,0.02719
Time,s,60,0.02952,0.03332,0.03355,0.02761
Time,s,60,0.02914,0.03395,0.03258,0.02785
Time,s,60,0.02952,0.03214,0.03282,0.02742
Time,s,60,0.02841,0.03204,0.03341,0.02719
Time,s,60,0.0285,0.03207,0.03381,0.02767
Time,s,60,0.03047,0.0321,0.03275,0.02817
Time,s,60,0.03034,0.03388,0.03249,0.02756
Time,s,60,0.0279,0.03249,0.03356,0.02695
Time,s,60,0.02851,0.03158,0.03601,0.02718
Time,s,60,0.0285,0.03181,0.04428,0.02756
Time,s,60,0.02804,0.03372,0.03635,0.02741
Time,s,60,0.02891,0.03941,0.03416,0.0264
Time,s,60,0.02858,0.03508,0.03408,0.03341
Time,s,60,0.02828,0.03307,0.03332,0.03621
Time,s,60,0.02844,0.03288,0.03288,0.03203
Time,s,60,0.0295,0.03314,0.03474,0.02892
Time,s,60,0.03087,0.03189,0.03432,0.02803
Time,s,60,0.02899,0.03187,0.03329,0.02785
Time,s,60,0.03027,0.03234,0.03308,0.02832
Time,s,60,0.02965,0.03294,0.03281,0.02757
Time,s,60,0.02913,0.03294,0.03556,0.02699
Time,s,60,0.02879,0.03308,0.03325,0.02873
Time,s,60,0.02834,0.03277,0.03273,0.02857
Time,s,60,0.02836,0.03425,0.03281,0.02745
Time,s,60,0.02868,0.03324,0.03387,0.02813
Time,s,60,0.02866,0.0323,0.03318,0.02768
Time,s,60,0.02894,0.03267,0.03264,0.02732
Time,s,60,0.02854,0.03218,0.03338,0.02717
Time,s,60,0.02819,0.03235,0.0338,0.02796
Time,s,60,0.02949,0.03324,0.03357,0.02721
Time,s,60,0.02919,0.03344,0.03276,0.02686
Time,s,60,0.02907,0.0354,0.03337,0.02808
Time,s,60,0.02854,0.03358,0.03287,0.02954
Time,s,60,0.02847,0.03269,0.03296,0.0288
Time,s,60,0.02855,0.03207,0.03268,0.02919
Time,s,60,0.02908,0.03303,0.03329,0.02825
Time,s,60,0.02959,0.03421,0.03277,0.02793
Time,s,60,0.02818,0.03215,0.0341,0.0282
Time,s,60,0.02888,0.0332,0.03568,0.02735
Time,s,60,0.02928,0.03228,0.03388,0.02787
Time,s,61,0.02963,0.03237,0.03334,0.0277
Time,s,61,0.02938,0.03272,0.04282,0.02744
Time,s,61,0.02894,0.03293,0.03434,0.02633
Time,s,61,0.02864,0.03259,0.03344,0.02781
Time,s,61,0.02856,0.03198,0.03317,0.02818
Time,s,61,0.0289,0.03326,0.03359,0.02688
Time,s,61,0.02832,0.03227,0.03307,0.0272
Time,s,61,0.02956,0.03268,0.03299,0.02731
Time,s,61,0.03079,0.03209,0.03512,0.02692
Time,s,61,0.02945,0.03132,0.03245,0.02731
Time,s,61,0.02903,0.03151,0.03211,0.02712
Time,s,61,0.02865,0.03125,0.03192,0.02702
Time,s,61,0.02784,0.03225,0.03146,0.02873
Time,s,61,0.03216,0.03254,0.03337,0.03401
Time,s,61,0.03267,0.03343,0.03146,0.02893
Time,s,61,0.03104,0.03363,0.03223,0.02826
Time,s,61,0.02946,0.03352,0.03302,0.02739
Time,s,61,0.02885,0.03221,0.03508,0.02839
Time,s,61,0.02885,0.03163,0.03877,0.02858
Time,s,61,0.02868,0.03401,0.03252,0.02743
Time,s,61,0.02849,0.03865,0.03216,0.02729
Time,s,61,0.02908,0.0349,0.03183,0.02768
Time,s,61,0.02872,0.03369,0.03175,0.02693
Time,s,61,0.02883,0.03266,0.03121,0.027
Time,s,61,0.02883,0.03358,0.03169,0.02671
Time,s,61,0.02879,0.03189,0.0316,0.02824
Time,s,61,0.02913,0.03122,0.03178,0.02834
Time,s,61,0.02909,0.03164,0.03181,0.02727
Time,s,61,0.02919,0.03161,0.03296,0.02792
Time,s,61,0.02895,0.03235,0.03236,0.02773
Time,s,61,0.02855,0.03249,0.03169,0.02679
Time,s,61,0.02765,0.0323,0.03198,0.02729
Time,s,61,0.02871,0.03161,0.03163,0.02907
Time,s,61,0.02833,0.0323,0.03259,0.02844
Time,s,61,0.02905,0.0319,0.03223,0.02862
Time,s,61,0.03065,0.03188,0.0331,0.02777
Time,s,61,0.02914,0.04163,0.03232,0.02734
Time,s,61,0.02993,0.03397,0.03162,0.02766
Time,s,61,0.02859,0.03394,0.03119,0.02737
Time,s,61,0.03015,0.03208,0.03248,0.02693
Time,s,61,0.02818,0.03215,0.03133,0.02718
Time,s,61,0.02842,0.03271,0.03381,0.0274
Time,s,61,0.028,0.03279,0.03233,0.02801
Time,s,61,0.02853,0.03228,0.03145,0.02708
Time,s,61,0.02817,0.03445,0.03123,0.03033
Time,s,61,0.02823,0.03364,0.03175,0.02795
Time,s,61,0.02859,0.03362,0.03284,0.02765
Time,s,61,0.029,0.03303,0.03153,0.02789
Time,s,61,0.02879,0.03401,0.032,0.02789
Time,s,61,0.02985,0.03359,0.03185,0.02854
Time,s,61,0.0294,0.03211,0.03186,0.02793
Time,s,61,0.02908,0.03275,0.03415,0.028
Time,s,61,0.02798,0.03344,0.03256,0.02787
Time,s,61,0.03005,0.03339,0.03167,0.02896
Time,s,61,0.02897,0.03291,0.03165,0.02831
Time,s,61,0.02948,0.033,0.03188,0.02819
Time,s,61,0.02842,0.03345,0.03164,0.02741
Time,s,61,0.02943,0.03341,0.0311,0.02758
Time,s,61,0.02858,0.0322,0.03202,0.02742
Time,s,61,0.02913,0.03254,0.03294,0.02709
Time,s,61,0.02797,0.03346,0.03361,0.02691
Time,s,61,0.02846,0.03224,0.03239,0.02653
Time,s,61,0.02893,0.03277,0.03228,0.02689
Time,s,61,0.02976,0.0311,0.03211,0.02695
Time,s,61,0.02927,0.03207,0.03148,0.02687
Time,s,61,0.02908,0.03272,0.03179,0.02875
Time,s,61,0.02904,0.03269,0.03347,0.02763
Time,s,61,0.02867,0.0321,0.03395,0.0281
Time,s,61,0.02902,0.03363,0.03928,0.02819
Time,s,61,0.03316,0.03829,0.03373,0.02707
Time,s,61,0.03273,0.03384,0.03266,0.02848
Time,s,61,0.02921,0.03425,0.03221,0.03505
Time,s,61,0.02909,0.03298,0.03271,0.02963
Time,s,61,0.02808,0.03312,0.0322,0.0275
Time,s,61,0.02925,0.03276,0.03288,0.0275
Time,s,61,0.0294,0.03323,0.0319,0.02807
Time,s,61,0.02977,0.03225,0.03142,0.0277
Time,s,61,0.02877,0.03225,0.03177,0.02732
Time,s,61,0.02882,0.03193,0.03236,0.02695
Time,s,61,0.02788,0.0328,0.03267,0.02696
Time,s,61,0.02801,0.03304,0.03178,0.02735
Time,s,61,0.02859,0.03488,0.03121,0.02693
Time,s,61,0.02811,0.03404,0.03139,0.02698
Time,s,61,0.02869,0.03318,0.03182,0.02739
Time,s,61,0.02893,0.03308,0.03231,0.02745
Time,s,61,0.02857,0.03188,0.03356,0.02803
Time,s,61,0.03031,0.03275,0.03262,0.02771
Time,s,61,0.02893,0.03223,0.03259,0.02718
Time,s,61,0.02865,0.03216,0.03139,0.02796
Time,s,61,0.02896,0.03291,0.03193,0.02907
Time,s,61,0.02793,0.03506,0.03337,0.02801
Time,s,61,0.02924,0.03357,0.03304,0.02768
Time,s,61,0.0288,0.03256,0.03163,0.02738
Time,s,61,0.02861,0.03517,0.03199,0.02817
Time,s,61,0.0288,0.0334,0.03161,0.02805
Time,s,61,0.02912,0.03379,0.0319,0.02757
Time,s,61,0.02859,0.03202,0.0336,0.02852
Time,s,61,0.02834,0.0322,0.03263,0.02747
Time,s,61,0.0281,0.03291,0.03192,0.0272
Time,s,61,0.02874,0.0325,0.0319,0.02691
Time,s,62,0.02801,0.03253,0.03174,0.02706
Time,s,62,0.02849,0.03187,0.03256,0.02751
Time,s,62,0.02869,0.03241,0.03239,0.0283
Time,s,62,0.02873,0.03185,0.0318,0.02708
Time,s,62,0.03007,0.03362,0.03208,0.0278
Time,s,62,0.02913,0.032,0.03185,0.02719
Time,s,62,0.028,0.03182,0.03233,0.02881
Time,s,62,0.02788,0.03334,0.03313,0.02835
Time,s,62,0.02847,0.03293,0.03177,0.0267
Time,s,62,0.02881,0.03216,0.0318,0.02754
Time,s,62,0.02927,0.03249,0.03455,0.02941
Time,s,62,0.02932,0.03208,0.03656,0.02789
Time,s,62,0.02981,0.03392,0.03481,0.02706
Time,s,62,0.03027,0.03328,0.03202,0.02719
Time,s,62,0.0291,0.03479,0.03136,0.02726
Time,s,62,0.02902,0.03308,0.03223,0.02696
Time,s,62,0.02981,0.03294,0.03365,0.02681
Time,s,62,0.02903,0.03381,0.03886,0.02671
Time,s,62,0.02903,0.03838,0.03473,0.02661
Time,s,62,0.03114,0.03321,0.03362,0.0274
Time,s,62,0.0295,0.0325,0.03247,0.02743
Time,s,62,0.02877,0.03247,0.03382,0.02727
Time,s,62,0.02976,0.03236,0.03306,0.02724
Time,s,62,0.02877,0.03237,0.03194,0.02765
Time,s,62,0.03226,0.03313,0.03284,0.02739
Time,s,62,0.03601,0.03252,0.03284,0.0285
Time,s,62,0.03086,0.0318,0.03247,0.02804
Time,s,62,0.02924,0.03183,0.03164,0.02742
Time,s,62,0.03069,0.03271,0.03186,0.02824
Time,s,62,0.03,0.03171,0.03187,0.03438
Time,s,62,0.02961,0.03292,0.03184,0.03052
Time,s,62,0.02853,0.03251,0.03242,0.02974
Time,s,62,0.02859,0.03167,0.03169,0.0277
Time,s,62,0.0287,0.03107,0.03259,0.02771
Time,s,62,0.02857,0.03297,0.03394,0.02731
Time,s,62,0.02943,0.0324,0.0328,0.02675
Time,s,62,0.02918,0.03251,0.03223,0.02737
Time,s,62,0.02925,0.03377,0.03192,0.02712
Time,s,62,0.03029,0.03227,0.03335,0.02703
Time,s,62,0.02928,0.03209,0.03359,0.02704
Time,s,62,0.02928,0.04761,0.03311,0.02692
Time,s,62,0.029,0.04966,0.03226,0.02699
Time,s,62,0.02986,0.04228,0.0321,0.02709
Time,s,62,0.02917,0.03652,0.03202,0.02828
Time,s,62,0.02834,0.0347,0.03256,0.02787
Time,s,62,0.02888,0.03422,0.03315,0.02725
Time,s,62,0.02943,0.03425,0.03201,0.0278
Time,s,62,0.03029,0.03302,0.03208,0.02809
Time,s,62,0.02987,0.03213,0.03222,0.02861
Time,s,62,0.03062,0.0336,0.03219,0.0283
Time,s,62,0.03371,0.03303,0.03275,0.02744
Time,s,62,0.04031,0.03227,0.03377,0.02749
Time,s,62,0.03443,0.03277,0.03361,0.02837
Time,s,62,0.03118,0.03364,0.03226,0.0276
Time,s,62,0.02976,0.03303,0.03967,0.02746
Time,s,62,0.03072,0.03287,0.03218,0.02805
Time,s,62,0.02988,0.0338,0.03179,0.02771
Time,s,62,0.02906,0.03312,0.0311,0.02736
Time,s,62,0.02908,0.0328,0.03293,0.02686
Time,s,62,0.02996,0.03304,0.03293,0.02734
Time,s,62,0.03133,0.03272,0.03225,0.0276
Time,s,62,0.02995,0.03283,0.03212,0.02833
Time,s,62,0.02981,0.03356,0.03265,0.02829
Time,s,62,0.0298,0.03232,0.03208,0.02722
Time,s,62,0.02923,0.03229,0.03394,0.0287
Time,s,62,0.03158,0.03519,0.03536,0.02988
Time,s,62,0.02992,0.04186,0.03686,0.02807
Time,s,62,0.02948,0.03534,0.03416,0.02756
Time,s,62,0.02889,0.03588,0.032,0.0274
Time,s,62,0.02991,0.03333,0.03201,0.02634
Time,s,62,0.02975,0.03227,0.03179,0.02791
Time,s,62,0.03062,0.03426,0.03362,0.02764
Time,s,62,0.02953,0.03482,0.03251,0.02846
Time,s,62,0.03012,0.0336,0.03244,0.02695
Time,s,62,0.03054,0.03211,0.03301,0.02706
Time,s,62,0.03028,0.03262,0.03253,0.02757
Time,s,62,0.02947,0.0329,0.03234,0.02759
Time,s,62,0.03004,0.0351,0.03204,0.02704
Time,s,62,0.02946,0.03476,0.03272,0.02726
Time,s,62,0.03098,0.03376,0.03204,0.02775
Time,s,62,0.03347,0.03262,0.03181,0.02687
Time,s,62,0.03043,0.03305,0.03259,0.02728
Time,s,62,0.02925,0.03232,0.03543,0.028
Time,s,62,0.02891,0.03233,0.03242,0.02805
Time,s,62,0.03001,0.03224,0.03262,0.0285
Time,s,62,0.0301,0.03245,0.03228,0.02875
Time,s,62,0.03071,0.03989,0.03184,0.0303
Time,s,62,0.02891,0.03185,0.03124,0.0344
Time,s,62,0.02869,0.03294,0.03209,0.02952
Time,s,62,0.02927,0.03529,0.03191,0.0285
Time,s,62,0.02879,0.03428,0.03147,0.02875
Time,s,62,0.02855,0.03276,0.03113,0.02848
Time,s,62,0.02931,0.03189,0.03157,0.02771
Time,s,62,0.02889,0.03225,0.03187,0.03016
Time,s,62,0.02901,0.0332,0.03209,0.02814
Time,s,62,0.03015,0.03335,0.03205,0.02823
Time,s,62,0.03018,0.03253,0.032,0.0294
Time,s,62,0.03077,0.03296,0.03173,0.02974
Time,s,62,0.0299,0.03253,0.03192,0.02799
Time,s,62,0.0289,0.03246,0.03239,0.02779
Time,s,63,0.02961,0.0333,0.03321,0.02798
Time,s,63,0.03003,0.03457,0.04135,0.0284
Time,s,63,0.03028,0.0339,0.03934,0.02807
Time,s,63,0.02976,0.03254,0.03516,0.02832
Time,s,63,0.03116,0.0326,0.03355,0.02825
Time,s,63,0.02975,0.03312,0.03287,0.02797
Time,s,63,0.02964,0.03309,0.03276,0.02766
Time,s,63,0.02853,0.03217,0.03171,0.02826
Time,s,63,0.02921,0.03233,0.0317,0.02786
Time,s,63,0.02983,0.03311,0.03159,0.03008
Time,s,63,0.02945,0.03397,0.03294,0.02819
Time,s,63,0.02929,0.03372,0.03196,0.0288
Time,s,63,0.02918,0.03284,0.03344,0.02844
Time,s,63,0.0296,0.03466,0.03528,0.02833
Time,s,63,0.02957,0.03988,0.03827,0.02836
Time,s,63,0.02984,0.03385,0.0365,0.02879
Time,s,63,0.03008,0.03333,0.03404,0.02842
Time,s,63,0.02966,0.03379,0.03283,0.02796
Time,s,63,0.02908,0.03267,0.03243,0.02761
Time,s,63,0.0287,0.03248,0.03167,0.02768
Time,s,63,0.03286,0.03296,0.03256,0.02983
Time,s,63,0.038,0.03272,0.03159,0.02875
Time,s,63,0.0346,0.03274,0.03222,0.03021
Time,s,63,0.03192,0.03245,0.03245,0.02865
Time,s,63,0.02949,0.03227,0.03305,0.03087
Time,s,63,0.02957,0.03163,0.03241,0.02931
Time,s,63,0.02927,0.03168,0.03126,0.02776
Time,s,63,0.02966,0.03255,0.03144,0.029
Time,s,63,0.02973,0.03278,0.03206,0.0287
Time,s,63,0.03151,0.03283,0.03213,0.02807
Time,s,63,0.03032,0.0335,0.03151,0.02864
Time,s,63,0.02886,0.03366,0.03323,0.02936
Time,s,63,0.02915,0.03321,0.03307,0.02911
Time,s,63,0.03233,0.03351,0.03239,0.02879
Time,s,63,0.03321,0.03215,0.03232,0.02915
Time,s,63,0.03526,0.03298,0.03182,0.02855
Time,s,63,0.03177,0.03307,0.03383,0.02764
Time,s,63,0.03162,0.0344,0.03184,0.0281
Time,s,63,0.03091,0.03472,0.0318,0.028
Time,s,63,0.02958,0.03307,0.03189,0.02732
Time,s,63,0.02879,0.03247,0.03217,0.0285
Time,s,63,0.0294,0.03261,0.03235,0.02796
Time,s,63,0.0294,0.03365,0.03354,0.02772
Time,s,63,0.0293,0.03263,0.03446,0.02878
Time,s,63,0.02922,0.03283,0.0327,0.02985
Time,s,63,0.02858,0.03266,0.0338,0.03387
Time,s,63,0.02984,0.03243,0.03207,0.03044
Time,s,63,0.0288,0.03258,0.03235,0.03756
Time,s,63,0.02985,0.03166,0.0325,0.03385
Time,s,63,0.02914,0.03241,0.03179,0.0297
Time,s,63,0.0287,0.03201,0.03147,0.02901
Time,s,63,0.02971,0.0335,0.03204,0.02866
Time,s,63,0.02924,0.03284,0.0325,0.0289
Time,s,63,0.029,0.03256,0.04537,0.02817
Time,s,63,0.02902,0.0328,0.03914,0.02854
Time,s,63,0.02912,0.03363,0.03532,0.02983
Time,s,63,0.02967,0.03288,0.03343,0.02878
Time,s,63,0.02909,0.03216,0.0318,0.02855
Time,s,63,0.0304,0.03253,0.03227,0.03149
Time,s,63,0.02996,0.03146,0.03217,0.03742
Time,s,63,0.02971,0.03236,0.03207,0.032
Time,s,63,0.02926,0.03298,0.03333,0.03126
Time,s,63,0.02905,0.03696,0.03569,0.02932
Time,s,63,0.02918,0.03958,0.03827,0.02823
Time,s,63,0.02899,0.03397,0.03413,0.02803
Time,s,63,0.02928,0.03325,0.03392,0.03008
Time,s,63,0.02935,0.03363,0.03247,0.02938
Time,s,63,0.02827,0.03251,0.03305,0.02922
Time,s,63,0.02867,0.03236,0.03278,0.03015
Time,s,63,0.02897,0.03238,0.03189,0.02837
Time,s,63,0.03069,0.0325,0.03166,0.02831
Time,s,63,0.03142,0.03307,0.03197,0.02863
Time,s,63,0.03052,0.03152,0.03284,0.02826
Time,s,63,0.02879,0.03206,0.03306,0.02805
Time,s,63,0.02913,0.03497,0.03201,0.02798
Time,s,63,0.02959,0.03394,0.03251,0.02889
Time,s,63,0.03066,0.03265,0.03169,0.02877
Time,s,63,0.02908,0.03269,0.03208,0.02851
Time,s,63,0.03013,0.03239,0.03166,0.02947
Time,s,63,0.0293,0.03325,0.03252,0.03044
Time,s,63,0.02919,0.03278,0.03335,0.02959
Time,s,63,0.02898,0.03294,0.03275,0.02822
Time,s,63,0.02898,0.03311,0.03294,0.02857
Time,s,63,0.02882,0.03309,0.03281,0.0283
Time,s,63,0.03006,0.03247,0.03226,0.02843
Time,s,63,0.0307,0.03181,0.03191,0.02932
Time,s,63,0.02957,0.03304,0.0318,0.0293
Time,s,63,0.02897,0.03392,0.03192,0.02915
Time,s,63,0.02923,0.03302,0.03203,0.02857
Time,s,63,0.02881,0.03304,0.03211,0.02846
Time,s,63,0.03087,0.03305,0.03211,0.02914
Time,s,63,0.03431,0.03284,0.03169,0.02914
Time,s,63,0.03053,0.03437,0.03216,0.02844
Time,s,63,0.03002,0.03327,0.03202,0.02858
Time,s,63,0.02951,0.03278,0.03134,0.02883
Time,s,63,0.0305,0.03219,0.0321,0.02811
Time,s,63,0.02976,0.03263,0.03283,0.02949
Time,s,63,0.03095,0.03213,0.03227,0.03053
Time,s,63,0.02931,0.0319,0.03136,0.02944
Time,s,63,0.02927,0.03265,0.03173,0.03076
Time,s,64,0.02905,0.03313,0.03183,0.03362
Time,s,64,0.02944,0.03228,0.03259,0.03449
Time,s,64,0.02961,0.03217,0.03161,0.02964
Time,s,64,0.02974,0.03221,0.03286,0.0291
Time,s,64,0.03014,0.0323,0.03335,0.02906
Time,s,64,0.03083,0.03238,0.03118,0.02931
Time,s,64,0.02999,0.03363,0.03896,0.02936
Time,s,64,0.03047,0.03412,0.03079,0.02845
Time,s,64,0.02914,0.03301,0.03112,0.02781
Time,s,64,0.03027,0.0329,0.03193,0.02797
Time,s,64,0.02903,0.03294,0.03292,0.02866
Time,s,64,0.02912,0.03572,0.03469,0.02898
Time,s,64,0.0292,0.03823,0.03623,0.02815
Time,s,64,0.02996,0.03375,0.0328,0.02843
Time,s,64,0.02972,0.03254,0.03209,0.02827
Time,s,64,0.02921,0.03208,0.03113,0.0284
Time,s,64,0.03057,0.03356,0.03169,0.02784
Time,s,64,0.02909,0.03285,0.03277,0.02857
Time,s,64,0.02894,0.03306,0.03098,0.02958
Time,s,64,0.02951,0.03254,0.03171,0.02864
Time,s,64,0.02946,0.03308,0.03171,0.02841
Time,s,64,0.02953,0.03316,0.03193,0.0278
Time,s,64,0.02949,0.03422,0.03084,0.02873
Time,s,64,0.02861,0.03401,0.0315,0.0283
Time,s,64,0.02905,0.03239,0.03125,0.02882
Time,s,64,0.0299,0.03254,0.03162,0.02934
Time,s,64,0.02847,0.03284,0.03114,0.02897
Time,s,64,0.02774,0.03294,0.03185,0.02765
Time,s,64,0.02938,0.03251,0.03128,0.0281
Time,s,64,0.0282,0.03196,0.03169,0.02803
Time,s,64,0.02881,0.03175,0.03217,0.02829
Time,s,64,0.02803,0.03309,0.03187,0.02821
Time,s,64,0.02957,0.03281,0.03158,0.02783
Time,s,64,0.02935,0.03252,0.03225,0.02816
Time,s,64,0.02873,0.03279,0.03517,0.02968
Time,s,64,0.02891,0.03596,0.03446,0.03095
Time,s,64,0.02811,0.03347,0.03253,0.03038
Time,s,64,0.02883,0.04063,0.03149,0.03056
Time,s,64,0.0365,0.03467,0.03127,0.02973
Time,s,64,0.0415,0.03381,0.03234,0.02859
Time,s,64,0.03635,0.03309,0.03204,0.02882
Time,s,64,0.03123,0.0329,0.03196,0.02834
Time,s,64,0.02892,0.03319,0.03315,0.02795
Time,s,64,0.03106,0.03325,0.03178,0.02873
Time,s,64,0.03006,0.03242,0.0318,0.02924
Time,s,64,0.03186,0.03205,0.03126,0.02892
Time,s,64,0.03168,0.03222,0.03219,0.02788
Time,s,64,0.02869,0.03201,0.03266,0.02828
Time,s,64,0.0286,0.03258,0.03186,0.02802
Time,s,64,0.02969,0.03288,0.03229,0.02876
Time,s,64,0.02925,0.03295,0.03201,0.02905
Time,s,64,0.02807,0.03246,0.03253,0.02862
Time,s,64,0.02843,0.03433,0.03157,0.02867
Time,s,64,0.02796,0.03325,0.03274,0.02844
Time,s,64,0.02841,0.03256,0.03225,0.03983
Time,s,64,0.02915,0.03466,0.03166,0.03499
Time,s,64,0.02903,0.03307,0.03156,0.03145
Time,s,64,0.02839,0.03301,0.03139,0.03072
Time,s,64,0.02857,0.03265,0.03192,0.03428
Time,s,64,0.02819,0.03296,0.0317,0.03
Time,s,64,0.02806,0.0364,0.03393,0.02879
Time,s,64,0.02847,0.03886,0.03632,0.02956
Time,s,64,0.02781,0.03383,0.0354,0.02887
Time,s,64,0.02842,0.03268,0.03289,0.02919
Time,s,64,0.02879,0.03308,0.03255,0.0282
Time,s,64,0.02846,0.03276,0.03233,0.02817
Time,s,64,0.02896,0.03253,0.03293,0.02904
Time,s,64,0.02808,0.03314,0.03327,0.02828
Time,s,64,0.02929,0.03263,0.03302,0.03047
Time,s,64,0.02874,0.03307,0.03157,0.02929
Time,s,64,0.02859,0.03325,0.03189,0.02851
Time,s,64,0.02987,0.0351,0.03271,0.0278
Time,s,64,0.02942,0.03329,0.03244,0.02875
Time,s,64,0.02954,0.03301,0.03222,0.02927
Time,s,64,0.02831,0.03201,0.03132,0.02869
Time,s,64,0.02901,0.03173,0.03174,0.02997
Time,s,64,0.0284,0.03197,0.03264,0.02911
Time,s,64,0.02872,0.03308,0.03138,0.02869
Time,s,64,0.02782,0.03197,0.03132,0.02832
Time,s,64,0.02966,0.03244,0.03189,0.02811
Time,s,64,0.03011,0.03165,0.03154,0.02899
Time,s,64,0.029,0.03188,0.03213,0.02904
Time,s,64,0.02942,0.03494,0.03284,0.02965
Time,s,64,0.02824,0.03489,0.03223,0.02896
Time,s,64,0.0288,0.0351,0.03221,0.02927
Time,s,64,0.0286,0.03266,0.03222,0.02778
Time,s,64,0.02916,0.03254,0.03233,0.02813
Time,s,64,0.02954,0.03235,0.03245,0.02857
Time,s,64,0.02897,0.03385,0.03233,0.02907
Time,s,64,0.02839,0.03377,0.03259,0.02874
Time,s,64,0.02939,0.03212,0.03197,0.02906
Time,s,64,0.02841,0.03284,0.03136,0.02909
Time,s,64,0.029,0.03269,0.0309,0.02965
Time,s,64,0.02955,0.03773,0.03151,0.03036
Time,s,64,0.02999,0.04099,0.03145,0.02845
Time,s,64,0.02953,0.03552,0.03197,0.02923
Time,s,64,0.03028,0.03436,0.03379,0.02913
Time,s,64,0.02901,0.03358,0.03447,0.02767
Time,s,64,0.02921,0.03305,0.03272,0.02778
Time,s,64,0.0285,0.03281,0.0314,0.02945
Time,s,65,0.03047,0.03226,0.03195,0.02886
Time,s,65,0.03394,0.03216,0.03289,0.02921
Time,s,65,0.0308,0.0333,0.03368,0.02915
Time,s,65,0.02942,0.03516,0.03281,0.02921
Time,s,65,0.03063,0.03439,0.0318,0.02913
Time,s,65,0.02871,0.03414,0.03238,0.02819
Time,s,65,0.03016,0.03378,0.03222,0.02824
Time,s,65,0.03001,0.03289,0.03174,0.02798
Time,s,65,0.02915,0.03568,0.03231,0.02847
Time,s,65,0.02901,0.03764,0.0321,0.02861
Time,s,65,0.02862,0.03386,0.0348,0.02822
Time,s,65,0.02851,0.03325,0.03434,0.02986
Time,s,65,0.02902,0.03411,0.03767,0.02894
Time,s,65,0.02844,0.03219,0.03315,0.02971
Time,s,65,0.02945,0.0328,0.03221,0.02906
Time,s,65,0.03022,0.03258,0.03229,0.03182
Time,s,65,0.0299,0.03254,0.032,0.03093
Time,s,65,0.02982,0.03213,0.03293,0.02831
Time,s,65,0.02863,0.03277,0.03303,0.02843
Time,s,65,0.02952,0.03203,0.03228,0.02859
Time,s,65,0.02892,0.032,0.03226,0.02892
Time,s,65,0.02932,0.0327,0.03165,0.02879
Time,s,65,0.02928,0.03286,0.03104,0.02871
Time,s,65,0.02921,0.03382,0.03136,0.02848
Time,s,65,0.0289,0.03297,0.03122,0.02808
Time,s,65,0.02882,0.0323,0.03237,0.02874
Time,s,65,0.02875,0.03213,0.03206,0.02736
Time,s,65,0.02797,0.03205,0.0333,0.02747
Time,s,65,0.0294,0.03212,0.03324,0.02704
Time,s,65,0.02807,0.03361,0.03311,0.02728
Time,s,65,0.02838,0.03207,0.03258,0.02702
Time,s,65,0.02906,0.03337,0.03218,0.02638
Time,s,65,0.02829,0.03483,0.0316,0.02667
Time,s,65,0.02844,0.03309,0.03168,0.0263
Time,s,65,0.02827,0.03244,0.03315,0.02799
Time,s,65,0.0282,0.03445,0.03282,0.02858
Time,s,65,0.02923,0.03359,0.03299,0.02675
Time,s,65,0.02909,0.03244,0.03276,0.02704
Time,s,65,0.02906,0.03315,0.0322,0.02909
Time,s,65,0.02916,0.03303,0.03757,0.02828
Time,s,65,0.0289,0.03201,0.03905,0.0271
Time,s,65,0.03073,0.03292,0.03808,0.02721
Time,s,65,0.02936,0.03351,0.03921,0.02814
Time,s,65,0.02871,0.03291,0.04244,0.02824
Time,s,65,0.02881,0.03199,0.04229,0.02729
Time,s,65,0.02967,0.03244,0.0424,0.02676
Time,s,65,0.02945,0.03295,0.04014,0.02735
Time,s,65,0.02843,0.03306,0.03612,0.02781
Time,s,65,0.02924,0.03329,0.03376,0.02729
Time,s,65,0.03023,0.03289,0.03234,0.02763
Time,s,65,0.02945,0.03255,0.03303,0.02974
Time,s,65,0.02849,0.03312,0.03309,0.02849
Time,s,65,0.0288,0.03277,0.03177,0.02719
Time,s,65,0.03054,0.03317,0.03202,0.02766
Time,s,65,0.02893,0.03351,0.03195,0.0264
Time,s,65,0.02975,0.03321,0.03282,0.02602
Time,s,65,0.03288,0.03262,0.03314,0.02603
Time,s,65,0.03145,0.0348,0.03641,0.02719
Time,s,65,0.02996,0.03943,0.04578,0.02729
Time,s,65,0.02842,0.03486,0.04241,0.02712
Time,s,65,0.02959,0.03344,0.03628,0.02747
Time,s,65,0.02909,0.03206,0.03447,0.02744
Time,s,65,0.02884,0.03747,0.03287,0.02744
Time,s,65,0.029,0.04649,0.03213,0.028
Time,s,65,0.02901,0.03866,0.03191,0.02875
Time,s,65,0.02859,0.03556,0.03369,0.02745
Time,s,65,0.02886,0.03376,0.03335,0.02825
Time,s,65,0.02859,0.0336,0.03215,0.02819
Time,s,65,0.02822,0.03297,0.03158,0.02797
Time,s,65,0.02873,0.03304,0.03214,0.02782
Time,s,65,0.02862,0.03409,0.03168,0.02779
Time,s,65,0.02905,0.03451,0.03272,0.02754
Time,s,65,0.02868,0.0339,0.03243,0.02881
Time,s,65,0.02873,0.03306,0.03201,0.0329
Time,s,65,0.02863,0.03322,0.03292,0.03107
Time,s,65,0.03037,0.0335,0.03235,0.02851
Time,s,65,0.03023,0.03245,0.03234,0.02874
Time,s,65,0.02966,0.03719,0.03319,0.02733
Time,s,65,0.02949,0.03819,0.03369,0.02782
Time,s,65,0.02897,0.03766,0.03252,0.02753
Time,s,65,0.02911,0.03711,0.03236,0.02813
Time,s,65,0.02907,0.03591,0.03221,0.02781
Time,s,65,0.02997,0.03535,0.0324,0.02777
Time,s,65,0.02809,0.0345,0.03248,0.02732
Time,s,65,0.02905,0.03375,0.0326,0.02821
Time,s,65,0.02895,0.03398,0.03264,0.02863
Time,s,65,0.02836,0.0336,0.03345,0.02795
Time,s,65,0.02818,0.03237,0.03214,0.02733
Time,s,65,0.02951,0.03289,0.03194,0.02782
Time,s,65,0.02877,0.0333,0.0323,0.02984
Time,s,65,0.03082,0.03321,0.03202,0.02907
Time,s,65,0.0294,0.03262,0.03114,0.0277
Time,s,65,0.02907,0.03329,0.03158,0.02748
Time,s,65,0.02853,0.03541,0.03246,0.02801
Time,s,65,0.02855,0.03364,0.03245,0.02866
Time,s,65,0.02884,0.03316,0.03219,0.02851
Time,s,65,0.03053,0.03259,0.03218,0.02738
Time,s,65,0.02964,0.03248,0.03243,0.02797
Time,s,65,0.02929,0.03397,0.03331,0.02839
Time,s,65,0.02826,0.03392,0.03236,0.02791
Time,s,66,0.0289,0.03282,0.03275,0.02733
Time,s,66,0.02884,0.03448,0.03264,0.0277
Time,s,66,0.02971,0.03404,0.03181,0.02799
Time,s,66,0.02863,0.03353,0.03211,0.02704
Time,s,66,0.0392,0.03533,0.03268,0.02865
Time,s,66,0.03881,0.03644,0.0321,0.029
Time,s,66,0.03318,0.03363,0.03197,0.02839
Time,s,66,0.03023,0.03295,0.03479,0.02893
Time,s,66,0.02953,0.0326,0.03704,0.02914
Time,s,66,0.02941,0.0339,0.03499,0.02893
Time,s,66,0.03018,0.03418,0.03268,0.02896
Time,s,66,0.03404,0.0324,0.03149,0.02804
Time,s,66,0.02994,0.03197,0.03222,0.02745
Time,s,66,0.0361,0.03203,0.03249,0.02799
Time,s,66,0.02896,0.03257,0.03315,0.0288
Time,s,66,0.02905,0.03158,0.0325,0.02821
Time,s,66,0.03648,0.03205,0.03351,0.02805
Time,s,66,0.03842,0.03242,0.03331,0.02756
Time,s,66,0.0324,0.03236,0.03225,0.02818
Time,s,66,0.0296,0.03268,0.0322,0.02812
Time,s,66,0.02966,0.03247,0.03206,0.02883
Time,s,66,0.02899,0.03298,0.03273,0.02768
Time,s,66,0.02878,0.03223,0.03217,0.02782
Time,s,66,0.02835,0.03284,0.03287,0.02767
Time,s,66,0.02829,0.03322,0.03279,0.02871
Time,s,66,0.03054,0.03344,0.03222,0.02811
Time,s,66,0.02918,0.03389,0.03296,0.02908
Time,s,66,0.02884,0.03324,0.03299,0.02826
Time,s,66,0.02897,0.03507,0.03231,0.03039
Time,s,66,0.02979,0.03368,0.03281,0.02833
Time,s,66,0.02931,0.03322,0.03544,0.02911
Time,s,66,0.02912,0.03628,0.03522,0.03275
Time,s,66,0.0289,0.03445,0.03275,0.0289
Time,s,66,0.0287,0.03316,0.03265,0.0279
Time,s,66,0.02925,0.03297,0.03317,0.02804
Time,s,66,0.02887,0.03321,0.03254,0.02807
Time,s,66,0.02863,0.03356,0.03257,0.02782
Time,s,66,0.02743,0.03258,0.0332,0.02824
Time,s,66,0.02865,0.03241,0.0328,0.02873
Time,s,66,0.02887,0.03191,0.03223,0.03636
Time,s,66,0.02888,0.03272,0.03153,0.03182
Time,s,66,0.02958,0.0326,0.03325,0.0292
Time,s,66,0.03044,0.03244,0.03288,0.02827
Time,s,66,0.02859,0.03262,0.03206,0.02846
Time,s,66,0.0298,0.03322,0.0313,0.0294
Time,s,66,0.02846,0.03368,0.03187,0.02918
Time,s,66,0.02896,0.03326,0.03343,0.02868
Time,s,66,0.0289,0.03281,0.04395,0.02747
Time,s,66,0.02883,0.03309,0.03897,0.02788
Time,s,66,0.03029,0.03279,0.03397,0.02747
Time,s,66,0.02981,0.03337,0.03292,0.02757
Time,s,66,0.02894,0.03333,0.03249,0.02723
Time,s,66,0.02831,0.03407,0.03234,0.02794
Time,s,66,0.02815,0.03568,0.0315,0.02827
Time,s,66,0.02871,0.04006,0.03183,0.02749
Time,s,66,0.02979,0.03509,0.03303,0.02776
Time,s,66,0.02847,0.03368,0.03505,0.02755
Time,s,66,0.02876,0.03325,0.03865,0.02789
Time,s,66,0.03002,0.03507,0.03377,0.02987
Time,s,66,0.0288,0.03337,0.03306,0.02794
Time,s,66,0.02834,0.03455,0.03249,0.02772
Time,s,66,0.02869,0.03441,0.03158,0.02778
Time,s,66,0.02976,0.03453,0.03211,0.02806
Time,s,66,0.02909,0.03495,0.03367,0.02884
Time,s,66,0.02938,0.03438,0.03361,0.03038
Time,s,66,0.03381,0.0336,0.03262,0.03072
Time,s,66,0.03055,0.03394,0.03263,0.02977
Time,s,66,0.02918,0.03299,0.03222,0.02933
Time,s,66,0.02854,0.03398,0.03258,0.02751
Time,s,66,0.02961,0.03389,0.03172,0.02753
Time,s,66,0.02826,0.03328,0.03193,0.02814
Time,s,66,0.02955,0.03344,0.03139,0.02745
Time,s,66,0.02892,0.03277,0.03285,0.02803
Time,s,66,0.02822,0.03263,0.03267,0.02806
Time,s,66,0.02889,0.03361,0.03273,0.02805
Time,s,66,0.02946,0.03299,0.03218,0.02834
Time,s,66,0.03008,0.03559,0.03277,0.02708
Time,s,66,0.0289,0.03399,0.0345,0.02767
Time,s,66,0.02887,0.03334,0.03452,0.0281
Time,s,66,0.02841,0.03324,0.03353,0.02832
Time,s,66,0.02921,0.03483,0.04406,0.0289
Time,s,66,0.02823,0.03433,0.04292,0.02846
Time,s,66,0.02834,0.03356,0.037,0.02752
Time,s,66,0.0288,0.03415,0.03421,0.02773
Time,s,66,0.02861,0.03314,0.03419,0.02927
Time,s,66,0.02919,0.03365,0.03322,0.028
Time,s,66,0.02945,0.03316,0.03276,0.02803
Time,s,66,0.02881,0.03335,0.03236,0.02861
Time,s,66,0.0292,0.03258,0.03363,0.03212
Time,s,66,0.02803,0.03268,0.03397,0.02957
Time,s,66,0.02862,0.03481,0.03299,0.02776
Time,s,66,0.02858,0.03571,0.03294,0.02853
Time,s,66,0.02987,0.03373,0.03385,0.02841
Time,s,66,0.02873,0.03285,0.03303,0.02805
Time,s,66,0.02892,0.03313,0.03355,0.02754
Time,s,66,0.02916,0.03262,0.03395,0.02771
Time,s,66,0.02885,0.03599,0.03401,0.02755
Time,s,66,0.02895,0.03396,0.03371,0.02836
Time,s,66,0.02847,0.03474,0.03342,0.0275
Time,s,66,0.03027,0.03384,0.03301,0.02769
Time,s,67,0.03009,0.03397,0.0335,0.02806
Time,s,67,0.0287,0.03322,0.03415,0.02768
Time,s,67,0.02869,0.03662,0.0332,0.0273
Time,s,67,0.02836,0.03948,0.03287,0.02969
Time,s,67,0.02782,0.0346,0.03564,0.02881
Time,s,67,0.02802,0.03377,0.03612,0.02891
Time,s,67,0.02889,0.03332,0.04278,0.02876
Time,s,67,0.02934,0.0331,0.03544,0.02757
Time,s,67,0.02903,0.03316,0.03398,0.02772
Time,s,67,0.02907,0.03408,0.03299,0.02899
Time,s,67,0.02942,0.03404,0.03291,0.02794
Time,s,67,0.02967,0.03322,0.03383,0.02786
Time,s,67,0.0293,0.03304,0.03457,0.02847
Time,s,67,0.02931,0.03431,0.03379,0.02752
Time,s,67,0.03095,0.03345,0.03359,0.02754
Time,s,67,0.02978,0.03348,0.03278,0.02881
Time,s,67,0.0282,0.03406,0.03296,0.02882
Time,s,67,0.02855,0.03374,0.03328,0.02797
Time,s,67,0.02839,0.0332,0.03305,0.02791
Time,s,67,0.02815,0.03388,0.03417,0.02821
Time,s,67,0.03065,0.03423,0.03333,0.02799
Time,s,67,0.03351,0.0334,0.03287,0.02805
Time,s,67,0.03076,0.0329,0.03376,0.02957
Time,s,67,0.03033,0.03298,0.03287,0.02793
Time,s,67,0.02824,0.03471,0.03241,0.02742
Time,s,67,0.02805,0.03505,0.03351,0.02752
Time,s,67,0.02881,0.03634,0.03264,0.02835
Time,s,67,0.02844,0.03334,0.03399,0.02781
Time,s,67,0.02848,0.03318,0.03417,0.02738
Time,s,67,0.02996,0.03546,0.03318,0.02864
Time,s,67,0.02865,0.03333,0.03282,0.0297
Time,s,67,0.02902,0.0333,0.03295,0.02764
Time,s,67,0.02818,0.03311,0.03248,0.02836
Time,s,67,0.02879,0.03305,0.03339,0.02796
Time,s,67,0.02857,0.03425,0.0324,0.02753
Time,s,67,0.0301,0.04424,0.03272,0.02695
Time,s,67,0.02925,0.03354,0.03393,0.02759
Time,s,67,0.02874,0.03331,0.03274,0.02776
Time,s,67,0.02892,0.03333,0.03468,0.02758
Time,s,67,0.02911,0.03286,0.03396,0.02752
Time,s,67,0.02798,0.03304,0.03242,0.02739
Time,s,67,0.0278,0.04498,0.03254,0.02846
Time,s,67,0.02766,0.03947,0.03296,0.02988
Time,s,67,0.02842,0.03618,0.03217,0.0279
Time,s,67,0.02941,0.03417,0.03228,0.02921
Time,s,67,0.03108,0.03376,0.03345,0.03191
Time,s,67,0.02991,0.0342,0.03383,0.03108
Time,s,67,0.0293,0.03395,0.0328,0.02871
Time,s,67,0.02851,0.03534,0.03264,0.02833
Time,s,67,0.02928,0.0354,0.03316,0.02783
Time,s,67,0.02858,0.03626,0.03346,0.02902
Time,s,67,0.02887,0.04045,0.03363,0.02922
Time,s,67,0.02852,0.03475,0.03319,0.02791
Time,s,67,0.02888,0.03407,0.03368,0.03022
Time,s,67,0.02862,0.0339,0.03514,0.02802
Time,s,67,0.02855,0.03381,0.03704,0.02863
Time,s,67,0.02876,0.0335,0.03652,0.02747
Time,s,67,0.02845,0.03356,0.03332,0.02761
Time,s,67,0.02854,0.03399,0.03343,0.02862
Time,s,67,0.02885,0.03271,0.0329,0.02742
Time,s,67,0.03066,0.03365,0.03223,0.02853
Time,s,67,0.02873,0.03459,0.03332,0.02831
Time,s,67,0.02894,0.0333,0.03284,0.02807
Time,s,67,0.0289,0.03401,0.0331,0.02749
Time,s,67,0.02896,0.03327,0.0325,0.02767
Time,s,67,0.02806,0.03273,0.03295,0.02782
Time,s,67,0.02992,0.03318,0.0339,0.02822
Time,s,67,0.02941,0.03381,0.03339,0.02763
Time,s,67,0.0296,0.03415,0.03297,0.02838
Time,s,67,0.03044,0.03421,0.03308,0.0285
Time,s,67,0.03055,0.03366,0.03342,0.02702
Time,s,67,0.02986,0.03421,0.03269,0.02786
Time,s,67,0.03068,0.03343,0.03305,0.02794
Time,s,67,0.03012,0.03625,0.03351,0.02772
Time,s,67,0.02885,0.03539,0.03269,0.02861
Time,s,67,0.03013,0.03394,0.03271,0.02757
Time,s,67,0.03191,0.03309,0.03251,0.02747
Time,s,67,0.033,0.03387,0.03259,0.02848
Time,s,67,0.02991,0.03523,0.03354,0.02807
Time,s,67,0.03023,0.03326,0.04215,0.02863
Time,s,67,0.0289,0.03358,0.03292,0.03167
Time,s,67,0.02975,0.03323,0.0324,0.02913
Time,s,67,0.02935,0.03279,0.03198,0.02897
Time,s,67,0.02963,0.03336,0.03208,0.02749
Time,s,67,0.03649,0.03344,0.03297,0.02746
Time,s,67,0.02912,0.03355,0.03246,0.02889
Time,s,67,0.02893,0.03422,0.03324,0.02922
Time,s,67,0.0289,0.03363,0.03317,0.02855
Time,s,67,0.02855,0.03321,0.03248,0.02825
Time,s,67,0.02865,0.03457,0.03253,0.02765
Time,s,67,0.02907,0.03325,0.0324,0.02747
Time,s,67,0.02828,0.03385,0.03174,0.02777
Time,s,67,0.02854,0.03322,0.03437,0.02775
Time,s,67,0.02877,0.03413,0.03304,0.02834
Time,s,67,0.02872,0.03496,0.03555,0.02809
Time,s,67,0.02911,0.03436,0.03435,0.02736
Time,s,67,0.02962,0.03316,0.03562,0.02803
Time,s,67,0.0302,0.03352,0.03322,0.02727
Time,s,67,0.02899,0.03431,0.03242,0.02702
Time,s,67,0.02937,0.03614,0.03276,0.02832
Time,s,68,0.02863,0.04052,0.03235,0.02792
Time,s,68,0.02869,0.03567,0.03251,0.02767
Time,s,68,0.02949,0.03379,0.03274,0.02905
Time,s,68,0.02885,0.0334,0.03363,0.03215
Time,s,68,0.0303,0.03318,0.03552,0.03013
Time,s,68,0.02895,0.03521,0.03742,0.02842
Time,s,68,0.02877,0.03571,0.03605,0.02801
Time,s,68,0.02844,0.03589,0.03359,0.02794
Time,s,68,0.02849,0.03405,0.03251,0.02814
Time,s,68,0.0303,0.03338,0.03306,0.02755
Time,s,68,0.02944,0.0336,0.03419,0.02815
Time,s,68,0.02873,0.03306,0.04425,0.02773
Time,s,68,0.0293,0.03357,0.03887,0.02803
Time,s,68,0.03113,0.03423,0.03437,0.02774
Time,s,68,0.02939,0.03417,0.03293,0.02827
Time,s,68,0.0294,0.03252,0.03234,0.02878
Time,s,68,0.02956,0.03334,0.03314,0.0274
Time,s,68,0.02919,0.03393,0.03301,0.02777
Time,s,68,0.02917,0.03341,0.03308,0.02745
Time,s,68,0.02923,0.03335,0.03358,0.03016
Time,s,68,0.03036,0.03384,0.0334,0.02872
Time,s,68,0.02989,0.03464,0.0329,0.02989
Time,s,68,0.02881,0.03599,0.03334,0.02879
Time,s,68,0.02864,0.03472,0.03278,0.02837
Time,s,68,0.03018,0.03413,0.03384,0.02739
Time,s,68,0.03021,0.03397,0.03595,0.02755
Time,s,68,0.02846,0.03395,0.03491,0.0283
Time,s,68,0.02881,0.03373,0.03379,0.02783
Time,s,68,0.02858,0.03278,0.03426,0.02742
Time,s,68,0.02875,0.03305,0.03323,0.02742
Time,s,68,0.0294,0.03322,0.0334,0.02806
Time,s,68,0.03063,0.03288,0.03285,0.02834
Time,s,68,0.0358,0.03295,0.03288,0.0297
Time,s,68,0.03137,0.03333,0.03283,0.03883
Time,s,68,0.02958,0.03475,0.03247,0.03399
Time,s,68,0.02999,0.03384,0.03299,0.03212
Time,s,68,0.02836,0.03391,0.03264,0.03893
Time,s,68,0.02897,0.03522,0.03254,0.03403
Time,s,68,0.0289,0.03371,0.03312,0.03079
Time,s,68,0.02895,0.03403,0.03343,0.02964
Time,s,68,0.0294,0.03393,0.03287,0.02813
Time,s,68,0.0291,0.03304,0.0328,0.02761
Time,s,68,0.02924,0.03359,0.033,0.02765
Time,s,68,0.02963,0.03273,0.03263,0.02828
Time,s,68,0.02894,0.03264,0.03366,0.02755
Time,s,68,0.02952,0.03232,0.03478,0.02836
Time,s,68,0.0302,0.03258,0.03299,0.02816
Time,s,68,0.03042,0.03189,0.0328,0.02822
Time,s,68,0.02967,0.03388,0.03239,0.02793
Time,s,68,0.02876,0.03726,0.03214,0.0291
Time,s,68,0.02936,0.03318,0.03288,0.02786
Time,s,68,0.02923,0.03303,0.03288,0.0281
Time,s,68,0.02933,0.03229,0.03367,0.02829
Time,s,68,0.02838,0.03253,0.03445,0.0279
Time,s,68,0.02821,0.03352,0.03818,0.02784
Time,s,68,0.02929,0.0317,0.03763,0.03166
Time,s,68,0.02996,0.03323,0.03408,0.03081
Time,s,68,0.0299,0.03189,0.03347,0.02924
Time,s,68,0.02981,0.03468,0.03355,0.03049
Time,s,68,0.02867,0.0328,0.03368,0.03253
Time,s,68,0.02857,0.03409,0.03312,0.03011
Time,s,68,0.02822,0.03728,0.03328,0.02781
Time,s,68,0.02878,0.03964,0.03276,0.02801
Time,s,68,0.02904,0.03716,0.03314,0.02771
Time,s,68,0.02953,0.03728,0.03333,0.02795
Time,s,68,0.02941,0.03709,0.0327,0.02771
Time,s,68,0.02879,0.03618,0.03202,0.0277
Time,s,68,0.0289,0.03403,0.03346,0.02785
Time,s,68,0.0297,0.03201,0.03363,0.02845
Time,s,68,0.02948,0.03236,0.03254,0.02854
Time,s,68,0.03058,0.03322,0.03141,0.0274
Time,s,68,0.0295,0.03343,0.03162,0.02838
Time,s,68,0.02939,0.0334,0.0332,0.02738
Time,s,68,0.02877,0.03244,0.03142,0.02952
Time,s,68,0.02793,0.03193,0.03072,0.02796
Time,s,68,0.02849,0.03261,0.03178,0.02842
Time,s,68,0.0303,0.03194,0.03107,0.02822
Time,s,68,0.03008,0.03237,0.03143,0.02768
Time,s,68,0.02895,0.03281,0.03133,0.02768
Time,s,68,0.03011,0.03199,0.03254,0.0278
Time,s,68,0.03092,0.03228,0.03145,0.02737
Time,s,68,0.03076,0.03282,0.03164,0.02745
Time,s,68,0.02988,0.0409,0.03184,0.02823
Time,s,68,0.03062,0.03643,0.03178,0.02824
Time,s,68,0.02951,0.045,0.03156,0.02758
Time,s,68,0.03518,0.03964,0.03271,0.02765
Time,s,68,0.03816,0.03529,0.03362,0.02779
Time,s,68,0.03631,0.03457,0.03195,0.02856
Time,s,68,0.03032,0.03557,0.03179,0.02825
Time,s,68,0.02986,0.03369,0.03071,0.02808
Time,s,68,0.02896,0.0337,0.03136,0.02861
Time,s,68,0.02926,0.03413,0.03284,0.02959
Time,s,68,0.02966,0.0332,0.03325,0.02874
Time,s,68,0.02927,0.03243,0.03211,0.03072
Time,s,68,0.02962,0.03297,0.03122,0.0295
Time,s,68,0.03013,0.04,0.03152,0.02786
Time,s,68,0.02863,0.03636,0.0308,0.02885
Time,s,68,0.02861,0.0343,0.03124,0.03013
Time,s,68,0.02873,0.03432,0.03169,0.02815
Time,s,68,0.02888,0.0329,0.03175,0.0282
Time,s,69,0.02867,0.03281,0.03086,0.02724
Time,s,69,0.02923,0.0324,0.03106,0.02864
Time,s,69,0.02862,0.03299,0.03201,0.02789
Time,s,69,0.02964,0.03331,0.03427,0.02729
Time,s,69,0.02989,0.03284,0.03624,0.02732
Time,s,69,0.02872,0.03307,0.03431,0.0283
Time,s,69,0.02971,0.03319,0.03172,0.02761
Time,s,69,0.02926,0.03432,0.03112,0.02753
Time,s,69,0.02874,0.0325,0.03113,0.02762
Time,s,69,0.02894,0.03388,0.03164,0.02819
Time,s,69,0.02908,0.03262,0.03162,0.02781
Time,s,69,0.02948,0.03215,0.03097,0.02764
Time,s,69,0.02936,0.03258,0.03231,0.02779
Time,s,69,0.02893,0.03261,0.03186,0.02793
Time,s,69,0.0303,0.03322,0.0321,0.02762
Time,s,69,0.03124,0.03378,0.03216,0.0271
Time,s,69,0.02972,0.03263,0.03125,0.02919
Time,s,69,0.02912,0.03376,0.03437,0.03295
Time,s,69,0.02858,0.03386,0.03268,0.02919
Time,s,69,0.02974,0.03379,0.03263,0.02795
Time,s,69,0.03014,0.0358,0.03201,0.02727
Time,s,69,0.03135,0.03315,0.03218,0.02839
Time,s,69,0.03017,0.03277,0.03171,0.02779
Time,s,69,0.0288,0.03225,0.03248,0.02772
Time,s,69,0.0291,0.03213,0.03431,0.02895
Time,s,69,0.02936,0.03493,0.03463,0.02802
Time,s,69,0.02789,0.03447,0.03223,0.02877
Time,s,69,0.02862,0.03262,0.03254,0.02858
Time,s,69,0.029,0.03237,0.03241,0.02766
Time,s,69,0.03022,0.03266,0.03318,0.02746
Time,s,69,0.02987,0.03337,0.04049,0.02733
Time,s,69,0.02916,0.03348,0.03216,0.02863
Time,s,69,0.03001,0.03216,0.03164,0.02924
Time,s,69,0.02908,0.03158,0.03205,0.0282
Time,s,69,0.03003,0.03249,0.03229,0.02766
Time,s,69,0.03028,0.03317,0.03296,0.02911
Time,s,69,0.02939,0.03253,0.03245,0.02775
Time,s,69,0.02818,0.03262,0.0316,0.02857
Time,s,69,0.02837,0.03308,0.03175,0.02793
Time,s,69,0.02941,0.03277,0.03309,0.02821
Time,s,69,0.02916,0.03212,0.03283,0.02771
Time,s,69,0.0303,0.03228,0.03226,0.02788
Time,s,69,0.0343,0.03269,0.03204,0.03148
Time,s,69,0.03101,0.03279,0.0328,0.03545
Time,s,69,0.02885,0.03646,0.03263,0.03092
Time,s,69,0.02906,0.03594,0.03249,0.02868
Time,s,69,0.02855,0.0337,0.0328,0.02814
Time,s,69,0.02929,0.03321,0.03306,0.02804
Time,s,69,0.031,0.03217,0.03315,0.02883
Time,s,69,0.04374,0.03243,0.03225,0.02858
Time,s,69,0.04549,0.03287,0.03213,0.02818
Time,s,69,0.04346,0.03214,0.03222,0.02889
Time,s,69,0.0375,0.03403,0.03479,0.02867
Time,s,69,0.03358,0.03388,0.03838,0.02774
Time,s,69,0.03088,0.03314,0.03583,0.02811
Time,s,69,0.02947,0.03399,0.0331,0.02952
Time,s,69,0.02901,0.03328,0.03202,0.03072
Time,s,69,0.02898,0.03264,0.03408,0.02779
Time,s,69,0.02915,0.03273,0.03249,0.02772
Time,s,69,0.02885,0.03249,0.03204,0.02879
Time,s,69,0.02956,0.0328,0.0315,0.0294
Time,s,69,0.02876,0.03236,0.03221,0.02906
Time,s,69,0.02934,0.03327,0.03217,0.02782
Time,s,69,0.02915,0.03318,0.03168,0.02814
Time,s,69,0.03025,0.03295,0.03265,0.02775
Time,s,69,0.02947,0.0323,0.03232,0.02817
Time,s,69,0.02929,0.03513,0.03332,0.02829
Time,s,69,0.03278,0.03281,0.03242,0.02729
Time,s,69,0.03135,0.03397,0.03224,0.02748
Time,s,69,0.02989,0.03317,0.03252,0.02833
Time,s,69,0.02857,0.03289,0.0321,0.02889
Time,s,69,0.02867,0.03307,0.03284,0.02744
Time,s,69,0.02901,0.03281,0.03359,0.02799
Time,s,69,0.02955,0.03264,0.03288,0.03113
Time,s,69,0.02957,0.03218,0.03216,0.03519
Time,s,69,0.02882,0.03221,0.03247,0.02925
Time,s,69,0.02884,0.0321,0.03228,0.02735
Time,s,69,0.02998,0.03216,0.03345,0.02795
Time,s,69,0.02975,0.03293,0.03366,0.02756
Time,s,69,0.02962,0.03321,0.03319,0.02819
Time,s,69,0.03079,0.03229,0.03228,0.02822
Time,s,69,0.03047,0.03252,0.03132,0.02735
Time,s,69,0.03865,0.03266,0.03134,0.02782
Time,s,69,0.03842,0.03466,0.03219,0.02765
Time,s,69,0.0336,0.03229,0.0325,0.02771
Time,s,69,0.03078,0.03475,0.03185,0.02799
Time,s,69,0.03206,0.03543,0.03243,0.0278
Time,s,69,0.03204,0.03519,0.0318,0.0289
Time,s,69,0.02937,0.04295,0.03238,0.02925
Time,s,69,0.03065,0.03876,0.03271,0.02765
Time,s,69,0.03077,0.03392,0.0318,0.02736
Time,s,69,0.02957,0.03287,0.03364,0.02791
Time,s,69,0.02966,0.03538,0.03201,0.02848
Time,s,69,0.03112,0.03839,0.03219,0.02807
Time,s,69,0.03501,0.0334,0.03142,0.02878
Time,s,69,0.03052,0.0339,0.03151,0.02833
Time,s,69,0.02957,0.03321,0.03176,0.02872
Time,s,69,0.02923,0.03211,0.03208,0.02907
Time,s,69,0.02987,0.03249,0.03141,0.02808
Time,s,69,0.02992,0.03252,0.03176,0.02778
Time,s,70,0.02995,0.03365,0.03265,0.02829
Time,s,70,0.02913,0.0331,0.03164,0.02861
Time,s,70,0.02933,0.0326,0.03308,0.02764
Time,s,70,0.03045,0.03276,0.03697,0.02733
Time,s,70,0.0292,0.03218,0.03728,0.02804
Time,s,70,0.02956,0.03207,0.03261,0.02758
Time,s,70,0.0289,0.03204,0.03267,0.02774
Time,s,70,0.02884,0.03394,0.03206,0.02729
Time,s,70,0.02944,0.03333,0.03358,0.03055
Time,s,70,0.02878,0.03272,0.04582,0.02906
Time,s,70,0.02952,0.03229,0.04029,0.02781
Time,s,70,0.0291,0.03286,0.03631,0.02795
Time,s,70,0.0301,0.03288,0.03395,0.02875
Time,s,70,0.03141,0.0327,0.03207,0.02837
Time,s,70,0.02996,0.0345,0.03205,0.02769
Time,s,70,0.02857,0.03727,0.03187,0.02696
Time,s,70,0.02865,0.03489,0.03211,0.02778
Time,s,70,0.02845,0.03437,0.03231,0.02836
Time,s,70,0.02931,0.03345,0.03238,0.02808
Time,s,70,0.02907,0.03324,0.03342,0.0275
Time,s,70,0.02955,0.03224,0.0326,0.0275
Time,s,70,0.02883,0.0322,0.03229,0.02831
Time,s,70,0.02859,0.03325,0.03383,0.02866
Time,s,70,0.02948,0.03271,0.03528,0.02755
Time,s,70,0.02998,0.03285,0.03376,0.02772
Time,s,70,0.0307,0.03247,0.03288,0.02792
Time,s,70,0.02934,0.03278,0.0325,0.02781
Time,s,70,0.02873,0.03284,0.03302,0.02742
Time,s,70,0.02863,0.03261,0.03295,0.02808
Time,s,70,0.02903,0.03238,0.03246,0.02733
Time,s,70,0.02922,0.03303,0.03274,0.02801
Time,s,70,0.02832,0.04174,0.0317,0.03151
Time,s,70,0.02837,0.03414,0.0325,0.03434
Time,s,70,0.02941,0.03389,0.0327,0.02892
Time,s,70,0.02952,0.03305,0.03212,0.02839
Time,s,70,0.02871,0.03332,0.03175,0.02783
Time,s,70,0.02936,0.03349,0.03217,0.02821
Time,s,70,0.03028,0.03271,0.03191,0.02903
Time,s,70,0.02737,0.03205,0.03418,0.02777
Time,s,70,0.02922,0.03202,0.0332,0.02685
Time,s,70,0.0289,0.03287,0.03188,0.02802
Time,s,70,0.02962,0.0365,0.03168,0.0276
Time,s,70,0.03021,0.0365,0.03294,0.02734
Time,s,70,0.03007,0.03385,0.03341,0.02864
Time,s,70,0.02907,0.03359,0.03184,0.02815
Time,s,70,0.02921,0.0345,0.03203,0.02776
Time,s,70,0.02981,0.03298,0.03182,0.0295
Time,s,70,0.03052,0.03242,0.03215,0.02874
Time,s,70,0.03001,0.03372,0.03269,0.02804
Time,s,70,0.03112,0.03541,0.03186,0.02711
Time,s,70,0.03506,0.03439,0.03322,0.02765
Time,s,70,0.02985,0.03349,0.03432,0.02821
Time,s,70,0.02945,0.03235,0.03775,0.02726
Time,s,70,0.02948,0.0326,0.0343,0.02771
Time,s,70,0.02918,0.03235,0.03268,0.02751
Time,s,70,0.02853,0.03188,0.03289,0.02745
Time,s,70,0.02861,0.03303,0.04548,0.02747
Time,s,70,0.02881,0.0332,0.03956,0.0276
Time,s,70,0.02869,0.03363,0.03471,0.02761
Time,s,70,0.02797,0.0327,0.03312,0.02828
Time,s,70,0.02878,0.03282,0.03269,0.02859
Time,s,70,0.02964,0.03283,0.03228,0.02797
Time,s,70,0.03036,0.0323,0.03184,0.02873
Time,s,70,0.02938,0.03465,0.03228,0.02776
Time,s,70,0.02914,0.03357,0.03191,0.02895
Time,s,70,0.02863,0.0341,0.03148,0.02931
Time,s,70,0.02911,0.03426,0.0322,0.03013
Time,s,70,0.02875,0.03351,0.03158,0.02917
Time,s,70,0.02846,0.03287,0.03273,0.02829
Time,s,70,0.02924,0.03265,0.03374,0.02768
Time,s,70,0.02851,0.03216,0.03291,0.02773
Time,s,70,0.02902,0.03214,0.03294,0.02785
Time,s,70,0.02897,0.03203,0.03239,0.02805
Time,s,70,0.02982,0.03276,0.03242,0.02805
Time,s,70,0.02981,0.03374,0.03649,0.02885
Time,s,70,0.02873,0.03428,0.04118,0.02754
Time,s,70,0.02922,0.03372,0.03571,0.02713
Time,s,70,0.02853,0.03272,0.03381,0.028
Time,s,70,0.02909,0.03281,0.03323,0.02774
Time,s,70,0.02911,0.03295,0.03303,0.02832
Time,s,70,0.03002,0.03346,0.03311,0.02793
Time,s,70,0.03043,0.03331,0.03909,0.02839
Time,s,70,0.0293,0.03498,0.03244,0.02715
Time,s,70,0.02903,0.03381,0.03285,0.02726
Time,s,70,0.02892,0.03338,0.03215,0.02892
Time,s,70,0.02887,0.0324,0.03254,0.02998
Time,s,70,0.03031,0.03261,0.03234,0.02793
Time,s,70,0.02982,0.03232,0.03487,0.02781
Time,s,70,0.02875,0.03266,0.03345,0.02839
Time,s,70,0.02894,0.03373,0.03357,0.03285
Time,s,70,0.02817,0.03824,0.03194,0.03089
Time,s,70,0.02884,0.03628,0.03183,0.02899
Time,s,70,0.02933,0.03307,0.03199,0.02813
Time,s,70,0.02878,0.03277,0.03266,0.02803
Time,s,70,0.02901,0.0323,0.03211,0.0274
Time,s,70,0.02884,0.03202,0.03227,0.02784
Time,s,70,0.02892,0.03287,0.03247,0.02759
Time,s,70,0.02965,0.03299,0.03226,0.02781
Time,s,70,0.03018,0.03337,0.03331,0.02771
Time,s,70,0.02922,0.03267,0.03402,0.02806
Time,s,71,0.03095,0.03217,0.03416,0.02738
Time,s,71,0.02946,0.03291,0.03844,0.02785
Time,s,71,0.02899,0.03267,0.03341,0.02851
Time,s,71,0.02853,0.03172,0.03342,0.02832
Time,s,71,0.02978,0.03253,0.03238,0.02853
Time,s,71,0.0316,0.0338,0.03232,0.0278
Time,s,71,0.03187,0.03277,0.03204,0.02811
Time,s,71,0.02921,0.03186,0.0322,0.02798
Time,s,71,0.02853,0.03182,0.03189,0.02757
Time,s,71,0.02875,0.03249,0.03172,0.02739
Time,s,71,0.02796,0.03225,0.03253,0.02735
Time,s,71,0.0301,0.03221,0.03255,0.029
Time,s,71,0.02964,0.0336,0.03213,0.02826
Time,s,71,0.02932,0.03386,0.03362,0.02788
Time,s,71,0.02888,0.03562,0.03248,0.02863
Time,s,71,0.031,0.03308,0.03233,0.02771
Time,s,71,0.0292,0.03327,0.03229,0.02782
Time,s,71,0.02923,0.03242,0.03169,0.02718
Time,s,71,0.0284,0.033,0.03187,0.02835
Time,s,71,0.02891,0.03326,0.03195,0.02711
Time,s,71,0.03764,0.03271,0.03425,0.02795
Time,s,71,0.02938,0.0321,0.03274,0.02762
Time,s,71,0.02865,0.03171,0.03288,0.02893
Time,s,71,0.03045,0.03282,0.03231,0.029
Time,s,71,0.02856,0.03241,0.03172,0.03006
Time,s,71,0.02883,0.0329,0.0321,0.02887
Time,s,71,0.02871,0.03258,0.03204,0.02826
Time,s,71,0.02875,0.03364,0.03231,0.02805
Time,s,71,0.02867,0.03265,0.03153,0.02863
Time,s,71,0.02867,0.03235,0.03375,0.0274
Time,s,71,0.02936,0.03279,0.03254,0.02875
Time,s,71,0.02866,0.03518,0.03193,0.0285
Time,s,71,0.02906,0.03313,0.03248,0.02768
Time,s,71,0.02924,0.03317,0.03341,0.02908
Time,s,71,0.02905,0.0331,0.03241,0.02782
Time,s,71,0.02878,0.03366,0.03193,0.02759
Time,s,71,0.02961,0.03483,0.03252,0.02828
Time,s,71,0.03099,0.03237,0.03338,0.02798
Time,s,71,0.03055,0.03294,0.0334,0.02876
Time,s,71,0.02866,0.03599,0.0319,0.02841
Time,s,71,0.02905,0.03778,0.03223,0.02751
Time,s,71,0.02909,0.0335,0.03225,0.02791
Time,s,71,0.02904,0.03278,0.03256,0.02755
Time,s,71,0.02877,0.03325,0.03232,0.02867
Time,s,71,0.02857,0.03354,0.03204,0.03585
Time,s,71,0.02914,0.03268,0.03326,0.0318
Time,s,71,0.02828,0.03474,0.03203,0.03228
Time,s,71,0.02878,0.03517,0.03235,0.03207
Time,s,71,0.02893,0.03319,0.03194,0.02912
Time,s,71,0.03116,0.03354,0.03313,0.02912
Time,s,71,0.02968,0.03291,0.03607,0.02817
Time,s,71,0.02934,0.03277,0.03658,0.02897
Time,s,71,0.02946,0.03259,0.0325,0.02874
Time,s,71,0.03151,0.03258,0.03409,0.0286
Time,s,71,0.02938,0.03361,0.03305,0.02825
Time,s,71,0.02898,0.03299,0.03229,0.02765
Time,s,71,0.02968,0.03301,0.03218,0.02796
Time,s,71,0.02923,0.03279,0.03268,0.02832
Time,s,71,0.02926,0.03212,0.03198,0.02775
Time,s,71,0.02922,0.03347,0.03289,0.02875
Time,s,71,0.03451,0.03377,0.03316,0.02863
Time,s,71,0.03135,0.03499,0.03255,0.02795
Time,s,71,0.02963,0.03305,0.03265,0.02762
Time,s,71,0.0288,0.03431,0.03215,0.02787
Time,s,71,0.02845,0.03431,0.03151,0.02831
Time,s,71,0.02853,0.03412,0.03175,0.02847
Time,s,71,0.02885,0.03369,0.03228,0.02908
Time,s,71,0.02907,0.03275,0.0315,0.02775
Time,s,71,0.02865,0.03178,0.03129,0.02799
Time,s,71,0.02878,0.03174,0.03154,0.02752
Time,s,71,0.02865,0.03239,0.0322,0.02819
Time,s,71,0.0281,0.03319,0.03318,0.02795
Time,s,71,0.02893,0.03332,0.03152,0.02855
Time,s,71,0.03086,0.03262,0.03196,0.02885
Time,s,71,0.03101,0.03259,0.03189,0.02871
Time,s,71,0.03045,0.03194,0.0313,0.02731
Time,s,71,0.03312,0.03369,0.03187,0.02731
Time,s,71,0.03644,0.03258,0.03166,0.02827
Time,s,71,0.03193,0.0339,0.03117,0.02763
Time,s,71,0.0296,0.03593,0.0323,0.02892
Time,s,71,0.02884,0.03377,0.0326,0.0295
Time,s,71,0.02865,0.04067,0.03249,0.02829
Time,s,71,0.02966,0.0319,0.03212,0.02855
Time,s,71,0.03019,0.03235,0.03222,0.0283
Time,s,71,0.02908,0.0323,0.03145,0.02697
Time,s,71,0.03022,0.03224,0.03197,0.02769
Time,s,71,0.02952,0.03236,0.03468,0.02811
Time,s,71,0.02862,0.03566,0.0332,0.02807
Time,s,71,0.02878,0.03915,0.03228,0.02864
Time,s,71,0.02877,0.03459,0.0323,0.02832
Time,s,71,0.02898,0.03391,0.03358,0.02923
Time,s,71,0.02906,0.03404,0.03318,0.02771
Time,s,71,0.02982,0.03347,0.03239,0.02753
Time,s,71,0.02951,0.03297,0.03167,0.02762
Time,s,71,0.0297,0.0321,0.03121,0.02877
Time,s,71,0.0301,0.03487,0.03241,0.02703
Time,s,71,0.03036,0.03528,0.03265,0.02815
Time,s,71,0.02896,0.03385,0.03173,0.02768
Time,s,71,0.02865,0.03203,0.03275,0.028
Time,s,71,0.0287,0.03293,0.03411,0.02891
Time,s,72,0.02905,0.03228,0.03547,0.02769
Time,s,72,0.02879,0.03294,0.03701,0.0279
Time,s,72,0.02903,0.03263,0.03253,0.0278
Time,s,72,0.02839,0.03243,0.03315,0.02823
Time,s,72,0.0288,0.03276,0.03323,0.02938
Time,s,72,0.02832,0.03293,0.03305,0.03324
Time,s,72,0.02865,0.03114,0.0321,0.02846
Time,s,72,0.0304,0.04599,0.03107,0.0281
Time,s,72,0.02935,0.04347,0.03185,0.0298
Time,s,72,0.02914,0.03781,0.03157,0.02885
Time,s,72,0.03052,0.03663,0.03201,0.02763
Time,s,72,0.03008,0.03553,0.03164,0.02775
Time,s,72,0.03024,0.0341,0.03324,0.02794
Time,s,72,0.02831,0.03286,0.03201,0.02758
Time,s,72,0.02948,0.03249,0.03262,0.02778
Time,s,72,0.03397,0.03285,0.03185,0.02791
Time,s,72,0.03176,0.03247,0.03225,0.03225
Time,s,72,0.03071,0.03274,0.03134,0.03689
Time,s,72,0.02909,0.03288,0.032,0.03194
Time,s,72,0.02861,0.03272,0.03351,0.02922
Time,s,72,0.02915,0.03305,0.0323,0.02842
Time,s,72,0.02887,0.03299,0.03369,0.02876
Time,s,72,0.02952,0.0325,0.0337,0.02804
Time,s,72,0.02894,0.03339,0.03233,0.0285
Time,s,72,0.02848,0.03793,0.03232,0.02776
Time,s,72,0.02919,0.03566,0.0318,0.02829
Time,s,72,0.0277,0.03466,0.03137,0.02821
Time,s,72,0.02924,0.03364,0.03134,0.0286
Time,s,72,0.02884,0.03474,0.03202,0.02822
Time,s,72,0.02931,0.03429,0.03195,0.02827
Time,s,72,0.02932,0.03255,0.03186,0.0274
Time,s,72,0.02964,0.03296,0.03245,0.02803
Time,s,72,0.0294,0.03249,0.03256,0.02824
Time,s,72,0.03013,0.03321,0.03191,0.02684
Time,s,72,0.02875,0.03238,0.03128,0.02754
Time,s,72,0.02926,0.03566,0.0394,0.02877
Time,s,72,0.02837,0.03685,0.03218,0.02849
Time,s,72,0.02897,0.03363,0.0328,0.02958
Time,s,72,0.02884,0.0329,0.03348,0.02902
Time,s,72,0.02799,0.03256,0.03221,0.02858
Time,s,72,0.02949,0.03211,0.03262,0.02853
Time,s,72,0.02852,0.03445,0.03141,0.03671
Time,s,72,0.02845,0.03442,0.03191,0.03456
Time,s,72,0.02882,0.03604,0.03154,0.02937
Time,s,72,0.0282,0.03407,0.03212,0.02839
Time,s,72,0.02955,0.03327,0.03229,0.02774
Time,s,72,0.02899,0.03246,0.03282,0.02845
Time,s,72,0.03171,0.03257,0.03179,0.02835
Time,s,72,0.02984,0.03636,0.03401,0.02792
Time,s,72,0.02879,0.0438,0.03396,0.02755
Time,s,72,0.02877,0.03795,0.03515,0.02804
Time,s,72,0.03005,0.03404,0.0382,0.02799
Time,s,72,0.02949,0.03282,0.03559,0.02787
Time,s,72,0.02859,0.03471,0.03414,0.02832
Time,s,72,0.0284,0.03423,0.03257,0.02729
Time,s,72,0.02878,0.03328,0.03198,0.02695
Time,s,72,0.02866,0.03531,0.03278,0.02763
Time,s,72,0.02849,0.03428,0.03262,0.02758
Time,s,72,0.02917,0.0346,0.03331,0.02884
Time,s,72,0.0284,0.03373,0.03254,0.02694
Time,s,72,0.02873,0.034,0.03195,0.02821
Time,s,72,0.02873,0.0339,0.03215,0.03257
Time,s,72,0.02804,0.03312,0.03278,0.02879
Time,s,72,0.03024,0.03262,0.0322,0.02713
Time,s,72,0.02953,0.03276,0.03208,0.0278
Time,s,72,0.02894,0.03265,0.03227,0.02799
Time,s,72,0.02873,0.03442,0.03143,0.02825
Time,s,72,0.0287,0.0343,0.03138,0.02846
Time,s,72,0.02871,0.03305,0.03179,0.02781
Time,s,72,0.02885,0.0327,0.03209,0.02756
Time,s,72,0.03055,0.0319,0.03269,0.02779
Time,s,72,0.03252,0.03681,0.03382,0.02803
Time,s,72,0.02967,0.03535,0.03288,0.0272
Time,s,72,0.0292,0.03316,0.03171,0.02911
Time,s,72,0.02888,0.03551,0.03268,0.02796
Time,s,72,0.02925,0.03515,0.03308,0.02766
Time,s,72,0.02948,0.03316,0.03157,0.02766
Time,s,72,0.02968,0.03309,0.0323,0.0271
Time,s,72,0.02811,0.03244,0.03211,0.02884
Time,s,72,0.02821,0.03282,0.03258,0.02788
Time,s,72,0.02843,0.03256,0.03214,0.02744
Time,s,72,0.02814,0.03202,0.03188,0.02811
Time,s,72,0.02843,0.03443,0.03207,0.02764
Time,s,72,0.02788,0.04242,0.03296,0.02741
Time,s,72,0.03089,0.03562,0.03197,0.02717
Time,s,72,0.0307,0.03319,0.03261,0.02815
Time,s,72,0.02927,0.03263,0.03309,0.02807
Time,s,72,0.02883,0.03275,0.03188,0.02767
Time,s,72,0.02888,0.03302,0.03216,0.02689
Time,s,72,0.02814,0.0334,0.03226,0.02743
Time,s,72,0.03624,0.03309,0.03195,0.02776
Time,s,72,0.02873,0.03502,0.0321,0.02674
Time,s,72,0.02839,0.03448,0.0325,0.02728
Time,s,72,0.03029,0.03426,0.03136,0.02846
Time,s,72,0.02899,0.03386,0.03279,0.02941
Time,s,72,0.02883,0.03286,0.03245,0.02801
Time,s,72,0.02878,0.03304,0.03182,0.02766
Time,s,72,0.02965,0.03265,0.03145,0.02773
Time,s,72,0.02869,0.03392,0.03236,0.02744
Time,s,72,0.02916,0.0333,0.03471,0.02651
Time,s,73,0.02856,0.03283,0.03604,0.02788
Time,s,73,0.02834,0.03273,0.03526,0.02806
Time,s,73,0.02909,0.03281,0.03236,0.02692
Time,s,73,0.02935,0.03228,0.03149,0.02767
Time,s,73,0.02909,0.03465,0.03192,0.02853
Time,s,73,0.0286,0.03428,0.03272,0.02831
Time,s,73,0.03063,0.03575,0.03186,0.02733
Time,s,73,0.02875,0.03461,0.03197,0.02749
Time,s,73,0.02933,0.03213,0.03194,0.02749
Time,s,73,0.02817,0.03241,0.03198,0.02864
Time,s,73,0.02842,0.03294,0.03211,0.02766
Time,s,73,0.02908,0.03328,0.03272,0.02907
Time,s,73,0.02861,0.03342,0.03253,0.02839
Time,s,73,0.02988,0.03411,0.034,0.02774
Time,s,73,0.03012,0.0336,0.03338,0.03032
Time,s,73,0.02916,0.0335,0.0324,0.0283
Time,s,73,0.02854,0.03279,0.03253,0.02782
Time,s,73,0.02927,0.03264,0.03271,0.02766
Time,s,73,0.02994,0.03219,0.03164,0.02808
Time,s,73,0.03128,0.03259,0.03341,0.03431
Time,s,73,0.03103,0.03311,0.03242,0.02831
Time,s,73,0.031,0.03259,0.03274,0.02753
Time,s,73,0.03084,0.03317,0.03333,0.02736
Time,s,73,0.03128,0.034,0.03346,0.02769
Time,s,73,0.0293,0.03336,0.03245,0.0277
Time,s,73,0.03015,0.03275,0.03199,0.02746
Time,s,73,0.03281,0.03348,0.03214,0.02718
Time,s,73,0.0307,0.03284,0.03249,0.02729
Time,s,73,0.02906,0.04043,0.03237,0.0274
Time,s,73,0.02872,0.03249,0.03144,0.02661
Time,s,73,0.02928,0.0329,0.03303,0.02725
Time,s,73,0.02866,0.03472,0.03201,0.0274
Time,s,73,0.0307,0.03807,0.04046,0.02787
Time,s,73,0.02988,0.03372,0.03812,0.02762
Time,s,73,0.02999,0.03344,0.03319,0.0273
Time,s,73,0.0296,0.03366,0.03274,0.02776
Time,s,73,0.02785,0.0329,0.03267,0.0281
Time,s,73,0.02868,0.03327,0.03229,0.02751
Time,s,73,0.02854,0.03529,0.04379,0.02683
Time,s,73,0.02822,0.03374,0.0409,0.02722
Time,s,73,0.02846,0.03483,0.03605,0.02802
Time,s,73,0.02963,0.03421,0.03307,0.02804
Time,s,73,0.02894,0.03471,0.03383,0.02751
Time,s,73,0.03031,0.03425,0.03349,0.02813
Time,s,73,0.02947,0.03353,0.03248,0.02817
Time,s,73,0.02858,0.03243,0.03282,0.02749
Time,s,73,0.02856,0.03271,0.03338,0.02754
Time,s,73,0.0283,0.03298,0.03438,0.02734
Time,s,73,0.02884,0.03251,0.03441,0.02782
Time,s,73,0.037,0.03235,0.03772,0.02821
Time,s,73,0.0402,0.03238,0.03479,0.03063
Time,s,73,0.0351,0.03258,0.033,0.02957
Time,s,73,0.03238,0.03426,0.03176,0.02903
Time,s,73,0.03057,0.03512,0.03216,0.02832
Time,s,73,0.03037,0.03423,0.03279,0.02752
Time,s,73,0.02989,0.03304,0.03356,0.02714
Time,s,73,0.03015,0.03302,0.03232,0.02777
Time,s,73,0.03008,0.03303,0.0319,0.02726
Time,s,73,0.02936,0.03265,0.03209,0.02714
Time,s,73,0.02921,0.03309,0.03193,0.03119
Time,s,73,0.02868,0.03313,0.03242,0.02705
Time,s,73,0.0293,0.0326,0.0322,0.02771
Time,s,73,0.02841,0.03296,0.03285,0.02857
Time,s,73,0.02885,0.03429,0.03341,0.02798
Time,s,73,0.02873,0.03033,0.03244,0.02727
Time,s,73,0.02906,0.03294,0.03202,0.02713
Time,s,73,0.02909,0.0325,0.032,0.02754
Time,s,73,0.02908,0.0322,0.0321,0.02783
Time,s,73,0.02862,0.03245,0.03193,0.02751
Time,s,73,0.02914,0.0328,0.03166,0.02755
Time,s,73,0.03989,0.03506,0.03265,0.02774
Time,s,73,0.05285,0.03313,0.0318,0.02986
Time,s,73,0.05885,0.03362,0.03271,0.02799
Time,s,73,0.0538,0.03457,0.03348,0.02803
Time,s,73,0.04946,0.03328,0.03289,0.02875
Time,s,73,0.05117,0.03352,0.03267,0.02857
Time,s,73,0.04777,0.03323,0.03156,0.03162
Time,s,73,0.04567,0.03268,0.03136,0.02982
Time,s,73,0.04471,0.03285,0.03224,0.02802
Time,s,73,0.04618,0.03332,0.03215,0.02765
Time,s,73,0.04481,0.03858,0.03196,0.02722
Time,s,73,0.04531,0.03592,0.0322,0.0284
Time,s,73,0.04457,0.03391,0.03182,0.02903
Time,s,73,0.04851,0.03295,0.03303,0.02771
Time,s,73,0.04773,0.03304,0.03345,0.02806
Time,s,73,0.04628,0.0324,0.03286,0.02835
Time,s,73,0.03841,0.03334,0.03288,0.02787
Time,s,73,0.03592,0.03278,0.03251,0.02872
Time,s,73,0.03244,0.03347,0.03242,0.02847
Time,s,73,0.03203,0.03311,0.03317,0.02711
Time,s,73,0.03286,0.03278,0.03332,0.02745
Time,s,73,0.03277,0.03322,0.03194,0.02718
Time,s,73,0.03118,0.03324,0.03233,0.02682
Time,s,73,0.03263,0.03228,0.03201,0.02696
Time,s,73,0.03423,0.03253,0.03234,0.0277
Time,s,73,0.03267,0.03262,0.03145,0.02805
Time,s,73,0.03244,0.03306,0.03286,0.02805
Time,s,73,0.03267,0.03233,0.03323,0.02772
Time,s,73,0.03254,0.03334,0.03308,0.02688
Time,s,73,0.03149,0.03263,0.03684,0.02765
Time,s,74,0.03145,0.0326,0.03366,0.02806
Time,s,74,0.03196,0.03265,0.03346,0.02761
Time,s,74,0.03243,0.03678,0.03176,0.02772
Time,s,74,0.03426,0.03673,0.03179,0.02776
Time,s,74,0.0402,0.03417,0.03378,0.02768
Time,s,74,0.0385,0.03451,0.03227,0.02728
Time,s,74,0.04073,0.03321,0.03237,0.02687
Time,s,74,0.04133,0.03246,0.03132,0.02802
Time,s,74,0.03738,0.03296,0.03263,0.02789
Time,s,74,0.03786,0.0335,0.03314,0.02784
Time,s,74,0.0403,0.03259,0.03201,0.02926
Time,s,74,0.04135,0.03294,0.03219,0.02806
Time,s,74,0.04075,0.03251,0.03236,0.02748
Time,s,74,0.03913,0.03257,0.03212,0.02748
Time,s,74,0.04337,0.03632,0.03219,0.02796
Time,s,74,0.04125,0.03471,0.0324,0.02765
Time,s,74,0.04222,0.03309,0.03343,0.02719
Time,s,74,0.04043,0.03293,0.03394,0.0289
Time,s,74,0.0421,0.03406,0.03327,0.02804
Time,s,74,0.04492,0.03306,0.03224,0.02737
Time,s,74,0.04028,0.03283,0.03278,0.02812
Time,s,74,0.03829,0.03352,0.03212,0.02943
Time,s,74,0.04201,0.03361,0.03304,0.02912
Time,s,74,0.04473,0.03332,0.03282,0.02775
Time,s,74,0.04279,0.03319,0.03231,0.02733
Time,s,74,0.03953,0.03303,0.03195,0.02736
Time,s,74,0.03954,0.03353,0.03203,0.02897
Time,s,74,0.03908,0.03251,0.03248,0.02797
Time,s,74,0.03858,0.03404,0.03186,0.02712
Time,s,74,0.0387,0.03767,0.03157,0.02678
Time,s,74,0.03991,0.03395,0.03108,0.02853
Time,s,74,0.04149,0.03318,0.03184,0.02769
Time,s,74,0.04128,0.03327,0.0319,0.02786
Time,s,74,0.04015,0.03408,0.03186,0.02792
Time,s,74,0.03847,0.03425,0.03242,0.03213
Time,s,74,0.03849,0.03347,0.03393,0.02983
Time,s,74,0.03829,0.03269,0.03316,0.02925
Time,s,74,0.03759,0.03211,0.03306,0.02791
Time,s,74,0.03763,0.03538,0.03214,0.02746
Time,s,74,0.03917,0.03402,0.03191,0.02797
Time,s,74,0.04918,0.03277,0.03265,0.02749
Time,s,74,0.04584,0.03247,0.03213,0.02795
Time,s,74,0.04287,0.03237,0.03249,0.02775
Time,s,74,0.0423,0.03326,0.03174,0.02656
Time,s,74,0.03716,0.03255,0.03212,0.02768
Time,s,74,0.03575,0.03301,0.03329,0.0273
Time,s,74,0.03615,0.03274,0.03397,0.02721
Time,s,74,0.03489,0.03228,0.0335,0.02701
Time,s,74,0.03431,0.03236,0.03328,0.02691
Time,s,74,0.0339,0.03298,0.03799,0.02686
Time,s,74,0.03413,0.03719,0.03455,0.02761
Time,s,74,0.03287,0.03393,0.03274,0.02749
Time,s,74,0.03327,0.03257,0.03258,0.02751
Time,s,74,0.0372,0.03345,0.0324,0.02733
Time,s,74,0.03561,0.03219,0.03214,0.02727
Time,s,74,0.03469,0.03192,0.03214,0.02739
Time,s,74,0.03359,0.03237,0.03274,0.02815
Time,s,74,0.03506,0.03271,0.03229,0.02939
Time,s,74,0.03846,0.03243,0.03243,0.02858
Time,s,74,0.03953,0.03269,0.0317,0.02808
Time,s,74,0.04029,0.03202,0.03273,0.0279
Time,s,74,0.04261,0.03284,0.03222,0.02825
Time,s,74,0.04238,0.03367,0.032,0.0273
Time,s,74,0.03698,0.03347,0.03262,0.02725
Time,s,74,0.03519,0.03277,0.03203,0.02955
Time,s,74,0.03418,0.03284,0.03258,0.02848
Time,s,74,0.03374,0.03367,0.03275,0.02783
Time,s,74,0.03458,0.03425,0.03169,0.02936
Time,s,74,0.03448,0.03326,0.0322,0.02787
Time,s,74,0.03419,0.03329,0.03223,0.02808
Time,s,74,0.03597,0.03266,0.03205,0.02732
Time,s,74,0.03623,0.03298,0.03258,0.02709
Time,s,74,0.03572,0.03177,0.03169,0.02734
Time,s,74,0.03786,0.03161,0.03233,0.02756
Time,s,74,0.04075,0.03283,0.03326,0.02724
Time,s,74,0.04018,0.03201,0.03187,0.02832
Time,s,74,0.03825,0.03307,0.03248,0.02742
Time,s,74,0.03565,0.03591,0.03161,0.02815
Time,s,74,0.03399,0.04337,0.03182,0.02744
Time,s,74,0.03591,0.03288,0.03251,0.02853
Time,s,74,0.03553,0.03247,0.03276,0.02833
Time,s,74,0.03283,0.03273,0.03182,0.02836
Time,s,74,0.03235,0.03288,0.03328,0.02729
Time,s,74,0.03278,0.03319,0.03335,0.02798
Time,s,74,0.03363,0.03307,0.03176,0.02785
Time,s,74,0.03587,0.03442,0.03179,0.02733
Time,s,74,0.03582,0.0334,0.03212,0.0278
Time,s,74,0.03243,0.03236,0.03181,0.02836
Time,s,74,0.03612,0.03229,0.03128,0.02812
Time,s,74,0.03571,0.03257,0.03368,0.02774
Time,s,74,0.03483,0.03248,0.03299,0.02766
Time,s,74,0.03439,0.03329,0.03329,0.0285
Time,s,74,0.03487,0.03329,0.0324,0.03209
Time,s,74,0.0355,0.03295,0.03239,0.03206
Time,s,74,0.03629,0.03387,0.03203,0.02909
Time,s,74,0.03551,0.03999,0.03273,0.02911
Time,s,74,0.0326,0.03965,0.03512,0.02842
Time,s,74,0.02977,0.03523,0.03361,0.02944
Time,s,74,0.02943,0.03652,0.03438,0.02921
Time,s,74,0.02941,0.03395,0.03559,0.02946
Time,s,75,0.03006,0.03344,0.03311,0.02887
Time,s,75,0.03025,0.03239,0.03237,0.02964
Time,s,75,0.03258,0.03233,0.0332,0.02998
Time,s,75,0.03071,0.03343,0.03232,0.02959
Time,s,75,0.02949,0.03281,0.0327,0.02861
Time,s,75,0.02926,0.03345,0.03172,0.02812
Time,s,75,0.0285,0.03274,0.03134,0.02735
Time,s,75,0.02968,0.03324,0.03213,0.02802
Time,s,75,0.0292,0.03335,0.03272,0.02878
Time,s,75,0.03068,0.03235,0.03222,0.02864
Time,s,75,0.03625,0.03259,0.03177,0.02867
Time,s,75,0.03229,0.03269,0.03195,0.02763
Time,s,75,0.03039,0.03233,0.03207,0.02826
Time,s,75,0.02913,0.03279,0.03178,0.02845
Time,s,75,0.03014,0.03262,0.03143,0.02915
Time,s,75,0.02914,0.03236,0.03368,0.02845
Time,s,75,0.02913,0.03273,0.03239,0.02828
Time,s,75,0.03127,0.03229,0.03157,0.0289
Time,s,75,0.03125,0.03344,0.0316,0.02937
Time,s,75,0.02998,0.03233,0.0315,0.02875
Time,s,75,0.02931,0.03278,0.03218,0.02864
Time,s,75,0.0299,0.03302,0.03232,0.02738
Time,s,75,0.02887,0.03383,0.03228,0.02781
Time,s,75,0.0285,0.03448,0.03344,0.02794
Time,s,75,0.03073,0.03358,0.03244,0.0288
Time,s,75,0.02962,0.03448,0.03227,0.03073
Time,s,75,0.02876,0.03809,0.03166,0.02912
Time,s,75,0.02959,0.03324,0.03447,0.02871
Time,s,75,0.02941,0.04523,0.0323,0.0302
Time,s,75,0.02896,0.04144,0.03166,0.02875
Time,s,75,0.0293,0.03846,0.03128,0.02851
Time,s,75,0.02894,0.03433,0.03215,0.02861
Time,s,75,0.02944,0.03329,0.03252,0.02797
Time,s,75,0.02961,0.03256,0.03192,0.02779
Time,s,75,0.02954,0.03263,0.03247,0.02807
Time,s,75,0.02924,0.03309,0.03218,0.03407
Time,s,75,0.02881,0.03212,0.03242,0.03632
Time,s,75,0.02891,0.03293,0.03198,0.03149
Time,s,75,0.0304,0.03327,0.03319,0.02958
Time,s,75,0.03029,0.03275,0.0318,0.03115
Time,s,75,0.02889,0.03229,0.0315,0.03048
Time,s,75,0.02892,0.03306,0.03253,0.02912
Time,s,75,0.02906,0.03221,0.03266,0.02877
Time,s,75,0.02897,0.03732,0.03155,0.02809
Time,s,75,0.0297,0.03952,0.03168,0.0277
Time,s,75,0.02935,0.03574,0.03228,0.02914
Time,s,75,0.02829,0.03479,0.03475,0.02883
Time,s,75,0.02923,0.03313,0.03308,0.0281
Time,s,75,0.02932,0.03297,0.0372,0.02812
Time,s,75,0.02961,0.03292,0.03441,0.03291
Time,s,75,0.02959,0.0329,0.03346,0.02952
Time,s,75,0.03056,0.03446,0.0318,0.02856
Time,s,75,0.02944,0.03486,0.03177,0.02936
Time,s,75,0.02913,0.03322,0.03183,0.0286
Time,s,75,0.02952,0.03206,0.0315,0.028
Time,s,75,0.02908,0.03375,0.0314,0.02815
Time,s,75,0.0302,0.03343,0.0327,0.02752
Time,s,75,0.02991,0.03253,0.03239,0.02826
Time,s,75,0.03011,0.03205,0.03396,0.02896
Time,s,75,0.02976,0.03211,0.03268,0.0281
Time,s,75,0.02942,0.03234,0.03117,0.02808
Time,s,75,0.02965,0.03207,0.03129,0.0295
Time,s,75,0.02978,0.03497,0.03183,0.03013
Time,s,75,0.02878,0.0336,0.0322,0.02861
Time,s,75,0.0299,0.03302,0.03196,0.02847
Time,s,75,0.03423,0.03321,0.03195,0.02879
Time,s,75,0.03119,0.03211,0.03177,0.02809
Time,s,75,0.03023,0.03281,0.03187,0.02814
Time,s,75,0.02957,0.03272,0.03128,0.0283
Time,s,75,0.02908,0.03253,0.03174,0.02908
Time,s,75,0.02817,0.03184,0.03216,0.02775
Time,s,75,0.02802,0.03323,0.03209,0.02819
Time,s,75,0.02772,0.03382,0.03174,0.02896
Time,s,75,0.02756,0.03669,0.03222,0.02883
Time,s,75,0.02913,0.03561,0.0319,0.02875
Time,s,75,0.02963,0.03271,0.03242,0.02937
Time,s,75,0.02924,0.03288,0.03209,0.02832
Time,s,75,0.02909,0.03191,0.03206,0.02969
Time,s,75,0.02841,0.0325,0.0319,0.03069
Time,s,75,0.02855,0.03232,0.03229,0.0292
Time,s,75,0.02821,0.03215,0.03177,0.02837
Time,s,75,0.02948,0.03427,0.03218,0.02973
Time,s,75,0.02872,0.03488,0.03391,0.03055
Time,s,75,0.02862,0.03251,0.03277,0.0287
Time,s,75,0.02877,0.03249,0.03212,0.02791
Time,s,75,0.02979,0.03199,0.03722,0.02836
Time,s,75,0.02871,0.03229,0.04021,0.02828
Time,s,75,0.02827,0.0327,0.0351,0.02777
Time,s,75,0.02783,0.03301,0.03327,0.02761
Time,s,75,0.02799,0.03274,0.03346,0.02814
Time,s,75,0.03604,0.03271,0.03328,0.02973
Time,s,75,0.02896,0.03257,0.03232,0.02937
Time,s,75,0.0282,0.03197,0.03206,0.02987
Time,s,75,0.02763,0.03218,0.0316,0.02945
Time,s,75,0.02781,0.03601,0.03229,0.02868
Time,s,75,0.02871,0.0347,0.03362,0.02863
Time,s,75,0.02803,0.03301,0.03377,0.02864
Time,s,75,0.02876,0.03288,0.03353,0.02918
Time,s,75,0.02978,0.03265,0.03794,0.03027
Time,s,75,0.02822,0.03239,0.03302,0.0397
Time,s,76,0.0279,0.03392,0.03265,0.03483
Time,s,76,0.02764,0.03256,0.0319,0.03002
Time,s,76,0.02892,0.03238,0.03154,0.02906
Time,s,76,0.02898,0.03222,0.0313,0.02878
Time,s,76,0.02921,0.03246,0.03319,0.02891
Time,s,76,0.02894,0.0327,0.03209,0.02985
Time,s,76,0.0295,0.0324,0.0321,0.034
Time,s,76,0.02873,0.03278,0.03235,0.02907
Time,s,76,0.02903,0.03174,0.03208,0.02888
Time,s,76,0.02803,0.03368,0.03163,0.02853
Time,s,76,0.0283,0.0326,0.03196,0.02733
Time,s,76,0.02988,0.03324,0.03122,0.02932
Time,s,76,0.0323,0.03397,0.03235,0.02859
Time,s,76,0.02916,0.03338,0.03232,0.02825
Time,s,76,0.02846,0.0328,0.0346,0.028
Time,s,76,0.02803,0.03302,0.03274,0.03005
Time,s,76,0.02946,0.0323,0.03241,0.03062
Time,s,76,0.02833,0.03222,0.0322,0.02885
Time,s,76,0.02834,0.03245,0.03195,0.02815
Time,s,76,0.02929,0.03258,0.03282,0.02856
Time,s,76,0.03175,0.03288,0.03228,0.02914
Time,s,76,0.03323,0.03305,0.03168,0.02816
Time,s,76,0.02958,0.03516,0.03169,0.02838
Time,s,76,0.02947,0.03764,0.0324,0.02872
Time,s,76,0.02922,0.03366,0.03169,0.02865
Time,s,76,0.02887,0.03227,0.03178,0.0283
Time,s,76,0.02799,0.03357,0.03187,0.0284
Time,s,76,0.02785,0.03521,0.03106,0.02797
Time,s,76,0.02937,0.03346,0.03182,0.02909
Time,s,76,0.02859,0.03294,0.03176,0.02905
Time,s,76,0.02961,0.03305,0.03273,0.0292
Time,s,76,0.0281,0.03208,0.03277,0.03005
Time,s,76,0.02881,0.03251,0.03193,0.02777
Time,s,76,0.02897,0.0339,0.0322,0.02791
Time,s,76,0.02817,0.03293,0.03168,0.02819
Time,s,76,0.02997,0.0326,0.03232,0.02839
Time,s,76,0.02857,0.03308,0.03284,0.02823
Time,s,76,0.02875,0.0319,0.03185,0.02791
Time,s,76,0.02854,0.03205,0.03263,0.02898
Time,s,76,0.02865,0.03219,0.03243,0.03115
Time,s,76,0.02924,0.03219,0.03327,0.02947
Time,s,76,0.02818,0.03246,0.03193,0.02836
Time,s,76,0.02874,0.03439,0.0322,0.02826
Time,s,76,0.029,0.03558,0.03203,0.02769
Time,s,76,0.02938,0.03435,0.03139,0.02907
Time,s,76,0.02858,0.03273,0.03246,0.02896
Time,s,76,0.02816,0.03168,0.0338,0.02806
Time,s,76,0.02883,0.03278,0.03472,0.02889
Time,s,76,0.02843,0.03229,0.03797,0.029
Time,s,76,0.03034,0.03174,0.03361,0.02823
Time,s,76,0.02986,0.03245,0.03329,0.02762
Time,s,76,0.02926,0.03206,0.03269,0.02871
Time,s,76,0.02887,0.03217,0.03183,0.02815
Time,s,76,0.02921,0.03246,0.03185,0.0287
Time,s,76,0.02947,0.03215,0.03229,0.02956
Time,s,76,0.02918,0.03247,0.03237,0.0292
Time,s,76,0.03023,0.0322,0.03364,0.02848
Time,s,76,0.0289,0.03209,0.03226,0.0293
Time,s,76,0.02802,0.03208,0.03232,0.02807
Time,s,76,0.0293,0.03269,0.03204,0.02937
Time,s,76,0.02958,0.03481,0.03211,0.02882
Time,s,76,0.02938,0.03463,0.03164,0.02879
Time,s,76,0.02897,0.03256,0.03273,0.02991
Time,s,76,0.02905,0.0329,0.03205,0.03331
Time,s,76,0.02882,0.03281,0.0316,0.03003
Time,s,76,0.02862,0.03285,0.03141,0.03022
Time,s,76,0.02945,0.0338,0.03146,0.02951
Time,s,76,0.03046,0.03361,0.03148,0.0298
Time,s,76,0.02915,0.03343,0.0361,0.02805
Time,s,76,0.03006,0.03421,0.04327,0.02863
Time,s,76,0.02943,0.03261,0.03773,0.02815
Time,s,76,0.02848,0.03546,0.03411,0.02852
Time,s,76,0.03001,0.04097,0.0327,0.02844
Time,s,76,0.0287,0.03514,0.03228,0.02856
Time,s,76,0.02852,0.03484,0.03167,0.02903
Time,s,76,0.02884,0.03352,0.03216,0.02762
Time,s,76,0.03169,0.03282,0.03184,0.0289
Time,s,76,0.03406,0.03317,0.03189,0.02777
Time,s,76,0.03072,0.03425,0.03187,0.02853
Time,s,76,0.03305,0.0329,0.03351,0.02806
Time,s,76,0.04365,0.03468,0.03505,0.02793
Time,s,76,0.03731,0.03366,0.03315,0.02808
Time,s,76,0.03234,0.03389,0.03172,0.02863
Time,s,76,0.03029,0.03299,0.03189,0.02829
Time,s,76,0.03149,0.03375,0.03198,0.02906
Time,s,76,0.03054,0.03353,0.03135,0.02863
Time,s,76,0.03034,0.03302,0.03195,0.0289
Time,s,76,0.03138,0.03256,0.03228,0.02931
Time,s,76,0.03036,0.0329,0.03219,0.02824
Time,s,76,0.02892,0.03332,0.03328,0.02776
Time,s,76,0.02866,0.03336,0.03242,0.02818
Time,s,76,0.02978,0.03382,0.03234,0.02881
Time,s,76,0.02897,0.03567,0.03216,0.02875
Time,s,76,0.02877,0.03551,0.03243,0.03061
Time,s,76,0.03042,0.03427,0.03416,0.02971
Time,s,76,0.02925,0.03299,0.03332,0.02884
Time,s,76,0.02872,0.03449,0.03369,0.03145
Time,s,76,0.02897,0.03305,0.03682,0.02838
Time,s,76,0.02933,0.03397,0.03264,0.02894
Time,s,76,0.02934,0.03438,0.03202,0.02829
Time,s,77,0.02881,0.03337,0.03166,0.02977
Time,s,77,0.02931,0.03331,0.03195,0.0296
Time,s,77,0.02968,0.03488,0.03213,0.02864
Time,s,77,0.02882,0.03327,0.03194,0.02747
Time,s,77,0.02975,0.03373,0.03305,0.02815
Time,s,77,0.03396,0.0339,0.03222,0.0286
Time,s,77,0.03792,0.03418,0.03188,0.02917
Time,s,77,0.03339,0.03311,0.03198,0.02865
Time,s,77,0.02965,0.03308,0.03256,0.02874
Time,s,77,0.02911,0.03351,0.03236,0.02773
Time,s,77,0.02893,0.03376,0.03134,0.0279
Time,s,77,0.02955,0.03367,0.033,0.02786
Time,s,77,0.02944,0.03276,0.03316,0.02745
Time,s,77,0.02876,0.03443,0.03325,0.02819
Time,s,77,0.02932,0.03429,0.0325,0.02848
Time,s,77,0.02955,0.03371,0.03205,0.02798
Time,s,77,0.02958,0.03348,0.0317,0.0274
Time,s,77,0.02965,0.03336,0.03156,0.0278
Time,s,77,0.02879,0.03304,0.03163,0.02776
Time,s,77,0.0292,0.03361,0.03148,0.02777
Time,s,77,0.03352,0.03479,0.03135,0.02997
Time,s,77,0.03217,0.03775,0.03182,0.03273
Time,s,77,0.03016,0.03467,0.03263,0.02863
Time,s,77,0.02843,0.03375,0.03335,0.02896
Time,s,77,0.0285,0.03281,0.0327,0.02829
Time,s,77,0.02837,0.03514,0.03148,0.02769
Time,s,77,0.029,0.03308,0.03312,0.02827
Time,s,77,0.02898,0.03316,0.03257,0.02903
Time,s,77,0.03008,0.03264,0.03197,0.02954
Time,s,77,0.03283,0.03248,0.03303,0.02806
Time,s,77,0.03376,0.03265,0.03258,0.03041
Time,s,77,0.02963,0.03374,0.03327,0.02955
Time,s,77,0.02892,0.03575,0.03297,0.02862
Time,s,77,0.02848,0.03405,0.03242,0.0289
Time,s,77,0.02887,0.03313,0.03219,0.02845
Time,s,77,0.02862,0.0335,0.03225,0.02948
Time,s,77,0.02871,0.03296,0.0321,0.0296
Time,s,77,0.02908,0.03338,0.03228,0.02816
Time,s,77,0.02879,0.03544,0.03389,0.02835
Time,s,77,0.02865,0.03456,0.03228,0.02796
Time,s,77,0.02852,0.03365,0.03215,0.02832
Time,s,77,0.02849,0.03509,0.03321,0.02793
Time,s,77,0.02821,0.03919,0.03429,0.02762
Time,s,77,0.03044,0.04269,0.03341,0.0284
Time,s,77,0.02904,0.03748,0.03485,0.02883
Time,s,77,0.0289,0.03575,0.03539,0.02958
Time,s,77,0.02877,0.03353,0.03466,0.0281
Time,s,77,0.02895,0.03371,0.03709,0.02833
Time,s,77,0.02819,0.03417,0.0344,0.02833
Time,s,77,0.02932,0.03408,0.03277,0.02933
Time,s,77,0.02887,0.03439,0.03267,0.02849
Time,s,77,0.02881,0.03353,0.03268,0.02843
Time,s,77,0.02899,0.03387,0.03223,0.02843
Time,s,77,0.02918,0.03279,0.03209,0.02771
Time,s,77,0.03119,0.03416,0.03308,0.02893
Time,s,77,0.02984,0.03377,0.03246,0.02772
Time,s,77,0.02822,0.03391,0.03259,0.0281
Time,s,77,0.0299,0.03495,0.03277,0.02721
Time,s,77,0.02983,0.03504,0.03264,0.0271
Time,s,77,0.03132,0.03333,0.03264,0.02694
Time,s,77,0.02934,0.03513,0.0329,0.02723
Time,s,77,0.02878,0.03413,0.03262,0.02788
Time,s,77,0.02753,0.0334,0.03367,0.02773
Time,s,77,0.02896,0.03287,0.03337,0.02798
Time,s,77,0.02896,0.03413,0.03323,0.0275
Time,s,77,0.03018,0.03375,0.03277,0.02775
Time,s,77,0.02843,0.03298,0.0332,0.02833
Time,s,77,0.02888,0.0337,0.03241,0.02808
Time,s,77,0.02836,0.03535,0.0327,0.02723
Time,s,77,0.02866,0.03952,0.03189,0.02856
Time,s,77,0.02799,0.03505,0.03243,0.02959
Time,s,77,0.02825,0.03444,0.03334,0.03022
Time,s,77,0.0285,0.03394,0.03511,0.02828
Time,s,77,0.02925,0.03293,0.03286,0.02839
Time,s,77,0.02928,0.03314,0.03272,0.02759
Time,s,77,0.02958,0.03408,0.03204,0.02795
Time,s,77,0.03052,0.03372,0.03248,0.02767
Time,s,77,0.02893,0.03349,0.03281,0.03091
Time,s,77,0.0291,0.03414,0.03316,0.03238
Time,s,77,0.03088,0.03373,0.03528,0.02933
Time,s,77,0.02963,0.03335,0.03313,0.02845
Time,s,77,0.028,0.033,0.03292,0.02779
Time,s,77,0.02853,0.03312,0.0332,0.02747
Time,s,77,0.02904,0.03327,0.03237,0.02898
Time,s,77,0.02999,0.03426,0.0323,0.02777
Time,s,77,0.03349,0.03348,0.03261,0.02734
Time,s,77,0.02976,0.03311,0.03178,0.02738
Time,s,77,0.02929,0.03339,0.03234,0.02765
Time,s,77,0.02927,0.03455,0.03261,0.02696
Time,s,77,0.0297,0.0366,0.03323,0.02769
Time,s,77,0.02821,0.03705,0.03278,0.028
Time,s,77,0.02853,0.03508,0.03305,0.02893
Time,s,77,0.02851,0.03385,0.03239,0.02747
Time,s,77,0.02911,0.03345,0.03248,0.0273
Time,s,77,0.02966,0.03306,0.0331,0.0277
Time,s,77,0.0287,0.03323,0.03508,0.02724
Time,s,77,0.02932,0.03329,0.0336,0.02777
Time,s,77,0.02835,0.03488,0.03637,0.0272
Time,s,77,0.02881,0.03409,0.0369,0.02663
Time,s,77,0.02792,0.03294,0.03328,0.02749
Time,s,78,0.02795,0.03327,0.03298,0.02808
Time,s,78,0.02852,0.03309,0.03269,0.02777
Time,s,78,0.02879,0.03362,0.03384,0.02792
Time,s,78,0.02863,0.03472,0.03293,0.02837
Time,s,78,0.0286,0.03435,0.03298,0.02744
Time,s,78,0.03343,0.0344,0.0343,0.02793
Time,s,78,0.03374,0.03506,0.03235,0.02838
Time,s,78,0.03324,0.03427,0.03308,0.02957
Time,s,78,0.03812,0.03381,0.03218,0.02813
Time,s,78,0.03754,0.033,0.03232,0.02767
Time,s,78,0.03372,0.03293,0.03247,0.02858
Time,s,78,0.03216,0.03474,0.03208,0.0299
Time,s,78,0.03047,0.03395,0.03464,0.02948
Time,s,78,0.03039,0.03312,0.0328,0.02808
Time,s,78,0.02862,0.03359,0.03325,0.02761
Time,s,78,0.02992,0.0328,0.03322,0.02681
Time,s,78,0.02897,0.03316,0.03273,0.02776
Time,s,78,0.02879,0.0342,0.03347,0.02721
Time,s,78,0.02919,0.03845,0.03235,0.02776
Time,s,78,0.02875,0.03647,0.03243,0.02735
Time,s,78,0.02912,0.03612,0.03236,0.02807
Time,s,78,0.02972,0.03435,0.03321,0.02819
Time,s,78,0.03114,0.03662,0.03252,0.02838
Time,s,78,0.03023,0.03527,0.03302,0.02881
Time,s,78,0.02885,0.03398,0.03235,0.02795
Time,s,78,0.02892,0.03297,0.03216,0.02929
Time,s,78,0.02876,0.0343,0.03232,0.02969
Time,s,78,0.02814,0.03338,0.03213,0.02897
Time,s,78,0.0291,0.03364,0.03329,0.03016
Time,s,78,0.03053,0.03466,0.03342,0.03599
Time,s,78,0.03335,0.03372,0.03327,0.03172
Time,s,78,0.02942,0.03283,0.03329,0.02916
Time,s,78,0.02958,0.03331,0.03299,0.02804
Time,s,78,0.03027,0.03309,0.03396,0.02756
Time,s,78,0.0295,0.03366,0.03336,0.02793
Time,s,78,0.0293,0.0332,0.03394,0.02929
Time,s,78,0.02818,0.03326,0.03259,0.0326
Time,s,78,0.02867,0.03564,0.03302,0.02891
Time,s,78,0.03031,0.03678,0.03357,0.02829
Time,s,78,0.03461,0.03413,0.03421,0.02754
Time,s,78,0.03059,0.03331,0.03302,0.02885
Time,s,78,0.02955,0.03284,0.03308,0.02859
Time,s,78,0.02823,0.03287,0.03302,0.02802
Time,s,78,0.02894,0.03385,0.03319,0.02762
Time,s,78,0.02883,0.03434,0.03259,0.02806
Time,s,78,0.02886,0.03295,0.03629,0.03386
Time,s,78,0.02922,0.03348,0.04361,0.02864
Time,s,78,0.02927,0.03367,0.03773,0.02807
Time,s,78,0.02937,0.03401,0.03511,0.02776
Time,s,78,0.02919,0.03438,0.03632,0.02751
Time,s,78,0.02812,0.03401,0.03805,0.02777
Time,s,78,0.02966,0.03788,0.03459,0.02742
Time,s,78,0.029,0.04713,0.03324,0.02722
Time,s,78,0.02873,0.04004,0.03326,0.02808
Time,s,78,0.02808,0.03853,0.0335,0.03073
Time,s,78,0.02972,0.03547,0.03276,0.02841
Time,s,78,0.02953,0.03363,0.03312,0.02772
Time,s,78,0.02922,0.0332,0.03325,0.02765
Time,s,78,0.02909,0.03353,0.03294,0.02758
Time,s,78,0.02845,0.03428,0.03255,0.02772
Time,s,78,0.02967,0.0342,0.03228,0.02929
Time,s,78,0.02995,0.0347,0.03301,0.0283
Time,s,78,0.02919,0.03397,0.03489,0.02774
Time,s,78,0.02866,0.03356,0.03362,0.02826
Time,s,78,0.02801,0.03308,0.03262,0.0274
Time,s,78,0.02811,0.03572,0.03343,0.02665
Time,s,78,0.03075,0.03977,0.03305,0.0272
Time,s,78,0.02991,0.03464,0.03231,0.0271
Time,s,78,0.02877,0.03473,0.03269,0.02938
Time,s,78,0.02899,0.03427,0.03246,0.02752
Time,s,78,0.02813,0.03478,0.0338,0.02755
Time,s,78,0.02832,0.03433,0.03281,0.02782
Time,s,78,0.02857,0.03394,0.03341,0.02796
Time,s,78,0.0291,0.03331,0.03289,0.02749
Time,s,78,0.02921,0.03309,0.03283,0.02745
Time,s,78,0.02884,0.03374,0.03235,0.02767
Time,s,78,0.02936,0.03453,0.0325,0.02872
Time,s,78,0.02739,0.03542,0.03387,0.0293
Time,s,78,0.02889,0.03381,0.03397,0.02886
Time,s,78,0.02887,0.03295,0.03376,0.02796
Time,s,78,0.02822,0.03295,0.03297,0.02749
Time,s,78,0.02838,0.03365,0.03329,0.0281
Time,s,78,0.02915,0.03332,0.03283,0.02861
Time,s,78,0.02885,0.03378,0.03235,0.02907
Time,s,78,0.0299,0.0332,0.03226,0.02851
Time,s,78,0.03199,0.03567,0.03222,0.02799
Time,s,78,0.02943,0.03618,0.03291,0.02739
Time,s,78,0.02849,0.03319,0.03235,0.02784
Time,s,78,0.0301,0.03211,0.03272,0.02827
Time,s,78,0.02878,0.03228,0.03357,0.02706
Time,s,78,0.02986,0.03191,0.03304,0.02722
Time,s,78,0.02956,0.03247,0.03296,0.02769
Time,s,78,0.02885,0.03226,0.03438,0.02907
Time,s,78,0.02831,0.03229,0.03442,0.03232
Time,s,78,0.03037,0.033,0.03435,0.02894
Time,s,78,0.03444,0.03233,0.03356,0.02846
Time,s,78,0.02939,0.03176,0.03568,0.02755
Time,s,78,0.02944,0.03192,0.03765,0.02738
Time,s,78,0.02983,0.03208,0.03492,0.02749
Time,s,78,0.02904,0.03208,0.03323,0.02838
Time,s,79,0.02888,0.03161,0.03258,0.02821
Time,s,79,0.02894,0.03247,0.03247,0.02713
Time,s,79,0.02907,0.03287,0.03281,0.02727
Time,s,79,0.02989,0.03321,0.03284,0.0278
Time,s,79,0.02976,0.03231,0.03254,0.02705
Time,s,79,0.02923,0.03274,0.03392,0.02859
Time,s,79,0.02845,0.03224,0.03279,0.02731
Time,s,79,0.02872,0.03465,0.03316,0.02781
Time,s,79,0.02873,0.03537,0.03306,0.0275
Time,s,79,0.02887,0.03377,0.0326,0.02759
Time,s,79,0.02879,0.03262,0.03274,0.02773
Time,s,79,0.02806,0.03288,0.03483,0.02795
Time,s,79,0.0292,0.03174,0.03345,0.02888
Time,s,79,0.03062,0.03266,0.03311,0.02762
Time,s,79,0.02927,0.03557,0.03381,0.02891
Time,s,79,0.02871,0.03725,0.03361,0.02824
Time,s,79,0.0289,0.03387,0.03297,0.02839
Time,s,79,0.0287,0.03368,0.03242,0.02792
Time,s,79,0.02904,0.03391,0.03237,0.02795
Time,s,79,0.02818,0.03535,0.03285,0.02804
Time,s,79,0.02852,0.03376,0.03274,0.02821
Time,s,79,0.02947,0.03271,0.03219,0.02885
Time,s,79,0.02886,0.04072,0.0339,0.02759
Time,s,79,0.02957,0.03283,0.0338,0.02761
Time,s,79,0.02987,0.0328,0.03207,0.0279
Time,s,79,0.03075,0.0333,0.03274,0.0279
Time,s,79,0.02907,0.03399,0.03246,0.02858
Time,s,79,0.02896,0.03316,0.03274,0.02896
Time,s,79,0.02917,0.03268,0.03403,0.02742
Time,s,79,0.03791,0.03213,0.06396,0.02685
Time,s,79,0.02883,0.03242,0.06828,0.02711
Time,s,79,0.02899,0.03257,0.08753,0.02664
Time,s,79,0.02911,0.03327,0.07109,0.02763
Time,s,79,0.02865,0.03422,0.0678,0.02791
Time,s,79,0.02968,0.03369,0.06626,0.02862
Time,s,79,0.02939,0.03368,0.06566,0.028
Time,s,79,0.02921,0.03391,0.06851,0.0282
Time,s,79,0.02876,0.03414,0.06891,0.02691
Time,s,79,0.02871,0.03309,0.06239,0.02894
Time,s,79,0.03364,0.0326,0.0506,0.02784
Time,s,79,0.04107,0.03284,0.03882,0.02709
Time,s,79,0.03749,0.03366,0.0345,0.02724
Time,s,79,0.03611,0.03373,0.03273,0.02688
Time,s,79,0.03505,0.034,0.03208,0.02782
Time,s,79,0.03151,0.03269,0.03187,0.02783
Time,s,79,0.03089,0.0329,0.03209,0.02825
Time,s,79,0.03315,0.03269,0.03161,0.02785
Time,s,79,0.03992,0.03682,0.03149,0.02913
Time,s,79,0.04445,0.0499,0.03197,0.02904
Time,s,79,0.03902,0.04346,0.03168,0.02721
Time,s,79,0.04016,0.03897,0.0321,0.02792
Time,s,79,0.03954,0.0369,0.03285,0.03115
Time,s,79,0.04264,0.03823,0.03287,0.03018
Time,s,79,0.04348,0.03481,0.03262,0.02786
Time,s,79,0.04254,0.03553,0.03335,0.02777
Time,s,79,0.0403,0.0368,0.03184,0.02809
Time,s,79,0.03819,0.03669,0.03289,0.02842
Time,s,79,0.03534,0.03451,0.03282,0.02775
Time,s,79,0.03305,0.03333,0.03274,0.02813
Time,s,79,0.03232,0.03377,0.03178,0.02877
Time,s,79,0.03097,0.03286,0.03419,0.02861
Time,s,79,0.02966,0.0398,0.03273,0.02797
Time,s,79,0.02882,0.03445,0.03219,0.02875
Time,s,79,0.0291,0.03276,0.03175,0.02939
Time,s,79,0.02909,0.03315,0.03208,0.02925
Time,s,79,0.02954,0.03514,0.03406,0.02793
Time,s,79,0.02918,0.03354,0.03362,0.02715
Time,s,79,0.02986,0.03323,0.03261,0.02733
Time,s,79,0.02874,0.03224,0.03235,0.02686
Time,s,79,0.02863,0.0329,0.0326,0.02778
Time,s,79,0.02995,0.03266,0.03248,0.02757
Time,s,79,0.02884,0.03487,0.03236,0.02758
Time,s,79,0.02917,0.0331,0.03333,0.02811
Time,s,79,0.02932,0.03328,0.03233,0.02782
Time,s,79,0.02914,0.03354,0.03179,0.02776
Time,s,79,0.02898,0.0331,0.03217,0.02731
Time,s,79,0.02817,0.03332,0.03214,0.02765
Time,s,79,0.02857,0.03397,0.03205,0.02894
Time,s,79,0.02899,0.03463,0.03206,0.02899
Time,s,79,0.02882,0.0345,0.03274,0.02758
Time,s,79,0.02928,0.03662,0.03213,0.02691
Time,s,79,0.02977,0.03463,0.03298,0.03274
Time,s,79,0.02912,0.03352,0.03508,0.03674
Time,s,79,0.02851,0.0329,0.03372,0.03499
Time,s,79,0.03054,0.03245,0.03375,0.03033
Time,s,79,0.02939,0.03243,0.04543,0.02865
Time,s,79,0.02987,0.03221,0.03404,0.02768
Time,s,79,0.02913,0.03325,0.03686,0.02832
Time,s,79,0.0297,0.0326,0.04454,0.02742
Time,s,79,0.03493,0.03294,0.03823,0.02802
Time,s,79,0.03578,0.0334,0.03467,0.02814
Time,s,79,0.03374,0.03275,0.03271,0.02835
Time,s,79,0.0323,0.03321,0.03287,0.02796
Time,s,79,0.03156,0.03265,0.03162,0.02791
Time,s,79,0.03073,0.03394,0.03165,0.02813
Time,s,79,0.0346,0.03469,0.03179,0.02735
Time,s,79,0.03995,0.03404,0.03206,0.02761
Time,s,79,0.03793,0.03235,0.03391,0.02916
Time,s,79,0.03992,0.0324,0.03238,0.02868
Time,s,79,0.03233,0.03311,0.03265,0.02816
Time,s,80,0.03107,0.03269,0.03196,0.02823
Time,s,80,0.03051,0.03877,0.03448,0.02758
Time,s,80,0.02934,0.04345,0.03482,0.02748
Time,s,80,0.02853,0.03852,0.03274,0.02713
Time,s,80,0.02944,0.03426,0.03187,0.02802
Time,s,80,0.03162,0.03376,0.03221,0.02792
Time,s,80,0.02959,0.03364,0.03171,0.02778
Time,s,80,0.0289,0.03286,0.03202,0.0285
Time,s,80,0.02957,0.03398,0.03184,0.03333
Time,s,80,0.02886,0.0401,0.03252,0.02813
Time,s,80,0.0286,0.0352,0.03326,0.02859
Time,s,80,0.02869,0.03401,0.03242,0.02898
Time,s,80,0.02917,0.03568,0.03197,0.02783
Time,s,80,0.02897,0.03383,0.03259,0.02751
Time,s,80,0.02912,0.03294,0.03249,0.0276
Time,s,80,0.02882,0.03341,0.0321,0.03008
Time,s,80,0.02929,0.03264,0.03169,0.02799
Time,s,80,0.02885,0.03309,0.03174,0.02778
Time,s,80,0.02959,0.0329,0.03227,0.02932
Time,s,80,0.03016,0.03304,0.03272,0.02906
Time,s,80,0.02994,0.03247,0.03291,0.0281
Time,s,80,0.02899,0.03296,0.03201,0.02782
Time,s,80,0.02907,0.03285,0.03211,0.02787
Time,s,80,0.02869,0.03298,0.03214,0.02852
Time,s,80,0.02987,0.03484,0.03168,0.02837
Time,s,80,0.02997,0.03305,0.03173,0.02693
Time,s,80,0.03127,0.03347,0.03341,0.02786
Time,s,80,0.03085,0.0351,0.03289,0.0274
Time,s,80,0.0293,0.03482,0.03245,0.02807
Time,s,80,0.02855,0.03311,0.03235,0.02715
Time,s,80,0.02883,0.03261,0.03387,0.02752
Time,s,80,0.02864,0.03227,0.03456,0.02763
Time,s,80,0.02866,0.03243,0.03396,0.02809
Time,s,80,0.02834,0.03264,0.03554,0.02749
Time,s,80,0.0293,0.03279,0.03614,0.02806
Time,s,80,0.0284,0.03315,0.03267,0.02926
Time,s,80,0.03345,0.0338,0.03268,0.02998
Time,s,80,0.0426,0.03319,0.03198,0.02787
Time,s,80,0.03639,0.03335,0.03249,0.02789
Time,s,80,0.03242,0.03222,0.03184,0.02863
Time,s,80,0.03031,0.03269,0.03227,0.02995
Time,s,80,0.03193,0.03262,0.03159,0.0286
Time,s,80,0.03103,0.033,0.03184,0.02893
Time,s,80,0.02955,0.03254,0.03213,0.02786
Time,s,80,0.03008,0.03348,0.03211,0.02783
Time,s,80,0.02973,0.03391,0.03242,0.02772
Time,s,80,0.02939,0.03386,0.03175,0.02734
Time,s,80,0.02894,0.03334,0.03184,0.02721
Time,s,80,0.02985,0.03376,0.03201,0.02782
Time,s,80,0.02899,0.03318,0.03157,0.02798
Time,s,80,0.03055,0.03306,0.03149,0.0274
Time,s,80,0.03694,0.03279,0.03195,0.02731
Time,s,80,0.03212,0.03318,0.03201,0.02705
Time,s,80,0.02956,0.03293,0.03262,0.02805
Time,s,80,0.02818,0.03529,0.03235,0.03003
Time,s,80,0.0292,0.03415,0.03218,0.0288
Time,s,80,0.029,0.03382,0.03223,0.02808
Time,s,80,0.02883,0.03915,0.03203,0.0271
Time,s,80,0.02889,0.03596,0.03197,0.02799
Time,s,80,0.02931,0.03348,0.03203,0.02778
Time,s,80,0.02903,0.0327,0.03219,0.02791
Time,s,80,0.03026,0.0333,0.03175,0.02872
Time,s,80,0.02975,0.03295,0.03214,0.02815
Time,s,80,0.0288,0.03333,0.03445,0.02853
Time,s,80,0.02911,0.0341,0.03357,0.02846
Time,s,80,0.02924,0.03278,0.03285,0.03157
Time,s,80,0.02909,0.03304,0.03207,0.03023
Time,s,80,0.02878,0.03251,0.03166,0.02844
Time,s,80,0.02911,0.034,0.0318,0.0287
Time,s,80,0.02863,0.04153,0.03295,0.02808
Time,s,80,0.02922,0.03317,0.03351,0.0277
Time,s,80,0.02872,0.03349,0.03247,0.02807
Time,s,80,0.02876,0.03231,0.0323,0.02898
Time,s,80,0.0289,0.03247,0.03262,0.02979
Time,s,80,0.02946,0.03256,0.03276,0.02855
Time,s,80,0.02808,0.03405,0.03325,0.02805
Time,s,80,0.02832,0.03638,0.03224,0.02805
Time,s,80,0.03074,0.03442,0.03247,0.02822
Time,s,80,0.0296,0.03319,0.0329,0.02762
Time,s,80,0.0286,0.03244,0.03312,0.02784
Time,s,80,0.02822,0.0332,0.03433,0.02736
Time,s,80,0.02863,0.03394,0.03378,0.02882
Time,s,80,0.02931,0.03242,0.03301,0.02791
Time,s,80,0.02889,0.0328,0.03555,0.02757
Time,s,80,0.02954,0.03409,0.0349,0.02814
Time,s,80,0.03049,0.03229,0.03312,0.02719
Time,s,80,0.03003,0.03221,0.03277,0.02709
Time,s,80,0.02874,0.03265,0.03168,0.02765
Time,s,80,0.02863,0.0321,0.03242,0.02724
Time,s,80,0.03057,0.03258,0.03235,0.02939
Time,s,80,0.03796,0.03214,0.0317,0.02802
Time,s,80,0.0287,0.03269,0.03262,0.02743
Time,s,80,0.02856,0.03233,0.03198,0.0281
Time,s,80,0.02887,0.03224,0.03411,0.02745
Time,s,80,0.02823,0.03282,0.03416,0.02817
Time,s,80,0.02842,0.03222,0.03265,0.02721
Time,s,80,0.03116,0.03217,0.03429,0.02791
Time,s,80,0.03066,0.03276,0.0342,0.02858
Time,s,80,0.03093,0.03335,0.03277,0.0296
Time,s,80,0.02912,0.03257,0.0329,0.02833
Time,s,81,0.029,0.03239,0.03305,0.02735
Time,s,81,0.02917,0.03379,0.03804,0.02788
Time,s,81,0.02911,0.03209,0.0374,0.02816
Time,s,81,0.02888,0.03291,0.03342,0.02774
Time,s,81,0.02857,0.03265,0.03252,0.02725
Time,s,81,0.0296,0.03305,0.03208,0.02779
Time,s,81,0.03273,0.03834,0.03187,0.02812
Time,s,81,0.03072,0.03503,0.03284,0.02734
Time,s,81,0.02954,0.03403,0.03191,0.02706
Time,s,81,0.02878,0.03385,0.03211,0.02724
Time,s,81,0.02866,0.0326,0.03296,0.02707
Time,s,81,0.02938,0.03262,0.03293,0.02903
Time,s,81,0.02932,0.03222,0.03209,0.02854
Time,s,81,0.03077,0.03299,0.03249,0.02707
Time,s,81,0.02973,0.03511,0.03263,0.03036
Time,s,81,0.02942,0.03417,0.03252,0.02832
Time,s,81,0.02818,0.0343,0.03199,0.02837
Time,s,81,0.02913,0.03285,0.03242,0.02756
Time,s,81,0.02849,0.03312,0.03241,0.02773
Time,s,81,0.03148,0.03234,0.03296,0.02669
Time,s,81,0.02986,0.0351,0.03321,0.02748
Time,s,81,0.02905,0.03228,0.03228,0.02789
Time,s,81,0.03111,0.03322,0.0326,0.02891
Time,s,81,0.03723,0.03201,0.03338,0.03107
Time,s,81,0.03322,0.03257,0.03443,0.03581
Time,s,81,0.03149,0.03472,0.03254,0.03031
Time,s,81,0.0292,0.03324,0.03342,0.02818
Time,s,81,0.02865,0.03261,0.03173,0.0326
Time,s,81,0.02854,0.03243,0.03373,0.03215
Time,s,81,0.02901,0.0327,0.03429,0.02916
Time,s,81,0.0293,0.03334,0.0351,0.02819
Time,s,81,0.02935,0.0333,0.03252,0.02863
Time,s,81,0.02985,0.033,0.03341,0.02791
Time,s,81,0.03046,0.03478,0.03829,0.02787
Time,s,81,0.03065,0.03376,0.03349,0.02722
Time,s,81,0.02867,0.03249,0.03271,0.03321
Time,s,81,0.02873,0.03261,0.03311,0.03479
Time,s,81,0.0294,0.03293,0.04073,0.03076
Time,s,81,0.02873,0.03277,0.03243,0.02977
Time,s,81,0.02884,0.03146,0.03184,0.02833
Time,s,81,0.02903,0.03218,0.03196,0.0275
Time,s,81,0.02847,0.03426,0.03236,0.02774
Time,s,81,0.02852,0.03345,0.03223,0.02811
Time,s,81,0.02984,0.03376,0.0329,0.02723
Time,s,81,0.02827,0.03382,0.03223,0.0282
Time,s,81,0.02889,0.03297,0.03215,0.02808
Time,s,81,0.02896,0.03177,0.0336,0.0277
Time,s,81,0.0295,0.03297,0.03247,0.02735
Time,s,81,0.02908,0.0323,0.03205,0.02974
Time,s,81,0.03085,0.03312,0.03236,0.03036
Time,s,81,0.02987,0.03193,0.03185,0.02852
Time,s,81,0.03073,0.03237,0.03185,0.02813
Time,s,81,0.03051,0.03296,0.03291,0.02884
Time,s,81,0.02955,0.0335,0.03296,0.02751
Time,s,81,0.02907,0.03339,0.03354,0.02814
Time,s,81,0.02875,0.03921,0.03278,0.02854
Time,s,81,0.02915,0.03377,0.03261,0.02822
Time,s,81,0.02917,0.03355,0.03214,0.02744
Time,s,81,0.02903,0.03306,0.03222,0.02697
Time,s,81,0.02894,0.03205,0.0336,0.02968
Time,s,81,0.03059,0.03226,0.03245,0.02872
Time,s,81,0.03291,0.03314,0.03388,0.02765
Time,s,81,0.03021,0.03266,0.03352,0.02766
Time,s,81,0.02946,0.03354,0.03244,0.02857
Time,s,81,0.02948,0.03316,0.0319,0.02778
Time,s,81,0.02864,0.03299,0.03233,0.02755
Time,s,81,0.02868,0.0326,0.03198,0.02754
Time,s,81,0.02904,0.03229,0.03242,0.02703
Time,s,81,0.02848,0.03297,0.03164,0.02777
Time,s,81,0.02889,0.03246,0.03338,0.02851
Time,s,81,0.02946,0.0318,0.03321,0.02793
Time,s,81,0.0313,0.03555,0.03233,0.02763
Time,s,81,0.02826,0.04615,0.03211,0.02708
Time,s,81,0.02926,0.04197,0.03204,0.02715
Time,s,81,0.02905,0.03817,0.03233,0.0276
Time,s,81,0.02933,0.03515,0.03226,0.02793
Time,s,81,0.02936,0.03343,0.03261,0.02682
Time,s,81,0.02972,0.033,0.03278,0.02706
Time,s,81,0.02854,0.03297,0.03248,0.02732
Time,s,81,0.02846,0.03392,0.0335,0.02851
Time,s,81,0.02885,0.03454,0.03424,0.03141
Time,s,81,0.02835,0.033,0.03256,0.03087
Time,s,81,0.02974,0.03319,0.03623,0.02913
Time,s,81,0.02903,0.0331,0.03454,0.02715
Time,s,81,0.02901,0.03453,0.03362,0.02791
Time,s,81,0.02889,0.0328,0.03355,0.02836
Time,s,81,0.03103,0.03527,0.03299,0.02865
Time,s,81,0.03083,0.03377,0.03352,0.03062
Time,s,81,0.02956,0.03303,0.03302,0.02947
Time,s,81,0.02909,0.03253,0.04296,0.02777
Time,s,81,0.0292,0.0326,0.03815,0.02773
Time,s,81,0.02881,0.03168,0.0353,0.02764
Time,s,81,0.02843,0.0322,0.03279,0.02738
Time,s,81,0.0276,0.03216,0.03409,0.0277
Time,s,81,0.02966,0.03312,0.0328,0.02898
Time,s,81,0.02938,0.03257,0.03242,0.02895
Time,s,81,0.02922,0.03281,0.03188,0.02869
Time,s,81,0.02921,0.03326,0.03223,0.02781
Time,s,81,0.02935,0.03332,0.0324,0.028
Time,s,81,0.02961,0.03288,0.03294,0.02819
Time,s,82,0.02887,0.03297,0.03223,0.02801
Time,s,82,0.02881,0.03342,0.03213,0.02769
Time,s,82,0.0283,0.03406,0.03376,0.02736
Time,s,82,0.02883,0.04083,0.03291,0.02789
Time,s,82,0.02869,0.03714,0.0324,0.02823
Time,s,82,0.02933,0.03433,0.03267,0.02845
Time,s,82,0.03046,0.03336,0.03211,0.0278
Time,s,82,0.03161,0.03281,0.03229,0.02778
Time,s,82,0.0295,0.0321,0.03241,0.0284
Time,s,82,0.02894,0.03268,0.03412,0.02717
Time,s,82,0.0289,0.03236,0.03371,0.02797
Time,s,82,0.02858,0.03226,0.03251,0.02779
Time,s,82,0.02843,0.03305,0.03241,0.02751
Time,s,82,0.0296,0.03367,0.03281,0.02923
Time,s,82,0.02864,0.03266,0.03357,0.02822
Time,s,82,0.03079,0.03253,0.03247,0.02749
Time,s,82,0.03243,0.03244,0.03154,0.0284
Time,s,82,0.03041,0.03326,0.03332,0.02814
Time,s,82,0.02929,0.03226,0.03264,0.02797
Time,s,82,0.02946,0.04234,0.03333,0.02711
Time,s,82,0.02993,0.03262,0.03276,0.02759
Time,s,82,0.03065,0.03364,0.03195,0.02733
Time,s,82,0.03163,0.03416,0.03198,0.02781
Time,s,82,0.03146,0.03285,0.03182,0.02725
Time,s,82,0.03042,0.03264,0.03213,0.02774
Time,s,82,0.02927,0.03213,0.03347,0.02965
Time,s,82,0.02925,0.03239,0.03454,0.02928
Time,s,82,0.02911,0.03213,0.03352,0.02891
Time,s,82,0.02916,0.032,0.03531,0.02788
Time,s,82,0.02918,0.03229,0.03304,0.02762
Time,s,82,0.02858,0.03339,0.03268,0.02899
Time,s,82,0.02952,0.0329,0.03662,0.02802
Time,s,82,0.02967,0.03201,0.03394,0.02748
Time,s,82,0.02911,0.03329,0.03319,0.02776
Time,s,82,0.02906,0.03419,0.03351,0.02776
Time,s,82,0.02948,0.03395,0.03311,0.02793
Time,s,82,0.0302,0.03429,0.03223,0.02836
Time,s,82,0.02966,0.03418,0.03227,0.03107
Time,s,82,0.02962,0.03477,0.03175,0.03077
Time,s,82,0.02961,0.03569,0.03255,0.02802
Time,s,82,0.02939,0.03374,0.0329,0.02752
Time,s,82,0.02944,0.0333,0.03353,0.02797
Time,s,82,0.02941,0.03292,0.03376,0.02707
Time,s,82,0.02932,0.03265,0.0325,0.02751
Time,s,82,0.03238,0.03326,0.03351,0.02763
Time,s,82,0.03071,0.03284,0.03116,0.0278
Time,s,82,0.02913,0.03482,0.03264,0.02886
Time,s,82,0.03009,0.0438,0.03261,0.0272
Time,s,82,0.02882,0.03784,0.032,0.02689
Time,s,82,0.02992,0.03436,0.03156,0.02739
Time,s,82,0.02919,0.03872,0.03214,0.02769
Time,s,82,0.02982,0.03662,0.03278,0.02712
Time,s,82,0.02931,0.03415,0.03267,0.02748
Time,s,82,0.02928,0.03237,0.03399,0.02734
Time,s,82,0.0299,0.03225,0.03262,0.02754
Time,s,82,0.03047,0.03327,0.03253,0.02799
Time,s,82,0.02942,0.03252,0.03215,0.02763
Time,s,82,0.02942,0.03215,0.03188,0.02799
Time,s,82,0.02919,0.03239,0.03346,0.02835
Time,s,82,0.03934,0.03267,0.0347,0.02725
Time,s,82,0.03116,0.03256,0.03384,0.02704
Time,s,82,0.0314,0.03314,0.0322,0.02728
Time,s,82,0.03077,0.0342,0.03228,0.02712
Time,s,82,0.03017,0.03395,0.03186,0.02962
Time,s,82,0.02939,0.03405,0.03169,0.02843
Time,s,82,0.02879,0.03249,0.03214,0.02822
Time,s,82,0.02961,0.0326,0.03256,0.02923
Time,s,82,0.02922,0.03304,0.03239,0.02852
Time,s,82,0.02942,0.03498,0.03227,0.0282
Time,s,82,0.0307,0.03587,0.03277,0.02682
Time,s,82,0.02914,0.03343,0.03297,0.02822
Time,s,82,0.03242,0.03224,0.03228,0.02854
Time,s,82,0.03234,0.03303,0.03236,0.02784
Time,s,82,0.03086,0.03268,0.03219,0.02643
Time,s,82,0.0294,0.03242,0.03234,0.0272
Time,s,82,0.02956,0.03224,0.03466,0.02741
Time,s,82,0.02908,0.03259,0.03315,0.02827
Time,s,82,0.0296,0.03271,0.03297,0.02771
Time,s,82,0.03317,0.03227,0.03393,0.02729
Time,s,82,0.03505,0.03266,0.03243,0.02683
Time,s,82,0.03332,0.03262,0.03443,0.02673
Time,s,82,0.03153,0.03362,0.03532,0.0276
Time,s,82,0.03031,0.03262,0.03317,0.02757
Time,s,82,0.03004,0.03237,0.03224,0.02736
Time,s,82,0.03008,0.03199,0.03251,0.0275
Time,s,82,0.02951,0.03193,0.0325,0.03027
Time,s,82,0.02955,0.03242,0.03318,0.02856
Time,s,82,0.03118,0.03192,0.03388,0.02818
Time,s,82,0.03064,0.03206,0.03259,0.02817
Time,s,82,0.02963,0.03282,0.03952,0.02757
Time,s,82,0.02941,0.0336,0.03145,0.02645
Time,s,82,0.02957,0.03287,0.03515,0.02716
Time,s,82,0.02941,0.03206,0.03339,0.02761
Time,s,82,0.02921,0.03409,0.033,0.02718
Time,s,82,0.02885,0.03547,0.0334,0.02714
Time,s,82,0.03025,0.03325,0.03309,0.02996
Time,s,82,0.03044,0.03305,0.03267,0.03134
Time,s,82,0.03022,0.03274,0.03241,0.0295
Time,s,82,0.02913,0.03425,0.03189,0.02757
Time,s,82,0.03037,0.03874,0.03263,0.02711
Time,s,83,0.02991,0.03464,0.03219,0.02726
Time,s,83,0.02955,0.0345,0.03224,0.02768
Time,s,83,0.02988,0.03311,0.0337,0.02901
Time,s,83,0.02981,0.03272,0.03298,0.02904
Time,s,83,0.02942,0.03187,0.03272,0.02861
Time,s,83,0.02947,0.03213,0.03315,0.02775
Time,s,83,0.02973,0.03228,0.03361,0.02786
Time,s,83,0.03085,0.03215,0.03233,0.02708
Time,s,83,0.02955,0.03322,0.03323,0.02749
Time,s,83,0.03003,0.03206,0.03246,0.02666
Time,s,83,0.02944,0.03271,0.03223,0.02771
Time,s,83,0.02926,0.03271,0.03219,0.02732
Time,s,83,0.02939,0.03229,0.03206,0.02762
Time,s,83,0.02949,0.03194,0.03191,0.02767
Time,s,83,0.02983,0.03388,0.03253,0.0275
Time,s,83,0.03008,0.03319,0.03279,0.02791
Time,s,83,0.03147,0.03263,0.04681,0.02783
Time,s,83,0.03166,0.03303,0.03936,0.02674
Time,s,83,0.03191,0.03399,0.03515,0.02689
Time,s,83,0.03018,0.03292,0.03329,0.02724
Time,s,83,0.03002,0.03253,0.03241,0.02732
Time,s,83,0.03042,0.03209,0.03214,0.02688
Time,s,83,0.03007,0.03305,0.03279,0.02705
Time,s,83,0.02972,0.03385,0.03482,0.02696
Time,s,83,0.0305,0.03379,0.03596,0.02768
Time,s,83,0.0323,0.03356,0.03395,0.02811
Time,s,83,0.0349,0.03212,0.03392,0.02774
Time,s,83,0.03114,0.03362,0.03281,0.02751
Time,s,83,0.02998,0.03335,0.0348,0.02815
Time,s,83,0.02905,0.03332,0.03649,0.02858
Time,s,83,0.02936,0.03352,0.03283,0.02847
Time,s,83,0.03106,0.03354,0.03299,0.0278
Time,s,83,0.03297,0.03247,0.03284,0.02722
Time,s,83,0.03152,0.03348,0.03304,0.0272
Time,s,83,0.03037,0.03256,0.03291,0.02813
Time,s,83,0.02942,0.03233,0.03614,0.02776
Time,s,83,0.02965,0.03241,0.03231,0.02952
Time,s,83,0.02919,0.03182,0.032,0.02754
Time,s,83,0.0294,0.03243,0.03168,0.02866
Time,s,83,0.02916,0.03243,0.03226,0.02795
Time,s,83,0.02895,0.03263,0.03296,0.0268
Time,s,83,0.03031,0.03229,0.03409,0.02915
Time,s,83,0.0302,0.03247,0.03249,0.029
Time,s,83,0.03048,0.03272,0.03211,0.02973
Time,s,83,0.0294,0.03287,0.03208,0.02851
Time,s,83,0.03017,0.03259,0.03197,0.02862
Time,s,83,0.02922,0.03221,0.03232,0.02741
Time,s,83,0.03053,0.03509,0.03247,0.02703
Time,s,83,0.02903,0.03931,0.0324,0.02777
Time,s,83,0.02942,0.03477,0.03231,0.02717
Time,s,83,0.02911,0.03284,0.03306,0.02708
Time,s,83,0.02881,0.03254,0.0322,0.02727
Time,s,83,0.02954,0.03286,0.03327,0.0289
Time,s,83,0.03059,0.03307,0.03263,0.03208
Time,s,83,0.03134,0.03394,0.03263,0.03022
Time,s,83,0.03039,0.03297,0.03291,0.02798
Time,s,83,0.02921,0.03235,0.03451,0.02678
Time,s,83,0.02954,0.03324,0.03435,0.0267
Time,s,83,0.0299,0.03286,0.03344,0.02686
Time,s,83,0.02971,0.03317,0.03245,0.02777
Time,s,83,0.02955,0.03331,0.03193,0.02749
Time,s,83,0.02996,0.03396,0.03195,0.02697
Time,s,83,0.03061,0.03305,0.03158,0.02777
Time,s,83,0.03048,0.03381,0.03216,0.02806
Time,s,83,0.03012,0.03289,0.03216,0.03611
Time,s,83,0.03009,0.03419,0.03375,0.03516
Time,s,83,0.03002,0.03549,0.03339,0.031
Time,s,83,0.02921,0.03236,0.03239,0.02807
Time,s,83,0.03126,0.03252,0.03195,0.02863
Time,s,83,0.0301,0.03256,0.03275,0.02729
Time,s,83,0.03096,0.03271,0.03162,0.02665
Time,s,83,0.0315,0.03247,0.03251,0.02692
Time,s,83,0.03024,0.03291,0.03253,0.02787
Time,s,83,0.03005,0.03193,0.03217,0.02997
Time,s,83,0.02901,0.03282,0.03353,0.0295
Time,s,83,0.0299,0.03178,0.03291,0.02784
Time,s,83,0.02937,0.03264,0.03373,0.02694
Time,s,83,0.03004,0.03307,0.03402,0.02688
Time,s,83,0.02898,0.0334,0.03643,0.02802
Time,s,83,0.0298,0.03242,0.03405,0.02884
Time,s,83,0.03123,0.03386,0.03289,0.02747
Time,s,83,0.03322,0.03254,0.03239,0.02764
Time,s,83,0.03024,0.03255,0.03184,0.02904
Time,s,83,0.03064,0.03282,0.0326,0.02812
Time,s,83,0.0307,0.03472,0.03214,0.02778
Time,s,83,0.02969,0.03351,0.03235,0.02826
Time,s,83,0.0303,0.03271,0.03272,0.02901
Time,s,83,0.03064,0.03251,0.03221,0.02788
Time,s,83,0.02984,0.03229,0.03275,0.02799
Time,s,83,0.03035,0.03337,0.0342,0.02785
Time,s,83,0.02977,0.03298,0.03342,0.02775
Time,s,83,0.02995,0.03169,0.0332,0.02759
Time,s,83,0.03057,0.03263,0.03276,0.0279
Time,s,83,0.02962,0.03191,0.03173,0.028
Time,s,83,0.02944,0.03257,0.03279,0.02854
Time,s,83,0.02943,0.03273,0.03305,0.02842
Time,s,83,0.02972,0.03761,0.03348,0.02776
Time,s,83,0.0291,0.03762,0.03205,0.02725
Time,s,83,0.02931,0.0354,0.03228,0.02819
Time,s,83,0.02931,0.03313,0.03152,0.02795
Time,s,84,0.02955,0.03211,0.03179,0.02741
Time,s,84,0.03227,0.03156,0.03265,0.02745
Time,s,84,0.04201,0.03221,0.03332,0.02907
Time,s,84,0.03587,0.03269,0.03295,0.02825
Time,s,84,0.03385,0.03217,0.03242,0.02721
Time,s,84,0.03168,0.03157,0.03193,0.02809
Time,s,84,0.02985,0.03287,0.03172,0.02757
Time,s,84,0.0311,0.03226,0.03329,0.02742
Time,s,84,0.02988,0.03168,0.03245,0.02702
Time,s,84,0.02955,0.03171,0.03207,0.02866
Time,s,84,0.02911,0.03221,0.03226,0.02959
Time,s,84,0.02997,0.03252,0.03236,0.03242
Time,s,84,0.02969,0.03254,0.03286,0.02885
Time,s,84,0.03038,0.03406,0.03335,0.02813
Time,s,84,0.02898,0.03596,0.03215,0.02802
Time,s,84,0.0294,0.03541,0.03231,0.02761
Time,s,84,0.02872,0.03301,0.03243,0.02804
Time,s,84,0.02963,0.03155,0.03257,0.02864
Time,s,84,0.0301,0.03154,0.03227,0.02768
Time,s,84,0.03044,0.0316,0.03253,0.02777
Time,s,84,0.03161,0.03231,0.034,0.0281
Time,s,84,0.03031,0.03259,0.0326,0.02855
Time,s,84,0.02993,0.03319,0.03454,0.02785
Time,s,84,0.02945,0.03274,0.03379,0.02862
Time,s,84,0.02965,0.03312,0.03196,0.02754
Time,s,84,0.03303,0.0333,0.03438,0.02688
Time,s,84,0.03096,0.03218,0.03376,0.0275
Time,s,84,0.02953,0.03319,0.03511,0.02813
Time,s,84,0.0297,0.0328,0.03733,0.0274
Time,s,84,0.02892,0.03285,0.03366,0.03498
Time,s,84,0.03023,0.03396,0.03352,0.03376
Time,s,84,0.02957,0.03322,0.03297,0.02989
Time,s,84,0.02928,0.033,0.03248,0.02747
Time,s,84,0.02965,0.03195,0.03249,0.0277
Time,s,84,0.0305,0.03266,0.0321,0.02754
Time,s,84,0.03673,0.03288,0.03283,0.02796
Time,s,84,0.03184,0.03208,0.03516,0.02742
Time,s,84,0.03045,0.03216,0.03387,0.02795
Time,s,84,0.02976,0.03221,0.03313,0.02843
Time,s,84,0.02927,0.03203,0.03234,0.02772
Time,s,84,0.03119,0.03224,0.03317,0.02901
Time,s,84,0.02949,0.03147,0.03324,0.02803
Time,s,84,0.0295,0.03169,0.03213,0.02733
Time,s,84,0.02866,0.03196,0.03284,0.02859
Time,s,84,0.02867,0.03319,0.03951,0.03044
Time,s,84,0.02778,0.03822,0.03681,0.02924
Time,s,84,0.02853,0.03795,0.03434,0.02765
Time,s,84,0.02896,0.03378,0.03325,0.0275
Time,s,84,0.02851,0.03228,0.0332,0.02771
Time,s,84,0.02827,0.03322,0.03269,0.02775
Time,s,84,0.02864,0.03337,0.03267,0.02718
Time,s,84,0.02836,0.03231,0.03299,0.02829
Time,s,84,0.02775,0.03225,0.03241,0.02804
Time,s,84,0.02984,0.03273,0.03274,0.02775
Time,s,84,0.02895,0.03243,0.03401,0.02784
Time,s,84,0.02859,0.03235,0.03368,0.02906
Time,s,84,0.02824,0.03267,0.03456,0.02931
Time,s,84,0.02933,0.03314,0.03241,0.02757
Time,s,84,0.02867,0.033,0.03205,0.02874
Time,s,84,0.02916,0.03327,0.03145,0.02714
Time,s,84,0.02823,0.03341,0.03186,0.02708
Time,s,84,0.02894,0.03294,0.03243,0.02736
Time,s,84,0.02984,0.03278,0.03213,0.02753
Time,s,84,0.02825,0.0353,0.03247,0.02751
Time,s,84,0.02807,0.03543,0.03206,0.02732
Time,s,84,0.02882,0.0335,0.03234,0.02686
Time,s,84,0.02859,0.03317,0.03309,0.02669
Time,s,84,0.02816,0.0331,0.03241,0.02901
Time,s,84,0.02818,0.03262,0.03236,0.0317
Time,s,84,0.02825,0.03273,0.03307,0.02936
Time,s,84,0.02879,0.03247,0.03344,0.02796
Time,s,84,0.02791,0.03211,0.03282,0.02819
Time,s,84,0.02891,0.03234,0.03259,0.02734
Time,s,84,0.02829,0.03311,0.03484,0.02728
Time,s,84,0.02809,0.03258,0.03452,0.02692
Time,s,84,0.02831,0.03469,0.03344,0.02757
Time,s,84,0.02789,0.03383,0.03439,0.02831
Time,s,84,0.03023,0.03337,0.03721,0.02823
Time,s,84,0.02894,0.03296,0.03393,0.02813
Time,s,84,0.02867,0.03307,0.03284,0.02842
Time,s,84,0.02905,0.03289,0.0327,0.0289
Time,s,84,0.02909,0.03287,0.03145,0.02896
Time,s,84,0.02861,0.03299,0.03206,0.02739
Time,s,84,0.02879,0.03283,0.03332,0.02692
Time,s,84,0.02838,0.0339,0.0328,0.02747
Time,s,84,0.02824,0.03299,0.03268,0.0272
Time,s,84,0.02795,0.0332,0.03477,0.02721
Time,s,84,0.02893,0.03238,0.0353,0.0277
Time,s,84,0.03102,0.03263,0.03439,0.02752
Time,s,84,0.02995,0.03333,0.03402,0.02758
Time,s,84,0.03148,0.03279,0.03388,0.02798
Time,s,84,0.03148,0.03266,0.03301,0.02743
Time,s,84,0.02985,0.03306,0.03252,0.02726
Time,s,84,0.02956,0.03312,0.03203,0.02674
Time,s,84,0.02919,0.03506,0.03232,0.02942
Time,s,84,0.0294,0.05983,0.03256,0.02809
Time,s,84,0.02858,0.05041,0.03268,0.02743
Time,s,84,0.02878,0.03987,0.03277,0.02795
Time,s,84,0.02884,0.03495,0.03148,0.02904
Time,s,84,0.02937,0.03386,0.03227,0.02725
Time,s,85,0.02857,0.03473,0.03261,0.02799
Time,s,85,0.02893,0.0342,0.03429,0.02952
Time,s,85,0.02929,0.03368,0.0321,0.02784
Time,s,85,0.02829,0.03458,0.03325,0.02798
Time,s,85,0.02893,0.03451,0.03232,0.02708
Time,s,85,0.02928,0.03523,0.0312,0.02698
Time,s,85,0.02873,0.03409,0.03294,0.02708
Time,s,85,0.02895,0.03363,0.03287,0.02686
Time,s,85,0.02942,0.03301,0.03179,0.02713
Time,s,85,0.02959,0.03343,0.0323,0.02879
Time,s,85,0.0294,0.03594,0.03186,0.02954
Time,s,85,0.02971,0.03534,0.0328,0.0283
Time,s,85,0.02869,0.03444,0.03245,0.02724
Time,s,85,0.02809,0.03417,0.03257,0.02691
Time,s,85,0.03072,0.03295,0.03258,0.02796
Time,s,85,0.0288,0.03346,0.03247,0.02832
Time,s,85,0.02864,0.03303,0.03223,0.02874
Time,s,85,0.02865,0.03354,0.03378,0.02786
Time,s,85,0.02952,0.03282,0.03305,0.02986
Time,s,85,0.02898,0.03374,0.03395,0.02746
Time,s,85,0.02857,0.03528,0.0339,0.02812
Time,s,85,0.02859,0.03546,0.03208,0.02714
Time,s,85,0.03155,0.03354,0.03436,0.02719
Time,s,85,0.02969,0.03357,0.03267,0.02755
Time,s,85,0.02889,0.03335,0.03188,0.02695
Time,s,85,0.02808,0.03305,0.03357,0.02912
Time,s,85,0.0286,0.03574,0.03746,0.03272
Time,s,85,0.02819,0.03385,0.03262,0.02845
Time,s,85,0.02886,0.03291,0.03293,0.02868
Time,s,85,0.02847,0.03271,0.03183,0.02816
Time,s,85,0.02876,0.03279,0.03191,0.0277
Time,s,85,0.02908,0.03286,0.03206,0.02815
Time,s,85,0.02948,0.03367,0.0321,0.0299
Time,s,85,0.02898,0.03442,0.03251,0.02812
Time,s,85,0.02881,0.03361,0.03163,0.02821
Time,s,85,0.02997,0.03337,0.03287,0.02811
Time,s,85,0.02954,0.03413,0.03286,0.02747
Time,s,85,0.02977,0.03389,0.03319,0.028
Time,s,85,0.02838,0.0418,0.03195,0.02755
Time,s,85,0.02919,0.0333,0.0329,0.02783
Time,s,85,0.02883,0.03364,0.03213,0.02833
Time,s,85,0.0288,0.03919,0.03178,0.02726
Time,s,85,0.02948,0.03612,0.0319,0.02728
Time,s,85,0.02932,0.03454,0.03248,0.02742
Time,s,85,0.02826,0.03383,0.03304,0.02747
Time,s,85,0.02999,0.0329,0.03179,0.02785
Time,s,85,0.0338,0.03216,0.03198,0.02753
Time,s,85,0.02988,0.03263,0.0327,0.02734
Time,s,85,0.02937,0.03297,0.03357,0.02719
Time,s,85,0.02899,0.0325,0.03217,0.02695
Time,s,85,0.02953,0.03209,0.03215,0.02777
Time,s,85,0.02975,0.03233,0.03218,0.02792
Time,s,85,0.02897,0.03372,0.03275,0.02857
Time,s,85,0.02851,0.03515,0.03423,0.02808
Time,s,85,0.02813,0.03261,0.03285,0.02718
Time,s,85,0.02853,0.03267,0.03378,0.02727
Time,s,85,0.03066,0.03312,0.03228,0.02705
Time,s,85,0.03082,0.03265,0.03168,0.02833
Time,s,85,0.0299,0.03608,0.0319,0.02766
Time,s,85,0.03565,0.03659,0.03203,0.02964
Time,s,85,0.03593,0.0345,0.03238,0.0285
Time,s,85,0.03156,0.03322,0.03212,0.02713
Time,s,85,0.02941,0.03383,0.03236,0.02732
Time,s,85,0.02855,0.03396,0.03195,0.02741
Time,s,85,0.0288,0.03313,0.03228,0.02758
Time,s,85,0.02894,0.03242,0.03287,0.02665
Time,s,85,0.02928,0.03272,0.03275,0.02741
Time,s,85,0.02896,0.03278,0.03179,0.02693
Time,s,85,0.03049,0.03348,0.03276,0.02777
Time,s,85,0.02859,0.03249,0.03209,0.02737
Time,s,85,0.02838,0.03235,0.033,0.02784
Time,s,85,0.02892,0.03334,0.03264,0.02857
Time,s,85,0.02916,0.0335,0.03476,0.02765
Time,s,85,0.02798,0.03413,0.03453,0.02755
Time,s,85,0.02829,0.03281,0.03214,0.0282
Time,s,85,0.02943,0.03408,0.03611,0.02792
Time,s,85,0.03192,0.03259,0.0345,0.02816
Time,s,85,0.03927,0.03257,0.0328,0.02756
Time,s,85,0.034,0.03353,0.03306,0.02794
Time,s,85,0.03156,0.03319,0.03225,0.02699
Time,s,85,0.02946,0.03322,0.03193,0.02734
Time,s,85,0.02922,0.033,0.03229,0.02816
Time,s,85,0.02871,0.03305,0.03198,0.02759
Time,s,85,0.0293,0.03295,0.03131,0.02816
Time,s,85,0.02891,0.03241,0.03245,0.0322
Time,s,85,0.02891,0.03352,0.03322,0.0303
Time,s,85,0.03054,0.0332,0.03414,0.02763
Time,s,85,0.03037,0.03358,0.0325,0.02789
Time,s,85,0.02866,0.03317,0.03357,0.02974
Time,s,85,0.03189,0.03484,0.03248,0.02724
Time,s,85,0.0307,0.03997,0.03134,0.02799
Time,s,85,0.02918,0.03754,0.03219,0.02726
Time,s,85,0.02785,0.03575,0.04052,0.02756
Time,s,85,0.0287,0.03449,0.03272,0.02779
Time,s,85,0.02942,0.03369,0.03173,0.02733
Time,s,85,0.02854,0.03263,0.03212,0.02776
Time,s,85,0.02848,0.03255,0.03191,0.02856
Time,s,85,0.0281,0.03337,0.03272,0.02712
Time,s,85,0.02857,0.03235,0.03203,0.02762
Time,s,85,0.03179,0.03231,0.04047,0.02793
Time,s,86,0.0319,0.03413,0.03799,0.02723
Time,s,86,0.02929,0.03219,0.0345,0.02813
Time,s,86,0.02837,0.03292,0.03259,0.02798
Time,s,86,0.02855,0.03298,0.03235,0.02857
Time,s,86,0.02842,0.03328,0.03231,0.02747
Time,s,86,0.02934,0.0326,0.03208,0.02715
Time,s,86,0.02806,0.03257,0.03189,0.02742
Time,s,86,0.02955,0.03476,0.03172,0.02708
Time,s,86,0.02861,0.03558,0.03341,0.02788
Time,s,86,0.02825,0.03363,0.03277,0.0285
Time,s,86,0.02932,0.03308,0.03247,0.02898
Time,s,86,0.02988,0.03357,0.03134,0.02796
Time,s,86,0.02858,0.03325,0.03204,0.02807
Time,s,86,0.02836,0.03279,0.03185,0.02811
Time,s,86,0.02831,0.03323,0.03177,0.02741
Time,s,86,0.02785,0.03267,0.03192,0.02669
Time,s,86,0.02771,0.0323,0.03267,0.02695
Time,s,86,0.02891,0.03256,0.03358,0.02896
Time,s,86,0.02825,0.03308,0.03446,0.0287
Time,s,86,0.02832,0.03326,0.03244,0.02716
Time,s,86,0.02827,0.03284,0.03327,0.02736
Time,s,86,0.02876,0.03297,0.03529,0.02757
Time,s,86,0.02954,0.03677,0.03314,0.02731
Time,s,86,0.03035,0.03555,0.03263,0.02909
Time,s,86,0.03163,0.03433,0.03777,0.02842
Time,s,86,0.02936,0.03288,0.03517,0.02776
Time,s,86,0.02913,0.03238,0.03316,0.02723
Time,s,86,0.02841,0.03196,0.03206,0.02741
Time,s,86,0.02796,0.03279,0.03239,0.02764
Time,s,86,0.02828,0.03249,0.03145,0.02706
Time,s,86,0.02912,0.03295,0.03207,0.02708
Time,s,86,0.02838,0.03219,0.0331,0.02759
Time,s,86,0.02928,0.03261,0.03368,0.02799
Time,s,86,0.02832,0.03297,0.03273,0.02714
Time,s,86,0.02901,0.03331,0.03229,0.02694
Time,s,86,0.02888,0.03375,0.03189,0.02704
Time,s,86,0.02865,0.03319,0.03186,0.02736
Time,s,86,0.02851,0.0328,0.03293,0.02813
Time,s,86,0.02905,0.03306,0.03378,0.02839
Time,s,86,0.02901,0.03821,0.03356,0.02777
Time,s,86,0.02837,0.03633,0.03205,0.02738
Time,s,86,0.02923,0.03485,0.03218,0.02788
Time,s,86,0.02987,0.03297,0.03571,0.03289
Time,s,86,0.02881,0.03285,0.04627,0.03907
Time,s,86,0.02962,0.03332,0.03796,0.03255
Time,s,86,0.0306,0.03288,0.0347,0.02858
Time,s,86,0.02938,0.03236,0.03355,0.02857
Time,s,86,0.02849,0.03305,0.03212,0.02925
Time,s,86,0.02841,0.03274,0.03303,0.02887
Time,s,86,0.02868,0.03267,0.0333,0.02917
Time,s,86,0.02842,0.03358,0.03352,0.02855
Time,s,86,0.02857,0.0335,0.03229,0.02837
Time,s,86,0.02876,0.03495,0.03284,0.028
Time,s,86,0.02815,0.03388,0.03345,0.0274
Time,s,86,0.02909,0.03311,0.03257,0.02829
Time,s,86,0.03209,0.03486,0.03274,0.02734
Time,s,86,0.03198,0.03393,0.03245,0.03937
Time,s,86,0.02941,0.0357,0.03252,0.02751
Time,s,86,0.02997,0.03378,0.03307,0.02808
Time,s,86,0.02942,0.03413,0.03217,0.02863
Time,s,86,0.03009,0.03279,0.03294,0.02728
Time,s,86,0.03119,0.03266,0.03281,0.02733
Time,s,86,0.02838,0.03325,0.03215,0.02817
Time,s,86,0.02879,0.03301,0.03324,0.02732
Time,s,86,0.02765,0.03275,0.03357,0.02911
Time,s,86,0.02844,0.0327,0.03366,0.02827
Time,s,86,0.02903,0.03337,0.03312,0.02759
Time,s,86,0.02868,0.0326,0.03187,0.02774
Time,s,86,0.02909,0.03326,0.03295,0.02712
Time,s,86,0.02842,0.03353,0.03482,0.02806
Time,s,86,0.02946,0.03273,0.03488,0.02775
Time,s,86,0.02899,0.03303,0.03313,0.02727
Time,s,86,0.02844,0.03321,0.03491,0.02747
Time,s,86,0.02852,0.03396,0.0363,0.02934
Time,s,86,0.02874,0.0334,0.03346,0.02818
Time,s,86,0.02898,0.03312,0.03276,0.02921
Time,s,86,0.02802,0.03333,0.03247,0.02882
Time,s,86,0.02843,0.03351,0.03188,0.02767
Time,s,86,0.02855,0.03345,0.03282,0.02787
Time,s,86,0.02978,0.03287,0.03263,0.0277
Time,s,86,0.02895,0.03254,0.03296,0.02732
Time,s,86,0.02855,0.03308,0.03246,0.02733
Time,s,86,0.02919,0.03581,0.03353,0.02717
Time,s,86,0.0284,0.03412,0.03305,0.028
Time,s,86,0.02934,0.03365,0.03192,0.02702
Time,s,86,0.028,0.03421,0.03217,0.02949
Time,s,86,0.02984,0.03265,0.03342,0.03008
Time,s,86,0.02871,0.03648,0.03197,0.02811
Time,s,86,0.029,0.04012,0.03151,0.02766
Time,s,86,0.02854,0.03679,0.03234,0.02854
Time,s,86,0.02863,0.03467,0.03227,0.02792
Time,s,86,0.02861,0.03391,0.03238,0.0279
Time,s,86,0.02912,0.03372,0.03209,0.02723
Time,s,86,0.02988,0.03303,0.03413,0.02862
Time,s,86,0.02883,0.03333,0.04338,0.02844
Time,s,86,0.0287,0.03261,0.03789,0.02871
Time,s,86,0.02863,0.0335,0.03447,0.02781
Time,s,86,0.02833,0.03291,0.0334,0.02681
Time,s,86,0.03114,0.03337,0.03442,0.02787
Time,s,86,0.02958,0.03332,0.03096,0.03119
Time,s,87,0.02868,0.03408,0.03209,0.03036
Time,s,87,0.03009,0.03288,0.03239,0.02773
Time,s,87,0.02954,0.03375,0.03255,0.02787
Time,s,87,0.02876,0.03299,0.03303,0.02723
Time,s,87,0.02842,0.03355,0.03253,0.02745
Time,s,87,0.02949,0.03637,0.03227,0.02816
Time,s,87,0.02792,0.0357,0.03273,0.02847
Time,s,87,0.02883,0.03443,0.03252,0.02766
Time,s,87,0.02815,0.03367,0.03226,0.02795
Time,s,87,0.02782,0.03314,0.03238,0.02831
Time,s,87,0.03023,0.03366,0.03251,0.02823
Time,s,87,0.03347,0.03429,0.03225,0.02885
Time,s,87,0.03014,0.03435,0.03238,0.02937
Time,s,87,0.02885,0.03411,0.03239,0.029
Time,s,87,0.02962,0.03361,0.03371,0.02829
Time,s,87,0.02811,0.03364,0.03364,0.0285
Time,s,87,0.029,0.03449,0.03257,0.02881
Time,s,87,0.03031,0.03329,0.03229,0.02794
Time,s,87,0.02951,0.03399,0.03409,0.02842
Time,s,87,0.02771,0.03477,0.03345,0.0278
Time,s,87,0.02819,0.03494,0.0325,0.02881
Time,s,87,0.02929,0.03423,0.03384,0.02808
Time,s,87,0.02879,0.03395,0.03691,0.03062
Time,s,87,0.02866,0.03315,0.03346,0.0389
Time,s,87,0.02784,0.03441,0.03247,0.03378
Time,s,87,0.02871,0.03385,0.0325,0.03015
Time,s,87,0.02853,0.0335,0.03149,0.02923
Time,s,87,0.02877,0.03322,0.03176,0.02964
Time,s,87,0.02924,0.03291,0.03304,0.03067
Time,s,87,0.02813,0.03383,0.03458,0.02995
Time,s,87,0.02856,0.034,0.03328,0.02843
Time,s,87,0.02848,0.03326,0.03268,0.02901
Time,s,87,0.0289,0.03425,0.03186,0.0296
Time,s,87,0.02847,0.03335,0.03199,0.02935
Time,s,87,0.02904,0.0334,0.03286,0.02793
Time,s,87,0.03063,0.03291,0.03389,0.0282
Time,s,87,0.02991,0.03439,0.03262,0.02833
Time,s,87,0.02943,0.03873,0.03229,0.02843
Time,s,87,0.02905,0.03582,0.0324,0.02807
Time,s,87,0.02838,0.03318,0.03282,0.02833
Time,s,87,0.02829,0.03456,0.03195,0.02817
Time,s,87,0.02911,0.03531,0.03216,0.02808
Time,s,87,0.02908,0.03424,0.03208,0.02847
Time,s,87,0.02867,0.03293,0.04067,0.02946
Time,s,87,0.02856,0.03288,0.03274,0.02884
Time,s,87,0.02775,0.03307,0.03246,0.02853
Time,s,87,0.02817,0.03317,0.03253,0.02872
Time,s,87,0.02832,0.03283,0.03412,0.03991
Time,s,87,0.02913,0.03396,0.03285,0.03436
Time,s,87,0.02814,0.03515,0.03262,0.03195
Time,s,87,0.0286,0.03397,0.03167,0.03009
Time,s,87,0.02884,0.03419,0.03261,0.02783
Time,s,87,0.02804,0.03506,0.03401,0.02886
Time,s,87,0.0285,0.03828,0.03274,0.02793
Time,s,87,0.0299,0.04676,0.03282,0.02828
Time,s,87,0.02906,0.03923,0.03373,0.02898
Time,s,87,0.02928,0.03514,0.03208,0.03126
Time,s,87,0.02966,0.03482,0.0326,0.03104
Time,s,87,0.02843,0.03375,0.03278,0.0287
Time,s,87,0.02843,0.03372,0.03434,0.02808
Time,s,87,0.02873,0.03355,0.03339,0.02923
Time,s,87,0.02967,0.03431,0.03271,0.02969
Time,s,87,0.03144,0.03313,0.03359,0.03009
Time,s,87,0.02987,0.03395,0.03355,0.03089
Time,s,87,0.0291,0.03451,0.03283,0.02889
Time,s,87,0.0286,0.03466,0.03352,0.02942
Time,s,87,0.03067,0.03366,0.03275,0.02932
Time,s,87,0.04232,0.03342,0.03456,0.02956
Time,s,87,0.03832,0.03368,0.03587,0.02914
Time,s,87,0.03841,0.03531,0.03401,0.02805
Time,s,87,0.03624,0.03647,0.03494,0.02918
Time,s,87,0.03321,0.03302,0.03878,0.0289
Time,s,87,0.031,0.03388,0.03457,0.02818
Time,s,87,0.03066,0.03355,0.03303,0.02843
Time,s,87,0.02911,0.03339,0.03363,0.02816
Time,s,87,0.02946,0.03326,0.03375,0.02841
Time,s,87,0.02902,0.03309,0.03299,0.02823
Time,s,87,0.02944,0.03259,0.03338,0.02793
Time,s,87,0.02979,0.03328,0.03343,0.02801
Time,s,87,0.02945,0.03293,0.03531,0.02813
Time,s,87,0.02968,0.03401,0.03517,0.02808
Time,s,87,0.02862,0.03374,0.0329,0.02814
Time,s,87,0.02886,0.03382,0.0326,0.02967
Time,s,87,0.02894,0.03756,0.03321,0.0291
Time,s,87,0.02862,0.03891,0.03334,0.02788
Time,s,87,0.02889,0.03844,0.0346,0.02787
Time,s,87,0.02848,0.03501,0.0334,0.02809
Time,s,87,0.02819,0.03418,0.03302,0.02896
Time,s,87,0.02885,0.03338,0.03367,0.02993
Time,s,87,0.03056,0.03461,0.0341,0.02994
Time,s,87,0.03222,0.03474,0.03304,0.02886
Time,s,87,0.03063,0.03302,0.03328,0.02891
Time,s,87,0.03025,0.03344,0.03229,0.02929
Time,s,87,0.02939,0.03261,0.03319,0.02783
Time,s,87,0.02992,0.03303,0.03392,0.02798
Time,s,87,0.03031,0.03276,0.03336,0.02799
Time,s,87,0.03002,0.03298,0.0341,0.0289
Time,s,87,0.02979,0.03388,0.0337,0.02917
Time,s,87,0.02905,0.03399,0.03581,0.02994
Time,s,87,0.02899,0.03569,0.03398,0.029
Time,s,88,0.02874,0.03485,0.03315,0.02843
Time,s,88,0.03037,0.03523,0.03394,0.02942
Time,s,88,0.02905,0.03517,0.03398,0.02847
Time,s,88,0.02875,0.03471,0.03304,0.02886
Time,s,88,0.0291,0.03403,0.03296,0.0288
Time,s,88,0.02884,0.0338,0.03272,0.02814
Time,s,88,0.02927,0.03394,0.03263,0.0282
Time,s,88,0.03024,0.03417,0.03299,0.02757
Time,s,88,0.02912,0.03299,0.03256,0.0285
Time,s,88,0.02903,0.03325,0.03266,0.02912
Time,s,88,0.0304,0.03339,0.03304,0.02925
Time,s,88,0.03181,0.034,0.03332,0.0292
Time,s,88,0.02962,0.0337,0.03488,0.02875
Time,s,88,0.02914,0.03399,0.03457,0.02956
Time,s,88,0.02954,0.0344,0.03348,0.03199
Time,s,88,0.029,0.03517,0.03363,0.03006
Time,s,88,0.03024,0.03938,0.03502,0.0287
Time,s,88,0.02938,0.04683,0.03391,0.02779
Time,s,88,0.02844,0.04216,0.03559,0.02771
Time,s,88,0.0293,0.0368,0.0357,0.02873
Time,s,88,0.02979,0.03437,0.03787,0.02867
Time,s,88,0.03232,0.03473,0.03671,0.02881
Time,s,88,0.03226,0.03431,0.03347,0.02903
Time,s,88,0.02975,0.03429,0.03287,0.02883
Time,s,88,0.02882,0.03369,0.03259,0.02819
Time,s,88,0.02925,0.03377,0.0335,0.02823
Time,s,88,0.02881,0.03402,0.03324,0.02827
Time,s,88,0.03009,0.03651,0.03269,0.02922
Time,s,88,0.03233,0.03558,0.03302,0.02855
Time,s,88,0.02974,0.03431,0.03389,0.03048
Time,s,88,0.02941,0.0336,0.03351,0.02887
Time,s,88,0.02897,0.03431,0.03388,0.02851
Time,s,88,0.02971,0.03914,0.03268,0.02977
Time,s,88,0.03076,0.03541,0.03275,0.02877
Time,s,88,0.02991,0.03541,0.03361,0.02934
Time,s,88,0.02896,0.03414,0.03397,0.02803
Time,s,88,0.02878,0.03336,0.03321,0.02966
Time,s,88,0.02888,0.03455,0.03298,0.03027
Time,s,88,0.0281,0.03421,0.03399,0.02868
Time,s,88,0.02907,0.03346,0.03337,0.02834
Time,s,88,0.02876,0.03266,0.03397,0.02856
Time,s,88,0.02955,0.03271,0.03281,0.02871
Time,s,88,0.02938,0.03266,0.03362,0.029
Time,s,88,0.02925,0.03308,0.03374,0.02876
Time,s,88,0.03072,0.03447,0.03373,0.02809
Time,s,88,0.02903,0.03337,0.03402,0.0282
Time,s,88,0.02905,0.03382,0.03263,0.02952
Time,s,88,0.02919,0.03459,0.03295,0.02985
Time,s,88,0.02923,0.03362,0.03488,0.02888
Time,s,88,0.02931,0.03475,0.03314,0.02933
Time,s,88,0.02828,0.03363,0.03237,0.02826
Time,s,88,0.02936,0.0337,0.03436,0.02915
Time,s,88,0.03421,0.03554,0.03398,0.02855
Time,s,88,0.03389,0.03321,0.03342,0.02866
Time,s,88,0.02997,0.03348,0.03267,0.02806
Time,s,88,0.02929,0.03296,0.03272,0.02849
Time,s,88,0.02872,0.03418,0.03275,0.02771
Time,s,88,0.02917,0.03409,0.03413,0.02835
Time,s,88,0.0286,0.03343,0.03221,0.02813
Time,s,88,0.0286,0.03309,0.03317,0.02791
Time,s,88,0.02885,0.03374,0.03329,0.02789
Time,s,88,0.02904,0.03337,0.03287,0.02869
Time,s,88,0.03155,0.03394,0.03362,0.02828
Time,s,88,0.03001,0.03301,0.0334,0.02757
Time,s,88,0.03092,0.03299,0.03335,0.02792
Time,s,88,0.03133,0.03348,0.03553,0.02806
Time,s,88,0.0312,0.03254,0.03497,0.02947
Time,s,88,0.0298,0.03306,0.0343,0.02942
Time,s,88,0.02875,0.0347,0.03417,0.02868
Time,s,88,0.02963,0.03281,0.03555,0.02834
Time,s,88,0.03024,0.03406,0.03856,0.02795
Time,s,88,0.03011,0.0336,0.0333,0.02842
Time,s,88,0.02886,0.03326,0.03328,0.03379
Time,s,88,0.02864,0.03295,0.03299,0.03007
Time,s,88,0.02937,0.03262,0.03384,0.02955
Time,s,88,0.02923,0.03283,0.0328,0.03016
Time,s,88,0.03051,0.03326,0.03317,0.02879
Time,s,88,0.0327,0.03396,0.03451,0.02818
Time,s,88,0.03069,0.03464,0.03586,0.02853
Time,s,88,0.02978,0.03482,0.03482,0.02879
Time,s,88,0.03073,0.03565,0.03331,0.02838
Time,s,88,0.03063,0.03728,0.0333,0.02805
Time,s,88,0.02977,0.03705,0.03364,0.0283
Time,s,88,0.02921,0.03371,0.03301,0.02872
Time,s,88,0.02864,0.03383,0.03519,0.02782
Time,s,88,0.02985,0.03352,0.0342,0.02743
Time,s,88,0.02923,0.03571,0.03234,0.0283
Time,s,88,0.02899,0.03545,0.03331,0.0288
Time,s,88,0.02842,0.03448,0.03261,0.02844
Time,s,88,0.02878,0.03338,0.03271,0.02804
Time,s,88,0.02945,0.03355,0.03297,0.02837
Time,s,88,0.02921,0.03345,0.03361,0.02844
Time,s,88,0.02921,0.03369,0.04135,0.02848
Time,s,88,0.02934,0.03388,0.03334,0.02903
Time,s,88,0.02915,0.03317,0.03367,0.02869
Time,s,88,0.02993,0.03311,0.03315,0.02909
Time,s,88,0.03009,0.03308,0.03339,0.02786
Time,s,88,0.02961,0.03379,0.03364,0.02863
Time,s,88,0.02958,0.03573,0.03241,0.02823
Time,s,88,0.02845,0.03422,0.03328,0.0286
Time,s,89,0.03095,0.03485,0.03384,0.02828
Time,s,89,0.03008,0.03357,0.03383,0.02905
Time,s,89,0.03171,0.03298,0.03368,0.02957
Time,s,89,0.02901,0.0338,0.03323,0.02835
Time,s,89,0.02946,0.03373,0.03333,0.02921
Time,s,89,0.02881,0.03449,0.03301,0.03059
Time,s,89,0.03001,0.03417,0.03282,0.029
Time,s,89,0.03034,0.03333,0.03382,0.02873
Time,s,89,0.03139,0.03363,0.03393,0.02795
Time,s,89,0.02886,0.03271,0.03331,0.02795
Time,s,89,0.02945,0.03496,0.03593,0.02907
Time,s,89,0.02865,0.03563,0.03462,0.02834
Time,s,89,0.02955,0.03495,0.03379,0.0282
Time,s,89,0.02907,0.03431,0.03365,0.02899
Time,s,89,0.02903,0.0331,0.03578,0.02951
Time,s,89,0.02939,0.03415,0.03361,0.02896
Time,s,89,0.02918,0.03453,0.03332,0.02881
Time,s,89,0.03107,0.03439,0.03383,0.02813
Time,s,89,0.02984,0.03389,0.03698,0.02844
Time,s,89,0.02969,0.03349,0.03835,0.02902
Time,s,89,0.0298,0.03384,0.03375,0.02963
Time,s,89,0.03075,0.03357,0.03408,0.02872
Time,s,89,0.03069,0.03339,0.03318,0.02849
Time,s,89,0.02965,0.03406,0.03332,0.02799
Time,s,89,0.02922,0.03259,0.03361,0.02843
Time,s,89,0.0289,0.03227,0.03334,0.02769
Time,s,89,0.02936,0.0326,0.03346,0.02856
Time,s,89,0.02966,0.03188,0.03475,0.02884
Time,s,89,0.02919,0.03232,0.03325,0.02934
Time,s,89,0.03092,0.03278,0.0327,0.02924
Time,s,89,0.02986,0.03957,0.03298,0.03388
Time,s,89,0.02973,0.03419,0.03352,0.02959
Time,s,89,0.03259,0.03311,0.0335,0.02844
Time,s,89,0.03264,0.03439,0.03417,0.02846
Time,s,89,0.03788,0.03243,0.03297,0.02887
Time,s,89,0.02941,0.03245,0.03325,0.0289
Time,s,89,0.03001,0.03278,0.03337,0.029
Time,s,89,0.02934,0.03313,0.03424,0.02911
Time,s,89,0.02919,0.0318,0.03317,0.02862
Time,s,89,0.03052,0.03226,0.03254,0.02928
Time,s,89,0.03006,0.03283,0.03244,0.02792
Time,s,89,0.02956,0.03286,0.033,0.0281
Time,s,89,0.02964,0.03312,0.03457,0.02814
Time,s,89,0.02918,0.03376,0.03397,0.03
Time,s,89,0.03033,0.03355,0.03292,0.02811
Time,s,89,0.03018,0.03414,0.03331,0.02856
Time,s,89,0.02931,0.03475,0.03359,0.02855
Time,s,89,0.02937,0.03479,0.03331,0.02866
Time,s,89,0.02853,0.03367,0.03302,0.02892
Time,s,89,0.02928,0.03325,0.03322,0.02793
Time,s,89,0.02911,0.03262,0.0343,0.02861
Time,s,89,0.02891,0.03194,0.03301,0.02839
Time,s,89,0.02991,0.03236,0.03306,0.02912
Time,s,89,0.03061,0.03279,0.03307,0.02972
Time,s,89,0.03057,0.03238,0.03321,0.02857
Time,s,89,0.02918,0.03212,0.0334,0.02967
Time,s,89,0.0293,0.03253,0.04302,0.02982
Time,s,89,0.02885,0.03197,0.03959,0.02828
Time,s,89,0.02962,0.03315,0.03506,0.02948
Time,s,89,0.02921,0.03196,0.03377,0.0291
Time,s,89,0.02974,0.03206,0.03288,0.02801
Time,s,89,0.02943,0.03206,0.03297,0.02912
Time,s,89,0.03056,0.03184,0.03377,0.03025
Time,s,89,0.03028,0.0325,0.03644,0.02827
Time,s,89,0.03012,0.0323,0.03393,0.02897
Time,s,89,0.02911,0.03289,0.03468,0.02852
Time,s,89,0.02967,0.03415,0.03582,0.02926
Time,s,89,0.02905,0.03315,0.03549,0.02859
Time,s,89,0.02874,0.03264,0.04925,0.02791
Time,s,89,0.02943,0.03206,0.04212,0.02839
Time,s,89,0.02912,0.03203,0.0369,0.02792
Time,s,89,0.02901,0.03224,0.03415,0.02974
Time,s,89,0.02947,0.03201,0.03287,0.02933
Time,s,89,0.02981,0.03204,0.03395,0.0282
Time,s,89,0.02934,0.03279,0.03421,0.02816
Time,s,89,0.02915,0.0325,0.03359,0.02835
Time,s,89,0.03188,0.03519,0.03303,0.02866
Time,s,89,0.03004,0.03463,0.03287,0.02868
Time,s,89,0.02925,0.03363,0.03268,0.02887
Time,s,89,0.02918,0.03599,0.03306,0.02893
Time,s,89,0.02883,0.0351,0.0338,0.02826
Time,s,89,0.03,0.04138,0.03269,0.02819
Time,s,89,0.02981,0.03269,0.03398,0.02952
Time,s,89,0.02973,0.03216,0.03336,0.02798
Time,s,89,0.03024,0.03276,0.03295,0.02789
Time,s,89,0.0287,0.03161,0.03286,0.02914
Time,s,89,0.02928,0.03231,0.03282,0.02746
Time,s,89,0.03034,0.033,0.03292,0.03076
Time,s,89,0.0346,0.03355,0.03307,0.03169
Time,s,89,0.03025,0.03261,0.03251,0.02866
Time,s,89,0.03057,0.03179,0.03231,0.02905
Time,s,89,0.03054,0.03261,0.03211,0.02941
Time,s,89,0.02987,0.03274,0.03305,0.0283
Time,s,89,0.0291,0.03261,0.03252,0.02776
Time,s,89,0.02913,0.03246,0.03244,0.02822
Time,s,89,0.02875,0.03341,0.03451,0.02754
Time,s,89,0.03073,0.03466,0.03379,0.02849
Time,s,89,0.03003,0.03383,0.03387,0.02918
Time,s,89,0.02909,0.03275,0.03349,0.02863
Time,s,89,0.02962,0.03254,0.0321,0.02757
Time,s,90,0.02932,0.03301,0.03243,0.0278
Time,s,90,0.02942,0.03222,0.03248,0.02774
Time,s,90,0.02929,0.03231,0.0326,0.02775
Time,s,90,0.0289,0.03222,0.03331,0.0354
Time,s,90,0.029,0.03369,0.03385,0.02821
Time,s,90,0.02976,0.0452,0.04516,0.02776
Time,s,90,0.02879,0.0401,0.03986,0.02842
Time,s,90,0.02888,0.03549,0.03533,0.02828
Time,s,90,0.02916,0.03476,0.03331,0.0274
Time,s,90,0.03042,0.0331,0.03239,0.02732
Time,s,90,0.03034,0.03303,0.03356,0.0273
Time,s,90,0.0302,0.03317,0.03514,0.02798
Time,s,90,0.02924,0.03283,0.03351,0.02751
Time,s,90,0.02913,0.03284,0.03378,0.02735
Time,s,90,0.03027,0.03302,0.03405,0.02683
Time,s,90,0.02961,0.03367,0.03605,0.02767
Time,s,90,0.02946,0.03322,0.03808,0.02709
Time,s,90,0.0296,0.03207,0.03336,0.02831
Time,s,90,0.02949,0.03261,0.03248,0.02855
Time,s,90,0.0301,0.03479,0.03208,0.02817
Time,s,90,0.02935,0.03384,0.03226,0.03026
Time,s,90,0.0291,0.03329,0.03219,0.02883
Time,s,90,0.02858,0.0324,0.03231,0.02724
Time,s,90,0.02896,0.03242,0.03206,0.02687
Time,s,90,0.02877,0.03263,0.03287,0.02761
Time,s,90,0.02883,0.0322,0.03393,0.02789
Time,s,90,0.02894,0.03393,0.03263,0.02719
Time,s,90,0.03062,0.03947,0.03307,0.02805
Time,s,90,0.0302,0.03437,0.03222,0.03424
Time,s,90,0.02924,0.03358,0.03224,0.03368
Time,s,90,0.03112,0.03338,0.03508,0.03027
Time,s,90,0.0324,0.03288,0.03354,0.02841
Time,s,90,0.02953,0.03328,0.03366,0.02831
Time,s,90,0.02931,0.03287,0.03321,0.02784
Time,s,90,0.02899,0.03254,0.03243,0.02739
Time,s,90,0.02964,0.03794,0.03301,0.0292
Time,s,90,0.0293,0.0402,0.03325,0.02865
Time,s,90,0.02892,0.03562,0.0327,0.0278
Time,s,90,0.02905,0.03403,0.03377,0.02797
Time,s,90,0.02876,0.03562,0.04238,0.02872
Time,s,90,0.02917,0.03436,0.03252,0.02748
Time,s,90,0.02934,0.0332,0.03321,0.02944
Time,s,90,0.03051,0.03421,0.03251,0.02912
Time,s,90,0.033,0.0353,0.0328,0.02862
Time,s,90,0.0311,0.03347,0.03184,0.03173
Time,s,90,0.02987,0.0329,0.03212,0.03062
Time,s,90,0.02921,0.03259,0.03232,0.0295
Time,s,90,0.03015,0.03343,0.03324,0.02763
Time,s,90,0.02923,0.03409,0.03187,0.02734
Time,s,90,0.02928,0.03288,0.03205,0.02734
Time,s,90,0.02892,0.03185,0.03361,0.02773
Time,s,90,0.02945,0.03249,0.03287,0.02816
Time,s,90,0.02958,0.03339,0.03226,0.0273
Time,s,90,0.02926,0.03219,0.03234,0.02799
Time,s,90,0.02953,0.03217,0.03246,0.0282
Time,s,90,0.0298,0.03254,0.03356,0.02789
Time,s,90,0.02971,0.03299,0.03264,0.02813
Time,s,90,0.02894,0.03241,0.03194,0.02793
Time,s,90,0.02928,0.03201,0.03205,0.02842
Time,s,90,0.02875,0.03289,0.03241,0.02748
Time,s,90,0.02851,0.03259,0.0352,0.02903
Time,s,90,0.02939,0.03203,0.03357,0.02753
Time,s,90,0.0296,0.03289,0.03307,0.02762
Time,s,90,0.03041,0.03374,0.03383,0.0274
Time,s,90,0.03252,0.03245,0.03408,0.02795
Time,s,90,0.03043,0.03459,0.03757,0.02809
Time,s,90,0.02913,0.0331,0.03388,0.02893
Time,s,90,0.02894,0.03291,0.033,0.0288
Time,s,90,0.02912,0.03258,0.03246,0.02778
Time,s,90,0.02877,0.03342,0.03207,0.02709
Time,s,90,0.02902,0.03271,0.03295,0.02788
Time,s,90,0.02992,0.03212,0.03378,0.02722
Time,s,90,0.02995,0.0349,0.03256,0.02761
Time,s,90,0.02974,0.03312,0.03194,0.02798
Time,s,90,0.02899,0.03358,0.03489,0.02898
Time,s,90,0.02936,0.03883,0.03411,0.02842
Time,s,90,0.02825,0.03402,0.03193,0.03062
Time,s,90,0.02855,0.03372,0.032,0.03062
Time,s,90,0.02956,0.0332,0.03225,0.02847
Time,s,90,0.02855,0.03246,0.03195,0.02755
Time,s,90,0.02872,0.03195,0.03313,0.02819
Time,s,90,0.03006,0.03344,0.03216,0.02758
Time,s,90,0.02957,0.03356,0.03182,0.0284
Time,s,90,0.02947,0.03195,0.03267,0.02801
Time,s,90,0.03046,0.03203,0.0324,0.02779
Time,s,90,0.02972,0.033,0.03498,0.02806
Time,s,90,0.02966,0.03255,0.03444,0.02788
Time,s,90,0.02976,0.0322,0.03234,0.02729
Time,s,90,0.02815,0.03211,0.03201,0.02762
Time,s,90,0.02948,0.03283,0.03263,0.02839
Time,s,90,0.02874,0.03164,0.03242,0.02823
Time,s,90,0.02934,0.03379,0.03205,0.0276
Time,s,90,0.02821,0.03444,0.03238,0.02752
Time,s,90,0.0289,0.03378,0.03271,0.02776
Time,s,90,0.02883,0.03288,0.0329,0.02755
Time,s,90,0.02843,0.03539,0.03238,0.02863
Time,s,90,0.02758,0.03291,0.03337,0.02817
Time,s,90,0.02728,0.03394,0.03291,0.02878
Time,s,90,0.03141,0.03321,0.0322,0.02779
Time,s,90,0.03383,0.03325,0.03242,0.02796
Time,s,91,0.03112,0.03266,0.03309,0.02833
Time,s,91,0.03031,0.03277,0.03223,0.02931
Time,s,91,0.02895,0.03285,0.0322,0.03437
Time,s,91,0.02865,0.0323,0.03198,0.02953
Time,s,91,0.02782,0.03502,0.03399,0.02958
Time,s,91,0.02803,0.03363,0.03272,0.02861
Time,s,91,0.0279,0.03328,0.03271,0.02831
Time,s,91,0.02854,0.03264,0.03214,0.02773
Time,s,91,0.02817,0.03232,0.0328,0.02752
Time,s,91,0.0285,0.03255,0.03404,0.0276
Time,s,91,0.02842,0.03226,0.0332,0.02739
Time,s,91,0.02817,0.03247,0.03206,0.02805
Time,s,91,0.02896,0.03266,0.03194,0.03004
Time,s,91,0.02891,0.03236,0.03227,0.03628
Time,s,91,0.02827,0.03271,0.03632,0.0345
Time,s,91,0.02942,0.03285,0.03725,0.03094
Time,s,91,0.02807,0.03287,0.03409,0.02872
Time,s,91,0.0292,0.03254,0.03465,0.02836
Time,s,91,0.02819,0.0332,0.03289,0.02768
Time,s,91,0.02846,0.03286,0.03331,0.02759
Time,s,91,0.02846,0.03244,0.03278,0.02725
Time,s,91,0.02987,0.03267,0.03245,0.02891
Time,s,91,0.0286,0.03219,0.03272,0.02795
Time,s,91,0.0286,0.03501,0.03236,0.02826
Time,s,91,0.02855,0.03702,0.03265,0.0279
Time,s,91,0.02818,0.03385,0.03285,0.02765
Time,s,91,0.02876,0.03414,0.03311,0.02734
Time,s,91,0.02925,0.03286,0.03217,0.02711
Time,s,91,0.02878,0.033,0.03341,0.03344
Time,s,91,0.02925,0.03186,0.03359,0.03746
Time,s,91,0.02974,0.03278,0.03334,0.03192
Time,s,91,0.02916,0.0405,0.03215,0.02946
Time,s,91,0.02892,0.03259,0.03234,0.031
Time,s,91,0.02943,0.03233,0.03224,0.02938
Time,s,91,0.02874,0.03272,0.03255,0.02907
Time,s,91,0.02875,0.03211,0.0319,0.02835
Time,s,91,0.03219,0.03302,0.0343,0.02817
Time,s,91,0.04282,0.03575,0.03339,0.02788
Time,s,91,0.03559,0.04108,0.03305,0.02825
Time,s,91,0.0314,0.04487,0.03278,0.02718
Time,s,91,0.03074,0.03894,0.03195,0.02899
Time,s,91,0.04094,0.03449,0.03202,0.03025
Time,s,91,0.03465,0.03256,0.03234,0.02865
Time,s,91,0.03004,0.03249,0.03257,0.0287
Time,s,91,0.02944,0.0319,0.03278,0.02815
Time,s,91,0.02954,0.03278,0.03312,0.02792
Time,s,91,0.02899,0.03259,0.0351,0.02917
Time,s,91,0.02928,0.03216,0.03292,0.02825
Time,s,91,0.02919,0.03206,0.03253,0.0278
Time,s,91,0.02886,0.03209,0.0319,0.02864
Time,s,91,0.02885,0.0339,0.03263,0.029
Time,s,91,0.02992,0.03337,0.03285,0.028
Time,s,91,0.03251,0.0326,0.0321,0.02821
Time,s,91,0.03214,0.03267,0.03223,0.02766
Time,s,91,0.02976,0.0333,0.03217,0.02738
Time,s,91,0.02968,0.03443,0.03189,0.02741
Time,s,91,0.0296,0.03376,0.03194,0.02886
Time,s,91,0.02836,0.03254,0.03216,0.03007
Time,s,91,0.0287,0.03178,0.03217,0.03251
Time,s,91,0.02898,0.0325,0.03546,0.0292
Time,s,91,0.02839,0.03333,0.03421,0.02779
Time,s,91,0.02963,0.03282,0.03243,0.02832
Time,s,91,0.02937,0.0316,0.03233,0.02853
Time,s,91,0.02875,0.0323,0.0341,0.02751
Time,s,91,0.02959,0.03397,0.03825,0.02744
Time,s,91,0.02974,0.0324,0.0332,0.0281
Time,s,91,0.0299,0.03201,0.03275,0.02769
Time,s,91,0.02986,0.03308,0.03264,0.0274
Time,s,91,0.02868,0.03239,0.03191,0.02749
Time,s,91,0.02903,0.0341,0.03405,0.02853
Time,s,91,0.02915,0.03337,0.03284,0.02807
Time,s,91,0.02903,0.03466,0.03298,0.02821
Time,s,91,0.02971,0.03879,0.03237,0.02933
Time,s,91,0.02963,0.03406,0.032,0.02728
Time,s,91,0.02873,0.03236,0.03252,0.02779
Time,s,91,0.02859,0.03156,0.03195,0.02781
Time,s,91,0.02833,0.03211,0.03334,0.02709
Time,s,91,0.02829,0.03178,0.03328,0.0274
Time,s,91,0.02889,0.03236,0.03246,0.03706
Time,s,91,0.02893,0.03232,0.03154,0.0291
Time,s,91,0.02969,0.03241,0.03315,0.02791
Time,s,91,0.02915,0.03207,0.0322,0.03003
Time,s,91,0.02905,0.03279,0.03345,0.02833
Time,s,91,0.02916,0.03268,0.03279,0.02742
Time,s,91,0.02893,0.0327,0.03318,0.02781
Time,s,91,0.02863,0.03467,0.03456,0.02762
Time,s,91,0.02894,0.03299,0.03436,0.02782
Time,s,91,0.02829,0.03301,0.03224,0.02842
Time,s,91,0.029,0.03479,0.03196,0.02981
Time,s,91,0.02905,0.03335,0.03233,0.0306
Time,s,91,0.02864,0.03294,0.03282,0.02818
Time,s,91,0.02891,0.03296,0.033,0.02734
Time,s,91,0.02873,0.03251,0.03347,0.02799
Time,s,91,0.02948,0.0336,0.03355,0.0276
Time,s,91,0.02874,0.03311,0.03233,0.02718
Time,s,91,0.03036,0.03284,0.03222,0.0275
Time,s,91,0.02872,0.03265,0.03339,0.02708
Time,s,91,0.029,0.03286,0.03326,0.02868
Time,s,91,0.02778,0.03298,0.03215,0.02861
Time,s,91,0.02977,0.03268,0.03277,0.02689
Time,s,92,0.0307,0.03275,0.03246,0.02789
Time,s,92,0.03006,0.03415,0.03299,0.02745
Time,s,92,0.02852,0.03523,0.03347,0.02791
Time,s,92,0.02983,0.03533,0.033,0.02827
Time,s,92,0.02917,0.03255,0.03226,0.028
Time,s,92,0.02838,0.03283,0.03165,0.02763
Time,s,92,0.02858,0.03258,0.03347,0.0273
Time,s,92,0.0303,0.03285,0.03364,0.02747
Time,s,92,0.03199,0.03204,0.03398,0.02822
Time,s,92,0.03225,0.03227,0.03378,0.02759
Time,s,92,0.02985,0.03246,0.03336,0.02734
Time,s,92,0.02943,0.0325,0.03629,0.02818
Time,s,92,0.02905,0.03183,0.04539,0.02801
Time,s,92,0.02825,0.03241,0.04328,0.02732
Time,s,92,0.0283,0.03302,0.03485,0.02796
Time,s,92,0.02839,0.034,0.03354,0.0317
Time,s,92,0.02865,0.03406,0.03302,0.03093
Time,s,92,0.02955,0.03292,0.03331,0.03034
Time,s,92,0.02958,0.03233,0.03246,0.02843
Time,s,92,0.02878,0.03336,0.03209,0.02723
Time,s,92,0.02882,0.03753,0.03225,0.02798
Time,s,92,0.02875,0.03555,0.03263,0.02687
Time,s,92,0.02927,0.03276,0.03258,0.02796
Time,s,92,0.02821,0.03254,0.03252,0.0286
Time,s,92,0.02865,0.03239,0.03286,0.02779
Time,s,92,0.02829,0.03311,0.03394,0.02755
Time,s,92,0.02848,0.03191,0.03225,0.02778
Time,s,92,0.02839,0.03234,0.03308,0.02866
Time,s,92,0.02811,0.03277,0.03346,0.02763
Time,s,92,0.02976,0.03198,0.03346,0.02858
Time,s,92,0.02842,0.03213,0.03262,0.02829
Time,s,92,0.02852,0.0321,0.03229,0.02822
Time,s,92,0.02841,0.03244,0.03219,0.02805
Time,s,92,0.02869,0.0331,0.03325,0.02748
Time,s,92,0.03093,0.0341,0.03469,0.02809
Time,s,92,0.02927,0.03299,0.033,0.02868
Time,s,92,0.03033,0.03288,0.03368,0.02837
Time,s,92,0.02858,0.03542,0.03334,0.02785
Time,s,92,0.0289,0.03367,0.03296,0.02785
Time,s,92,0.02866,0.03228,0.03233,0.02774
Time,s,92,0.03032,0.03185,0.03249,0.02739
Time,s,92,0.02914,0.03166,0.03253,0.02754
Time,s,92,0.02896,0.03176,0.03212,0.02711
Time,s,92,0.02887,0.03137,0.03288,0.0277
Time,s,92,0.02823,0.03236,0.03211,0.02765
Time,s,92,0.02899,0.0326,0.03374,0.02845
Time,s,92,0.03003,0.03328,0.03331,0.02802
Time,s,92,0.02977,0.03212,0.03209,0.0295
Time,s,92,0.02877,0.03278,0.03261,0.02859
Time,s,92,0.02924,0.03244,0.03285,0.02853
Time,s,92,0.03022,0.03271,0.03311,0.02888
Time,s,92,0.02893,0.03213,0.03236,0.02848
Time,s,92,0.02836,0.03194,0.0322,0.02859
Time,s,92,0.02821,0.03233,0.03236,0.02828
Time,s,92,0.02901,0.03226,0.03204,0.02751
Time,s,92,0.02906,0.03252,0.03201,0.02929
Time,s,92,0.02933,0.04482,0.03246,0.02878
Time,s,92,0.02865,0.03865,0.03473,0.02945
Time,s,92,0.02831,0.03462,0.03375,0.02745
Time,s,92,0.02869,0.03298,0.03283,0.02749
Time,s,92,0.0286,0.03231,0.03281,0.0276
Time,s,92,0.02862,0.03245,0.03371,0.02754
Time,s,92,0.02846,0.03257,0.03893,0.02825
Time,s,92,0.03049,0.03166,0.03419,0.02774
Time,s,92,0.03507,0.03328,0.0332,0.02836
Time,s,92,0.02974,0.03382,0.0329,0.02773
Time,s,92,0.02933,0.03459,0.03609,0.02836
Time,s,92,0.02958,0.0337,0.03509,0.02851
Time,s,92,0.02927,0.03445,0.03462,0.02782
Time,s,92,0.02892,0.03853,0.03273,0.02767
Time,s,92,0.02865,0.03391,0.03298,0.02745
Time,s,92,0.02943,0.03332,0.03218,0.02879
Time,s,92,0.02916,0.03188,0.03222,0.03044
Time,s,92,0.02978,0.03198,0.03286,0.03065
Time,s,92,0.02891,0.03183,0.03218,0.02889
Time,s,92,0.02888,0.03299,0.03232,0.02831
Time,s,92,0.02825,0.03371,0.03266,0.02755
Time,s,92,0.02829,0.03287,0.03208,0.02758
Time,s,92,0.02966,0.03295,0.03336,0.02716
Time,s,92,0.02902,0.03196,0.03254,0.0272
Time,s,92,0.02883,0.03245,0.03264,0.02785
Time,s,92,0.02925,0.04069,0.03381,0.02735
Time,s,92,0.0289,0.03284,0.0327,0.02742
Time,s,92,0.0301,0.03189,0.03239,0.02822
Time,s,92,0.02863,0.03181,0.03265,0.02776
Time,s,92,0.02852,0.03407,0.03247,0.02747
Time,s,92,0.02881,0.03362,0.03266,0.02812
Time,s,92,0.02824,0.03304,0.03266,0.02886
Time,s,92,0.02825,0.03239,0.03326,0.0295
Time,s,92,0.02838,0.03163,0.03261,0.0293
Time,s,92,0.02852,0.03361,0.03302,0.0276
Time,s,92,0.03016,0.0328,0.03286,0.02791
Time,s,92,0.02938,0.03186,0.03292,0.0279
Time,s,92,0.02842,0.03201,0.03201,0.02876
Time,s,92,0.02878,0.03221,0.04103,0.02859
Time,s,92,0.02838,0.03168,0.04361,0.02763
Time,s,92,0.02854,0.03186,0.03921,0.02703
Time,s,92,0.02889,0.03423,0.035,0.02656
Time,s,92,0.02881,0.03336,0.03527,0.02713
Time,s,92,0.02856,0.03399,0.03329,0.02703
Time,s,93,0.02884,0.03251,0.03386,0.0273
Time,s,93,0.02917,0.03189,0.03251,0.02783
Time,s,93,0.02852,0.03216,0.03243,0.02686
Time,s,93,0.03126,0.03276,0.03204,0.02812
Time,s,93,0.02959,0.0325,0.03297,0.03012
Time,s,93,0.02853,0.03209,0.03354,0.02818
Time,s,93,0.02984,0.03451,0.03252,0.02741
Time,s,93,0.02932,0.03269,0.03184,0.02761
Time,s,93,0.02949,0.03351,0.03145,0.02837
Time,s,93,0.02844,0.03312,0.0331,0.02795
Time,s,93,0.02888,0.03252,0.03813,0.02719
Time,s,93,0.0294,0.03212,0.03432,0.02727
Time,s,93,0.029,0.03208,0.03253,0.02739
Time,s,93,0.02823,0.03257,0.03211,0.0298
Time,s,93,0.02812,0.03297,0.03182,0.05372
Time,s,93,0.02865,0.03268,0.03235,0.04561
Time,s,93,0.02895,0.03241,0.03263,0.03449
Time,s,93,0.02862,0.03664,0.03268,0.02892
Time,s,93,0.02873,0.03541,0.03186,0.02837
Time,s,93,0.03007,0.03286,0.03161,0.02776
Time,s,93,0.03504,0.0323,0.03196,0.02781
Time,s,93,0.03111,0.03252,0.03244,0.02819
Time,s,93,0.02924,0.03209,0.03205,0.03459
Time,s,93,0.0289,0.03292,0.03176,0.03661
Time,s,93,0.02878,0.03224,0.03246,0.03163
Time,s,93,0.02882,0.03204,0.03164,0.03075
Time,s,93,0.02838,0.03302,0.03331,0.02886
Time,s,93,0.02922,0.03216,0.03341,0.02931
Time,s,93,0.0288,0.03134,0.03198,0.03375
Time,s,93,0.0285,0.03394,0.0321,0.03043
Time,s,93,0.02838,0.03299,0.03305,0.02929
Time,s,93,0.02813,0.03251,0.03292,0.02842
Time,s,93,0.0277,0.03349,0.03178,0.02863
Time,s,93,0.02858,0.03305,0.03298,0.028
Time,s,93,0.02879,0.03577,0.03281,0.02805
Time,s,93,0.02882,0.03302,0.03216,0.02744
Time,s,93,0.029,0.03286,0.03228,0.02767
Time,s,93,0.03078,0.03352,0.03241,0.02777
Time,s,93,0.02895,0.03255,0.03231,0.02813
Time,s,93,0.02983,0.03171,0.03213,0.0285
Time,s,93,0.02878,0.03224,0.03216,0.02814
Time,s,93,0.02978,0.03274,0.03263,0.02884
Time,s,93,0.02828,0.03282,0.03284,0.02789
Time,s,93,0.02863,0.03329,0.03306,0.0282
Time,s,93,0.02817,0.03233,0.03175,0.02874
Time,s,93,0.02833,0.03206,0.03237,0.02779
Time,s,93,0.0281,0.0315,0.03195,0.02741
Time,s,93,0.02803,0.03126,0.03167,0.02831
Time,s,93,0.02872,0.03264,0.03174,0.02827
Time,s,93,0.0283,0.03267,0.0318,0.02785
Time,s,93,0.02834,0.03269,0.03258,0.02756
Time,s,93,0.02839,0.03165,0.03176,0.02797
Time,s,93,0.02958,0.03206,0.03241,0.02761
Time,s,93,0.03003,0.03201,0.03188,0.02797
Time,s,93,0.02982,0.03223,0.03283,0.02742
Time,s,93,0.02903,0.03188,0.03338,0.02796
Time,s,93,0.02824,0.03281,0.03157,0.0285
Time,s,93,0.02985,0.03263,0.03271,0.02783
Time,s,93,0.0296,0.03259,0.03366,0.0279
Time,s,93,0.02901,0.0318,0.03483,0.02898
Time,s,93,0.02827,0.03189,0.03625,0.0292
Time,s,93,0.02919,0.03402,0.0324,0.02789
Time,s,93,0.03,0.0357,0.03246,0.02678
Time,s,93,0.02888,0.03421,0.0328,0.02868
Time,s,93,0.02909,0.03199,0.03289,0.02851
Time,s,93,0.02899,0.03382,0.03282,0.02713
Time,s,93,0.0281,0.03808,0.03292,0.02814
Time,s,93,0.0282,0.0374,0.03196,0.02981
Time,s,93,0.02854,0.03389,0.03238,0.02927
Time,s,93,0.02773,0.0328,0.03267,0.0277
Time,s,93,0.02766,0.03197,0.03197,0.02728
Time,s,93,0.02909,0.03209,0.0323,0.02805
Time,s,93,0.03019,0.03317,0.03239,0.02768
Time,s,93,0.02937,0.03226,0.03166,0.02732
Time,s,93,0.02979,0.03185,0.03198,0.02725
Time,s,93,0.03484,0.03281,0.03171,0.02775
Time,s,93,0.03203,0.03292,0.03292,0.02773
Time,s,93,0.02907,0.03208,0.03205,0.02818
Time,s,93,0.02843,0.03184,0.03191,0.02759
Time,s,93,0.02853,0.03197,0.03183,0.02863
Time,s,93,0.02883,0.03331,0.03139,0.02821
Time,s,93,0.02831,0.03301,0.03178,0.02649
Time,s,93,0.02865,0.03302,0.03163,0.02746
Time,s,93,0.02885,0.03455,0.03182,0.02814
Time,s,93,0.02884,0.03328,0.03124,0.02764
Time,s,93,0.02865,0.03206,0.03109,0.03065
Time,s,93,0.03033,0.03145,0.03134,0.03106
Time,s,93,0.02902,0.03187,0.0325,0.02792
Time,s,93,0.02883,0.03282,0.03189,0.02711
Time,s,93,0.02982,0.03274,0.03308,0.02762
Time,s,93,0.02975,0.03137,0.03229,0.02828
Time,s,93,0.02988,0.03142,0.03166,0.02746
Time,s,93,0.02951,0.03225,0.0335,0.0284
Time,s,93,0.02918,0.03245,0.0323,0.02826
Time,s,93,0.03057,0.03261,0.0319,0.02766
Time,s,93,0.03063,0.03313,0.03198,0.0269
Time,s,93,0.02965,0.03233,0.03405,0.02764
Time,s,93,0.02977,0.03425,0.03252,0.02724
Time,s,93,0.02947,0.03519,0.03223,0.0277
Time,s,93,0.0292,0.03268,0.03072,0.0267
Time,s,94,0.02946,0.03212,0.03148,0.02708
Time,s,94,0.03116,0.03259,0.03197,0.02695
Time,s,94,0.02986,0.03189,0.03167,0.02835
Time,s,94,0.02898,0.03164,0.03254,0.02805
Time,s,94,0.02941,0.03204,0.03386,0.02677
Time,s,94,0.02982,0.03218,0.03192,0.03026
Time,s,94,0.03066,0.03241,0.03228,0.02868
Time,s,94,0.02905,0.03202,0.03118,0.02847
Time,s,94,0.02895,0.03225,0.0322,0.02736
Time,s,94,0.02935,0.03224,0.03675,0.02721
Time,s,94,0.02965,0.03231,0.03497,0.02692
Time,s,94,0.0304,0.03209,0.03248,0.02797
Time,s,94,0.03017,0.0322,0.03221,0.02744
Time,s,94,0.03087,0.03208,0.0313,0.02715
Time,s,94,0.02899,0.03284,0.03188,0.02721
Time,s,94,0.02956,0.03653,0.03192,0.02853
Time,s,94,0.02926,0.03585,0.03136,0.02791
Time,s,94,0.03042,0.03319,0.03209,0.02974
Time,s,94,0.03027,0.0329,0.03114,0.02834
Time,s,94,0.03006,0.03229,0.03241,0.02705
Time,s,94,0.02965,0.03155,0.0328,0.02725
Time,s,94,0.02987,0.03288,0.03185,0.02789
Time,s,94,0.02913,0.03263,0.0315,0.02754
Time,s,94,0.03223,0.03168,0.03137,0.02779
Time,s,94,0.03474,0.03137,0.03266,0.02812
Time,s,94,0.03227,0.03175,0.03261,0.02886
Time,s,94,0.03062,0.03155,0.03258,0.02773
Time,s,94,0.02956,0.03363,0.03197,0.02733
Time,s,94,0.02943,0.0344,0.032,0.03071
Time,s,94,0.03071,0.03343,0.03368,0.02878
Time,s,94,0.03377,0.03275,0.03234,0.02706
Time,s,94,0.03239,0.03304,0.03189,0.02809
Time,s,94,0.03064,0.03527,0.0311,0.02674
Time,s,94,0.02894,0.04089,0.03198,0.02782
Time,s,94,0.02924,0.03209,0.03245,0.02744
Time,s,94,0.02936,0.0323,0.03212,0.0278
Time,s,94,0.02966,0.03249,0.03181,0.02681
Time,s,94,0.02998,0.03243,0.03139,0.02801
Time,s,94,0.03028,0.03184,0.03223,0.02766
Time,s,94,0.03016,0.03185,0.0318,0.02723
Time,s,94,0.02952,0.03235,0.03224,0.02693
Time,s,94,0.03071,0.03212,0.03261,0.02837
Time,s,94,0.03091,0.03187,0.03232,0.02887
Time,s,94,0.02884,0.03229,0.03278,0.03203
Time,s,94,0.02946,0.03226,0.03183,0.03063
Time,s,94,0.02944,0.03217,0.03244,0.02937
Time,s,94,0.02982,0.03191,0.0317,0.02831
Time,s,94,0.02927,0.03245,0.03169,0.02714
Time,s,94,0.02997,0.03244,0.03171,0.0278
Time,s,94,0.03013,0.03208,0.03182,0.02721
Time,s,94,0.02989,0.03185,0.03225,0.02695
Time,s,94,0.02934,0.03184,0.03398,0.02758
Time,s,94,0.02935,0.03186,0.03247,0.0288
Time,s,94,0.02878,0.03191,0.03256,0.02819
Time,s,94,0.02879,0.03413,0.03406,0.02782
Time,s,94,0.02917,0.03294,0.03197,0.02806
Time,s,94,0.02894,0.0316,0.03207,0.0285
Time,s,94,0.02892,0.03217,0.03188,0.02811
Time,s,94,0.02942,0.03172,0.0337,0.02754
Time,s,94,0.02879,0.0347,0.03834,0.02732
Time,s,94,0.02993,0.03325,0.03381,0.0272
Time,s,94,0.02908,0.03931,0.03293,0.02776
Time,s,94,0.0297,0.04344,0.03508,0.02862
Time,s,94,0.02918,0.03935,0.04204,0.02922
Time,s,94,0.02933,0.04002,0.03624,0.02858
Time,s,94,0.02946,0.03411,0.03244,0.02835
Time,s,94,0.02908,0.03389,0.03126,0.0284
Time,s,94,0.02925,0.03272,0.03197,0.0276
Time,s,94,0.03014,0.03263,0.03226,0.02759
Time,s,94,0.02978,0.03239,0.03195,0.02814
Time,s,94,0.02896,0.03939,0.03177,0.02951
Time,s,94,0.02857,0.03761,0.03175,0.02759
Time,s,94,0.03021,0.03454,0.032,0.0282
Time,s,94,0.03238,0.03268,0.03209,0.02858
Time,s,94,0.04604,0.03266,0.03178,0.02963
Time,s,94,0.05244,0.03192,0.03179,0.02763
Time,s,94,0.04153,0.03192,0.03272,0.02802
Time,s,94,0.03235,0.0325,0.03309,0.02789
Time,s,94,0.03139,0.0335,0.03187,0.02716
Time,s,94,0.03106,0.03755,0.03114,0.02855
Time,s,94,0.02994,0.0361,0.03198,0.02749
Time,s,94,0.03005,0.03398,0.03347,0.02739
Time,s,94,0.02965,0.03354,0.03214,0.02901
Time,s,94,0.03327,0.03328,0.0316,0.02793
Time,s,94,0.03686,0.03313,0.03235,0.02791
Time,s,94,0.03086,0.03447,0.03167,0.02771
Time,s,94,0.02989,0.03398,0.03135,0.02707
Time,s,94,0.02984,0.03466,0.03192,0.02716
Time,s,94,0.02878,0.03508,0.0325,0.02724
Time,s,94,0.02871,0.03304,0.03144,0.02711
Time,s,94,0.03009,0.03492,0.03189,0.0279
Time,s,94,0.02925,0.0343,0.03355,0.02851
Time,s,94,0.02954,0.03298,0.0319,0.02777
Time,s,94,0.02994,0.03316,0.03218,0.02794
Time,s,94,0.02945,0.03402,0.03337,0.02907
Time,s,94,0.0318,0.03364,0.03289,0.02808
Time,s,94,0.03047,0.03283,0.04022,0.02832
Time,s,94,0.03039,0.03289,0.03172,0.02737
Time,s,94,0.02983,0.03329,0.03125,0.02737
Time,s,94,0.03032,0.03263,0.03135,0.02901
Time,s,95,0.02998,0.03231,0.03157,0.03269
Time,s,95,0.03309,0.03352,0.03258,0.03215
Time,s,95,0.04515,0.03371,0.03296,0.02825
Time,s,95,0.03915,0.03305,0.03254,0.02755
Time,s,95,0.03389,0.03277,0.03202,0.02764
Time,s,95,0.03098,0.03337,0.03262,0.0287
Time,s,95,0.0301,0.03411,0.03186,0.02792
Time,s,95,0.03051,0.03297,0.03312,0.03061
Time,s,95,0.02966,0.03255,0.03769,0.03921
Time,s,95,0.02958,0.03365,0.0341,0.03303
Time,s,95,0.02941,0.03345,0.03272,0.02928
Time,s,95,0.02953,0.03466,0.03217,0.02799
Time,s,95,0.02938,0.04004,0.0328,0.0278
Time,s,95,0.02962,0.03481,0.03169,0.0283
Time,s,95,0.02984,0.04411,0.03171,0.02809
Time,s,95,0.03004,0.03999,0.03118,0.02759
Time,s,95,0.03035,0.03654,0.03183,0.02757
Time,s,95,0.03255,0.03441,0.03207,0.02906
Time,s,95,0.03504,0.03478,0.03213,0.02797
Time,s,95,0.03187,0.03421,0.03109,0.02858
Time,s,95,0.02986,0.0338,0.03205,0.02943
Time,s,95,0.02863,0.03398,0.03204,0.0289
Time,s,95,0.03004,0.03415,0.03162,0.02706
Time,s,95,0.02957,0.03458,0.03229,0.02736
Time,s,95,0.03,0.03317,0.0326,0.02676
Time,s,95,0.03112,0.03362,0.03299,0.02743
Time,s,95,0.02984,0.03385,0.0328,0.02727
Time,s,95,0.03172,0.03416,0.03326,0.02772
Time,s,95,0.03544,0.0358,0.0317,0.02759
Time,s,95,0.03457,0.03447,0.03151,0.02851
Time,s,95,0.03773,0.03337,0.03183,0.02802
Time,s,95,0.03697,0.03294,0.03204,0.03134
Time,s,95,0.03459,0.03332,0.03145,0.029
Time,s,95,0.03353,0.03354,0.03184,0.02894
Time,s,95,0.03262,0.03347,0.03232,0.02882
Time,s,95,0.03397,0.03325,0.03167,0.02915
Time,s,95,0.03883,0.03325,0.0324,0.02758
Time,s,95,0.03239,0.03372,0.03196,0.02732
Time,s,95,0.03021,0.03329,0.03235,0.02789
Time,s,95,0.0293,0.03371,0.03242,0.02768
Time,s,95,0.02909,0.03307,0.03239,0.02705
Time,s,95,0.02942,0.03317,0.03377,0.02787
Time,s,95,0.02911,0.03365,0.0337,0.02846
Time,s,95,0.03093,0.03393,0.03342,0.02807
Time,s,95,0.03149,0.03301,0.03238,0.02824
Time,s,95,0.0307,0.03357,0.03186,0.02896
Time,s,95,0.02995,0.03543,0.03224,0.02773
Time,s,95,0.02979,0.03367,0.0318,0.02768
Time,s,95,0.02919,0.03269,0.03293,0.02829
Time,s,95,0.02907,0.03271,0.03237,0.02786
Time,s,95,0.02969,0.03296,0.03333,0.02721
Time,s,95,0.0297,0.03416,0.03437,0.02707
Time,s,95,0.0295,0.03337,0.03463,0.02785
Time,s,95,0.0296,0.03227,0.03393,0.02723
Time,s,95,0.03058,0.03318,0.0328,0.02713
Time,s,95,0.03015,0.03557,0.03279,0.02718
Time,s,95,0.03012,0.03355,0.03387,0.03113
Time,s,95,0.03111,0.03284,0.04204,0.03318
Time,s,95,0.03346,0.03272,0.03494,0.03147
Time,s,95,0.03064,0.03419,0.03433,0.02899
Time,s,95,0.02959,0.0361,0.03419,0.02772
Time,s,95,0.02953,0.03708,0.03314,0.0271
Time,s,95,0.03009,0.03369,0.03281,0.02739
Time,s,95,0.02901,0.03369,0.03298,0.02832
Time,s,95,0.02871,0.03335,0.03305,0.02841
Time,s,95,0.02908,0.03346,0.03341,0.02847
Time,s,95,0.03048,0.03458,0.03385,0.02807
Time,s,95,0.02997,0.03354,0.03414,0.02764
Time,s,95,0.03077,0.03338,0.03309,0.02726
Time,s,95,0.03111,0.03314,0.03304,0.02949
Time,s,95,0.03057,0.03256,0.03269,0.02913
Time,s,95,0.02969,0.03338,0.03398,0.02867
Time,s,95,0.03037,0.03372,0.03478,0.02795
Time,s,95,0.03029,0.03337,0.03518,0.02784
Time,s,95,0.02946,0.03368,0.03392,0.02788
Time,s,95,0.02949,0.03405,0.0343,0.02825
Time,s,95,0.02926,0.0363,0.03305,0.02798
Time,s,95,0.03035,0.03535,0.03317,0.02793
Time,s,95,0.03052,0.03392,0.03279,0.02855
Time,s,95,0.02948,0.0336,0.03316,0.02732
Time,s,95,0.02971,0.03389,0.03247,0.02832
Time,s,95,0.02935,0.04234,0.03272,0.02762
Time,s,95,0.0289,0.03403,0.0338,0.02745
Time,s,95,0.02943,0.03498,0.03368,0.02772
Time,s,95,0.02878,0.03417,0.0335,0.02814
Time,s,95,0.02932,0.03359,0.0338,0.02762
Time,s,95,0.02947,0.03348,0.03296,0.02746
Time,s,95,0.02967,0.03571,0.03286,0.02791
Time,s,95,0.02936,0.034,0.03285,0.02777
Time,s,95,0.02878,0.03382,0.03273,0.029
Time,s,95,0.03074,0.03371,0.0341,0.02837
Time,s,95,0.03472,0.03445,0.0329,0.02766
Time,s,95,0.03103,0.03334,0.03381,0.02752
Time,s,95,0.0296,0.03288,0.03484,0.02739
Time,s,95,0.03006,0.03257,0.03287,0.02887
Time,s,95,0.02937,0.03395,0.0323,0.02798
Time,s,95,0.03013,0.03351,0.03329,0.02874
Time,s,95,0.02919,0.03308,0.03284,0.02962
Time,s,95,0.02979,0.03287,0.03264,0.02779
Time,s,95,0.0293,0.03385,0.03242,0.02786
Time,s,96,0.02952,0.03324,0.03315,0.02699
Time,s,96,0.03066,0.03318,0.03517,0.02725
Time,s,96,0.03014,0.03293,0.03439,0.02691
Time,s,96,0.03003,0.0329,0.03449,0.02815
Time,s,96,0.02931,0.03416,0.03302,0.02869
Time,s,96,0.02954,0.0351,0.03349,0.02962
Time,s,96,0.03967,0.03349,0.03686,0.02881
Time,s,96,0.0303,0.03387,0.03656,0.02844
Time,s,96,0.02899,0.03439,0.03445,0.02864
Time,s,96,0.03099,0.03983,0.03261,0.02714
Time,s,96,0.0302,0.03445,0.03264,0.02825
Time,s,96,0.02955,0.03356,0.03276,0.02802
Time,s,96,0.02951,0.03328,0.03256,0.02764
Time,s,96,0.02939,0.03324,0.03287,0.03985
Time,s,96,0.02952,0.03365,0.03345,0.04071
Time,s,96,0.03011,0.03315,0.03361,0.03103
Time,s,96,0.02978,0.03423,0.03371,0.02952
Time,s,96,0.0295,0.03351,0.03352,0.02762
Time,s,96,0.0295,0.03283,0.03324,0.0271
Time,s,96,0.0289,0.03418,0.0332,0.02748
Time,s,96,0.02886,0.03411,0.03369,0.02851
Time,s,96,0.02927,0.03358,0.0358,0.02818
Time,s,96,0.02986,0.03314,0.04818,0.02806
Time,s,96,0.02889,0.03298,0.04003,0.02796
Time,s,96,0.02835,0.03344,0.03602,0.02754
Time,s,96,0.02767,0.0347,0.03493,0.02783
Time,s,96,0.02813,0.0343,0.03364,0.0274
Time,s,96,0.02925,0.03378,0.03304,0.02747
Time,s,96,0.02784,0.03383,0.03259,0.02718
Time,s,96,0.02832,0.03392,0.03315,0.02768
Time,s,96,0.02863,0.03315,0.03243,0.02751
Time,s,96,0.02815,0.03408,0.03463,0.02979
Time,s,96,0.02951,0.03316,0.03409,0.03049
Time,s,96,0.02999,0.03326,0.03354,0.02956
Time,s,96,0.02956,0.03407,0.03289,0.03015
Time,s,96,0.02999,0.03468,0.03271,0.02872
Time,s,96,0.02906,0.03324,0.03285,0.02848
Time,s,96,0.02821,0.03375,0.03527,0.02876
Time,s,96,0.02797,0.03449,0.03465,0.02914
Time,s,96,0.0285,0.03338,0.03336,0.02941
Time,s,96,0.02897,0.03298,0.03344,0.02937
Time,s,96,0.0284,0.03355,0.03459,0.02889
Time,s,96,0.02897,0.03367,0.03466,0.02849
Time,s,96,0.02841,0.0339,0.03363,0.02832
Time,s,96,0.02835,0.03256,0.03304,0.02851
Time,s,96,0.02866,0.03374,0.03304,0.03098
Time,s,96,0.03233,0.03346,0.03379,0.02877
Time,s,96,0.03233,0.0331,0.03267,0.02885
Time,s,96,0.03022,0.03355,0.03249,0.02849
Time,s,96,0.02932,0.03466,0.03312,0.02802
Time,s,96,0.02828,0.03357,0.03583,0.02785
Time,s,96,0.02901,0.03339,0.03358,0.02896
Time,s,96,0.02905,0.03461,0.03267,0.02873
Time,s,96,0.02879,0.03336,0.03343,0.02833
Time,s,96,0.02846,0.03328,0.03553,0.02785
Time,s,96,0.02877,0.0331,0.04044,0.02841
Time,s,96,0.02855,0.03259,0.03491,0.02772
Time,s,96,0.02891,0.03422,0.03547,0.02851
Time,s,96,0.02846,0.03715,0.03416,0.02882
Time,s,96,0.02857,0.03684,0.03289,0.02893
Time,s,96,0.02786,0.03521,0.03321,0.02847
Time,s,96,0.02893,0.03324,0.03348,0.0285
Time,s,96,0.0284,0.03342,0.03306,0.02879
Time,s,96,0.02832,0.0333,0.03252,0.02844
Time,s,96,0.03048,0.03464,0.03258,0.02828
Time,s,96,0.02858,0.03474,0.0335,0.0279
Time,s,96,0.0293,0.03334,0.03291,0.03079
Time,s,96,0.02855,0.03328,0.03315,0.02837
Time,s,96,0.02874,0.03385,0.03298,0.02826
Time,s,96,0.03039,0.03376,0.03317,0.02884
Time,s,96,0.03419,0.03408,0.03412,0.03152
Time,s,96,0.03161,0.03392,0.03361,0.03552
Time,s,96,0.02937,0.03349,0.03372,0.03088
Time,s,96,0.02842,0.03317,0.03402,0.0291
Time,s,96,0.02896,0.03442,0.03371,0.03013
Time,s,96,0.02825,0.03582,0.03261,0.02939
Time,s,96,0.0289,0.03349,0.03254,0.02805
Time,s,96,0.0296,0.03313,0.0333,0.02823
Time,s,96,0.02835,0.03377,0.03314,0.02813
Time,s,96,0.02904,0.03325,0.03351,0.02948
Time,s,96,0.02916,0.03266,0.03258,0.02884
Time,s,96,0.02971,0.03325,0.03256,0.02818
Time,s,96,0.03029,0.03425,0.03296,0.02869
Time,s,96,0.03029,0.03324,0.03363,0.0298
Time,s,96,0.02952,0.03412,0.03347,0.02898
Time,s,96,0.02876,0.03454,0.03291,0.02853
Time,s,96,0.02894,0.03376,0.03382,0.02826
Time,s,96,0.02855,0.03324,0.03344,0.02795
Time,s,96,0.03088,0.0343,0.03405,0.02849
Time,s,96,0.02973,0.03342,0.03424,0.02827
Time,s,96,0.02872,0.03409,0.03557,0.02825
Time,s,96,0.02876,0.03367,0.03485,0.02854
Time,s,96,0.02901,0.0334,0.03394,0.02872
Time,s,96,0.0283,0.03347,0.03361,0.02828
Time,s,96,0.02819,0.03466,0.03312,0.02815
Time,s,96,0.02918,0.03479,0.03297,0.02763
Time,s,96,0.02878,0.03365,0.03283,0.02825
Time,s,96,0.02876,0.03424,0.03312,0.02826
Time,s,96,0.02886,0.03355,0.03241,0.03044
Time,s,96,0.02914,0.03325,0.03519,0.02894
Time,s,97,0.03669,0.03302,0.03459,0.02891
Time,s,97,0.04214,0.03343,0.0335,0.02911
Time,s,97,0.03382,0.03317,0.03356,0.03078
Time,s,97,0.03068,0.03359,0.0343,0.02882
Time,s,97,0.03002,0.03361,0.03992,0.02832
Time,s,97,0.03037,0.03367,0.03507,0.02852
Time,s,97,0.02918,0.03346,0.0337,0.02807
Time,s,97,0.02821,0.03702,0.03269,0.0285
Time,s,97,0.02831,0.03837,0.03213,0.03029
Time,s,97,0.02857,0.03417,0.03336,0.02983
Time,s,97,0.02908,0.0333,0.03269,0.0295
Time,s,97,0.0281,0.03339,0.03298,0.02834
Time,s,97,0.02826,0.03434,0.03246,0.02821
Time,s,97,0.02826,0.03359,0.03264,0.02799
Time,s,97,0.03063,0.03244,0.03262,0.02869
Time,s,97,0.02958,0.03385,0.03259,0.02834
Time,s,97,0.02904,0.03275,0.0328,0.02761
Time,s,97,0.02897,0.03448,0.03243,0.02808
Time,s,97,0.0302,0.03325,0.03248,0.02736
Time,s,97,0.0289,0.03282,0.03254,0.02801
Time,s,97,0.029,0.03316,0.03383,0.02867
Time,s,97,0.02822,0.03248,0.03529,0.02852
Time,s,97,0.02932,0.03335,0.03431,0.02857
Time,s,97,0.02909,0.03662,0.0344,0.02799
Time,s,97,0.02967,0.03634,0.03408,0.02792
Time,s,97,0.02881,0.03318,0.044,0.02857
Time,s,97,0.02895,0.03313,0.03825,0.02762
Time,s,97,0.02837,0.03272,0.03518,0.0286
Time,s,97,0.02892,0.03409,0.03364,0.03036
Time,s,97,0.02885,0.04223,0.0331,0.03217
Time,s,97,0.02871,0.03387,0.03288,0.02951
Time,s,97,0.02906,0.03432,0.03274,0.02846
Time,s,97,0.02816,0.03414,0.03379,0.02924
Time,s,97,0.0296,0.03385,0.03372,0.02797
Time,s,97,0.02865,0.03342,0.03275,0.02796
Time,s,97,0.0288,0.03343,0.03262,0.02763
Time,s,97,0.0306,0.0345,0.03353,0.02828
Time,s,97,0.03045,0.03338,0.03278,0.02893
Time,s,97,0.02931,0.03417,0.03303,0.0281
Time,s,97,0.02926,0.03356,0.03326,0.02814
Time,s,97,0.0281,0.03374,0.03377,0.02744
Time,s,97,0.02915,0.03295,0.03375,0.02811
Time,s,97,0.02944,0.03309,0.03266,0.02837
Time,s,97,0.02968,0.03276,0.03279,0.02835
Time,s,97,0.02998,0.03399,0.03367,0.02937
Time,s,97,0.02895,0.03482,0.0335,0.0287
Time,s,97,0.02795,0.03359,0.03349,0.02841
Time,s,97,0.02889,0.03375,0.03246,0.02935
Time,s,97,0.02817,0.03513,0.03373,0.02952
Time,s,97,0.02868,0.03589,0.03518,0.02925
Time,s,97,0.02858,0.03539,0.03684,0.0284
Time,s,97,0.02992,0.03392,0.03492,0.02851
Time,s,97,0.02913,0.03363,0.03479,0.02855
Time,s,97,0.02894,0.03525,0.04011,0.02803
Time,s,97,0.02947,0.03322,0.03517,0.02846
Time,s,97,0.0303,0.03546,0.03484,0.02765
Time,s,97,0.03134,0.03965,0.03393,0.0283
Time,s,97,0.03434,0.03461,0.03398,0.02815
Time,s,97,0.03,0.03358,0.03321,0.02824
Time,s,97,0.02971,0.03374,0.03325,0.0283
Time,s,97,0.02947,0.03341,0.03239,0.02922
Time,s,97,0.029,0.03409,0.03306,0.02849
Time,s,97,0.02881,0.03344,0.0341,0.02939
Time,s,97,0.02944,0.03335,0.03382,0.02778
Time,s,97,0.02833,0.0331,0.03231,0.02771
Time,s,97,0.02943,0.03229,0.0329,0.02798
Time,s,97,0.02895,0.03328,0.03298,0.02906
Time,s,97,0.02803,0.03383,0.03289,0.02841
Time,s,97,0.02798,0.03307,0.03281,0.0279
Time,s,97,0.02852,0.03876,0.03329,0.02835
Time,s,97,0.02832,0.04325,0.03322,0.02865
Time,s,97,0.03004,0.0401,0.03303,0.02817
Time,s,97,0.02978,0.03512,0.03316,0.02816
Time,s,97,0.02946,0.03339,0.03361,0.02787
Time,s,97,0.02925,0.03353,0.03271,0.02839
Time,s,97,0.02968,0.03346,0.03224,0.02812
Time,s,97,0.0368,0.03363,0.03289,0.0283
Time,s,97,0.02902,0.03403,0.03293,0.02867
Time,s,97,0.02864,0.03402,0.03314,0.02969
Time,s,97,0.02958,0.03347,0.03315,0.02909
Time,s,97,0.02921,0.03437,0.03486,0.02841
Time,s,97,0.02822,0.03418,0.03286,0.02832
Time,s,97,0.0288,0.03594,0.03281,0.02805
Time,s,97,0.0285,0.03393,0.03309,0.02866
Time,s,97,0.0282,0.03836,0.03289,0.02815
Time,s,97,0.02919,0.04712,0.03288,0.02813
Time,s,97,0.02813,0.04089,0.03314,0.02962
Time,s,97,0.02888,0.036,0.03462,0.03902
Time,s,97,0.03047,0.03429,0.03493,0.03001
Time,s,97,0.03129,0.0337,0.03286,0.02924
Time,s,97,0.02976,0.03306,0.03337,0.02853
Time,s,97,0.02908,0.03372,0.03221,0.02803
Time,s,97,0.03019,0.03375,0.03275,0.02891
Time,s,97,0.02915,0.03489,0.03384,0.02872
Time,s,97,0.02889,0.03324,0.04153,0.02811
Time,s,97,0.02804,0.03371,0.03281,0.02811
Time,s,97,0.02993,0.03306,0.03247,0.02895
Time,s,97,0.02977,0.03418,0.03319,0.02839
Time,s,97,0.03074,0.0337,0.03541,0.02795
Time,s,97,0.0296,0.03428,0.03337,0.02816
Time,s,98,0.02853,0.03334,0.03295,0.02911
Time,s,98,0.02824,0.03492,0.03471,0.029
Time,s,98,0.02871,0.03465,0.0395,0.02823
Time,s,98,0.02831,0.03825,0.03449,0.0287
Time,s,98,0.02818,0.03632,0.03392,0.02799
Time,s,98,0.03,0.03404,0.03352,0.02929
Time,s,98,0.02954,0.03307,0.03293,0.02804
Time,s,98,0.02815,0.03356,0.03209,0.0285
Time,s,98,0.0289,0.03353,0.03222,0.02818
Time,s,98,0.03224,0.03474,0.03422,0.02822
Time,s,98,0.03367,0.03685,0.03314,0.02738
Time,s,98,0.03334,0.03477,0.03296,0.02803
Time,s,98,0.03428,0.03453,0.03272,0.02853
Time,s,98,0.02988,0.03459,0.03329,0.02871
Time,s,98,0.02939,0.03412,0.03269,0.02955
Time,s,98,0.02902,0.03414,0.03284,0.02947
Time,s,98,0.02992,0.03403,0.03369,0.02782
Time,s,98,0.0288,0.03386,0.03355,0.02835
Time,s,98,0.02844,0.03414,0.03275,0.02956
Time,s,98,0.02918,0.03611,0.03321,0.02894
Time,s,98,0.02898,0.03421,0.03604,0.02944
Time,s,98,0.02844,0.03343,0.03438,0.02873
Time,s,98,0.02915,0.03292,0.03285,0.02804
Time,s,98,0.0287,0.03375,0.03263,0.02885
Time,s,98,0.02945,0.03331,0.03239,0.02865
Time,s,98,0.02922,0.03371,0.03247,0.02993
Time,s,98,0.03073,0.03369,0.03382,0.03054
Time,s,98,0.0302,0.0337,0.03287,0.02845
Time,s,98,0.03076,0.03282,0.03277,0.02853
Time,s,98,0.02898,0.03385,0.03211,0.02756
Time,s,98,0.02897,0.03334,0.03252,0.02864
Time,s,98,0.02914,0.0332,0.03309,0.02866
Time,s,98,0.02853,0.03299,0.03331,0.02851
Time,s,98,0.02895,0.03334,0.03332,0.02812
Time,s,98,0.02995,0.03348,0.03462,0.02839
Time,s,98,0.0298,0.03345,0.03319,0.02862
Time,s,98,0.02917,0.03348,0.03424,0.02838
Time,s,98,0.02981,0.03259,0.03295,0.02789
Time,s,98,0.02907,0.03273,0.03294,0.02813
Time,s,98,0.02996,0.03297,0.03552,0.02913
Time,s,98,0.02894,0.03535,0.03454,0.02833
Time,s,98,0.02845,0.03355,0.03295,0.02825
Time,s,98,0.02809,0.03329,0.03237,0.02928
Time,s,98,0.02811,0.03378,0.03318,0.02888
Time,s,98,0.02863,0.03359,0.03285,0.02975
Time,s,98,0.03007,0.03605,0.03289,0.03371
Time,s,98,0.03069,0.0355,0.03243,0.03001
Time,s,98,0.02867,0.0335,0.03383,0.02812
Time,s,98,0.02866,0.03389,0.03568,0.03035
Time,s,98,0.02863,0.03301,0.03329,0.02901
Time,s,98,0.02862,0.033,0.03346,0.02905
Time,s,98,0.02904,0.03338,0.03394,0.02899
Time,s,98,0.02946,0.03779,0.03969,0.02851
Time,s,98,0.03097,0.03773,0.03862,0.02852
Time,s,98,0.03004,0.03463,0.0358,0.02853
Time,s,98,0.02913,0.03429,0.03378,0.02809
Time,s,98,0.0294,0.03286,0.03245,0.02768
Time,s,98,0.02845,0.03333,0.03254,0.02818
Time,s,98,0.02865,0.03331,0.03308,0.0282
Time,s,98,0.02845,0.03314,0.03283,0.02804
Time,s,98,0.02918,0.03361,0.03296,0.0288
Time,s,98,0.02989,0.03363,0.03284,0.02786
Time,s,98,0.02916,0.03384,0.03296,0.03049
Time,s,98,0.02947,0.03454,0.0329,0.02914
Time,s,98,0.03129,0.03352,0.0331,0.03048
Time,s,98,0.04307,0.03327,0.03331,0.02814
Time,s,98,0.03926,0.03312,0.03354,0.0283
Time,s,98,0.0358,0.03437,0.03424,0.02817
Time,s,98,0.03166,0.03548,0.03466,0.02891
Time,s,98,0.03052,0.03643,0.03426,0.02769
Time,s,98,0.0288,0.03466,0.03385,0.02885
Time,s,98,0.02937,0.04032,0.03394,0.02925
Time,s,98,0.03084,0.04133,0.03385,0.02849
Time,s,98,0.0312,0.03736,0.0329,0.02813
Time,s,98,0.03132,0.03531,0.03205,0.02892
Time,s,98,0.0293,0.03387,0.03299,0.0296
Time,s,98,0.02877,0.03356,0.03334,0.02994
Time,s,98,0.02943,0.03586,0.0333,0.02927
Time,s,98,0.02958,0.03442,0.03251,0.02845
Time,s,98,0.02946,0.03424,0.03354,0.02846
Time,s,98,0.03032,0.03355,0.03234,0.02898
Time,s,98,0.02998,0.03361,0.03295,0.02881
Time,s,98,0.02912,0.03394,0.03374,0.02826
Time,s,98,0.02919,0.03339,0.03407,0.02958
Time,s,98,0.02859,0.03342,0.03379,0.0286
Time,s,98,0.02846,0.03449,0.03287,0.02847
Time,s,98,0.02889,0.03338,0.03535,0.02891
Time,s,98,0.02909,0.0334,0.03426,0.02883
Time,s,98,0.02902,0.03476,0.0343,0.0286
Time,s,98,0.02915,0.03409,0.03381,0.03786
Time,s,98,0.02957,0.03334,0.0326,0.03649
Time,s,98,0.02909,0.03366,0.03251,0.0319
Time,s,98,0.02836,0.03362,0.03271,0.02974
Time,s,98,0.02913,0.03397,0.03291,0.02874
Time,s,98,0.02881,0.03336,0.03291,0.0282
Time,s,98,0.02803,0.03307,0.03315,0.02813
Time,s,98,0.02902,0.03417,0.03463,0.02859
Time,s,98,0.02915,0.03405,0.03279,0.02878
Time,s,98,0.02914,0.03519,0.03296,0.02787
Time,s,98,0.02861,0.03537,0.03442,0.02815
Time,s,99,0.02904,0.03648,0.03463,0.0283
Time,s,99,0.03054,0.03714,0.03812,0.03231
Time,s,99,0.02942,0.03479,0.03458,0.03449
Time,s,99,0.02911,0.03397,0.03364,0.03035
Time,s,99,0.02897,0.03302,0.0331,0.02904
Time,s,99,0.02878,0.03461,0.034,0.02812
Time,s,99,0.0311,0.03316,0.03464,0.02839
Time,s,99,0.03226,0.03346,0.03323,0.02925
Time,s,99,0.02986,0.03278,0.0333,0.02956
Time,s,99,0.02941,0.03374,0.03311,0.02872
Time,s,99,0.02898,0.03505,0.03355,0.02802
Time,s,99,0.02887,0.03348,0.03318,0.02806
Time,s,99,0.02851,0.03329,0.03345,0.02814
Time,s,99,0.02955,0.03357,0.03327,0.02771
Time,s,99,0.02955,0.0332,0.03296,0.02827
Time,s,99,0.02867,0.03311,0.03339,0.02892
Time,s,99,0.02839,0.03562,0.03432,0.0284
Time,s,99,0.03003,0.03497,0.0343,0.02928
Time,s,99,0.02889,0.03433,0.03329,0.03303
Time,s,99,0.029,0.03329,0.03543,0.03654
Time,s,99,0.03369,0.03392,0.03434,0.03223
Time,s,99,0.03226,0.03351,0.03349,0.02896
Time,s,99,0.02931,0.03307,0.03236,0.02898
Time,s,99,0.02892,0.03433,0.03213,0.02777
Time,s,99,0.02839,0.03354,0.0328,0.0276
Time,s,99,0.029,0.03306,0.03372,0.02839
Time,s,99,0.02867,0.03325,0.033,0.02874
Time,s,99,0.02969,0.03659,0.03271,0.02894
Time,s,99,0.029,0.03473,0.03397,0.02894
Time,s,99,0.02805,0.03335,0.03352,0.02886
Time,s,99,0.02879,0.03408,0.03247,0.02862
Time,s,99,0.02813,0.03345,0.0331,0.02963
Time,s,99,0.02923,0.03395,0.03282,0.03005
Time,s,99,0.02925,0.03342,0.03332,0.02875
Time,s,99,0.03053,0.03334,0.03299,0.02848
Time,s,99,0.02843,0.03328,0.03275,0.02794
Time,s,99,0.02887,0.03316,0.03274,0.02795
Time,s,99,0.02985,0.03343,0.03298,0.02755
Time,s,99,0.02947,0.03307,0.0334,0.02952
Time,s,99,0.029,0.03299,0.03322,0.02988
Time,s,99,0.03029,0.03447,0.03305,0.02813
Time,s,99,0.02892,0.0336,0.03306,0.02824
Time,s,99,0.02887,0.0349,0.03309,0.02778
Time,s,99,0.02886,0.03522,0.03445,0.02806
Time,s,99,0.02912,0.03356,0.03305,0.02856
Time,s,99,0.03745,0.03387,0.03358,0.02838
Time,s,99,0.02935,0.03349,0.03435,0.02869
Time,s,99,0.02646,0.03208,0.03384,0.02917
Time,s,99,0.02795,0.03199,0.034,0.02847
Time,s,99,0.02889,0.03406,0.04784,0.02881
Time,s,99,0.02842,0.03942,0.04576,0.02897
Time,s,99,0.02927,0.03275,0.04167,0.02779
Time,s,99,0.02821,0.03227,0.03638,0.02987
Time,s,99,0.0292,0.03227,0.0343,0.02907
Time,s,99,0.03076,0.03195,0.03338,0.02864
Time,s,99,0.02991,0.03151,0.03334,0.02793
Time,s,99,0.02892,0.03167,0.03342,0.02799
Time,s,99,0.02965,0.03383,0.03525,0.02908
Time,s,99,0.02823,0.03358,0.03525,0.03259
Time,s,99,0.02896,0.03291,0.03285,0.03207
Time,s,99,0.02908,0.03227,0.03263,0.02874
Time,s,99,0.029,0.03255,0.03294,0.02776
Time,s,99,0.03056,0.033,0.03308,0.02818
Time,s,99,0.02918,0.03179,0.03346,0.02781
Time,s,99,0.02899,0.03204,0.03291,0.02819
Time,s,99,0.02856,0.03547,0.03333,0.02813
Time,s,99,0.0283,0.03356,0.03386,0.02819
Time,s,99,0.02788,0.03283,0.03299,0.02779
Time,s,99,0.0285,0.0319,0.03324,0.02911
Time,s,99,0.0287,0.03234,0.03297,0.02793
Time,s,99,0.02857,0.03274,0.0332,0.02833
Time,s,99,0.02918,0.03228,0.03368,0.02875
Time,s,99,0.02874,0.03214,0.0335,0.02853
Time,s,99,0.02908,0.03199,0.03312,0.028
Time,s,99,0.03229,0.03449,0.03338,0.0277
Time,s,99,0.03205,0.03513,0.0334,0.02841
Time,s,99,0.03471,0.03359,0.03397,0.02974
Time,s,99,0.03032,0.03272,0.03283,0.02853
Time,s,99,0.02893,0.03253,0.03301,0.02896
Time,s,99,0.02896,0.03226,0.0331,0.02795
Time,s,99,0.02795,0.03188,0.04071,0.02737
Time,s,99,0.02825,0.03145,0.0433,0.02864
Time,s,99,0.02882,0.03335,0.03762,0.02779
Time,s,99,0.02839,0.03239,0.03578,0.02792
Time,s,99,0.02858,0.03231,0.03464,0.02789
Time,s,99,0.02976,0.03295,0.03499,0.02892
Time,s,99,0.02887,0.03168,0.03461,0.0289
Time,s,99,0.02915,0.0332,0.03372,0.02919
Time,s,99,0.0285,0.03364,0.03288,0.02941
Time,s,99,0.02795,0.03204,0.032,0.02992
Time,s,99,0.02988,0.03264,0.03242,0.02896
Time,s,99,0.02873,0.03268,0.03169,0.02911
Time,s,99,0.0286,0.03291,0.03165,0.0291
Time,s,99,0.03751,0.03418,0.03463,0.02771
Time,s,99,0.03453,0.03261,0.03314,0.02792
Time,s,99,0.03155,0.03217,0.03192,0.02767
Time,s,99,0.02909,0.03216,0.03226,0.02871
Time,s,99,0.02919,0.03298,0.03187,0.02818
Time,s,99,0.0286,0.03507,0.03462,0.02732
Time,s,99,0.02814,0.03649,0.037,0.02843
Time,s,100,0.02918,0.0334,0.03285,0.02807
Time,s,100,0.02951,0.03267,0.03227,0.02855
Time,s,100,0.02887,0.03238,0.03156,0.02838
Time,s,100,0.02912,0.03237,0.03318,0.02872
Time,s,100,0.0282,0.03247,0.0322,0.02798
Time,s,100,0.02881,0.03229,0.03145,0.02737
Time,s,100,0.02895,0.03299,0.03198,0.02778
Time,s,100,0.02853,0.03458,0.03266,0.02845
Time,s,100,0.03117,0.03458,0.0313,0.02787
Time,s,100,0.03064,0.03369,0.03173,0.02803
Time,s,100,0.0306,0.03181,0.0318,0.0277
Time,s,100,0.02939,0.0331,0.03235,0.02756
Time,s,100,0.02868,0.03268,0.03209,0.02927
Time,s,100,0.02954,0.0322,0.03206,0.03051
Time,s,100,0.02868,0.03476,0.03246,0.02837
Time,s,100,0.02949,0.03369,0.03348,0.03015
Time,s,100,0.0284,0.03816,0.03381,0.0347
Time,s,100,0.03028,0.04303,0.03362,0.02968
Time,s,100,0.02965,0.03761,0.03313,0.02841
Time,s,100,0.02936,0.03577,0.03268,0.02815
Time,s,100,0.02808,0.0341,0.03167,0.0284
Time,s,100,0.02804,0.03322,0.03167,0.02881
Time,s,100,0.02866,0.03256,0.03158,0.02957
Time,s,100,0.02934,0.04037,0.03186,0.0285
Time,s,100,0.02912,0.03375,0.0316,0.02793
Time,s,100,0.02885,0.03347,0.03167,0.02888
Time,s,100,0.02927,0.03283,0.03152,0.0282
Time,s,100,0.02931,0.03307,0.03217,0.02813
Time,s,100,0.02863,0.03157,0.03232,0.02808
Time,s,100,0.02848,0.03344,0.03238,0.02861
Time,s,100,0.03015,0.0318,0.03291,0.02868
Time,s,100,0.03641,0.0329,0.03244,0.02895
Time,s,100,0.03089,0.03215,0.03248,0.02851
Time,s,100,0.02968,0.0317,0.0329,0.02799
Time,s,100,0.02913,0.03288,0.03231,0.02775
Time,s,100,0.02853,0.03226,0.0316,0.02793
Time,s,100,0.02866,0.0324,0.03311,0.02837
Time,s,100,0.02917,0.03233,0.03266,0.02757
Time,s,100,0.02935,0.03451,0.03256,0.0273
Time,s,100,0.02891,0.03353,0.0331,0.02852
Time,s,100,0.02878,0.03383,0.03233,0.02771
Time,s,100,0.02814,0.03282,0.03203,0.02765
Time,s,100,0.03026,0.03227,0.03481,0.0281
Time,s,100,0.02922,0.03167,0.03238,0.02756
Time,s,100,0.02889,0.03147,0.03252,0.02831
Time,s,100,0.02988,0.03358,0.03236,0.03005
Time,s,100,0.02967,0.03783,0.03203,0.02993
Time,s,100,0.02981,0.03862,0.03443,0.0309
Time,s,100,0.0298,0.03464,0.04266,0.02915
Time,s,100,0.02889,0.03315,0.03619,0.02797
Time,s,100,0.02838,0.03312,0.03481,0.02735
Time,s,100,0.0294,0.03205,0.03315,0.02786
Time,s,100,0.02865,0.03205,0.03227,0.02994
Time,s,100,0.02949,0.03136,0.03212,0.0287
Time,s,100,0.02855,0.03197,0.03287,0.02941
Time,s,100,0.02884,0.03207,0.03206,0.0292
Time,s,100,0.02946,0.03283,0.03257,0.02896
Time,s,100,0.02876,0.03236,0.03242,0.02899
Time,s,100,0.02968,0.03184,0.03285,0.02822
Time,s,100,0.02908,0.03256,0.03229,0.02842
Time,s,100,0.0292,0.03205,0.03254,0.02767
Time,s,100,0.02893,0.03276,0.03239,0.0278
Time,s,100,0.02887,0.03591,0.03293,0.02826
Time,s,100,0.03016,0.03368,0.0328,0.02813
Time,s,100,0.0284,0.03241,0.03233,0.02834
Time,s,100,0.02869,0.03174,0.03355,0.02851
Time,s,100,0.02896,0.0319,0.03313,0.02776
Time,s,100,0.02926,0.03259,0.0327,0.02848
Time,s,100,0.02935,0.03222,0.0331,0.02871
Time,s,100,0.02889,0.03192,0.03406,0.02838
Time,s,100,0.02899,0.03342,0.03333,0.02888
Time,s,100,0.02878,0.03318,0.0323,0.02801
Time,s,100,0.02915,0.03365,0.03169,0.02878
Time,s,100,0.03115,0.03264,0.03175,0.03032
Time,s,100,0.03021,0.03269,0.03237,0.03211
Time,s,100,0.02907,0.03291,0.03246,0.02899
Time,s,100,0.02974,0.03272,0.03275,0.02873
Time,s,100,0.02925,0.03289,0.03235,0.02802
Time,s,100,0.02887,0.03363,0.03392,0.02787
Time,s,100,0.02863,0.03221,0.03343,0.02829
Time,s,100,0.02892,0.03333,0.0324,0.02838
Time,s,100,0.02854,0.03235,0.03424,0.02821
Time,s,100,0.02964,0.0326,0.03347,0.02781
Time,s,100,0.03059,0.03223,0.03437,0.02797
Time,s,100,0.03004,0.03191,0.03308,0.02922
Time,s,100,0.02973,0.03241,0.03303,0.02859
Time,s,100,0.0332,0.03211,0.03229,0.02868
Time,s,100,0.03148,0.03167,0.03249,0.02884
Time,s,100,0.02871,0.03232,0.03229,0.02841
Time,s,100,0.02818,0.03273,0.03244,0.02835
Time,s,100,0.02819,0.0326,0.03176,0.02826
Time,s,100,0.02847,0.03291,0.03569,0.03186
Time,s,100,0.02963,0.03323,0.03288,0.02972
Time,s,100,0.02904,0.03268,0.04087,0.02891
Time,s,100,0.02878,0.03569,0.03364,0.02856
Time,s,100,0.02893,0.04173,0.03286,0.02882
Time,s,100,0.02838,0.03529,0.0336,0.02801
Time,s,100,0.02911,0.03412,0.03789,0.02831
Time,s,100,0.02886,0.0329,0.03569,0.02778
Time,s,100,0.02996,0.03227,0.03426,0.02825
