Name,Unit,Query,Min/max,Min/max clusters,Bloom filter,Dictionary
Time,s,1,0.02685,0.02479,0.02601,0.02247
Time,s,1,0.0216,0.02232,0.02436,0.02175
Time,s,1,0.02076,0.02141,0.02239,0.02212
Time,s,1,0.01993,0.02223,0.02361,0.03172
Time,s,1,0.02135,0.02138,0.02207,0.02087
Time,s,1,0.02151,0.02242,0.02106,0.02018
Time,s,1,0.0203,0.02209,0.0218,0.02054
Time,s,1,0.01976,0.02124,0.02114,0.02057
Time,s,1,0.0191,0.02201,0.02059,0.02118
Time,s,1,0.02004,0.02024,0.02167,0.02084
Time,s,1,0.01964,0.02032,0.02115,0.02089
Time,s,1,0.01935,0.02073,0.02074,0.02075
Time,s,1,0.01889,0.02002,0.02042,0.02014
Time,s,1,0.01969,0.02013,0.02046,0.02021
Time,s,1,0.01958,0.02009,0.02032,0.01975
Time,s,1,0.01984,0.01983,0.01954,0.01987
Time,s,1,0.01924,0.01953,0.02065,0.02035
Time,s,1,0.019,0.02004,0.01909,0.01989
Time,s,1,0.01958,0.01979,0.01988,0.02074
Time,s,1,0.01921,0.01995,0.02095,0.02016
Time,s,1,0.01969,0.01978,0.02043,0.01967
Time,s,1,0.01948,0.02029,0.02057,0.02047
Time,s,1,0.01973,0.02008,0.02018,0.02096
Time,s,1,0.01964,0.01963,0.02112,0.02016
Time,s,1,0.02147,0.02017,0.02179,0.01997
Time,s,1,0.01925,0.02151,0.02086,0.0206
Time,s,1,0.01952,0.01994,0.02017,0.01986
Time,s,1,0.02093,0.02003,0.02096,0.02981
Time,s,1,0.01951,0.01955,0.02023,0.02264
Time,s,1,0.02047,0.02053,0.0208,0.01966
Time,s,1,0.02033,0.01976,0.0205,0.0216
Time,s,1,0.01945,0.02019,0.02068,0.02023
Time,s,1,0.02059,0.0191,0.02036,0.02006
Time,s,1,0.02012,0.01957,0.02077,0.0199
Time,s,1,0.01997,0.02,0.02021,0.0201
Time,s,1,0.02029,0.01977,0.02041,0.01987
Time,s,1,0.0196,0.01999,0.02033,0.02102
Time,s,1,0.01891,0.02065,0.01978,0.02067
Time,s,1,0.01949,0.01981,0.02022,0.02063
Time,s,1,0.01929,0.01906,0.01998,0.02047
Time,s,1,0.02032,0.02073,0.02054,0.01933
Time,s,1,0.01931,0.02034,0.02034,0.01954
Time,s,1,0.01941,0.01963,0.02079,0.02009
Time,s,1,0.01974,0.01953,0.02087,0.02251
Time,s,1,0.01896,0.01888,0.0198,0.02043
Time,s,1,0.02027,0.01934,0.02052,0.02004
Time,s,1,0.02023,0.02011,0.01978,0.02029
Time,s,1,0.01933,0.01968,0.01987,0.01982
Time,s,1,0.01908,0.02019,0.0215,0.02053
Time,s,1,0.01938,0.01971,0.02006,0.02008
Time,s,1,0.01801,0.02156,0.01996,0.0195
Time,s,1,0.01955,0.02066,0.01938,0.01972
Time,s,1,0.01887,0.02032,0.02009,0.01968
Time,s,1,0.01975,0.02044,0.02009,0.02023
Time,s,1,0.01903,0.01953,0.02081,0.01942
Time,s,1,0.01874,0.02029,0.02034,0.02017
Time,s,1,0.01938,0.01981,0.01987,0.01996
Time,s,1,0.01981,0.02092,0.02052,0.02086
Time,s,1,0.02119,0.02104,0.02029,0.02052
Time,s,1,0.02066,0.02086,0.02279,0.02011
Time,s,1,0.0196,0.01968,0.02038,0.01936
Time,s,1,0.02023,0.01981,0.01974,0.01995
Time,s,1,0.01872,0.02003,0.02024,0.0196
Time,s,1,0.01932,0.02007,0.02064,0.02004
Time,s,1,0.01948,0.02065,0.01992,0.02012
Time,s,1,0.01901,0.02013,0.02044,0.01983
Time,s,1,0.01896,0.01937,0.0206,0.02009
Time,s,1,0.01897,0.02051,0.01976,0.0208
Time,s,1,0.01922,0.01938,0.01977,0.02011
Time,s,1,0.01937,0.01997,0.01968,0.0201
Time,s,1,0.01968,0.02012,0.01958,0.02076
Time,s,1,0.01882,0.01989,0.02023,0.02125
Time,s,1,0.01814,0.02009,0.02027,0.02104
Time,s,1,0.02008,0.01969,0.01982,0.01966
Time,s,1,0.02011,0.01966,0.02043,0.01939
Time,s,1,0.01954,0.0204,0.02058,0.0207
Time,s,1,0.01824,0.01983,0.0198,0.02063
Time,s,1,0.02283,0.01945,0.02138,0.0205
Time,s,1,0.01963,0.02059,0.01969,0.0201
Time,s,1,0.02,0.02004,0.02016,0.02068
Time,s,1,0.01924,0.01961,0.01958,0.01956
Time,s,1,0.02034,0.01921,0.01988,0.01992
Time,s,1,0.01892,0.02029,0.01927,0.01977
Time,s,1,0.01979,0.02173,0.02017,0.02095
Time,s,1,0.01878,0.02082,0.02006,0.02064
Time,s,1,0.0186,0.01956,0.01928,0.02087
Time,s,1,0.01975,0.01982,0.02,0.01953
Time,s,1,0.02008,0.02034,0.02053,0.02014
Time,s,1,0.01992,0.02013,0.01949,0.02197
Time,s,1,0.01943,0.02018,0.02021,0.01989
Time,s,1,0.01895,0.01988,0.02032,0.01968
Time,s,1,0.01918,0.02029,0.01945,0.01976
Time,s,1,0.02028,0.02425,0.02021,0.01991
Time,s,1,0.02016,0.02103,0.02111,0.02014
Time,s,1,0.01988,0.02042,0.02008,0.01956
Time,s,1,0.01965,0.02035,0.02068,0.02177
Time,s,1,0.02055,0.02122,0.02151,0.01943
Time,s,1,0.01935,0.02058,0.0199,0.01984
Time,s,1,0.0198,0.01981,0.02028,0.02255
Time,s,1,0.02014,0.01971,0.02443,0.02062
Time,s,2,0.07192,0.07531,0.08115,0.07275
Time,s,2,0.07157,0.07519,0.0744,0.07295
Time,s,2,0.07078,0.07595,0.07559,0.07367
Time,s,2,0.07166,0.08315,0.07638,0.07322
Time,s,2,0.07354,0.07901,0.07533,0.07312
Time,s,2,0.07204,0.07558,0.07511,0.07323
Time,s,2,0.07138,0.07534,0.07475,0.07501
Time,s,2,0.07185,0.07538,0.07613,0.07346
Time,s,2,0.07257,0.0747,0.07452,0.0756
Time,s,2,0.07133,0.07462,0.07556,0.07364
Time,s,2,0.0716,0.07515,0.07615,0.07412
Time,s,2,0.07155,0.07536,0.07562,0.07404
Time,s,2,0.07142,0.07571,0.07547,0.07346
Time,s,2,0.07135,0.07503,0.07465,0.08121
Time,s,2,0.07738,0.08543,0.07515,0.07359
Time,s,2,0.07145,0.08187,0.07567,0.07366
Time,s,2,0.0718,0.08922,0.07592,0.07392
Time,s,2,0.07154,0.08601,0.07552,0.07353
Time,s,2,0.07296,0.07784,0.07638,0.07315
Time,s,2,0.07138,0.07563,0.07554,0.0735
Time,s,2,0.07181,0.07541,0.07513,0.07467
Time,s,2,0.07368,0.08384,0.08273,0.07541
Time,s,2,0.07141,0.0864,0.07604,0.07348
Time,s,2,0.07111,0.07563,0.0755,0.07364
Time,s,2,0.07155,0.07738,0.07642,0.074
Time,s,2,0.07203,0.07832,0.07566,0.07509
Time,s,2,0.07098,0.07528,0.07546,0.07334
Time,s,2,0.07122,0.07565,0.07766,0.07331
Time,s,2,0.07327,0.07544,0.0761,0.07367
Time,s,2,0.07081,0.07552,0.07544,0.07388
Time,s,2,0.071,0.0771,0.08149,0.07369
Time,s,2,0.07191,0.07509,0.07629,0.07345
Time,s,2,0.07287,0.07569,0.07631,0.07449
Time,s,2,0.07126,0.07527,0.07596,0.07377
Time,s,2,0.07635,0.07644,0.07833,0.0756
Time,s,2,0.07785,0.07566,0.07645,0.07729
Time,s,2,0.07696,0.08362,0.0762,0.07449
Time,s,2,0.07193,0.07498,0.07652,0.07351
Time,s,2,0.07149,0.07595,0.07682,0.07368
Time,s,2,0.07636,0.07955,0.07559,0.07495
Time,s,2,0.07189,0.07554,0.07654,0.07355
Time,s,2,0.07182,0.07486,0.07631,0.0743
Time,s,2,0.07631,0.07584,0.0802,0.07603
Time,s,2,0.07272,0.07581,0.07637,0.07349
Time,s,2,0.07187,0.07828,0.07628,0.07412
Time,s,2,0.07267,0.07743,0.077,0.07355
Time,s,2,0.07319,0.07529,0.07565,0.07377
Time,s,2,0.07208,0.07534,0.07579,0.07361
Time,s,2,0.07196,0.076,0.07796,0.07393
Time,s,2,0.07151,0.07566,0.07582,0.07504
Time,s,2,0.0719,0.07514,0.07597,0.07353
Time,s,2,0.07293,0.07636,0.07595,0.07388
Time,s,2,0.07157,0.07533,0.07581,0.07376
Time,s,2,0.07177,0.07582,0.07537,0.07563
Time,s,2,0.07226,0.07683,0.07599,0.07383
Time,s,2,0.07203,0.08005,0.07591,0.0738
Time,s,2,0.07379,0.07756,0.07589,0.08004
Time,s,2,0.08091,0.08048,0.07568,0.07346
Time,s,2,0.07502,0.07699,0.07566,0.07379
Time,s,2,0.07537,0.07607,0.07719,0.07388
Time,s,2,0.0763,0.07592,0.07618,0.07418
Time,s,2,0.07555,0.07541,0.07551,0.07419
Time,s,2,0.07486,0.07452,0.08066,0.07342
Time,s,2,0.07514,0.08523,0.07738,0.07554
Time,s,2,0.07643,0.09123,0.07618,0.07419
Time,s,2,0.07539,0.09012,0.07733,0.07377
Time,s,2,0.07479,0.08444,0.07569,0.07368
Time,s,2,0.07576,0.0897,0.07616,0.07655
Time,s,2,0.07583,0.0862,0.07626,0.07403
Time,s,2,0.07484,0.08707,0.07838,0.07359
Time,s,2,0.08203,0.08922,0.07609,0.07462
Time,s,2,0.07573,0.08398,0.076,0.07368
Time,s,2,0.07492,0.07896,0.07696,0.07417
Time,s,2,0.0755,0.07805,0.07656,0.07531
Time,s,2,0.07463,0.07583,0.07637,0.07513
Time,s,2,0.07653,0.07587,0.07554,0.07437
Time,s,2,0.07503,0.08143,0.07587,0.07355
Time,s,2,0.07459,0.07674,0.07582,0.08112
Time,s,2,0.08222,0.07637,0.07662,0.07449
Time,s,2,0.07617,0.07618,0.07745,0.07331
Time,s,2,0.07544,0.07572,0.07636,0.07323
Time,s,2,0.07541,0.07611,0.07622,0.07553
Time,s,2,0.07498,0.07603,0.0762,0.07342
Time,s,2,0.07519,0.0774,0.0823,0.07371
Time,s,2,0.07579,0.07699,0.07583,0.07506
Time,s,2,0.07763,0.07802,0.07622,0.07361
Time,s,2,0.07556,0.07584,0.07763,0.07357
Time,s,2,0.07543,0.07558,0.07587,0.07381
Time,s,2,0.07587,0.07552,0.07508,0.07345
Time,s,2,0.07702,0.07565,0.07691,0.07308
Time,s,2,0.07485,0.07499,0.0778,0.07353
Time,s,2,0.07504,0.07538,0.0759,0.07304
Time,s,2,0.07513,0.07529,0.07603,0.07428
Time,s,2,0.07511,0.07628,0.07686,0.07333
Time,s,2,0.07596,0.07575,0.07623,0.07316
Time,s,2,0.07551,0.0759,0.07615,0.07495
Time,s,2,0.07513,0.07799,0.0762,0.0738
Time,s,2,0.07554,0.07939,0.07588,0.07364
Time,s,2,0.07577,0.07652,0.07595,0.07651
Time,s,2,0.07975,0.07536,0.07613,0.07605
Time,s,3,0.02419,0.02146,0.0226,0.00938
Time,s,3,0.02309,0.02145,0.02235,0.00863
Time,s,3,0.02174,0.02152,0.02266,0.00916
Time,s,3,0.02136,0.02128,0.02161,0.00781
Time,s,3,0.02133,0.02121,0.02215,0.00848
Time,s,3,0.02124,0.02133,0.02181,0.00824
Time,s,3,0.02157,0.02035,0.02173,0.00768
Time,s,3,0.02241,0.02156,0.02211,0.00802
Time,s,3,0.02269,0.02159,0.02275,0.0083
Time,s,3,0.02126,0.02104,0.02221,0.00863
Time,s,3,0.02142,0.0206,0.02247,0.00837
Time,s,3,0.02257,0.02064,0.02179,0.00848
Time,s,3,0.02286,0.02037,0.02157,0.00824
Time,s,3,0.02195,0.0218,0.02399,0.00792
Time,s,3,0.02167,0.02059,0.02509,0.00844
Time,s,3,0.02104,0.02064,0.02262,0.0084
Time,s,3,0.02265,0.02146,0.0218,0.00835
Time,s,3,0.02106,0.02088,0.02151,0.00815
Time,s,3,0.02161,0.02027,0.02116,0.00826
Time,s,3,0.02095,0.02057,0.02157,0.00842
Time,s,3,0.02126,0.01986,0.02161,0.00816
Time,s,3,0.0215,0.02158,0.02117,0.00881
Time,s,3,0.02197,0.02174,0.02239,0.00806
Time,s,3,0.02216,0.02088,0.02143,0.00788
Time,s,3,0.02312,0.02049,0.02195,0.0082
Time,s,3,0.02125,0.02089,0.02126,0.00809
Time,s,3,0.0208,0.02016,0.02159,0.00834
Time,s,3,0.02119,0.02082,0.02131,0.00884
Time,s,3,0.02199,0.02031,0.02158,0.00769
Time,s,3,0.02125,0.02031,0.02131,0.00793
Time,s,3,0.02133,0.02112,0.02128,0.00814
Time,s,3,0.02139,0.02082,0.0213,0.00791
Time,s,3,0.02136,0.02061,0.02155,0.00805
Time,s,3,0.02109,0.02078,0.02187,0.00788
Time,s,3,0.0214,0.02015,0.0214,0.00819
Time,s,3,0.0213,0.02078,0.02138,0.00793
Time,s,3,0.02235,0.02182,0.02266,0.00804
Time,s,3,0.02116,0.02082,0.02283,0.00831
Time,s,3,0.02168,0.02063,0.02242,0.00809
Time,s,3,0.02146,0.02104,0.02132,0.0077
Time,s,3,0.0216,0.02032,0.02175,0.00821
Time,s,3,0.02267,0.0216,0.02149,0.00802
Time,s,3,0.02118,0.02209,0.02263,0.0094
Time,s,3,0.02127,0.02143,0.02179,0.00796
Time,s,3,0.02194,0.02063,0.0213,0.00813
Time,s,3,0.02123,0.02075,0.02146,0.00824
Time,s,3,0.0218,0.02051,0.0213,0.00782
Time,s,3,0.02117,0.02069,0.02168,0.00801
Time,s,3,0.02098,0.02014,0.02114,0.00805
Time,s,3,0.02107,0.02057,0.02286,0.00814
Time,s,3,0.0217,0.02099,0.02266,0.0083
Time,s,3,0.02108,0.02078,0.02176,0.00817
Time,s,3,0.02208,0.0204,0.02135,0.00843
Time,s,3,0.02141,0.02076,0.02245,0.00771
Time,s,3,0.02146,0.02072,0.02119,0.00806
Time,s,3,0.02145,0.02066,0.02197,0.00813
Time,s,3,0.02132,0.02075,0.0212,0.00837
Time,s,3,0.02128,0.02082,0.02158,0.00815
Time,s,3,0.02184,0.02041,0.0211,0.00859
Time,s,3,0.02133,0.02083,0.0215,0.00813
Time,s,3,0.02141,0.0207,0.02118,0.00801
Time,s,3,0.02272,0.02014,0.02153,0.00812
Time,s,3,0.02165,0.02071,0.02161,0.00822
Time,s,3,0.02219,0.02334,0.02293,0.0078
Time,s,3,0.02142,0.02307,0.02157,0.00866
Time,s,3,0.02132,0.02086,0.02183,0.00799
Time,s,3,0.02159,0.02021,0.02171,0.00822
Time,s,3,0.02108,0.02056,0.02149,0.00799
Time,s,3,0.02117,0.02032,0.02141,0.00905
Time,s,3,0.02081,0.02013,0.02167,0.00916
Time,s,3,0.02094,0.02047,0.02141,0.01011
Time,s,3,0.02185,0.02117,0.02234,0.00946
Time,s,3,0.02173,0.02083,0.02154,0.00835
Time,s,3,0.02298,0.02062,0.02146,0.00888
Time,s,3,0.02428,0.02064,0.02143,0.00776
Time,s,3,0.02186,0.02062,0.02152,0.00814
Time,s,3,0.02114,0.02045,0.02133,0.00946
Time,s,3,0.02146,0.02106,0.02277,0.00795
Time,s,3,0.02141,0.02093,0.02121,0.00791
Time,s,3,0.02143,0.02024,0.02126,0.0078
Time,s,3,0.02101,0.02034,0.02388,0.00788
Time,s,3,0.02127,0.02022,0.02171,0.00831
Time,s,3,0.02102,0.02095,0.02171,0.00806
Time,s,3,0.02064,0.02045,0.0212,0.01323
Time,s,3,0.02103,0.02089,0.02137,0.00795
Time,s,3,0.02139,0.02013,0.02126,0.0083
Time,s,3,0.02083,0.02035,0.02282,0.00966
Time,s,3,0.02106,0.0201,0.02389,0.0087
Time,s,3,0.02154,0.02055,0.02325,0.00849
Time,s,3,0.02132,0.01991,0.02159,0.00806
Time,s,3,0.02133,0.02039,0.02136,0.00852
Time,s,3,0.02175,0.02085,0.0222,0.00826
Time,s,3,0.02103,0.02175,0.02282,0.00832
Time,s,3,0.02139,0.02054,0.02122,0.00767
Time,s,3,0.02134,0.02086,0.02136,0.00766
Time,s,3,0.02107,0.02079,0.02171,0.00837
Time,s,3,0.02184,0.02134,0.02247,0.00823
Time,s,3,0.02134,0.02136,0.02208,0.00809
Time,s,3,0.02206,0.02099,0.0215,0.00789
Time,s,3,0.02244,0.02037,0.02171,0.00779
Time,s,4,0.59246,0.58872,0.56083,0.3397
Time,s,4,0.47829,0.50781,0.50289,0.31503
Time,s,4,0.50549,0.49175,0.52255,0.30883
Time,s,4,0.48546,0.49568,0.50631,0.27695
Time,s,4,0.48758,0.48541,0.4912,0.28491
Time,s,4,0.48366,0.49368,0.49721,0.2835
Time,s,4,0.48591,0.49781,0.49158,0.28197
Time,s,4,0.49478,0.50409,0.48867,0.29693
Time,s,4,0.47822,0.48829,0.54516,0.28204
Time,s,4,0.47872,0.55204,0.48927,0.29139
Time,s,4,0.57518,0.48773,0.49617,0.27473
Time,s,4,0.50684,0.48707,0.48904,0.28832
Time,s,4,0.4931,0.48375,0.50269,0.28872
Time,s,4,0.48116,0.49729,0.53302,0.29891
Time,s,4,0.48215,0.49059,0.49644,0.29635
Time,s,4,0.49055,0.50634,0.49423,0.28638
Time,s,4,0.48608,0.53288,0.52018,0.28543
Time,s,4,0.48608,0.5092,0.48307,0.28631
Time,s,4,0.47319,0.48468,0.49824,0.30283
Time,s,4,0.52785,0.48815,0.49133,0.28137
Time,s,4,0.4812,0.48753,0.50362,0.29176
Time,s,4,0.48472,0.50169,0.57507,0.29018
Time,s,4,0.48168,0.48096,0.51214,0.30945
Time,s,4,0.48203,0.49915,0.49671,0.30241
Time,s,4,0.48678,0.48724,0.50974,0.2941
Time,s,4,0.56482,0.49506,0.48551,0.28714
Time,s,4,0.48788,0.50671,0.49563,0.2833
Time,s,4,0.49741,0.50181,0.50713,0.28902
Time,s,4,0.48661,0.4905,0.56609,0.29009
Time,s,4,0.48465,0.49087,0.51017,0.29525
Time,s,4,0.48858,0.55981,0.50949,0.29114
Time,s,4,0.48434,0.50492,0.48933,0.28491
Time,s,4,0.49787,0.50182,0.53382,0.28598
Time,s,4,0.49962,0.4989,0.50409,0.28669
Time,s,4,0.47952,0.52237,0.49872,0.29384
Time,s,4,0.51959,0.49788,0.49277,0.29589
Time,s,4,0.53564,0.49943,0.50853,0.29489
Time,s,4,0.50041,0.4983,0.50767,0.31861
Time,s,4,0.49148,0.49494,0.50287,0.33133
Time,s,4,0.47834,0.50202,0.50174,0.32347
Time,s,4,0.50679,0.48775,0.50454,0.29558
Time,s,4,0.48225,0.48765,0.51267,0.28268
Time,s,4,0.48234,0.53262,0.49281,0.33038
Time,s,4,0.49393,0.53085,0.50244,0.29568
Time,s,4,0.49117,0.49035,0.50561,0.2826
Time,s,4,0.49163,0.49549,0.54436,0.29197
Time,s,4,0.49166,0.50937,0.56986,0.30636
Time,s,4,0.49153,0.48857,0.5147,0.30595
Time,s,4,0.50812,0.5054,0.50714,0.29008
Time,s,4,0.48832,0.49428,0.5102,0.29391
Time,s,4,0.5357,0.49785,0.4964,0.31805
Time,s,4,0.49472,0.50234,0.50323,0.30123
Time,s,4,0.50464,0.50487,0.50819,0.28782
Time,s,4,0.48619,0.50845,0.53637,0.28404
Time,s,4,0.48254,0.54123,0.50371,0.29002
Time,s,4,0.48945,0.54961,0.50058,0.29734
Time,s,4,0.48615,0.50407,0.49099,0.3035
Time,s,4,0.51289,0.49129,0.51859,0.28817
Time,s,4,0.494,0.49565,0.50372,0.2889
Time,s,4,0.49026,0.50069,0.51061,0.29645
Time,s,4,0.48261,0.50328,0.51581,0.28964
Time,s,4,0.50213,0.50268,0.51326,0.291
Time,s,4,0.55168,0.50557,0.50861,0.28622
Time,s,4,0.50782,0.49947,0.51082,0.30401
Time,s,4,0.49718,0.50589,0.50208,0.29678
Time,s,4,0.50757,0.49885,0.50091,0.29812
Time,s,4,0.48145,0.50501,0.58569,0.3071
Time,s,4,0.47934,0.5471,0.50568,0.2984
Time,s,4,0.49384,0.52002,0.50039,0.28888
Time,s,4,0.48654,0.48905,0.52178,0.29414
Time,s,4,0.49988,0.51137,0.53243,0.30612
Time,s,4,0.49814,0.52156,0.52839,0.29536
Time,s,4,0.49381,0.50956,0.49852,0.28566
Time,s,4,0.58924,0.49514,0.51461,0.28398
Time,s,4,0.53977,0.49407,0.51629,0.28386
Time,s,4,0.48648,0.54107,0.50167,0.29478
Time,s,4,0.48917,0.51779,0.5259,0.29703
Time,s,4,0.50792,0.49687,0.5022,0.29382
Time,s,4,0.50187,0.50886,0.51125,0.29048
Time,s,4,0.49295,0.56562,0.51753,0.28972
Time,s,4,0.50684,0.52629,0.49777,0.29041
Time,s,4,0.51044,0.5131,0.51918,0.29594
Time,s,4,0.49294,0.50693,0.50179,0.29265
Time,s,4,0.48676,0.50528,0.51171,0.29033
Time,s,4,0.48937,0.49711,0.49785,0.30053
Time,s,4,0.50114,0.51176,0.52418,0.29799
Time,s,4,0.4819,0.50104,0.56716,0.28959
Time,s,4,0.50617,0.50658,0.4982,0.28832
Time,s,4,0.49036,0.48977,0.51067,0.29581
Time,s,4,0.48815,0.49346,0.51214,0.28928
Time,s,4,0.51251,0.49946,0.5154,0.29325
Time,s,4,0.49862,0.50099,0.51739,0.29626
Time,s,4,0.49949,0.50629,0.57299,0.30483
Time,s,4,0.47931,0.50473,0.51346,0.29523
Time,s,4,0.4946,0.49463,0.51077,0.29065
Time,s,4,0.49145,0.53124,0.5019,0.29818
Time,s,4,0.50104,0.5608,0.5116,0.28502
Time,s,4,0.49425,0.50161,0.50777,0.29532
Time,s,4,0.50588,0.5132,0.50268,0.29001
Time,s,4,0.50293,0.51899,0.50273,0.30011
Time,s,5,0.06317,0.06499,0.06401,0.04653
Time,s,5,0.0598,0.06596,0.06248,0.04579
Time,s,5,0.0633,0.06353,0.06565,0.04719
Time,s,5,0.06143,0.06139,0.06412,0.04698
Time,s,5,0.06332,0.06442,0.06332,0.04612
Time,s,5,0.06243,0.06475,0.06355,0.04829
Time,s,5,0.06358,0.06297,0.06248,0.04666
Time,s,5,0.06182,0.06161,0.06179,0.04841
Time,s,5,0.06015,0.06385,0.06551,0.04697
Time,s,5,0.06474,0.06403,0.06363,0.04639
Time,s,5,0.06116,0.06449,0.06459,0.04704
Time,s,5,0.06261,0.06466,0.06597,0.04551
Time,s,5,0.0636,0.06256,0.06202,0.04781
Time,s,5,0.06163,0.06256,0.06193,0.04617
Time,s,5,0.06003,0.06563,0.066,0.0482
Time,s,5,0.06043,0.06124,0.06425,0.04732
Time,s,5,0.06249,0.06341,0.07207,0.04781
Time,s,5,0.062,0.06562,0.06607,0.04681
Time,s,5,0.06268,0.06361,0.06304,0.04762
Time,s,5,0.06169,0.06442,0.06713,0.04762
Time,s,5,0.06607,0.06364,0.06489,0.04691
Time,s,5,0.06509,0.06411,0.06713,0.04775
Time,s,5,0.06225,0.06249,0.06289,0.04599
Time,s,5,0.06127,0.06247,0.06182,0.04719
Time,s,5,0.06866,0.06226,0.06383,0.04781
Time,s,5,0.06093,0.06196,0.06365,0.04658
Time,s,5,0.06477,0.0626,0.06148,0.04637
Time,s,5,0.06387,0.06154,0.0623,0.0492
Time,s,5,0.0621,0.0654,0.06423,0.04574
Time,s,5,0.06002,0.064,0.06257,0.04468
Time,s,5,0.06193,0.06976,0.06462,0.045
Time,s,5,0.06179,0.06374,0.06208,0.0463
Time,s,5,0.06393,0.06375,0.06196,0.04692
Time,s,5,0.06819,0.06878,0.0635,0.04631
Time,s,5,0.06815,0.06869,0.06251,0.04655
Time,s,5,0.06866,0.07309,0.06772,0.04691
Time,s,5,0.06903,0.06887,0.06862,0.04605
Time,s,5,0.06858,0.0657,0.06361,0.04841
Time,s,5,0.06769,0.06211,0.06341,0.06424
Time,s,5,0.06721,0.06208,0.06196,0.04835
Time,s,5,0.06911,0.06198,0.06245,0.0462
Time,s,5,0.067,0.06294,0.06345,0.04792
Time,s,5,0.06037,0.06454,0.06458,0.04754
Time,s,5,0.06186,0.06279,0.06508,0.04718
Time,s,5,0.06267,0.06331,0.06502,0.04651
Time,s,5,0.06247,0.06398,0.06459,0.04823
Time,s,5,0.06042,0.0615,0.06408,0.04944
Time,s,5,0.06052,0.06204,0.06305,0.04727
Time,s,5,0.06342,0.06023,0.07335,0.04674
Time,s,5,0.06039,0.06269,0.06353,0.0472
Time,s,5,0.06061,0.06143,0.0611,0.04811
Time,s,5,0.06232,0.06186,0.0659,0.04626
Time,s,5,0.06222,0.06289,0.06587,0.04678
Time,s,5,0.06251,0.06154,0.0648,0.04735
Time,s,5,0.06176,0.06101,0.0615,0.04616
Time,s,5,0.06135,0.06206,0.06193,0.04823
Time,s,5,0.06142,0.06348,0.06305,0.04526
Time,s,5,0.06532,0.06342,0.06352,0.04918
Time,s,5,0.06429,0.0628,0.06205,0.046
Time,s,5,0.06051,0.06229,0.06118,0.05006
Time,s,5,0.06067,0.06467,0.06531,0.04738
Time,s,5,0.06113,0.06284,0.06125,0.04627
Time,s,5,0.0599,0.06389,0.06574,0.04616
Time,s,5,0.06069,0.06501,0.06608,0.04714
Time,s,5,0.06377,0.06419,0.06212,0.04568
Time,s,5,0.06315,0.06131,0.06311,0.04655
Time,s,5,0.06202,0.06544,0.06223,0.04588
Time,s,5,0.06423,0.06132,0.06366,0.04761
Time,s,5,0.06369,0.0612,0.06704,0.04859
Time,s,5,0.06137,0.06291,0.06339,0.04694
Time,s,5,0.06354,0.0626,0.06543,0.04698
Time,s,5,0.06662,0.06609,0.06276,0.045
Time,s,5,0.06036,0.06279,0.06141,0.04883
Time,s,5,0.06523,0.06108,0.06514,0.04586
Time,s,5,0.06182,0.06225,0.06461,0.04764
Time,s,5,0.06196,0.06326,0.06446,0.04452
Time,s,5,0.06035,0.06239,0.0635,0.0479
Time,s,5,0.06345,0.06326,0.0663,0.04661
Time,s,5,0.06168,0.06341,0.06303,0.04541
Time,s,5,0.06299,0.06247,0.06282,0.04632
Time,s,5,0.06026,0.0635,0.0763,0.04814
Time,s,5,0.06239,0.0631,0.06589,0.04867
Time,s,5,0.06314,0.06262,0.0637,0.04944
Time,s,5,0.06181,0.06268,0.06357,0.0475
Time,s,5,0.06117,0.06057,0.06636,0.0462
Time,s,5,0.0629,0.06815,0.0662,0.05142
Time,s,5,0.06074,0.06262,0.06357,0.05025
Time,s,5,0.06327,0.06245,0.06351,0.04956
Time,s,5,0.06431,0.06342,0.06353,0.05137
Time,s,5,0.06213,0.06402,0.06364,0.04842
Time,s,5,0.06147,0.06033,0.06223,0.0473
Time,s,5,0.06062,0.06286,0.06243,0.04624
Time,s,5,0.06325,0.06177,0.06546,0.04893
Time,s,5,0.06424,0.06186,0.0629,0.04767
Time,s,5,0.06176,0.0603,0.06273,0.04573
Time,s,5,0.06124,0.06302,0.06305,0.04662
Time,s,5,0.06277,0.06382,0.06257,0.04819
Time,s,5,0.06069,0.06204,0.06412,0.04701
Time,s,5,0.06386,0.06274,0.0629,0.04815
Time,s,5,0.06558,0.06422,0.06376,0.04559
Time,s,6,0.04301,0.04318,0.04291,0.01928
Time,s,6,0.04308,0.04292,0.04316,0.01739
Time,s,6,0.04334,0.04335,0.04352,0.01554
Time,s,6,0.04376,0.04272,0.04593,0.01636
Time,s,6,0.04246,0.04374,0.04305,0.01617
Time,s,6,0.04196,0.04007,0.04068,0.01603
Time,s,6,0.04123,0.04475,0.04109,0.01584
Time,s,6,0.0418,0.04133,0.04244,0.01563
Time,s,6,0.04117,0.04194,0.04522,0.01566
Time,s,6,0.04113,0.04174,0.04267,0.01716
Time,s,6,0.04095,0.04199,0.04096,0.0163
Time,s,6,0.04211,0.04073,0.04372,0.01558
Time,s,6,0.04334,0.04182,0.04265,0.01572
Time,s,6,0.04059,0.04248,0.04309,0.01749
Time,s,6,0.0411,0.04261,0.04829,0.01571
Time,s,6,0.04415,0.04296,0.04301,0.01601
Time,s,6,0.04279,0.0437,0.04241,0.01633
Time,s,6,0.04267,0.04266,0.04225,0.01602
Time,s,6,0.04282,0.0413,0.04116,0.01616
Time,s,6,0.04278,0.04464,0.04842,0.01501
Time,s,6,0.042,0.04375,0.04263,0.0169
Time,s,6,0.04126,0.04207,0.04417,0.01645
Time,s,6,0.04209,0.04394,0.04319,0.01672
Time,s,6,0.04334,0.04239,0.0437,0.01634
Time,s,6,0.04043,0.04441,0.04419,0.0174
Time,s,6,0.04219,0.04279,0.04414,0.01619
Time,s,6,0.04358,0.04141,0.04277,0.01575
Time,s,6,0.04409,0.04222,0.04444,0.01499
Time,s,6,0.04563,0.04172,0.04536,0.01523
Time,s,6,0.04365,0.04477,0.04554,0.01731
Time,s,6,0.04694,0.04322,0.04661,0.01535
Time,s,6,0.04729,0.04746,0.04604,0.01526
Time,s,6,0.04056,0.04289,0.04445,0.01622
Time,s,6,0.04165,0.04267,0.04102,0.01719
Time,s,6,0.0421,0.04143,0.04174,0.01536
Time,s,6,0.04244,0.04098,0.043,0.01604
Time,s,6,0.04322,0.04175,0.0441,0.01539
Time,s,6,0.04004,0.04161,0.04488,0.01611
Time,s,6,0.04039,0.04492,0.04456,0.01531
Time,s,6,0.04072,0.04816,0.04497,0.01522
Time,s,6,0.04222,0.04559,0.04277,0.01782
Time,s,6,0.04271,0.04716,0.04533,0.0167
Time,s,6,0.04102,0.04709,0.04116,0.01645
Time,s,6,0.04171,0.04634,0.04245,0.01524
Time,s,6,0.042,0.04407,0.04208,0.01548
Time,s,6,0.04315,0.04515,0.04357,0.01611
Time,s,6,0.04087,0.06334,0.04394,0.01548
Time,s,6,0.03966,0.04498,0.04181,0.01569
Time,s,6,0.04237,0.04438,0.04256,0.01535
Time,s,6,0.0428,0.04212,0.04384,0.01703
Time,s,6,0.04154,0.04314,0.04419,0.01604
Time,s,6,0.0433,0.0434,0.04202,0.016
Time,s,6,0.04281,0.03996,0.04391,0.01625
Time,s,6,0.04349,0.0428,0.04202,0.01622
Time,s,6,0.04239,0.0412,0.04101,0.01517
Time,s,6,0.03975,0.04486,0.04304,0.01668
Time,s,6,0.04188,0.04524,0.04254,0.01731
Time,s,6,0.04012,0.0455,0.04411,0.01646
Time,s,6,0.04217,0.04359,0.04371,0.01623
Time,s,6,0.0404,0.04475,0.04342,0.01625
Time,s,6,0.0437,0.04185,0.04413,0.01485
Time,s,6,0.04425,0.04241,0.04294,0.01638
Time,s,6,0.043,0.04153,0.04403,0.01617
Time,s,6,0.04127,0.04201,0.04227,0.01507
Time,s,6,0.04093,0.04299,0.04216,0.01569
Time,s,6,0.04262,0.04267,0.04302,0.01518
Time,s,6,0.04072,0.04316,0.04168,0.01518
Time,s,6,0.04219,0.04133,0.04851,0.01602
Time,s,6,0.0418,0.04123,0.04292,0.01622
Time,s,6,0.04262,0.04256,0.04515,0.01543
Time,s,6,0.04162,0.05075,0.04319,0.01505
Time,s,6,0.04114,0.0426,0.0435,0.01577
Time,s,6,0.04287,0.04124,0.04468,0.01562
Time,s,6,0.0433,0.04169,0.04204,0.01557
Time,s,6,0.03976,0.0422,0.04349,0.02542
Time,s,6,0.04142,0.04186,0.04486,0.01715
Time,s,6,0.04177,0.04362,0.04216,0.01639
Time,s,6,0.03996,0.04097,0.04083,0.01649
Time,s,6,0.04096,0.0416,0.04079,0.0155
Time,s,6,0.04141,0.04319,0.04217,0.01721
Time,s,6,0.04497,0.04137,0.0442,0.01617
Time,s,6,0.04181,0.04267,0.04289,0.01734
Time,s,6,0.04047,0.04105,0.04194,0.01572
Time,s,6,0.0411,0.0453,0.04199,0.01495
Time,s,6,0.0432,0.04314,0.04223,0.01506
Time,s,6,0.04047,0.04312,0.04495,0.01646
Time,s,6,0.04278,0.04402,0.04262,0.01508
Time,s,6,0.04024,0.04127,0.04553,0.01637
Time,s,6,0.04286,0.04141,0.04167,0.01644
Time,s,6,0.04274,0.04258,0.04192,0.01584
Time,s,6,0.04182,0.04207,0.04456,0.01524
Time,s,6,0.0415,0.04107,0.04402,0.01563
Time,s,6,0.0408,0.04146,0.04265,0.01558
Time,s,6,0.04148,0.04246,0.0436,0.01642
Time,s,6,0.04126,0.04142,0.04432,0.0163
Time,s,6,0.04369,0.04343,0.04092,0.01596
Time,s,6,0.04045,0.04257,0.04443,0.01535
Time,s,6,0.04143,0.04188,0.04405,0.01556
Time,s,6,0.04127,0.04246,0.04286,0.01594
Time,s,6,0.03935,0.04418,0.04386,0.01553
Time,s,7,0.04351,0.04328,0.04411,0.01777
Time,s,7,0.04251,0.04265,0.04291,0.01852
Time,s,7,0.04245,0.04306,0.04272,0.01687
Time,s,7,0.04254,0.04733,0.04315,0.01684
Time,s,7,0.04247,0.04433,0.0426,0.01689
Time,s,7,0.04288,0.04489,0.0436,0.01703
Time,s,7,0.04387,0.04279,0.04546,0.01678
Time,s,7,0.0437,0.04244,0.04273,0.01706
Time,s,7,0.043,0.04463,0.04317,0.01711
Time,s,7,0.04328,0.04301,0.04285,0.01788
Time,s,7,0.05006,0.04296,0.04368,0.01751
Time,s,7,0.04373,0.04418,0.04317,0.01701
Time,s,7,0.04275,0.04272,0.04305,0.01711
Time,s,7,0.04277,0.04291,0.04266,0.0174
Time,s,7,0.0423,0.04441,0.04261,0.01812
Time,s,7,0.04226,0.0425,0.0435,0.01755
Time,s,7,0.04214,0.04235,0.0423,0.0168
Time,s,7,0.04164,0.04429,0.04311,0.0171
Time,s,7,0.04279,0.04276,0.04515,0.01819
Time,s,7,0.04171,0.04274,0.04324,0.01793
Time,s,7,0.04203,0.04463,0.04472,0.01687
Time,s,7,0.04502,0.04438,0.04296,0.01675
Time,s,7,0.04502,0.04315,0.04588,0.01767
Time,s,7,0.04259,0.04459,0.05224,0.01687
Time,s,7,0.04353,0.04967,0.04434,0.01695
Time,s,7,0.04442,0.04453,0.04394,0.0169
Time,s,7,0.04354,0.04504,0.04362,0.01744
Time,s,7,0.04305,0.04344,0.043,0.01777
Time,s,7,0.04342,0.04454,0.04432,0.01694
Time,s,7,0.0425,0.04256,0.0441,0.01745
Time,s,7,0.04258,0.04213,0.04379,0.01653
Time,s,7,0.04331,0.0446,0.04318,0.01709
Time,s,7,0.0437,0.04301,0.04277,0.01684
Time,s,7,0.04375,0.04285,0.04341,0.0169
Time,s,7,0.04345,0.04237,0.04569,0.01722
Time,s,7,0.04302,0.043,0.04312,0.01699
Time,s,7,0.04299,0.04305,0.04332,0.01701
Time,s,7,0.04331,0.04253,0.04389,0.01738
Time,s,7,0.04253,0.04328,0.04345,0.01691
Time,s,7,0.0427,0.0443,0.04454,0.01765
Time,s,7,0.0427,0.0422,0.04337,0.01664
Time,s,7,0.04235,0.0427,0.0438,0.01731
Time,s,7,0.04335,0.04341,0.0428,0.01743
Time,s,7,0.04287,0.04317,0.0428,0.01675
Time,s,7,0.04283,0.04292,0.04243,0.01854
Time,s,7,0.04469,0.04396,0.04435,0.0171
Time,s,7,0.04591,0.04283,0.04418,0.01686
Time,s,7,0.04421,0.04393,0.04441,0.01803
Time,s,7,0.04275,0.04283,0.04467,0.01701
Time,s,7,0.04324,0.04322,0.04391,0.01712
Time,s,7,0.04437,0.04338,0.04365,0.01883
Time,s,7,0.04366,0.04202,0.04354,0.01713
Time,s,7,0.0427,0.04424,0.04308,0.018
Time,s,7,0.04219,0.04266,0.04303,0.01744
Time,s,7,0.04284,0.04264,0.04437,0.01731
Time,s,7,0.04358,0.04172,0.04325,0.01714
Time,s,7,0.04203,0.04198,0.04297,0.01677
Time,s,7,0.04244,0.04283,0.04467,0.01666
Time,s,7,0.04578,0.04247,0.04568,0.01744
Time,s,7,0.04579,0.04475,0.04768,0.01704
Time,s,7,0.04317,0.04681,0.04328,0.01685
Time,s,7,0.04268,0.04538,0.04376,0.018
Time,s,7,0.0429,0.04321,0.04401,0.01678
Time,s,7,0.04288,0.0437,0.04493,0.01913
Time,s,7,0.04316,0.04393,0.04351,0.01759
Time,s,7,0.04386,0.04477,0.04389,0.01708
Time,s,7,0.04294,0.04314,0.04353,0.018
Time,s,7,0.04313,0.04337,0.04258,0.01723
Time,s,7,0.0427,0.04254,0.04279,0.01717
Time,s,7,0.04356,0.04407,0.04253,0.01792
Time,s,7,0.04317,0.04288,0.04476,0.0193
Time,s,7,0.04346,0.04291,0.04438,0.01872
Time,s,7,0.04368,0.04271,0.04441,0.01713
Time,s,7,0.04272,0.0426,0.04326,0.01763
Time,s,7,0.04268,0.04209,0.04541,0.02495
Time,s,7,0.04368,0.04591,0.04317,0.01713
Time,s,7,0.04269,0.0449,0.04356,0.01784
Time,s,7,0.04393,0.04285,0.04332,0.01761
Time,s,7,0.04337,0.04313,0.04302,0.01789
Time,s,7,0.04496,0.04253,0.04338,0.01727
Time,s,7,0.04251,0.04272,0.04342,0.01693
Time,s,7,0.04269,0.04212,0.04327,0.01676
Time,s,7,0.04357,0.0433,0.04318,0.01704
Time,s,7,0.0486,0.04185,0.04548,0.01717
Time,s,7,0.04318,0.04258,0.04292,0.01696
Time,s,7,0.04268,0.04245,0.04346,0.017
Time,s,7,0.04182,0.04256,0.04506,0.01806
Time,s,7,0.04264,0.04283,0.04417,0.01771
Time,s,7,0.04198,0.04241,0.04399,0.01728
Time,s,7,0.04294,0.04413,0.04599,0.01706
Time,s,7,0.04329,0.04324,0.04396,0.01794
Time,s,7,0.04259,0.04334,0.04722,0.01723
Time,s,7,0.04263,0.04238,0.04637,0.0172
Time,s,7,0.04238,0.04375,0.04986,0.01681
Time,s,7,0.04455,0.04298,0.05152,0.01686
Time,s,7,0.04406,0.04262,0.04814,0.01837
Time,s,7,0.04326,0.04371,0.04332,0.01688
Time,s,7,0.0428,0.04915,0.04561,0.01696
Time,s,7,0.04255,0.04321,0.04358,0.01666
Time,s,7,0.0443,0.04367,0.0433,0.01742
Time,s,8,0.06457,0.06594,0.06434,0.04923
Time,s,8,0.06557,0.06422,0.06432,0.04886
Time,s,8,0.06573,0.06436,0.06347,0.04776
Time,s,8,0.06439,0.0634,0.06605,0.04956
Time,s,8,0.06689,0.06349,0.06385,0.04775
Time,s,8,0.06468,0.06401,0.06444,0.04771
Time,s,8,0.06478,0.06363,0.06354,0.04761
Time,s,8,0.06462,0.06532,0.06485,0.047
Time,s,8,0.06436,0.06413,0.06425,0.0481
Time,s,8,0.06381,0.06589,0.06373,0.04758
Time,s,8,0.06653,0.06568,0.06442,0.04717
Time,s,8,0.06523,0.06514,0.06381,0.04888
Time,s,8,0.06793,0.06484,0.06573,0.04799
Time,s,8,0.06483,0.06625,0.06422,0.04766
Time,s,8,0.06473,0.06423,0.06513,0.04874
Time,s,8,0.06478,0.0641,0.06473,0.04824
Time,s,8,0.06543,0.06532,0.06302,0.04815
Time,s,8,0.06463,0.06505,0.06396,0.04761
Time,s,8,0.06638,0.06372,0.06307,0.0482
Time,s,8,0.06468,0.06336,0.06396,0.04777
Time,s,8,0.06683,0.06415,0.06909,0.04768
Time,s,8,0.0663,0.06421,0.0633,0.05039
Time,s,8,0.06375,0.06958,0.06506,0.04831
Time,s,8,0.06465,0.06325,0.06423,0.04971
Time,s,8,0.06383,0.06348,0.06428,0.04788
Time,s,8,0.06505,0.0646,0.06303,0.04981
Time,s,8,0.06499,0.0679,0.06376,0.04743
Time,s,8,0.06459,0.06479,0.06537,0.04839
Time,s,8,0.06364,0.06452,0.0664,0.04768
Time,s,8,0.06492,0.06503,0.06544,0.04812
Time,s,8,0.0644,0.0647,0.06433,0.0484
Time,s,8,0.06448,0.07043,0.06397,0.04749
Time,s,8,0.06491,0.06638,0.0643,0.04794
Time,s,8,0.06498,0.06356,0.06278,0.04763
Time,s,8,0.06553,0.06412,0.06416,0.0502
Time,s,8,0.0647,0.06401,0.0636,0.04764
Time,s,8,0.06881,0.06419,0.0633,0.04747
Time,s,8,0.0651,0.06485,0.06783,0.0484
Time,s,8,0.06481,0.06645,0.06328,0.04881
Time,s,8,0.0641,0.06507,0.06394,0.04786
Time,s,8,0.06449,0.06406,0.06435,0.04755
Time,s,8,0.06377,0.06554,0.06377,0.04815
Time,s,8,0.06562,0.06576,0.0635,0.04765
Time,s,8,0.06449,0.06492,0.06373,0.04833
Time,s,8,0.06751,0.0695,0.06702,0.04734
Time,s,8,0.06497,0.06418,0.06536,0.04819
Time,s,8,0.064,0.06897,0.0638,0.04768
Time,s,8,0.06388,0.06578,0.06602,0.05093
Time,s,8,0.06402,0.06697,0.06538,0.04898
Time,s,8,0.06533,0.0663,0.06421,0.04853
Time,s,8,0.065,0.0648,0.06448,0.04887
Time,s,8,0.06529,0.06472,0.06426,0.048
Time,s,8,0.06657,0.06421,0.06757,0.04743
Time,s,8,0.06425,0.06466,0.06484,0.04692
Time,s,8,0.06473,0.0645,0.06398,0.05223
Time,s,8,0.06498,0.066,0.06666,0.04795
Time,s,8,0.06491,0.06595,0.06363,0.04718
Time,s,8,0.07351,0.06692,0.06535,0.04745
Time,s,8,0.07582,0.067,0.06429,0.04871
Time,s,8,0.08704,0.06459,0.0632,0.04819
Time,s,8,0.07806,0.06691,0.06445,0.04895
Time,s,8,0.06548,0.06461,0.06334,0.04792
Time,s,8,0.06638,0.06441,0.06502,0.04817
Time,s,8,0.07078,0.06594,0.06406,0.04724
Time,s,8,0.06561,0.06317,0.0632,0.0477
Time,s,8,0.06463,0.06494,0.06377,0.04747
Time,s,8,0.06744,0.06391,0.06419,0.04838
Time,s,8,0.06727,0.06349,0.06309,0.05194
Time,s,8,0.06494,0.06412,0.06375,0.04742
Time,s,8,0.06515,0.06378,0.06883,0.05062
Time,s,8,0.06405,0.07083,0.06387,0.04894
Time,s,8,0.06524,0.06613,0.06542,0.04834
Time,s,8,0.06429,0.0646,0.06424,0.04847
Time,s,8,0.06602,0.06374,0.06419,0.04829
Time,s,8,0.06572,0.06564,0.06566,0.04811
Time,s,8,0.06541,0.06393,0.06479,0.04789
Time,s,8,0.06615,0.06499,0.06555,0.04797
Time,s,8,0.06394,0.06405,0.06551,0.0471
Time,s,8,0.06536,0.06434,0.06509,0.0478
Time,s,8,0.06482,0.06527,0.06485,0.04877
Time,s,8,0.06408,0.06688,0.064,0.04834
Time,s,8,0.06427,0.06407,0.06417,0.04814
Time,s,8,0.06527,0.06371,0.06323,0.04744
Time,s,8,0.06781,0.06534,0.06335,0.04701
Time,s,8,0.06589,0.06429,0.06328,0.04784
Time,s,8,0.0656,0.06449,0.06405,0.04776
Time,s,8,0.06558,0.06415,0.06421,0.04958
Time,s,8,0.06472,0.06558,0.06631,0.05585
Time,s,8,0.06518,0.06565,0.06373,0.0484
Time,s,8,0.06754,0.06642,0.06761,0.04707
Time,s,8,0.06523,0.06489,0.06458,0.04835
Time,s,8,0.06677,0.06483,0.06487,0.05066
Time,s,8,0.06573,0.06689,0.06445,0.04863
Time,s,8,0.06476,0.06376,0.07049,0.04825
Time,s,8,0.06569,0.06838,0.06497,0.04716
Time,s,8,0.06477,0.06415,0.06391,0.04707
Time,s,8,0.06516,0.06577,0.06378,0.04842
Time,s,8,0.06556,0.06576,0.06365,0.04817
Time,s,8,0.06492,0.06419,0.06393,0.04803
Time,s,8,0.06544,0.06638,0.0634,0.0494
Time,s,9,0.14524,0.15321,0.14593,0.14296
Time,s,9,0.145,0.15598,0.14359,0.14216
Time,s,9,0.14557,0.14634,0.1444,0.14699
Time,s,9,0.15502,0.14326,0.14457,0.14453
Time,s,9,0.15673,0.14224,0.14596,0.14568
Time,s,9,0.15552,0.1433,0.1451,0.14426
Time,s,9,0.14811,0.1424,0.14431,0.15212
Time,s,9,0.14597,0.14217,0.14624,0.14244
Time,s,9,0.14475,0.1478,0.15415,0.14331
Time,s,9,0.1501,0.14663,0.14896,0.14432
Time,s,9,0.14622,0.14546,0.14397,0.14404
Time,s,9,0.14726,0.14304,0.14845,0.1451
Time,s,9,0.14765,0.14587,0.14587,0.14622
Time,s,9,0.14959,0.14134,0.14398,0.14502
Time,s,9,0.1515,0.14527,0.14415,0.14363
Time,s,9,0.14515,0.14742,0.14532,0.14295
Time,s,9,0.14642,0.14223,0.14396,0.14385
Time,s,9,0.14883,0.14211,0.14419,0.14823
Time,s,9,0.14893,0.14581,0.14938,0.14435
Time,s,9,0.14578,0.14935,0.15354,0.14864
Time,s,9,0.14878,0.14098,0.14398,0.1437
Time,s,9,0.14656,0.14244,0.14683,0.14571
Time,s,9,0.15085,0.14233,0.14629,0.14306
Time,s,9,0.15408,0.14494,0.14276,0.14348
Time,s,9,0.15933,0.15131,0.15268,0.14876
Time,s,9,0.14518,0.14369,0.15206,0.14442
Time,s,9,0.14582,0.1421,0.14491,0.14602
Time,s,9,0.1479,0.14411,0.14295,0.14802
Time,s,9,0.14776,0.14233,0.14474,0.15445
Time,s,9,0.14412,0.14188,0.15082,0.1484
Time,s,9,0.1469,0.14927,0.14297,0.15569
Time,s,9,0.14939,0.14216,0.14431,0.145
Time,s,9,0.14624,0.14126,0.14511,0.14672
Time,s,9,0.14523,0.1419,0.14546,0.14501
Time,s,9,0.14661,0.14794,0.14405,0.14661
Time,s,9,0.15857,0.14115,0.14614,0.14574
Time,s,9,0.15718,0.14263,0.14405,0.14449
Time,s,9,0.14682,0.14053,0.14449,0.144
Time,s,9,0.14668,0.14177,0.14426,0.14455
Time,s,9,0.14626,0.14254,0.147,0.15108
Time,s,9,0.15197,0.14195,0.16616,0.14286
Time,s,9,0.14615,0.15523,0.15094,0.14386
Time,s,9,0.15392,0.1424,0.14424,0.1438
Time,s,9,0.14862,0.14216,0.15019,0.14779
Time,s,9,0.14583,0.14549,0.14452,0.14419
Time,s,9,0.1524,0.15121,0.14643,0.146
Time,s,9,0.14866,0.1398,0.15246,0.14341
Time,s,9,0.14584,0.14232,0.14637,0.14728
Time,s,9,0.14784,0.14316,0.14588,0.14504
Time,s,9,0.14779,0.14675,0.14451,0.1475
Time,s,9,0.14873,0.15167,0.14997,0.15092
Time,s,9,0.14916,0.1541,0.14434,0.15775
Time,s,9,0.14606,0.14715,0.14718,0.14601
Time,s,9,0.15062,0.14209,0.14408,0.14437
Time,s,9,0.14865,0.14305,0.1476,0.14503
Time,s,9,0.14581,0.14197,0.14865,0.14474
Time,s,9,0.15453,0.14613,0.14391,0.14279
Time,s,9,0.14534,0.1528,0.14371,0.14454
Time,s,9,0.1466,0.1523,0.14413,0.14268
Time,s,9,0.15616,0.14175,0.14981,0.14343
Time,s,9,0.14862,0.14136,0.15137,0.14817
Time,s,9,0.14619,0.14178,0.15174,0.14536
Time,s,9,0.14521,0.15721,0.14461,0.14514
Time,s,9,0.14871,0.15551,0.15117,0.15485
Time,s,9,0.15146,0.14159,0.14436,0.14707
Time,s,9,0.14868,0.14171,0.14567,0.14443
Time,s,9,0.15084,0.14164,0.14505,0.1441
Time,s,9,0.14526,0.1457,0.14976,0.15046
Time,s,9,0.14614,0.14495,0.14626,0.14524
Time,s,9,0.15065,0.14305,0.14427,0.14393
Time,s,9,0.15716,0.14269,0.14165,0.14484
Time,s,9,0.14471,0.14216,0.14795,0.14945
Time,s,9,0.15099,0.14222,0.15007,0.14355
Time,s,9,0.15037,0.1546,0.14404,0.14246
Time,s,9,0.14654,0.14242,0.14336,0.14589
Time,s,9,0.14601,0.14296,0.14637,0.15014
Time,s,9,0.14575,0.14287,0.15252,0.14335
Time,s,9,0.15485,0.14502,0.14463,0.14391
Time,s,9,0.14663,0.1554,0.14468,0.14246
Time,s,9,0.14717,0.15356,0.14403,0.14536
Time,s,9,0.15251,0.15079,0.14295,0.14155
Time,s,9,0.14554,0.14135,0.14463,0.14456
Time,s,9,0.14545,0.14206,0.14432,0.15918
Time,s,9,0.14745,0.14289,0.15061,0.15217
Time,s,9,0.15286,0.15344,0.14399,0.14534
Time,s,9,0.14641,0.14202,0.14384,0.14397
Time,s,9,0.14932,0.14227,0.14862,0.14613
Time,s,9,0.14932,0.14908,0.14337,0.14393
Time,s,9,0.15202,0.14567,0.14345,0.14388
Time,s,9,0.14834,0.14325,0.14371,0.14361
Time,s,9,0.14917,0.14249,0.14491,0.14552
Time,s,9,0.14884,0.14399,0.14499,0.14484
Time,s,9,0.14637,0.14684,0.14344,0.14306
Time,s,9,0.14645,0.14393,0.14402,0.15012
Time,s,9,0.14733,0.14272,0.1493,0.14286
Time,s,9,0.14609,0.1472,0.14427,0.14343
Time,s,9,0.14708,0.14865,0.14421,0.14228
Time,s,9,0.14609,0.15394,0.15364,0.1473
Time,s,9,0.15454,0.14768,0.14548,0.14647
Time,s,9,0.14881,0.14825,0.14351,0.14366
Time,s,10,0.03613,0.03678,0.03584,0.02392
Time,s,10,0.03564,0.03577,0.03538,0.02028
Time,s,10,0.0342,0.03471,0.03542,0.01933
Time,s,10,0.03315,0.03582,0.03385,0.01967
Time,s,10,0.03395,0.03328,0.03487,0.01828
Time,s,10,0.03303,0.03289,0.03463,0.0192
Time,s,10,0.03384,0.03316,0.03392,0.01886
Time,s,10,0.03422,0.03337,0.03356,0.01974
Time,s,10,0.03298,0.03256,0.03454,0.01958
Time,s,10,0.03305,0.03258,0.03384,0.02049
Time,s,10,0.03381,0.03258,0.03292,0.01997
Time,s,10,0.03333,0.03291,0.03349,0.01921
Time,s,10,0.03243,0.03204,0.0357,0.01922
Time,s,10,0.03295,0.03288,0.03591,0.01863
Time,s,10,0.03303,0.03422,0.03397,0.01871
Time,s,10,0.03241,0.03401,0.03437,0.01899
Time,s,10,0.03394,0.03469,0.03432,0.0189
Time,s,10,0.03235,0.03367,0.03316,0.01821
Time,s,10,0.03383,0.03324,0.03471,0.01879
Time,s,10,0.03317,0.033,0.0343,0.01857
Time,s,10,0.03294,0.03307,0.03586,0.01913
Time,s,10,0.03342,0.03472,0.03415,0.01942
Time,s,10,0.03363,0.03293,0.03328,0.01836
Time,s,10,0.03337,0.03225,0.03325,0.01998
Time,s,10,0.03333,0.03422,0.03408,0.02025
Time,s,10,0.03345,0.03566,0.03383,0.01894
Time,s,10,0.03278,0.03411,0.03428,0.01926
Time,s,10,0.03291,0.03714,0.03401,0.01892
Time,s,10,0.03358,0.03314,0.03344,0.01908
Time,s,10,0.03272,0.03247,0.0339,0.01866
Time,s,10,0.03255,0.03264,0.03376,0.01914
Time,s,10,0.03221,0.03236,0.0343,0.01986
Time,s,10,0.03299,0.03329,0.03212,0.0187
Time,s,10,0.03272,0.03262,0.03429,0.0192
Time,s,10,0.03345,0.03322,0.03416,0.02017
Time,s,10,0.03217,0.03208,0.0346,0.01867
Time,s,10,0.03384,0.03592,0.03663,0.01898
Time,s,10,0.03342,0.03326,0.03437,0.01861
Time,s,10,0.0325,0.0339,0.03426,0.01903
Time,s,10,0.03471,0.03331,0.03345,0.01901
Time,s,10,0.03407,0.03345,0.03517,0.01902
Time,s,10,0.03399,0.03237,0.03357,0.01951
Time,s,10,0.03286,0.03498,0.03304,0.01924
Time,s,10,0.03241,0.03224,0.03494,0.01902
Time,s,10,0.03276,0.03321,0.03253,0.01939
Time,s,10,0.0333,0.03254,0.03304,0.01865
Time,s,10,0.03253,0.03224,0.03285,0.01865
Time,s,10,0.03114,0.03264,0.03456,0.01865
Time,s,10,0.03245,0.03197,0.03439,0.01841
Time,s,10,0.0325,0.03191,0.03475,0.01991
Time,s,10,0.03274,0.03449,0.03486,0.01919
Time,s,10,0.03271,0.03257,0.03993,0.01849
Time,s,10,0.03188,0.03463,0.03286,0.01834
Time,s,10,0.03357,0.0327,0.03489,0.01872
Time,s,10,0.03415,0.03351,0.03367,0.01808
Time,s,10,0.03289,0.03326,0.03408,0.01843
Time,s,10,0.03431,0.03258,0.03623,0.01949
Time,s,10,0.03372,0.0338,0.03499,0.01839
Time,s,10,0.03201,0.03712,0.0345,0.01876
Time,s,10,0.03193,0.03436,0.03807,0.01877
Time,s,10,0.0346,0.03246,0.03503,0.01852
Time,s,10,0.03231,0.03247,0.03647,0.01805
Time,s,10,0.03417,0.03417,0.03525,0.01859
Time,s,10,0.03323,0.03278,0.03366,0.01875
Time,s,10,0.03319,0.03379,0.03649,0.01839
Time,s,10,0.03367,0.03274,0.03528,0.01859
Time,s,10,0.03172,0.03261,0.03809,0.01863
Time,s,10,0.0325,0.0346,0.03651,0.01849
Time,s,10,0.03329,0.03277,0.03516,0.01834
Time,s,10,0.03362,0.03297,0.03364,0.01831
Time,s,10,0.033,0.0332,0.03394,0.01901
Time,s,10,0.03221,0.03277,0.03434,0.01871
Time,s,10,0.03282,0.03501,0.03419,0.01847
Time,s,10,0.03249,0.03367,0.03338,0.02068
Time,s,10,0.03198,0.03321,0.03308,0.01947
Time,s,10,0.03257,0.03263,0.03272,0.01887
Time,s,10,0.03237,0.03262,0.03571,0.0186
Time,s,10,0.03233,0.03334,0.03368,0.01886
Time,s,10,0.03129,0.03311,0.03391,0.01838
Time,s,10,0.03129,0.03266,0.03359,0.02011
Time,s,10,0.03422,0.03195,0.03412,0.01846
Time,s,10,0.03266,0.03288,0.03506,0.01919
Time,s,10,0.03399,0.03378,0.03482,0.01844
Time,s,10,0.03331,0.03357,0.03472,0.0193
Time,s,10,0.03236,0.03269,0.03502,0.01815
Time,s,10,0.03337,0.03431,0.03266,0.01837
Time,s,10,0.03327,0.0331,0.03454,0.01829
Time,s,10,0.03257,0.03322,0.03453,0.01851
Time,s,10,0.03673,0.03547,0.03249,0.01883
Time,s,10,0.03471,0.03555,0.03382,0.0197
Time,s,10,0.03503,0.03541,0.03344,0.0186
Time,s,10,0.03534,0.03485,0.03246,0.01829
Time,s,10,0.0342,0.03289,0.03381,0.01846
Time,s,10,0.03251,0.03411,0.03393,0.0193
Time,s,10,0.03246,0.03558,0.03371,0.01865
Time,s,10,0.03309,0.03309,0.03483,0.0209
Time,s,10,0.03194,0.03292,0.03396,0.01908
Time,s,10,0.03285,0.03213,0.03471,0.0183
Time,s,10,0.03229,0.03385,0.03425,0.01891
Time,s,10,0.03154,0.03268,0.03355,0.01887
Time,s,11,0.34537,0.35049,0.35714,0.15781
Time,s,11,0.34623,0.34339,0.33856,0.15822
Time,s,11,0.32476,0.31376,0.33145,0.14384
Time,s,11,0.32989,0.32756,0.31214,0.14017
Time,s,11,0.31736,0.31647,0.32336,0.14306
Time,s,11,0.32229,0.31735,0.30577,0.14257
Time,s,11,0.31671,0.31882,0.32569,0.14756
Time,s,11,0.32029,0.31769,0.32885,0.14197
Time,s,11,0.312,0.31734,0.33001,0.14216
Time,s,11,0.32175,0.32835,0.33698,0.14033
Time,s,11,0.3161,0.3166,0.33172,0.14203
Time,s,11,0.31397,0.32899,0.32729,0.14412
Time,s,11,0.32984,0.31498,0.3236,0.1397
Time,s,11,0.32122,0.31561,0.32779,0.14494
Time,s,11,0.31864,0.3232,0.32886,0.14929
Time,s,11,0.31903,0.33312,0.34637,0.14281
Time,s,11,0.31727,0.31589,0.33133,0.14397
Time,s,11,0.31355,0.31684,0.32883,0.13878
Time,s,11,0.32107,0.3154,0.32032,0.14285
Time,s,11,0.31641,0.3249,0.32088,0.14088
Time,s,11,0.3229,0.32191,0.32094,0.14329
Time,s,11,0.32818,0.33055,0.32549,0.13953
Time,s,11,0.31236,0.31946,0.32657,0.1441
Time,s,11,0.31999,0.32843,0.32305,0.14478
Time,s,11,0.32884,0.32472,0.31959,0.1426
Time,s,11,0.31782,0.31741,0.33024,0.13574
Time,s,11,0.30345,0.32852,0.31266,0.13869
Time,s,11,0.31438,0.32658,0.32691,0.14372
Time,s,11,0.32559,0.33272,0.32473,0.14574
Time,s,11,0.31387,0.31782,0.32788,0.14682
Time,s,11,0.32258,0.31965,0.32772,0.14543
Time,s,11,0.31381,0.3357,0.32474,0.1421
Time,s,11,0.32351,0.32266,0.31312,0.14377
Time,s,11,0.32795,0.32049,0.319,0.14608
Time,s,11,0.32293,0.33594,0.32518,0.14848
Time,s,11,0.33199,0.32088,0.32798,0.14284
Time,s,11,0.32473,0.3247,0.32277,0.1396
Time,s,11,0.31066,0.32833,0.3272,0.13775
Time,s,11,0.33312,0.33193,0.31516,0.14211
Time,s,11,0.31978,0.32703,0.32997,0.14038
Time,s,11,0.31501,0.32404,0.32496,0.13861
Time,s,11,0.32012,0.33937,0.36472,0.13839
Time,s,11,0.32218,0.35516,0.32244,0.14207
Time,s,11,0.32276,0.3643,0.31274,0.1455
Time,s,11,0.32,0.32598,0.33703,0.15089
Time,s,11,0.31486,0.32973,0.31716,0.14186
Time,s,11,0.32532,0.31291,0.33347,0.13428
Time,s,11,0.32546,0.32358,0.3296,0.14102
Time,s,11,0.32522,0.32516,0.34475,0.1399
Time,s,11,0.30678,0.32327,0.36286,0.13988
Time,s,11,0.32536,0.32669,0.32642,0.13629
Time,s,11,0.31474,0.33011,0.31016,0.14403
Time,s,11,0.32014,0.3269,0.33564,0.13521
Time,s,11,0.31179,0.31755,0.31771,0.14557
Time,s,11,0.32284,0.33384,0.3292,0.13968
Time,s,11,0.30053,0.32094,0.32687,0.1403
Time,s,11,0.31732,0.31957,0.32482,0.1405
Time,s,11,0.32371,0.3273,0.33108,0.14838
Time,s,11,0.31127,0.31764,0.32885,0.13941
Time,s,11,0.31823,0.33721,0.31812,0.13972
Time,s,11,0.32729,0.32416,0.33905,0.13785
Time,s,11,0.31331,0.3271,0.32968,0.14308
Time,s,11,0.33026,0.33281,0.35137,0.14107
Time,s,11,0.31345,0.33073,0.31862,0.13755
Time,s,11,0.33892,0.31893,0.34592,0.13854
Time,s,11,0.32854,0.31932,0.3296,0.14573
Time,s,11,0.31572,0.3221,0.33582,0.14059
Time,s,11,0.31281,0.3278,0.33436,0.13827
Time,s,11,0.31732,0.31597,0.33218,0.14633
Time,s,11,0.31539,0.33512,0.31653,0.14336
Time,s,11,0.33251,0.33315,0.32812,0.14275
Time,s,11,0.36236,0.32001,0.32534,0.14178
Time,s,11,0.33043,0.32905,0.33965,0.1474
Time,s,11,0.32552,0.31653,0.34329,0.14568
Time,s,11,0.31207,0.31658,0.32247,0.14556
Time,s,11,0.31286,0.32364,0.3141,0.14821
Time,s,11,0.32824,0.32732,0.31305,0.14238
Time,s,11,0.30713,0.32091,0.3142,0.13686
Time,s,11,0.31846,0.32622,0.32339,0.14342
Time,s,11,0.32317,0.34037,0.33906,0.1418
Time,s,11,0.32191,0.32016,0.32832,0.1387
Time,s,11,0.31401,0.32464,0.31797,0.14179
Time,s,11,0.35255,0.31685,0.33744,0.14398
Time,s,11,0.31545,0.32694,0.32797,0.14126
Time,s,11,0.32557,0.32531,0.32954,0.14726
Time,s,11,0.31163,0.3279,0.33395,0.13724
Time,s,11,0.33331,0.33659,0.35207,0.13992
Time,s,11,0.31904,0.36695,0.37138,0.15003
Time,s,11,0.32559,0.32556,0.32052,0.14111
Time,s,11,0.31542,0.32402,0.31994,0.14601
Time,s,11,0.32366,0.32001,0.33047,0.14882
Time,s,11,0.32369,0.32086,0.32428,0.13708
Time,s,11,0.31784,0.33065,0.33748,0.14262
Time,s,11,0.32008,0.33879,0.32257,0.14177
Time,s,11,0.31626,0.31958,0.33572,0.13842
Time,s,11,0.31226,0.31689,0.31866,0.14967
Time,s,11,0.32468,0.32149,0.31475,0.14062
Time,s,11,0.32326,0.32926,0.33106,0.14665
Time,s,11,0.32932,0.35107,0.33347,0.14079
Time,s,11,0.30939,0.35915,0.32429,0.13776
Time,s,12,0.01855,0.01944,0.02332,0.01454
Time,s,12,0.01884,0.02238,0.02104,0.01593
Time,s,12,0.01753,0.02059,0.01946,0.01531
Time,s,12,0.01817,0.02269,0.01981,0.01465
Time,s,12,0.01998,0.01931,0.02038,0.01656
Time,s,12,0.01942,0.02004,0.01935,0.01632
Time,s,12,0.01839,0.01926,0.01971,0.0161
Time,s,12,0.01939,0.01892,0.0203,0.01603
Time,s,12,0.0176,0.02089,0.01987,0.01581
Time,s,12,0.01882,0.01954,0.01798,0.01693
Time,s,12,0.01738,0.02192,0.02002,0.01386
Time,s,12,0.02098,0.0192,0.02099,0.01484
Time,s,12,0.01919,0.02194,0.0197,0.01556
Time,s,12,0.01817,0.01953,0.02106,0.01471
Time,s,12,0.01916,0.01858,0.01949,0.01598
Time,s,12,0.01909,0.02053,0.01985,0.01532
Time,s,12,0.01909,0.02045,0.01869,0.01466
Time,s,12,0.01771,0.02092,0.01873,0.01366
Time,s,12,0.01878,0.02063,0.02188,0.029
Time,s,12,0.01858,0.02156,0.01956,0.01669
Time,s,12,0.01804,0.01946,0.02208,0.01578
Time,s,12,0.01775,0.02168,0.01958,0.01482
Time,s,12,0.01795,0.01891,0.0198,0.01494
Time,s,12,0.01824,0.02052,0.02027,0.01497
Time,s,12,0.01945,0.01886,0.01889,0.01507
Time,s,12,0.0196,0.02085,0.0199,0.0149
Time,s,12,0.0191,0.02045,0.01994,0.01448
Time,s,12,0.02032,0.01815,0.01964,0.01352
Time,s,12,0.02069,0.02097,0.0217,0.01517
Time,s,12,0.02029,0.01862,0.01892,0.01468
Time,s,12,0.02076,0.02313,0.01985,0.01467
Time,s,12,0.0178,0.01923,0.02015,0.01577
Time,s,12,0.01776,0.01923,0.02018,0.01453
Time,s,12,0.01946,0.02038,0.0201,0.0159
Time,s,12,0.01887,0.01882,0.01919,0.01538
Time,s,12,0.01917,0.02041,0.0188,0.01476
Time,s,12,0.01979,0.01877,0.01908,0.01468
Time,s,12,0.02025,0.02091,0.01969,0.01593
Time,s,12,0.02113,0.01808,0.02072,0.01418
Time,s,12,0.01941,0.0216,0.01905,0.01418
Time,s,12,0.01883,0.01877,0.02094,0.01476
Time,s,12,0.01846,0.01818,0.02043,0.01344
Time,s,12,0.01904,0.02112,0.01898,0.01489
Time,s,12,0.01907,0.01819,0.01831,0.01384
Time,s,12,0.01776,0.02123,0.01988,0.01435
Time,s,12,0.0185,0.01789,0.01897,0.01391
Time,s,12,0.0183,0.02123,0.01813,0.01418
Time,s,12,0.01809,0.01813,0.01992,0.01536
Time,s,12,0.01879,0.02074,0.01925,0.01436
Time,s,12,0.01723,0.01806,0.01949,0.01466
Time,s,12,0.01795,0.01838,0.01988,0.01339
Time,s,12,0.01742,0.01839,0.01964,0.01389
Time,s,12,0.01937,0.02009,0.02007,0.01451
Time,s,12,0.01971,0.02025,0.01813,0.01342
Time,s,12,0.02191,0.01968,0.0201,0.01362
Time,s,12,0.02074,0.02152,0.01891,0.01572
Time,s,12,0.01975,0.02145,0.01895,0.01505
Time,s,12,0.02059,0.02127,0.02026,0.01449
Time,s,12,0.01926,0.01967,0.01944,0.01494
Time,s,12,0.01976,0.02133,0.01991,0.01437
Time,s,12,0.02046,0.01879,0.01895,0.01558
Time,s,12,0.02139,0.01842,0.02093,0.01485
Time,s,12,0.02065,0.02006,0.01801,0.01554
Time,s,12,0.01979,0.01871,0.01952,0.01483
Time,s,12,0.0205,0.02023,0.0186,0.01478
Time,s,12,0.01951,0.01962,0.01943,0.01455
Time,s,12,0.0201,0.02124,0.01936,0.01493
Time,s,12,0.02013,0.01948,0.01855,0.01449
Time,s,12,0.0193,0.02059,0.01888,0.01505
Time,s,12,0.01945,0.01896,0.01817,0.01373
Time,s,12,0.02019,0.01875,0.01906,0.01463
Time,s,12,0.02088,0.02036,0.0204,0.01487
Time,s,12,0.02,0.01923,0.01993,0.01435
Time,s,12,0.01923,0.02021,0.02026,0.01441
Time,s,12,0.02075,0.0186,0.02139,0.01366
Time,s,12,0.01982,0.02122,0.02268,0.01396
Time,s,12,0.02174,0.02016,0.01991,0.0149
Time,s,12,0.01969,0.02169,0.01936,0.01487
Time,s,12,0.01997,0.01867,0.01949,0.01461
Time,s,12,0.01884,0.02013,0.01887,0.01562
Time,s,12,0.01985,0.02258,0.01868,0.01537
Time,s,12,0.02069,0.02006,0.01954,0.01393
Time,s,12,0.01984,0.02037,0.02034,0.01379
Time,s,12,0.01884,0.01889,0.01862,0.01364
Time,s,12,0.01732,0.02079,0.02076,0.0148
Time,s,12,0.01919,0.01821,0.01886,0.01413
Time,s,12,0.01762,0.02414,0.01917,0.0142
Time,s,12,0.01757,0.01817,0.02142,0.01644
Time,s,12,0.01868,0.02045,0.01887,0.01396
Time,s,12,0.01764,0.01954,0.01965,0.01492
Time,s,12,0.01827,0.01888,0.01897,0.01452
Time,s,12,0.01849,0.02112,0.01904,0.01548
Time,s,12,0.01733,0.02011,0.01918,0.01415
Time,s,12,0.01918,0.02216,0.02058,0.0134
Time,s,12,0.01774,0.01889,0.01998,0.01462
Time,s,12,0.01784,0.02185,0.01955,0.01498
Time,s,12,0.01779,0.01845,0.01954,0.01399
Time,s,12,0.01906,0.01991,0.01949,0.0145
Time,s,12,0.01758,0.02157,0.01913,0.01461
Time,s,12,0.01919,0.01938,0.01932,0.01456
Time,s,13,0.06015,0.05998,0.06079,0.00958
Time,s,13,0.05857,0.05978,0.06063,0.00781
Time,s,13,0.05857,0.05958,0.0616,0.00742
Time,s,13,0.06596,0.05933,0.061,0.00765
Time,s,13,0.06009,0.06108,0.06051,0.00724
Time,s,13,0.06053,0.06047,0.06003,0.00705
Time,s,13,0.06119,0.06101,0.06661,0.00676
Time,s,13,0.05939,0.06098,0.06022,0.00718
Time,s,13,0.05969,0.06157,0.05946,0.007
Time,s,13,0.05932,0.06158,0.05967,0.00673
Time,s,13,0.05907,0.06196,0.06013,0.007
Time,s,13,0.06221,0.06997,0.05983,0.00719
Time,s,13,0.0594,0.06138,0.06131,0.00709
Time,s,13,0.06028,0.06037,0.0596,0.00738
Time,s,13,0.0599,0.06272,0.06115,0.00817
Time,s,13,0.06256,0.05979,0.06227,0.00715
Time,s,13,0.05889,0.05971,0.06123,0.00723
Time,s,13,0.06077,0.06258,0.05983,0.00726
Time,s,13,0.05989,0.05998,0.06002,0.00712
Time,s,13,0.05982,0.06221,0.05995,0.00682
Time,s,13,0.05836,0.06021,0.0615,0.00718
Time,s,13,0.05772,0.06069,0.05855,0.00737
Time,s,13,0.06093,0.05871,0.06052,0.00748
Time,s,13,0.05995,0.05994,0.06217,0.00705
Time,s,13,0.06058,0.0595,0.06114,0.00769
Time,s,13,0.05847,0.0602,0.06595,0.00693
Time,s,13,0.05779,0.06038,0.06239,0.00699
Time,s,13,0.05853,0.06265,0.06171,0.00739
Time,s,13,0.05798,0.05935,0.06009,0.007
Time,s,13,0.06501,0.05927,0.06072,0.0069
Time,s,13,0.05868,0.06068,0.06067,0.00766
Time,s,13,0.05845,0.05864,0.06128,0.00686
Time,s,13,0.05781,0.05946,0.06601,0.00719
Time,s,13,0.05677,0.05978,0.06013,0.00671
Time,s,13,0.05967,0.05936,0.06022,0.0069
Time,s,13,0.06171,0.05883,0.05943,0.00754
Time,s,13,0.06065,0.0627,0.06019,0.00716
Time,s,13,0.06291,0.06816,0.06066,0.00715
Time,s,13,0.0587,0.06022,0.05959,0.00719
Time,s,13,0.05932,0.06127,0.06067,0.00695
Time,s,13,0.0596,0.06381,0.06148,0.00716
Time,s,13,0.06047,0.0603,0.06394,0.00704
Time,s,13,0.05806,0.06255,0.06195,0.00713
Time,s,13,0.05904,0.06439,0.06117,0.00743
Time,s,13,0.06078,0.05914,0.06114,0.00715
Time,s,13,0.05858,0.06096,0.05955,0.0068
Time,s,13,0.05795,0.06216,0.06045,0.00744
Time,s,13,0.05761,0.06043,0.05999,0.00716
Time,s,13,0.05883,0.06097,0.05927,0.00719
Time,s,13,0.0584,0.0588,0.05946,0.0078
Time,s,13,0.0604,0.05959,0.0591,0.00736
Time,s,13,0.05951,0.05866,0.06027,0.00752
Time,s,13,0.0616,0.06116,0.06303,0.00711
Time,s,13,0.06031,0.0594,0.06192,0.00795
Time,s,13,0.06029,0.0605,0.06849,0.00697
Time,s,13,0.0626,0.05975,0.06066,0.00763
Time,s,13,0.05879,0.0595,0.06097,0.00667
Time,s,13,0.05949,0.06002,0.06162,0.00664
Time,s,13,0.05858,0.05948,0.06347,0.00701
Time,s,13,0.06103,0.05951,0.06332,0.00744
Time,s,13,0.05889,0.06004,0.06039,0.00686
Time,s,13,0.05884,0.06177,0.05972,0.00713
Time,s,13,0.05842,0.05874,0.05997,0.00721
Time,s,13,0.05842,0.06407,0.05991,0.00649
Time,s,13,0.06316,0.05945,0.05975,0.00692
Time,s,13,0.05999,0.06067,0.06565,0.00738
Time,s,13,0.06003,0.06078,0.07,0.00698
Time,s,13,0.05997,0.06157,0.07069,0.00668
Time,s,13,0.05871,0.06035,0.07324,0.00744
Time,s,13,0.05972,0.06056,0.07085,0.00806
Time,s,13,0.06012,0.05884,0.06807,0.00695
Time,s,13,0.05958,0.05996,0.07308,0.00696
Time,s,13,0.06121,0.0606,0.06312,0.00746
Time,s,13,0.05954,0.06005,0.06064,0.00744
Time,s,13,0.05849,0.05956,0.06043,0.00701
Time,s,13,0.06135,0.05801,0.06107,0.00696
Time,s,13,0.05848,0.05847,0.06009,0.00758
Time,s,13,0.06067,0.06118,0.06161,0.00663
Time,s,13,0.05893,0.06021,0.06005,0.00713
Time,s,13,0.05822,0.05959,0.06026,0.00679
Time,s,13,0.06058,0.05951,0.0609,0.00701
Time,s,13,0.06346,0.06197,0.06168,0.00753
Time,s,13,0.06213,0.06043,0.0639,0.00706
Time,s,13,0.06066,0.05891,0.06433,0.00745
Time,s,13,0.06219,0.06008,0.06233,0.00694
Time,s,13,0.05861,0.05995,0.06192,0.00709
Time,s,13,0.05833,0.05869,0.06067,0.00686
Time,s,13,0.05978,0.05971,0.0623,0.00713
Time,s,13,0.05854,0.05964,0.06109,0.00707
Time,s,13,0.05881,0.06771,0.06097,0.00697
Time,s,13,0.0609,0.05983,0.0592,0.00737
Time,s,13,0.05859,0.0581,0.06256,0.00726
Time,s,13,0.0588,0.0581,0.06142,0.00677
Time,s,13,0.06185,0.05889,0.05992,0.00699
Time,s,13,0.06004,0.05904,0.05957,0.00663
Time,s,13,0.06005,0.06669,0.06236,0.00673
Time,s,13,0.05998,0.06332,0.05945,0.00706
Time,s,13,0.05908,0.0602,0.06021,0.00724
Time,s,13,0.06355,0.06253,0.06048,0.00695
Time,s,13,0.05934,0.05918,0.06148,0.00699
Time,s,14,0.32144,0.32835,0.33332,0.21892
Time,s,14,0.31683,0.3148,0.31974,0.18444
Time,s,14,0.31178,0.31627,0.31763,0.17547
Time,s,14,0.31145,0.31496,0.31443,0.1772
Time,s,14,0.31375,0.31492,0.31208,0.17639
Time,s,14,0.30906,0.3135,0.32004,0.17553
Time,s,14,0.31745,0.31069,0.32253,0.17942
Time,s,14,0.31009,0.32908,0.31154,0.17644
Time,s,14,0.33541,0.31517,0.3144,0.17896
Time,s,14,0.32288,0.31742,0.3201,0.17756
Time,s,14,0.32684,0.31007,0.3169,0.17645
Time,s,14,0.33348,0.30963,0.32617,0.17742
Time,s,14,0.31073,0.31227,0.31482,0.17575
Time,s,14,0.30965,0.34453,0.3141,0.18451
Time,s,14,0.30581,0.31197,0.31734,0.17426
Time,s,14,0.30984,0.31604,0.31711,0.17975
Time,s,14,0.30646,0.31138,0.32375,0.17538
Time,s,14,0.30764,0.31829,0.31629,0.17544
Time,s,14,0.31377,0.30856,0.33458,0.17896
Time,s,14,0.30557,0.31187,0.31368,0.18092
Time,s,14,0.30894,0.31195,0.31806,0.17589
Time,s,14,0.314,0.31391,0.31377,0.17801
Time,s,14,0.3045,0.31148,0.31694,0.17593
Time,s,14,0.30955,0.30734,0.31727,0.17612
Time,s,14,0.30581,0.31309,0.32184,0.18204
Time,s,14,0.3087,0.30878,0.30884,0.19968
Time,s,14,0.3107,0.3118,0.31555,0.17703
Time,s,14,0.30705,0.32271,0.31232,0.18012
Time,s,14,0.31039,0.31241,0.32215,0.17298
Time,s,14,0.31175,0.31615,0.3123,0.17624
Time,s,14,0.32876,0.30948,0.31958,0.17781
Time,s,14,0.31883,0.31331,0.33799,0.18166
Time,s,14,0.30886,0.31437,0.31702,0.18222
Time,s,14,0.31141,0.31034,0.32394,0.17753
Time,s,14,0.30829,0.33633,0.34074,0.1765
Time,s,14,0.30439,0.30719,0.34422,0.17678
Time,s,14,0.31221,0.31156,0.32188,0.18189
Time,s,14,0.31555,0.3128,0.31882,0.18541
Time,s,14,0.30259,0.30664,0.31567,0.1777
Time,s,14,0.31208,0.314,0.31384,0.17633
Time,s,14,0.30966,0.31973,0.31826,0.1783
Time,s,14,0.32307,0.3096,0.32302,0.17928
Time,s,14,0.30749,0.31125,0.31636,0.17707
Time,s,14,0.3102,0.31644,0.31468,0.17874
Time,s,14,0.31197,0.31273,0.33498,0.1773
Time,s,14,0.30747,0.30973,0.31244,0.17921
Time,s,14,0.31679,0.31291,0.31338,0.18069
Time,s,14,0.30559,0.33457,0.31413,0.17309
Time,s,14,0.3054,0.30814,0.31483,0.17453
Time,s,14,0.30339,0.31198,0.31974,0.18248
Time,s,14,0.31033,0.31567,0.32568,0.18084
Time,s,14,0.3166,0.3108,0.33999,0.17587
Time,s,14,0.31192,0.31319,0.3137,0.18018
Time,s,14,0.31235,0.32449,0.31921,0.17569
Time,s,14,0.31104,0.31507,0.31703,0.17837
Time,s,14,0.30604,0.31699,0.31675,0.17687
Time,s,14,0.30946,0.30872,0.31754,0.17598
Time,s,14,0.32214,0.3159,0.31609,0.17589
Time,s,14,0.31255,0.30985,0.32606,0.17464
Time,s,14,0.30796,0.31504,0.31431,0.17979
Time,s,14,0.30748,0.31643,0.3173,0.20827
Time,s,14,0.3368,0.31188,0.31706,0.1788
Time,s,14,0.35031,0.31285,0.31494,0.17526
Time,s,14,0.32947,0.31459,0.31866,0.17719
Time,s,14,0.37399,0.31102,0.31609,0.17843
Time,s,14,0.34389,0.3161,0.31536,0.17491
Time,s,14,0.34702,0.3114,0.31599,0.17501
Time,s,14,0.33755,0.33147,0.31875,0.17645
Time,s,14,0.37221,0.31574,0.313,0.18271
Time,s,14,0.3792,0.31351,0.32034,0.17353
Time,s,14,0.34444,0.31246,0.31405,0.1765
Time,s,14,0.33352,0.31163,0.36102,0.17709
Time,s,14,0.35697,0.31657,0.31396,0.17691
Time,s,14,0.34652,0.33702,0.31991,0.17557
Time,s,14,0.33699,0.31753,0.30894,0.17614
Time,s,14,0.32839,0.31636,0.31906,0.17618
Time,s,14,0.31649,0.31406,0.31174,0.17437
Time,s,14,0.3232,0.31424,0.31771,0.18316
Time,s,14,0.30565,0.31547,0.31919,0.17615
Time,s,14,0.3119,0.31997,0.31447,0.17739
Time,s,14,0.32855,0.31362,0.32162,0.17954
Time,s,14,0.32218,0.31558,0.31515,0.17782
Time,s,14,0.35257,0.31755,0.31716,0.17379
Time,s,14,0.32569,0.3113,0.3148,0.18071
Time,s,14,0.32687,0.31211,0.31542,0.17744
Time,s,14,0.31093,0.30911,0.32152,0.17424
Time,s,14,0.30626,0.30865,0.31195,0.17578
Time,s,14,0.32586,0.32162,0.31585,0.17422
Time,s,14,0.32291,0.31924,0.3138,0.1761
Time,s,14,0.33645,0.31207,0.3179,0.17773
Time,s,14,0.32075,0.3148,0.32423,0.17459
Time,s,14,0.32475,0.31118,0.32614,0.17184
Time,s,14,0.32893,0.32519,0.31475,0.17451
Time,s,14,0.32483,0.31662,0.31785,0.17339
Time,s,14,0.34479,0.32108,0.31092,0.17781
Time,s,14,0.33466,0.31518,0.32423,0.19653
Time,s,14,0.32266,0.30955,0.31285,0.17606
Time,s,14,0.32922,0.31377,0.31198,0.18009
Time,s,14,0.33243,0.31314,0.31659,0.18166
Time,s,14,0.32027,0.3126,0.31267,0.18025
Time,s,15,0.02754,0.02763,0.02718,0.02607
Time,s,15,0.02451,0.02748,0.02618,0.02735
Time,s,15,0.02483,0.02785,0.02767,0.02607
Time,s,15,0.02761,0.03118,0.02533,0.02589
Time,s,15,0.02513,0.02802,0.02777,0.02718
Time,s,15,0.02538,0.02607,0.02642,0.02607
Time,s,15,0.02614,0.02506,0.02723,0.027
Time,s,15,0.0263,0.0269,0.02592,0.02573
Time,s,15,0.02708,0.02534,0.02626,0.02634
Time,s,15,0.02475,0.02814,0.02884,0.02818
Time,s,15,0.02558,0.02672,0.02755,0.02535
Time,s,15,0.02555,0.02778,0.02707,0.02676
Time,s,15,0.02621,0.02644,0.02556,0.02643
Time,s,15,0.02696,0.0267,0.02722,0.0268
Time,s,15,0.02675,0.0256,0.02758,0.02889
Time,s,15,0.02731,0.02662,0.02836,0.02721
Time,s,15,0.02655,0.02737,0.02635,0.02572
Time,s,15,0.02647,0.02701,0.02921,0.02553
Time,s,15,0.02927,0.02631,0.02649,0.02832
Time,s,15,0.02494,0.02701,0.02813,0.02788
Time,s,15,0.04133,0.02711,0.02855,0.02638
Time,s,15,0.03623,0.02685,0.02592,0.02621
Time,s,15,0.0265,0.02491,0.02982,0.02974
Time,s,15,0.02591,0.02791,0.02896,0.02831
Time,s,15,0.02652,0.02686,0.02967,0.02868
Time,s,15,0.02885,0.02648,0.02842,0.02601
Time,s,15,0.02743,0.02947,0.03225,0.03038
Time,s,15,0.02816,0.02963,0.03121,0.02655
Time,s,15,0.02991,0.02847,0.02533,0.02667
Time,s,15,0.02981,0.02705,0.02602,0.02722
Time,s,15,0.02775,0.02659,0.0277,0.02732
Time,s,15,0.02964,0.02609,0.02936,0.02947
Time,s,15,0.02597,0.02854,0.02831,0.02922
Time,s,15,0.02574,0.02823,0.03064,0.02614
Time,s,15,0.02578,0.02743,0.02987,0.02851
Time,s,15,0.02706,0.02874,0.02723,0.02766
Time,s,15,0.02751,0.02794,0.0283,0.02623
Time,s,15,0.02715,0.02779,0.02778,0.02923
Time,s,15,0.02908,0.02778,0.02766,0.02981
Time,s,15,0.02832,0.02678,0.02878,0.02944
Time,s,15,0.02708,0.0298,0.02889,0.02781
Time,s,15,0.0264,0.02864,0.03079,0.02683
Time,s,15,0.02596,0.02951,0.02807,0.02831
Time,s,15,0.03008,0.02526,0.0297,0.0289
Time,s,15,0.02645,0.02806,0.02626,0.03279
Time,s,15,0.02649,0.02858,0.02926,0.02898
Time,s,15,0.02903,0.02639,0.02616,0.029
Time,s,15,0.0298,0.02559,0.02815,0.02953
Time,s,15,0.02712,0.02805,0.03201,0.02743
Time,s,15,0.02574,0.02744,0.02964,0.02676
Time,s,15,0.02902,0.02927,0.03058,0.03074
Time,s,15,0.02988,0.02656,0.02828,0.02726
Time,s,15,0.03041,0.02774,0.02471,0.02672
Time,s,15,0.02557,0.02643,0.02762,0.02602
Time,s,15,0.02928,0.02722,0.02876,0.02698
Time,s,15,0.0269,0.02699,0.02728,0.02592
Time,s,15,0.02651,0.02673,0.02781,0.0291
Time,s,15,0.0283,0.02617,0.02992,0.02984
Time,s,15,0.02964,0.02607,0.02604,0.02839
Time,s,15,0.02815,0.02652,0.0269,0.02611
Time,s,15,0.02967,0.02633,0.02617,0.02835
Time,s,15,0.02748,0.02671,0.02976,0.03012
Time,s,15,0.02905,0.02868,0.02876,0.02801
Time,s,15,0.02575,0.03017,0.02828,0.02549
Time,s,15,0.02806,0.03002,0.02821,0.02669
Time,s,15,0.02839,0.02704,0.02844,0.02673
Time,s,15,0.02657,0.02706,0.02857,0.02665
Time,s,15,0.02852,0.02656,0.02675,0.02953
Time,s,15,0.02764,0.02557,0.03096,0.02768
Time,s,15,0.02661,0.02698,0.02849,0.02629
Time,s,15,0.02652,0.0293,0.02927,0.02886
Time,s,15,0.02895,0.02992,0.0266,0.02764
Time,s,15,0.02725,0.02713,0.0247,0.02892
Time,s,15,0.02905,0.02811,0.02687,0.0255
Time,s,15,0.02849,0.02791,0.0297,0.0262
Time,s,15,0.02725,0.02821,0.02593,0.02645
Time,s,15,0.02972,0.02704,0.02732,0.02803
Time,s,15,0.02942,0.03036,0.02879,0.02906
Time,s,15,0.02842,0.02891,0.02654,0.0284
Time,s,15,0.02801,0.02701,0.0287,0.02776
Time,s,15,0.02797,0.02954,0.02652,0.02512
Time,s,15,0.0272,0.02547,0.02713,0.02693
Time,s,15,0.02788,0.02695,0.02845,0.0261
Time,s,15,0.02763,0.02649,0.02908,0.02884
Time,s,15,0.0271,0.0253,0.02825,0.02842
Time,s,15,0.02912,0.02691,0.02725,0.02845
Time,s,15,0.0275,0.02579,0.02933,0.02767
Time,s,15,0.02476,0.02752,0.02701,0.02683
Time,s,15,0.02981,0.02898,0.02891,0.02837
Time,s,15,0.02861,0.02568,0.02986,0.02779
Time,s,15,0.02785,0.03037,0.02892,0.02827
Time,s,15,0.02733,0.02931,0.0277,0.02818
Time,s,15,0.02505,0.02808,0.02614,0.03035
Time,s,15,0.02805,0.02762,0.02615,0.02827
Time,s,15,0.02878,0.02873,0.03001,0.02456
Time,s,15,0.03741,0.02792,0.02931,0.02998
Time,s,15,0.02657,0.02916,0.02714,0.0286
Time,s,15,0.02773,0.02795,0.02766,0.02638
Time,s,15,0.02718,0.02607,0.02831,0.02595
Time,s,15,0.02946,0.03004,0.02849,0.02763
Time,s,16,0.01511,0.01458,0.01847,0.00839
Time,s,16,0.01321,0.01376,0.01457,0.00934
Time,s,16,0.01339,0.01346,0.01361,0.00687
Time,s,16,0.01566,0.01361,0.01361,0.00784
Time,s,16,0.01398,0.01292,0.01362,0.00711
Time,s,16,0.01351,0.01555,0.01289,0.00679
Time,s,16,0.01394,0.01381,0.01312,0.00761
Time,s,16,0.01446,0.01386,0.01284,0.00657
Time,s,16,0.01317,0.01236,0.01316,0.00685
Time,s,16,0.01308,0.0137,0.01255,0.00684
Time,s,16,0.01291,0.01249,0.01247,0.00645
Time,s,16,0.01403,0.01267,0.01549,0.00833
Time,s,16,0.01327,0.0128,0.01399,0.00711
Time,s,16,0.01344,0.01256,0.01337,0.00643
Time,s,16,0.01461,0.01222,0.01268,0.00659
Time,s,16,0.01285,0.01223,0.01305,0.00681
Time,s,16,0.01302,0.01339,0.01283,0.00658
Time,s,16,0.0124,0.01333,0.01301,0.00658
Time,s,16,0.014,0.01445,0.01265,0.00697
Time,s,16,0.01311,0.01231,0.01314,0.00675
Time,s,16,0.01338,0.01216,0.01264,0.00647
Time,s,16,0.0128,0.01261,0.01281,0.00656
Time,s,16,0.01265,0.01239,0.01332,0.00676
Time,s,16,0.01289,0.01356,0.01264,0.00655
Time,s,16,0.0121,0.01283,0.01269,0.00704
Time,s,16,0.01255,0.0128,0.01226,0.00698
Time,s,16,0.01369,0.01204,0.01423,0.00691
Time,s,16,0.01314,0.01236,0.0131,0.00657
Time,s,16,0.01255,0.01311,0.01284,0.00705
Time,s,16,0.01282,0.01235,0.01274,0.00677
Time,s,16,0.01266,0.01263,0.01296,0.00681
Time,s,16,0.01274,0.01405,0.01266,0.00696
Time,s,16,0.01322,0.01263,0.01284,0.00633
Time,s,16,0.01293,0.01348,0.0125,0.00633
Time,s,16,0.01244,0.01228,0.01277,0.00644
Time,s,16,0.01284,0.01205,0.01295,0.00652
Time,s,16,0.01292,0.01257,0.01296,0.00669
Time,s,16,0.01301,0.0135,0.01301,0.0066
Time,s,16,0.01259,0.01308,0.01247,0.00658
Time,s,16,0.01254,0.01223,0.01379,0.00656
Time,s,16,0.01284,0.01269,0.01326,0.00722
Time,s,16,0.0132,0.01215,0.01434,0.00652
Time,s,16,0.01343,0.01247,0.01259,0.0105
Time,s,16,0.01269,0.01276,0.01284,0.00653
Time,s,16,0.01257,0.01264,0.01299,0.00662
Time,s,16,0.01239,0.01252,0.02002,0.00694
Time,s,16,0.01323,0.01222,0.01452,0.00664
Time,s,16,0.01282,0.0137,0.0131,0.0072
Time,s,16,0.01329,0.01308,0.01326,0.00648
Time,s,16,0.01281,0.01222,0.01255,0.00755
Time,s,16,0.01261,0.01264,0.01246,0.00693
Time,s,16,0.01241,0.01446,0.01246,0.00679
Time,s,16,0.01309,0.01241,0.01301,0.0067
Time,s,16,0.01275,0.01257,0.01274,0.0066
Time,s,16,0.01253,0.0123,0.01309,0.00679
Time,s,16,0.0126,0.01317,0.01431,0.00679
Time,s,16,0.01403,0.01279,0.01307,0.00636
Time,s,16,0.0126,0.01465,0.01422,0.00982
Time,s,16,0.0125,0.01263,0.01282,0.00654
Time,s,16,0.0135,0.01223,0.01294,0.00647
Time,s,16,0.01289,0.01206,0.01301,0.00647
Time,s,16,0.01256,0.01218,0.01354,0.00655
Time,s,16,0.01278,0.01364,0.01246,0.00686
Time,s,16,0.01274,0.01232,0.01263,0.00689
Time,s,16,0.01423,0.01475,0.0123,0.00674
Time,s,16,0.01344,0.0135,0.01297,0.00723
Time,s,16,0.01309,0.01254,0.01362,0.00745
Time,s,16,0.01348,0.0123,0.0127,0.00706
Time,s,16,0.01487,0.01217,0.01289,0.00681
Time,s,16,0.0127,0.01234,0.01272,0.00659
Time,s,16,0.01234,0.01483,0.01492,0.00658
Time,s,16,0.01333,0.01236,0.0217,0.00771
Time,s,16,0.01256,0.01237,0.01294,0.00904
Time,s,16,0.01302,0.01269,0.01305,0.00706
Time,s,16,0.01281,0.01364,0.01345,0.0067
Time,s,16,0.01412,0.01247,0.01283,0.00711
Time,s,16,0.01291,0.01259,0.01251,0.00787
Time,s,16,0.01372,0.01607,0.0125,0.00695
Time,s,16,0.01315,0.01231,0.01225,0.00685
Time,s,16,0.01424,0.01246,0.01237,0.00692
Time,s,16,0.01259,0.01231,0.01233,0.00676
Time,s,16,0.01261,0.01231,0.01285,0.00686
Time,s,16,0.01295,0.0127,0.01303,0.00649
Time,s,16,0.01214,0.01491,0.01231,0.00657
Time,s,16,0.01231,0.01253,0.01275,0.00674
Time,s,16,0.01289,0.01261,0.01369,0.00686
Time,s,16,0.0144,0.01215,0.01305,0.00677
Time,s,16,0.01343,0.01204,0.01252,0.00738
Time,s,16,0.01372,0.0122,0.01262,0.007
Time,s,16,0.01322,0.01223,0.01289,0.00652
Time,s,16,0.01267,0.01495,0.0128,0.00679
Time,s,16,0.01311,0.01261,0.01264,0.0069
Time,s,16,0.01331,0.01324,0.0127,0.00639
Time,s,16,0.01333,0.01251,0.01245,0.00669
Time,s,16,0.01323,0.01246,0.01275,0.00654
Time,s,16,0.01247,0.01205,0.01276,0.0065
Time,s,16,0.01329,0.01488,0.01256,0.0065
Time,s,16,0.01266,0.01219,0.01253,0.0067
Time,s,16,0.01271,0.01215,0.01271,0.00657
Time,s,16,0.0127,0.01282,0.0127,0.00684
Time,s,17,0.05533,0.0545,0.05534,0.02006
Time,s,17,0.05404,0.05193,0.05341,0.01937
Time,s,17,0.05434,0.04964,0.05411,0.01932
Time,s,17,0.05727,0.05994,0.05315,0.01982
Time,s,17,0.05536,0.05042,0.05178,0.01864
Time,s,17,0.05431,0.05113,0.05331,0.02011
Time,s,17,0.05389,0.05279,0.05274,0.0191
Time,s,17,0.0555,0.05325,0.05191,0.01945
Time,s,17,0.05387,0.05309,0.05061,0.01852
Time,s,17,0.05304,0.05129,0.05383,0.01922
Time,s,17,0.07012,0.05149,0.05292,0.01868
Time,s,17,0.06341,0.05231,0.0514,0.01888
Time,s,17,0.06398,0.05104,0.05425,0.01916
Time,s,17,0.05791,0.05028,0.0531,0.01865
Time,s,17,0.0611,0.05222,0.05427,0.01859
Time,s,17,0.05889,0.05241,0.05776,0.01875
Time,s,17,0.06191,0.05247,0.05309,0.01945
Time,s,17,0.05968,0.05094,0.05358,0.01941
Time,s,17,0.05668,0.05217,0.05358,0.02001
Time,s,17,0.05877,0.05158,0.05163,0.02077
Time,s,17,0.05566,0.05131,0.05185,0.01879
Time,s,17,0.05429,0.05057,0.05153,0.02013
Time,s,17,0.0571,0.05288,0.05188,0.0185
Time,s,17,0.05715,0.05218,0.05058,0.01932
Time,s,17,0.05631,0.05162,0.0507,0.01863
Time,s,17,0.05341,0.05204,0.06239,0.01868
Time,s,17,0.05493,0.05208,0.05342,0.01893
Time,s,17,0.0545,0.05157,0.05207,0.01984
Time,s,17,0.05583,0.05143,0.05467,0.0193
Time,s,17,0.05816,0.05138,0.05479,0.01849
Time,s,17,0.05601,0.05317,0.05235,0.01838
Time,s,17,0.05787,0.05191,0.0522,0.01989
Time,s,17,0.05323,0.05368,0.05337,0.01916
Time,s,17,0.05466,0.05118,0.05129,0.01866
Time,s,17,0.0549,0.05365,0.05133,0.0193
Time,s,17,0.05961,0.0519,0.0507,0.0196
Time,s,17,0.05403,0.05292,0.05294,0.01871
Time,s,17,0.05438,0.05143,0.04984,0.01875
Time,s,17,0.05335,0.05151,0.05138,0.0188
Time,s,17,0.0543,0.05031,0.05201,0.01801
Time,s,17,0.05453,0.05,0.05291,0.01874
Time,s,17,0.05908,0.05036,0.05423,0.01858
Time,s,17,0.05472,0.05132,0.05346,0.01847
Time,s,17,0.05482,0.05906,0.05136,0.01865
Time,s,17,0.05531,0.05168,0.05625,0.01806
Time,s,17,0.05362,0.05069,0.05074,0.01883
Time,s,17,0.05366,0.05365,0.05116,0.01964
Time,s,17,0.05913,0.05149,0.05275,0.02006
Time,s,17,0.05806,0.05408,0.05292,0.01874
Time,s,17,0.05652,0.05021,0.05394,0.01894
Time,s,17,0.05302,0.05092,0.05197,0.01815
Time,s,17,0.05279,0.05453,0.05163,0.01966
Time,s,17,0.05231,0.05019,0.05467,0.01894
Time,s,17,0.05421,0.05227,0.05384,0.01864
Time,s,17,0.05321,0.0504,0.052,0.01878
Time,s,17,0.05574,0.05012,0.05247,0.01825
Time,s,17,0.05369,0.05308,0.05392,0.0186
Time,s,17,0.05408,0.04935,0.05378,0.02022
Time,s,17,0.05228,0.05354,0.05295,0.01838
Time,s,17,0.05374,0.05139,0.05824,0.01931
Time,s,17,0.05378,0.0522,0.05267,0.02111
Time,s,17,0.05403,0.05325,0.05142,0.01895
Time,s,17,0.05588,0.05144,0.05287,0.01845
Time,s,17,0.0571,0.05207,0.05265,0.01924
Time,s,17,0.05531,0.05152,0.05036,0.01819
Time,s,17,0.05468,0.05206,0.05213,0.0182
Time,s,17,0.05272,0.05205,0.05189,0.01821
Time,s,17,0.05378,0.05062,0.0526,0.0183
Time,s,17,0.05435,0.0509,0.0542,0.01842
Time,s,17,0.05441,0.05071,0.05376,0.01849
Time,s,17,0.05563,0.05057,0.05341,0.01875
Time,s,17,0.05738,0.05023,0.05152,0.01913
Time,s,17,0.05751,0.05295,0.05322,0.01803
Time,s,17,0.05838,0.05106,0.05253,0.01987
Time,s,17,0.05579,0.05128,0.05508,0.01871
Time,s,17,0.0556,0.05122,0.05135,0.01849
Time,s,17,0.05404,0.05221,0.05294,0.01923
Time,s,17,0.05426,0.05142,0.05281,0.01892
Time,s,17,0.05279,0.05362,0.05381,0.01833
Time,s,17,0.05964,0.05107,0.05431,0.01898
Time,s,17,0.05533,0.05101,0.05332,0.01857
Time,s,17,0.05327,0.05138,0.05138,0.01962
Time,s,17,0.05438,0.05258,0.05465,0.01807
Time,s,17,0.0565,0.05074,0.05347,0.01847
Time,s,17,0.05417,0.05279,0.05321,0.01832
Time,s,17,0.0554,0.05224,0.0526,0.01767
Time,s,17,0.0525,0.05163,0.05254,0.01862
Time,s,17,0.05328,0.05119,0.05186,0.01929
Time,s,17,0.05495,0.05002,0.0518,0.01875
Time,s,17,0.05363,0.05073,0.05055,0.0181
Time,s,17,0.05405,0.05043,0.0508,0.01828
Time,s,17,0.05326,0.05528,0.05182,0.01802
Time,s,17,0.05591,0.05159,0.05446,0.01861
Time,s,17,0.05373,0.051,0.05215,0.01909
Time,s,17,0.05798,0.05073,0.05204,0.01799
Time,s,17,0.05374,0.04992,0.05279,0.01834
Time,s,17,0.05357,0.05116,0.05375,0.01817
Time,s,17,0.05336,0.05081,0.0532,0.01881
Time,s,17,0.0541,0.05131,0.05408,0.01801
Time,s,17,0.05606,0.05172,0.05261,0.01941
Time,s,18,0.05352,0.05194,0.05331,0.05278
Time,s,18,0.05098,0.05408,0.05457,0.05799
Time,s,18,0.05042,0.05079,0.05474,0.05
Time,s,18,0.0512,0.05123,0.05291,0.05509
Time,s,18,0.05542,0.05362,0.0587,0.05007
Time,s,18,0.0509,0.05015,0.05259,0.05228
Time,s,18,0.05039,0.05243,0.05999,0.04948
Time,s,18,0.05299,0.05025,0.05113,0.04884
Time,s,18,0.05378,0.0536,0.04828,0.05431
Time,s,18,0.05144,0.05348,0.05166,0.05012
Time,s,18,0.05137,0.05296,0.05217,0.04933
Time,s,18,0.04874,0.04979,0.05672,0.05015
Time,s,18,0.05088,0.05421,0.05459,0.05044
Time,s,18,0.05133,0.05017,0.05056,0.04908
Time,s,18,0.05225,0.05077,0.04919,0.04948
Time,s,18,0.05068,0.05151,0.05264,0.04988
Time,s,18,0.051,0.05047,0.05344,0.04962
Time,s,18,0.05048,0.05143,0.05132,0.05017
Time,s,18,0.05084,0.05103,0.05047,0.05045
Time,s,18,0.05153,0.05051,0.05468,0.05317
Time,s,18,0.05004,0.05135,0.05041,0.05011
Time,s,18,0.04837,0.0537,0.05101,0.0524
Time,s,18,0.05779,0.05483,0.05235,0.05131
Time,s,18,0.0507,0.0494,0.04906,0.0515
Time,s,18,0.05084,0.049,0.04945,0.05097
Time,s,18,0.05071,0.05171,0.05216,0.05077
Time,s,18,0.05221,0.04997,0.04948,0.04866
Time,s,18,0.05613,0.05081,0.05722,0.04902
Time,s,18,0.05128,0.05045,0.05674,0.04893
Time,s,18,0.05087,0.0514,0.04984,0.04918
Time,s,18,0.05362,0.05102,0.05201,0.04922
Time,s,18,0.05265,0.04979,0.05278,0.05056
Time,s,18,0.0535,0.04949,0.04939,0.05176
Time,s,18,0.04919,0.05281,0.05229,0.05043
Time,s,18,0.05372,0.05121,0.05401,0.04841
Time,s,18,0.05033,0.05268,0.05036,0.04982
Time,s,18,0.05185,0.05309,0.05132,0.04961
Time,s,18,0.04984,0.0538,0.05034,0.05192
Time,s,18,0.05076,0.05327,0.05376,0.05006
Time,s,18,0.05273,0.04853,0.04988,0.04925
Time,s,18,0.05316,0.0505,0.05162,0.04809
Time,s,18,0.05069,0.05069,0.05124,0.0487
Time,s,18,0.05001,0.05163,0.05208,0.05032
Time,s,18,0.04918,0.05228,0.05382,0.05736
Time,s,18,0.05057,0.05104,0.05118,0.04943
Time,s,18,0.05129,0.04723,0.05132,0.05012
Time,s,18,0.05025,0.05384,0.04895,0.04968
Time,s,18,0.04995,0.05289,0.06644,0.04746
Time,s,18,0.05188,0.05058,0.04936,0.0502
Time,s,18,0.05201,0.04988,0.0506,0.04778
Time,s,18,0.05223,0.04951,0.05088,0.04989
Time,s,18,0.04845,0.04926,0.05019,0.04902
Time,s,18,0.04988,0.05237,0.04849,0.04976
Time,s,18,0.05215,0.05173,0.05113,0.04877
Time,s,18,0.05021,0.04868,0.05277,0.04977
Time,s,18,0.04994,0.05478,0.05386,0.05059
Time,s,18,0.05097,0.05154,0.0516,0.04939
Time,s,18,0.05127,0.04978,0.05011,0.04981
Time,s,18,0.05194,0.04996,0.05185,0.04887
Time,s,18,0.0536,0.05031,0.05558,0.05006
Time,s,18,0.05133,0.05062,0.05113,0.04886
Time,s,18,0.04957,0.05079,0.04987,0.05146
Time,s,18,0.05186,0.0495,0.05095,0.04808
Time,s,18,0.04946,0.05083,0.05312,0.05791
Time,s,18,0.05175,0.05393,0.05037,0.04835
Time,s,18,0.05161,0.04983,0.05088,0.0486
Time,s,18,0.04929,0.04905,0.05174,0.04704
Time,s,18,0.05172,0.04991,0.04982,0.05
Time,s,18,0.05194,0.0493,0.05048,0.04925
Time,s,18,0.04996,0.05094,0.04978,0.04892
Time,s,18,0.05119,0.05008,0.05007,0.04662
Time,s,18,0.04814,0.04738,0.0503,0.04908
Time,s,18,0.04942,0.05085,0.05159,0.05278
Time,s,18,0.04894,0.05568,0.04876,0.04972
Time,s,18,0.05138,0.05023,0.04963,0.04882
Time,s,18,0.05067,0.05401,0.05019,0.04721
Time,s,18,0.05124,0.0506,0.05187,0.04929
Time,s,18,0.05037,0.0507,0.05201,0.04853
Time,s,18,0.05212,0.0486,0.05161,0.0498
Time,s,18,0.04917,0.054,0.05325,0.0502
Time,s,18,0.05049,0.05192,0.05264,0.04828
Time,s,18,0.05311,0.05168,0.05167,0.04844
Time,s,18,0.05552,0.05079,0.05012,0.05037
Time,s,18,0.0516,0.0509,0.0495,0.04766
Time,s,18,0.05218,0.05227,0.05149,0.04799
Time,s,18,0.05372,0.05208,0.05035,0.06414
Time,s,18,0.05011,0.05068,0.0495,0.04862
Time,s,18,0.05234,0.05104,0.0579,0.05139
Time,s,18,0.05008,0.05058,0.05062,0.05088
Time,s,18,0.04899,0.04853,0.05256,0.05119
Time,s,18,0.0495,0.05071,0.04975,0.04791
Time,s,18,0.05504,0.05453,0.05185,0.04944
Time,s,18,0.05167,0.05043,0.0512,0.05178
Time,s,18,0.04943,0.05169,0.04983,0.04779
Time,s,18,0.04928,0.04782,0.05014,0.04814
Time,s,18,0.05182,0.05268,0.05035,0.05093
Time,s,18,0.05246,0.05109,0.05401,0.04972
Time,s,18,0.05001,0.05194,0.05058,0.04829
Time,s,18,0.04988,0.04994,0.05012,0.05282
Time,s,18,0.05018,0.05507,0.05156,0.04802
Time,s,19,0.0333,0.03094,0.03317,0.01773
Time,s,19,0.03283,0.03091,0.03224,0.01454
Time,s,19,0.03349,0.02972,0.03095,0.01484
Time,s,19,0.03402,0.03127,0.03156,0.01613
Time,s,19,0.03229,0.03034,0.03086,0.01372
Time,s,19,0.03291,0.03013,0.0315,0.01514
Time,s,19,0.03175,0.03,0.03228,0.01454
Time,s,19,0.03289,0.03015,0.03032,0.01405
Time,s,19,0.03255,0.03096,0.03097,0.01349
Time,s,19,0.03258,0.03276,0.03072,0.01553
Time,s,19,0.03158,0.03069,0.03001,0.01494
Time,s,19,0.03137,0.03208,0.03117,0.0136
Time,s,19,0.03295,0.03016,0.02982,0.01464
Time,s,19,0.03453,0.02963,0.03137,0.01427
Time,s,19,0.03417,0.02984,0.03063,0.01465
Time,s,19,0.03206,0.03009,0.03352,0.01411
Time,s,19,0.03176,0.03076,0.0304,0.01413
Time,s,19,0.03181,0.03183,0.03229,0.01436
Time,s,19,0.03268,0.0311,0.03117,0.01448
Time,s,19,0.03173,0.02992,0.03017,0.01457
Time,s,19,0.03257,0.02951,0.0314,0.01399
Time,s,19,0.03199,0.03096,0.03016,0.01454
Time,s,19,0.03714,0.03064,0.03009,0.01512
Time,s,19,0.03603,0.03161,0.02948,0.01362
Time,s,19,0.03293,0.035,0.03073,0.01399
Time,s,19,0.03148,0.03035,0.02927,0.0146
Time,s,19,0.03137,0.03009,0.03038,0.01398
Time,s,19,0.03223,0.03049,0.03,0.01406
Time,s,19,0.03197,0.04,0.03136,0.01383
Time,s,19,0.03081,0.0312,0.03081,0.01451
Time,s,19,0.03233,0.03046,0.03019,0.01486
Time,s,19,0.03247,0.03062,0.03086,0.01432
Time,s,19,0.03125,0.03042,0.02986,0.01355
Time,s,19,0.03102,0.02959,0.0297,0.01388
Time,s,19,0.03245,0.02942,0.02904,0.01485
Time,s,19,0.03261,0.02937,0.02947,0.01439
Time,s,19,0.03152,0.0304,0.02972,0.0143
Time,s,19,0.03196,0.02962,0.03149,0.01422
Time,s,19,0.03169,0.03055,0.03166,0.01563
Time,s,19,0.03358,0.02986,0.03079,0.0145
Time,s,19,0.0323,0.02921,0.03196,0.01397
Time,s,19,0.0321,0.03031,0.0311,0.01347
Time,s,19,0.03243,0.03135,0.03073,0.01577
Time,s,19,0.03285,0.03078,0.03167,0.01383
Time,s,19,0.0324,0.02953,0.03478,0.01462
Time,s,19,0.03161,0.02962,0.03154,0.01504
Time,s,19,0.03175,0.02966,0.03341,0.01597
Time,s,19,0.03153,0.02925,0.0302,0.01375
Time,s,19,0.03207,0.03097,0.02971,0.01358
Time,s,19,0.03405,0.03113,0.02974,0.014
Time,s,19,0.03174,0.02955,0.02888,0.01391
Time,s,19,0.03218,0.03149,0.02935,0.01398
Time,s,19,0.03195,0.03087,0.02872,0.01314
Time,s,19,0.03126,0.03001,0.03125,0.01363
Time,s,19,0.03286,0.03017,0.03018,0.01476
Time,s,19,0.03239,0.02958,0.0306,0.01512
Time,s,19,0.0317,0.03052,0.02991,0.01397
Time,s,19,0.03171,0.0303,0.03114,0.01357
Time,s,19,0.03078,0.02908,0.02985,0.01426
Time,s,19,0.03245,0.02923,0.02925,0.01409
Time,s,19,0.03243,0.02959,0.03203,0.01365
Time,s,19,0.0312,0.0289,0.03027,0.01362
Time,s,19,0.03109,0.02984,0.03172,0.0136
Time,s,19,0.03147,0.02907,0.03069,0.01517
Time,s,19,0.03129,0.03031,0.02897,0.01363
Time,s,19,0.03133,0.03013,0.03154,0.01322
Time,s,19,0.03069,0.03148,0.03186,0.01354
Time,s,19,0.03494,0.03019,0.03032,0.01432
Time,s,19,0.0347,0.02938,0.03388,0.01357
Time,s,19,0.03392,0.02976,0.03062,0.0133
Time,s,19,0.03221,0.03097,0.03012,0.01357
Time,s,19,0.03544,0.03102,0.03134,0.01518
Time,s,19,0.03134,0.03249,0.03089,0.01384
Time,s,19,0.03042,0.02987,0.03095,0.01344
Time,s,19,0.03132,0.03041,0.03016,0.01404
Time,s,19,0.0299,0.03098,0.03151,0.01556
Time,s,19,0.03095,0.033,0.03052,0.0139
Time,s,19,0.02997,0.03041,0.02969,0.01382
Time,s,19,0.03191,0.02971,0.02977,0.0135
Time,s,19,0.03048,0.03216,0.03039,0.01419
Time,s,19,0.02974,0.03017,0.0315,0.01393
Time,s,19,0.03007,0.03069,0.03317,0.0154
Time,s,19,0.03112,0.02983,0.03068,0.01477
Time,s,19,0.03022,0.02954,0.03173,0.01588
Time,s,19,0.03078,0.03076,0.03049,0.01404
Time,s,19,0.02959,0.03008,0.03033,0.01322
Time,s,19,0.03023,0.02995,0.03155,0.01375
Time,s,19,0.02991,0.03075,0.03229,0.01321
Time,s,19,0.03126,0.02987,0.03064,0.01547
Time,s,19,0.0305,0.02912,0.03051,0.01409
Time,s,19,0.0311,0.02943,0.03021,0.01494
Time,s,19,0.02971,0.03,0.03004,0.0309
Time,s,19,0.03012,0.03093,0.02881,0.01501
Time,s,19,0.03211,0.031,0.03072,0.0152
Time,s,19,0.0306,0.02958,0.03098,0.0154
Time,s,19,0.03059,0.02932,0.03658,0.01439
Time,s,19,0.02966,0.02933,0.0306,0.01459
Time,s,19,0.02973,0.0315,0.03089,0.01399
Time,s,19,0.02955,0.0297,0.03149,0.01383
Time,s,19,0.03056,0.03028,0.0316,0.01439
Time,s,20,0.02129,0.02238,0.02219,0.01977
Time,s,20,0.02098,0.02159,0.0204,0.01706
Time,s,20,0.02012,0.02028,0.02196,0.01856
Time,s,20,0.01877,0.02085,0.02228,0.0185
Time,s,20,0.02044,0.01897,0.02102,0.01901
Time,s,20,0.01909,0.01986,0.01989,0.01719
Time,s,20,0.0187,0.02051,0.01983,0.01839
Time,s,20,0.01879,0.01988,0.02122,0.01722
Time,s,20,0.01871,0.01911,0.02015,0.02006
Time,s,20,0.01796,0.02061,0.01882,0.01786
Time,s,20,0.01825,0.01974,0.0205,0.01909
Time,s,20,0.01802,0.0205,0.01963,0.01961
Time,s,20,0.01889,0.01908,0.01891,0.01797
Time,s,20,0.02036,0.02001,0.01915,0.01849
Time,s,20,0.0186,0.01851,0.02036,0.01914
Time,s,20,0.01897,0.0202,0.0185,0.01887
Time,s,20,0.01898,0.02034,0.01879,0.01747
Time,s,20,0.0183,0.01991,0.02124,0.01945
Time,s,20,0.01791,0.01893,0.02152,0.01827
Time,s,20,0.01913,0.01797,0.01906,0.01774
Time,s,20,0.01941,0.01934,0.03032,0.01822
Time,s,20,0.0183,0.01907,0.02161,0.01796
Time,s,20,0.01836,0.02085,0.01909,0.01677
Time,s,20,0.01853,0.01794,0.0198,0.01846
Time,s,20,0.01791,0.01863,0.01993,0.01878
Time,s,20,0.01797,0.01819,0.01898,0.01899
Time,s,20,0.01855,0.01873,0.01834,0.01887
Time,s,20,0.01984,0.01996,0.01891,0.0181
Time,s,20,0.01837,0.01868,0.0189,0.01888
Time,s,20,0.01863,0.01887,0.02021,0.01856
Time,s,20,0.01747,0.01864,0.01847,0.01802
Time,s,20,0.01826,0.01878,0.01897,0.01879
Time,s,20,0.01727,0.01902,0.0211,0.01722
Time,s,20,0.0185,0.01899,0.01913,0.01779
Time,s,20,0.01972,0.01839,0.0188,0.0185
Time,s,20,0.01871,0.01873,0.02034,0.01704
Time,s,20,0.01748,0.01936,0.01872,0.01898
Time,s,20,0.01993,0.01856,0.01985,0.01913
Time,s,20,0.01847,0.01965,0.02039,0.019
Time,s,20,0.01918,0.01823,0.01917,0.01774
Time,s,20,0.01824,0.01924,0.01861,0.01782
Time,s,20,0.01775,0.02083,0.01959,0.01711
Time,s,20,0.01939,0.01983,0.0198,0.01831
Time,s,20,0.01858,0.02054,0.02008,0.01825
Time,s,20,0.0189,0.01958,0.0182,0.01809
Time,s,20,0.01814,0.01903,0.02041,0.01746
Time,s,20,0.01846,0.01998,0.01875,0.01866
Time,s,20,0.01773,0.01952,0.01976,0.01777
Time,s,20,0.01937,0.0184,0.02054,0.01751
Time,s,20,0.01865,0.01968,0.01884,0.01756
Time,s,20,0.01846,0.02027,0.01973,0.0171
Time,s,20,0.01764,0.01883,0.01917,0.01783
Time,s,20,0.01796,0.0192,0.01995,0.01889
Time,s,20,0.01804,0.01852,0.02015,0.01851
Time,s,20,0.01839,0.01843,0.01898,0.01843
Time,s,20,0.01898,0.02,0.01849,0.01884
Time,s,20,0.01946,0.02036,0.01971,0.01783
Time,s,20,0.01754,0.01914,0.01984,0.01896
Time,s,20,0.01872,0.01985,0.01954,0.01796
Time,s,20,0.01734,0.0185,0.01974,0.0181
Time,s,20,0.01802,0.01846,0.02046,0.01835
Time,s,20,0.01931,0.0198,0.01832,0.01779
Time,s,20,0.01791,0.02142,0.01903,0.01815
Time,s,20,0.01796,0.01918,0.01931,0.01917
Time,s,20,0.01865,0.01898,0.02042,0.01813
Time,s,20,0.01769,0.01951,0.01981,0.01879
Time,s,20,0.01859,0.01757,0.0192,0.01847
Time,s,20,0.01866,0.01945,0.01987,0.01894
Time,s,20,0.0181,0.0193,0.01849,0.01734
Time,s,20,0.01979,0.0191,0.01893,0.01927
Time,s,20,0.01807,0.0188,0.02054,0.01795
Time,s,20,0.01995,0.01933,0.02003,0.01731
Time,s,20,0.02005,0.01881,0.02143,0.01898
Time,s,20,0.01891,0.01975,0.01984,0.01828
Time,s,20,0.01863,0.01864,0.01911,0.01728
Time,s,20,0.01952,0.01882,0.01832,0.01761
Time,s,20,0.0182,0.01882,0.0194,0.0196
Time,s,20,0.01871,0.01926,0.01999,0.01757
Time,s,20,0.01857,0.01874,0.01897,0.01813
Time,s,20,0.01811,0.01958,0.02006,0.0184
Time,s,20,0.01905,0.01836,0.01969,0.01774
Time,s,20,0.01928,0.01876,0.02049,0.02021
Time,s,20,0.01717,0.01881,0.01953,0.01889
Time,s,20,0.01848,0.01837,0.01839,0.0184
Time,s,20,0.01765,0.01889,0.02003,0.01751
Time,s,20,0.01838,0.01872,0.01839,0.01756
Time,s,20,0.01927,0.01883,0.01821,0.01774
Time,s,20,0.01818,0.01944,0.01903,0.01754
Time,s,20,0.01838,0.01963,0.01942,0.01781
Time,s,20,0.01969,0.01929,0.01986,0.01703
Time,s,20,0.01902,0.01995,0.01957,0.0171
Time,s,20,0.0187,0.01826,0.01907,0.01943
Time,s,20,0.01723,0.01867,0.01889,0.01795
Time,s,20,0.0195,0.01918,0.01939,0.01839
Time,s,20,0.01832,0.0186,0.02005,0.01722
Time,s,20,0.01854,0.01892,0.01946,0.0184
Time,s,20,0.01876,0.01864,0.02004,0.01773
Time,s,20,0.0181,0.01827,0.02,0.018
Time,s,20,0.01856,0.01907,0.01976,0.01889
Time,s,20,0.01802,0.01936,0.02101,0.01783
Time,s,21,0.02044,0.01993,0.02101,0.01962
Time,s,21,0.01727,0.01806,0.01896,0.01842
Time,s,21,0.01697,0.01797,0.01854,0.01765
Time,s,21,0.01778,0.01745,0.0181,0.01774
Time,s,21,0.01723,0.0194,0.01945,0.01744
Time,s,21,0.01677,0.01721,0.01996,0.01749
Time,s,21,0.01759,0.01707,0.02017,0.02211
Time,s,21,0.01635,0.01731,0.02008,0.0186
Time,s,21,0.0181,0.01751,0.01869,0.01945
Time,s,21,0.01645,0.01953,0.01888,0.01842
Time,s,21,0.01794,0.01829,0.01844,0.01914
Time,s,21,0.01776,0.01908,0.01886,0.01818
Time,s,21,0.01685,0.01837,0.01883,0.01737
Time,s,21,0.01786,0.01707,0.02149,0.01724
Time,s,21,0.01722,0.01696,0.01881,0.01745
Time,s,21,0.01777,0.01655,0.01957,0.01803
Time,s,21,0.01683,0.01688,0.01789,0.01875
Time,s,21,0.01657,0.01683,0.01909,0.01871
Time,s,21,0.01726,0.01797,0.01996,0.01953
Time,s,21,0.01718,0.01711,0.01949,0.01884
Time,s,21,0.01688,0.01757,0.01866,0.01874
Time,s,21,0.01708,0.01687,0.01859,0.01727
Time,s,21,0.01719,0.01782,0.02055,0.01812
Time,s,21,0.01931,0.01723,0.01834,0.01817
Time,s,21,0.01971,0.01765,0.01881,0.01724
Time,s,21,0.01799,0.01721,0.01888,0.01695
Time,s,21,0.01817,0.01816,0.02384,0.01776
Time,s,21,0.0176,0.0185,0.01804,0.01804
Time,s,21,0.01619,0.02091,0.01852,0.01831
Time,s,21,0.01636,0.01865,0.01932,0.01833
Time,s,21,0.01648,0.01718,0.01915,0.01821
Time,s,21,0.0167,0.01665,0.0188,0.01841
Time,s,21,0.01723,0.01676,0.01813,0.01814
Time,s,21,0.01729,0.01682,0.01825,0.0177
Time,s,21,0.01742,0.01805,0.01803,0.0186
Time,s,21,0.01708,0.01716,0.01874,0.01899
Time,s,21,0.01808,0.01747,0.0189,0.01784
Time,s,21,0.01795,0.01748,0.01842,0.01735
Time,s,21,0.01718,0.01657,0.0178,0.01841
Time,s,21,0.01672,0.01666,0.01742,0.01946
Time,s,21,0.01705,0.01725,0.01903,0.01782
Time,s,21,0.01711,0.01716,0.01815,0.018
Time,s,21,0.01656,0.01693,0.01883,0.01951
Time,s,21,0.01628,0.01651,0.01812,0.02011
Time,s,21,0.01724,0.01681,0.01935,0.01838
Time,s,21,0.01701,0.0177,0.01923,0.01814
Time,s,21,0.01695,0.01691,0.019,0.01809
Time,s,21,0.01637,0.01675,0.01791,0.01764
Time,s,21,0.0164,0.01701,0.01807,0.01813
Time,s,21,0.01687,0.01788,0.01878,0.01811
Time,s,21,0.01763,0.01738,0.01844,0.01842
Time,s,21,0.01788,0.01744,0.0191,0.01828
Time,s,21,0.01716,0.01662,0.01997,0.01794
Time,s,21,0.01736,0.01622,0.02044,0.01915
Time,s,21,0.01863,0.0167,0.02025,0.0183
Time,s,21,0.0181,0.01799,0.02102,0.01846
Time,s,21,0.0171,0.01854,0.01853,0.01884
Time,s,21,0.01716,0.01718,0.01958,0.01836
Time,s,21,0.01687,0.01672,0.01872,0.01833
Time,s,21,0.01685,0.01667,0.01838,0.01962
Time,s,21,0.01665,0.01783,0.01965,0.01902
Time,s,21,0.01679,0.0171,0.01906,0.01846
Time,s,21,0.01762,0.01702,0.01882,0.01838
Time,s,21,0.01673,0.01643,0.01957,0.01816
Time,s,21,0.01685,0.01643,0.01888,0.01874
Time,s,21,0.01706,0.01669,0.01854,0.01791
Time,s,21,0.01656,0.01678,0.01934,0.01959
Time,s,21,0.01637,0.02134,0.01991,0.02081
Time,s,21,0.01748,0.01783,0.01865,0.02168
Time,s,21,0.01697,0.017,0.01871,0.01862
Time,s,21,0.01685,0.01658,0.01914,0.01769
Time,s,21,0.01628,0.01737,0.01929,0.0194
Time,s,21,0.01653,0.01874,0.01961,0.01741
Time,s,21,0.01623,0.01757,0.01878,0.0183
Time,s,21,0.01787,0.02031,0.01899,0.01833
Time,s,21,0.01654,0.02019,0.0185,0.01802
Time,s,21,0.01794,0.01729,0.01865,0.01802
Time,s,21,0.01726,0.01703,0.01868,0.01851
Time,s,21,0.0181,0.01686,0.0194,0.01839
Time,s,21,0.01756,0.01798,0.0188,0.01829
Time,s,21,0.01695,0.01704,0.01933,0.01813
Time,s,21,0.01868,0.01666,0.019,0.01818
Time,s,21,0.01853,0.01618,0.01941,0.01935
Time,s,21,0.01685,0.01679,0.01959,0.01809
Time,s,21,0.01681,0.01673,0.01887,0.01974
Time,s,21,0.0166,0.01631,0.01925,0.01896
Time,s,21,0.01782,0.01707,0.02042,0.01845
Time,s,21,0.01716,0.01666,0.0187,0.01813
Time,s,21,0.01708,0.0162,0.01855,0.01843
Time,s,21,0.01689,0.017,0.01898,0.01811
Time,s,21,0.01652,0.01788,0.01972,0.01869
Time,s,21,0.01827,0.01667,0.0188,0.01806
Time,s,21,0.01664,0.01686,0.01873,0.01926
Time,s,21,0.01757,0.01667,0.01928,0.01993
Time,s,21,0.01711,0.01707,0.01811,0.01925
Time,s,21,0.01716,0.01734,0.0184,0.01908
Time,s,21,0.01738,0.01759,0.01814,0.0197
Time,s,21,0.01673,0.01624,0.02053,0.01846
Time,s,21,0.0181,0.01681,0.02563,0.01784
Time,s,21,0.01791,0.01667,0.02259,0.01823
Time,s,22,2.43926,2.68376,2.76619,2.59699
Time,s,22,1.74669,1.94395,2.04643,2.12582
Time,s,22,1.70707,1.8798,1.9731,2.29808
Time,s,22,1.70156,1.86149,2.0168,1.99795
Time,s,22,1.53948,1.70803,1.90622,1.95975
Time,s,22,1.38084,1.60357,1.77075,1.78188
Time,s,22,1.43208,1.40712,1.49853,1.66463
Time,s,22,1.41518,1.35768,1.53467,1.49321
Time,s,22,1.42048,1.43642,1.51087,1.42271
Time,s,22,1.46023,1.4843,1.53313,1.47237
Time,s,22,1.31711,1.6566,1.44077,1.57228
Time,s,22,1.38286,1.39719,1.50373,1.5291
Time,s,22,1.35338,1.64949,1.90788,1.40079
Time,s,22,1.31625,1.51065,1.79528,1.46125
Time,s,22,1.38405,1.42026,1.53607,1.47467
Time,s,22,1.44351,1.34208,1.5441,1.32207
Time,s,22,1.57606,1.40484,1.43013,1.40873
Time,s,22,1.38628,1.47845,1.44583,1.40993
Time,s,22,1.40298,1.3634,1.38425,1.30025
Time,s,22,1.31316,1.36023,1.4287,1.37383
Time,s,22,1.36231,1.35135,1.36136,1.34172
Time,s,22,1.41234,1.36107,1.42727,1.29601
Time,s,22,1.30917,1.33637,1.32225,1.33368
Time,s,22,1.32347,1.33466,1.37603,1.36562
Time,s,22,1.37365,1.34058,1.34652,1.36402
Time,s,22,1.35348,1.30024,1.40622,1.3218
Time,s,22,1.32795,1.3351,1.3617,1.31707
Time,s,22,1.34699,1.34192,1.33174,1.30912
Time,s,22,1.34853,1.41079,1.40924,1.33719
Time,s,22,1.36479,1.50151,1.34444,1.31989
Time,s,22,1.40253,1.41897,1.40608,1.40701
Time,s,22,1.3588,1.36258,1.3225,1.35367
Time,s,22,1.35493,1.40628,1.3682,1.44927
Time,s,22,1.3033,1.3623,1.36687,1.41032
Time,s,22,1.63304,1.3757,1.31943,1.38567
Time,s,22,1.32944,1.35378,1.33463,1.43423
Time,s,22,1.33154,1.38726,1.33497,1.57298
Time,s,22,1.31652,1.34816,1.30519,1.63362
Time,s,22,1.3276,1.35887,1.37317,1.56572
Time,s,22,1.40673,1.33074,1.32646,1.38789
Time,s,22,1.34912,1.33681,1.44243,1.37658
Time,s,22,1.33527,1.40124,1.40095,1.35037
Time,s,22,1.30307,1.33868,1.68887,1.38106
Time,s,22,1.31616,1.33284,1.38704,1.31995
Time,s,22,1.35289,1.33802,1.34843,1.29033
Time,s,22,1.33109,1.33788,1.35663,1.30737
Time,s,22,1.31921,1.31559,1.36578,1.31989
Time,s,22,1.30699,1.32746,1.38488,1.32382
Time,s,22,1.30384,1.31815,1.34836,1.29417
Time,s,22,1.32415,1.36768,1.35291,1.33357
Time,s,22,1.28967,1.36458,1.34229,1.29809
Time,s,22,1.3274,1.33508,1.3364,1.29774
Time,s,22,1.3119,1.37702,1.36671,1.32733
Time,s,22,1.30987,1.36616,1.36648,1.3757
Time,s,22,1.333,1.35018,1.32835,1.35789
Time,s,22,1.3289,1.33161,1.33304,1.37651
Time,s,22,1.31991,1.35298,1.38996,1.34268
Time,s,22,1.31292,1.3549,1.33733,1.31395
Time,s,22,1.30187,1.34819,1.35437,1.31557
Time,s,22,1.33997,1.32967,1.33236,1.31011
Time,s,22,1.3196,1.33939,1.34252,1.30852
Time,s,22,1.31807,1.35674,1.39455,1.35499
Time,s,22,1.29592,1.34581,1.33727,1.29974
Time,s,22,1.33193,1.34479,1.37542,1.3097
Time,s,22,1.35693,1.33887,1.34435,1.33389
Time,s,22,1.32748,1.32583,1.3681,1.32204
Time,s,22,1.32388,1.32149,1.37018,1.32568
Time,s,22,1.32786,1.33426,1.36881,1.31854
Time,s,22,1.30712,1.3352,1.33593,1.32412
Time,s,22,1.33458,1.34985,1.34965,1.33049
Time,s,22,1.31613,1.32735,1.3475,1.31505
Time,s,22,1.3029,1.34119,1.33349,1.30597
Time,s,22,1.32094,1.32605,1.36069,1.33773
Time,s,22,1.31504,1.33385,1.38372,1.29753
Time,s,22,1.29426,1.36877,1.33543,1.30692
Time,s,22,1.31035,1.32283,1.3314,1.31037
Time,s,22,1.33024,1.35228,1.34912,1.32524
Time,s,22,1.30287,1.33273,1.33313,1.29467
Time,s,22,1.31133,1.32015,1.33089,1.31616
Time,s,22,1.30465,1.33527,1.3427,1.33103
Time,s,22,1.31019,1.33725,1.34049,1.31576
Time,s,22,1.32841,1.34958,1.34191,1.32637
Time,s,22,1.31535,1.31601,1.39416,1.31336
Time,s,22,1.32249,1.31689,1.33033,1.33329
Time,s,22,1.3165,1.32656,1.34931,1.32246
Time,s,22,1.29631,1.35007,1.32438,1.30001
Time,s,22,1.31487,1.39058,1.36895,1.31974
Time,s,22,1.34789,1.35612,1.3223,1.3303
Time,s,22,1.41105,1.33679,1.3219,1.33288
Time,s,22,1.50293,1.33188,1.35234,1.30881
Time,s,22,1.41451,1.34548,1.3471,1.33095
Time,s,22,1.32109,1.33594,1.32397,1.33355
Time,s,22,1.29749,1.33147,1.35719,1.34772
Time,s,22,1.30299,1.35856,1.34795,1.31941
Time,s,22,1.30527,1.315,1.35368,1.33254
Time,s,22,1.32012,1.34193,1.38099,1.34116
Time,s,22,1.30847,1.32982,1.35555,1.32568
Time,s,22,1.31355,1.43588,1.34336,1.33871
Time,s,22,1.3341,1.55256,1.33988,1.29459
Time,s,22,1.34639,1.77865,1.33265,1.31078
Time,s,23,0.52498,0.92721,0.59425,0.34386
Time,s,23,0.51251,0.78634,0.53791,0.3434
Time,s,23,0.51281,0.54951,0.5165,0.33171
Time,s,23,0.50757,0.5718,0.51081,0.32196
Time,s,23,0.50732,0.56876,0.50925,0.31266
Time,s,23,0.49872,0.57533,0.51075,0.32259
Time,s,23,0.50449,0.51978,0.50486,0.30908
Time,s,23,0.50148,0.52901,0.50688,0.3062
Time,s,23,0.50193,0.54381,0.49888,0.30504
Time,s,23,0.50477,0.5191,0.52429,0.31241
Time,s,23,0.49685,0.51671,0.50685,0.30938
Time,s,23,0.49974,0.51634,0.51546,0.30689
Time,s,23,0.50538,0.50787,0.5301,0.30535
Time,s,23,0.50655,0.51984,0.56777,0.31145
Time,s,23,0.50068,0.54183,0.52001,0.31478
Time,s,23,0.50392,0.58043,0.52978,0.30758
Time,s,23,0.50922,0.54676,0.5085,0.31171
Time,s,23,0.50405,0.53249,0.50865,0.31361
Time,s,23,0.50661,0.54119,0.52021,0.31059
Time,s,23,0.56318,0.56407,0.51205,0.3182
Time,s,23,0.54319,0.5157,0.51057,0.314
Time,s,23,0.5066,0.51612,0.59026,0.31061
Time,s,23,0.50939,0.54522,0.52011,0.3113
Time,s,23,0.50682,0.56913,0.51445,0.32017
Time,s,23,0.4977,0.51589,0.50961,0.32401
Time,s,23,0.52017,0.5246,0.55806,0.30893
Time,s,23,0.51212,0.56138,0.51934,0.31208
Time,s,23,0.55046,0.51325,0.52803,0.32079
Time,s,23,0.52958,0.51334,0.51313,0.30964
Time,s,23,0.50515,0.51984,0.51823,0.31876
Time,s,23,0.50425,0.51014,0.51339,0.31015
Time,s,23,0.50822,0.51397,0.51621,0.31529
Time,s,23,0.50252,0.50849,0.50703,0.31313
Time,s,23,0.51337,0.51989,0.50448,0.31731
Time,s,23,0.50352,0.564,0.51355,0.33398
Time,s,23,0.545,0.53609,0.53176,0.35081
Time,s,23,0.55374,0.51573,0.50197,0.34706
Time,s,23,0.51462,0.5206,0.5838,0.31748
Time,s,23,0.50124,0.52345,0.52354,0.31448
Time,s,23,0.51089,0.50221,0.52675,0.31502
Time,s,23,0.52255,0.52044,0.51492,0.32475
Time,s,23,0.57391,0.51749,0.51169,0.31434
Time,s,23,0.60884,0.57219,0.51337,0.31708
Time,s,23,0.66436,0.54674,0.52798,0.31282
Time,s,23,0.52803,0.51685,0.51032,0.31321
Time,s,23,0.51601,0.51473,0.57644,0.31877
Time,s,23,0.4998,0.51284,0.55033,0.32711
Time,s,23,0.50896,0.50917,0.52123,0.337
Time,s,23,0.50632,0.51517,0.51924,0.34652
Time,s,23,0.51823,0.51259,0.56675,0.36189
Time,s,23,0.52667,0.55775,0.50681,0.31486
Time,s,23,0.56806,0.55977,0.5288,0.3095
Time,s,23,0.5239,0.52402,0.53035,0.31596
Time,s,23,0.50335,0.50481,0.54744,0.34436
Time,s,23,0.528,0.51087,0.50975,0.35708
Time,s,23,0.53683,0.51434,0.51555,0.32094
Time,s,23,0.50304,0.51611,0.51556,0.31355
Time,s,23,0.5141,0.51192,0.55347,0.32082
Time,s,23,0.52961,0.59518,0.50475,0.3214
Time,s,23,0.53191,0.53712,0.51848,0.32376
Time,s,23,0.51068,0.51465,0.53029,0.3628
Time,s,23,0.50767,0.50795,0.55781,0.33392
Time,s,23,0.49394,0.51943,0.52517,0.3157
Time,s,23,0.54736,0.51382,0.52304,0.312
Time,s,23,0.53213,0.58725,0.53703,0.31325
Time,s,23,0.58645,0.55027,0.54451,0.32283
Time,s,23,0.53258,0.57962,0.52117,0.32795
Time,s,23,0.50372,0.55146,0.51061,0.35298
Time,s,23,0.49973,0.51892,0.53286,0.31597
Time,s,23,0.50705,0.51152,0.54225,0.30836
Time,s,23,0.52124,0.54903,0.52501,0.31425
Time,s,23,0.50671,0.59039,0.50688,0.30946
Time,s,23,0.5021,0.54851,0.54969,0.3256
Time,s,23,0.51836,0.54182,0.53762,0.35809
Time,s,23,0.52381,0.56065,0.51068,0.34905
Time,s,23,0.57692,0.50996,0.51202,0.31061
Time,s,23,0.52344,0.54031,0.54083,0.31178
Time,s,23,0.51307,0.53958,0.53486,0.30961
Time,s,23,0.50175,0.50002,0.56428,0.33123
Time,s,23,0.50257,0.5112,0.62788,0.33536
Time,s,23,0.51061,0.50568,0.73615,0.35454
Time,s,23,0.5091,0.49994,0.6499,0.3079
Time,s,23,0.5328,0.51267,0.57737,0.31325
Time,s,23,0.56324,0.51422,0.56891,0.32293
Time,s,23,0.52784,0.50235,0.56084,0.31544
Time,s,23,0.5099,0.55145,0.58806,0.32263
Time,s,23,0.49525,0.58106,0.57341,0.36131
Time,s,23,0.50055,0.57007,0.55841,0.33983
Time,s,23,0.51603,0.50522,0.56371,0.30939
Time,s,23,0.51661,0.50755,0.52929,0.31053
Time,s,23,0.52736,0.5013,0.52013,0.31538
Time,s,23,0.57319,0.51451,0.51184,0.3297
Time,s,23,0.52018,0.51011,0.50961,0.35286
Time,s,23,0.49564,0.49944,0.51921,0.34846
Time,s,23,0.51326,0.51327,0.51884,0.31331
Time,s,23,0.50032,0.51204,0.51837,0.30977
Time,s,23,0.50288,0.50387,0.50448,0.31276
Time,s,23,0.5113,0.51977,0.51194,0.32904
Time,s,23,0.50268,0.51361,0.51246,0.32734
Time,s,23,0.49135,0.51856,0.51489,0.35776
Time,s,24,0.05889,0.06162,0.05468,0.01676
Time,s,24,0.05019,0.04853,0.05302,0.01498
Time,s,24,0.05613,0.05789,0.05929,0.01967
Time,s,24,0.05152,0.05002,0.0554,0.01827
Time,s,24,0.0541,0.04785,0.05026,0.01569
Time,s,24,0.04951,0.05879,0.05277,0.01628
Time,s,24,0.04927,0.05137,0.04818,0.01491
Time,s,24,0.05176,0.04873,0.05431,0.01443
Time,s,24,0.053,0.05015,0.05389,0.01673
Time,s,24,0.05116,0.04765,0.04772,0.0136
Time,s,24,0.04839,0.0484,0.04859,0.01365
Time,s,24,0.05022,0.04815,0.05117,0.01296
Time,s,24,0.05006,0.05322,0.05332,0.01311
Time,s,24,0.04764,0.04725,0.06337,0.01286
Time,s,24,0.05242,0.04993,0.04917,0.01282
Time,s,24,0.05086,0.04962,0.05368,0.01241
Time,s,24,0.04798,0.04899,0.05211,0.01263
Time,s,24,0.04852,0.0493,0.05191,0.01454
Time,s,24,0.04802,0.04855,0.04851,0.01306
Time,s,24,0.04835,0.04859,0.04876,0.01306
Time,s,24,0.06131,0.04898,0.04844,0.01412
Time,s,24,0.04729,0.04797,0.0482,0.01326
Time,s,24,0.04906,0.0481,0.04928,0.01353
Time,s,24,0.0467,0.04775,0.05053,0.01389
Time,s,24,0.04962,0.04635,0.04786,0.01383
Time,s,24,0.04729,0.04715,0.04793,0.01346
Time,s,24,0.04609,0.04862,0.04743,0.01284
Time,s,24,0.04733,0.04727,0.0484,0.0144
Time,s,24,0.05169,0.04638,0.04818,0.01317
Time,s,24,0.0527,0.0472,0.04868,0.0148
Time,s,24,0.05305,0.04656,0.04913,0.01338
Time,s,24,0.05293,0.04677,0.04776,0.01229
Time,s,24,0.05275,0.04696,0.04856,0.01314
Time,s,24,0.05212,0.04617,0.04754,0.01356
Time,s,24,0.05742,0.04644,0.04712,0.01402
Time,s,24,0.05642,0.04637,0.04896,0.01225
Time,s,24,0.05359,0.04632,0.04785,0.01293
Time,s,24,0.05446,0.05127,0.04838,0.01264
Time,s,24,0.05276,0.04841,0.04852,0.01247
Time,s,24,0.05477,0.04691,0.04741,0.01407
Time,s,24,0.05291,0.04827,0.04746,0.01365
Time,s,24,0.05837,0.05642,0.04935,0.01246
Time,s,24,0.05209,0.04724,0.04697,0.01289
Time,s,24,0.05517,0.04694,0.04795,0.01242
Time,s,24,0.04889,0.04609,0.04791,0.01248
Time,s,24,0.04707,0.04782,0.04864,0.01291
Time,s,24,0.04752,0.04611,0.0472,0.01417
Time,s,24,0.04652,0.04872,0.0473,0.01299
Time,s,24,0.0462,0.04719,0.05291,0.01424
Time,s,24,0.04661,0.04701,0.04787,0.01296
Time,s,24,0.04612,0.04656,0.04692,0.01378
Time,s,24,0.04589,0.04656,0.04704,0.0134
Time,s,24,0.0457,0.04659,0.04804,0.01396
Time,s,24,0.04681,0.04626,0.04782,0.01376
Time,s,24,0.0461,0.04665,0.04833,0.01257
Time,s,24,0.04656,0.04647,0.05914,0.0118
Time,s,24,0.04608,0.04657,0.05055,0.01286
Time,s,24,0.04842,0.04724,0.04722,0.01668
Time,s,24,0.04752,0.05222,0.0478,0.01426
Time,s,24,0.04609,0.05264,0.04954,0.01319
Time,s,24,0.0467,0.05339,0.04842,0.01336
Time,s,24,0.04805,0.05572,0.04747,0.01328
Time,s,24,0.05328,0.05469,0.04969,0.01217
Time,s,24,0.04567,0.05335,0.0485,0.01248
Time,s,24,0.04565,0.05275,0.04958,0.01341
Time,s,24,0.04572,0.05413,0.0484,0.01318
Time,s,24,0.05287,0.05656,0.04819,0.01273
Time,s,24,0.04699,0.05388,0.04874,0.01208
Time,s,24,0.0462,0.05571,0.04794,0.01378
Time,s,24,0.04921,0.05958,0.05006,0.01265
Time,s,24,0.05313,0.05356,0.04816,0.01332
Time,s,24,0.05196,0.05312,0.04816,0.01211
Time,s,24,0.05279,0.05341,0.04865,0.0128
Time,s,24,0.05445,0.05424,0.05018,0.01302
Time,s,24,0.05613,0.05356,0.05569,0.01253
Time,s,24,0.05392,0.04699,0.0553,0.01282
Time,s,24,0.05316,0.04919,0.0565,0.01339
Time,s,24,0.05059,0.04714,0.05517,0.01226
Time,s,24,0.05299,0.0477,0.05632,0.01248
Time,s,24,0.05212,0.04726,0.05958,0.012
Time,s,24,0.0498,0.04711,0.05571,0.01196
Time,s,24,0.04753,0.0472,0.0547,0.01226
Time,s,24,0.04752,0.05525,0.05642,0.01327
Time,s,24,0.04835,0.04775,0.05614,0.01259
Time,s,24,0.0483,0.04717,0.0563,0.01273
Time,s,24,0.0465,0.047,0.05604,0.01244
Time,s,24,0.04962,0.04789,0.05691,0.01235
Time,s,24,0.04963,0.04746,0.05603,0.01266
Time,s,24,0.0491,0.04628,0.05557,0.01456
Time,s,24,0.04669,0.04805,0.05454,0.01298
Time,s,24,0.04832,0.04709,0.05281,0.01271
Time,s,24,0.04664,0.04653,0.05341,0.01259
Time,s,24,0.04661,0.04617,0.05356,0.01274
Time,s,24,0.04716,0.0459,0.05403,0.01388
Time,s,24,0.04806,0.04695,0.0605,0.01526
Time,s,24,0.04654,0.04607,0.06116,0.01563
Time,s,24,0.04679,0.04765,0.0534,0.01481
Time,s,24,0.04819,0.04615,0.05445,0.01425
Time,s,24,0.05363,0.04599,0.05406,0.01236
Time,s,24,0.04786,0.05331,0.05521,0.01303
Time,s,25,0.02015,0.01942,0.02341,0.02059
Time,s,25,0.01946,0.01801,0.02122,0.01756
Time,s,25,0.01849,0.01812,0.02073,0.01736
Time,s,25,0.01761,0.01949,0.02041,0.0177
Time,s,25,0.01765,0.01892,0.02016,0.01683
Time,s,25,0.01812,0.01779,0.02061,0.01761
Time,s,25,0.01877,0.01815,0.02052,0.01768
Time,s,25,0.01714,0.01936,0.02049,0.01736
Time,s,25,0.01747,0.01795,0.02112,0.01777
Time,s,25,0.02875,0.01749,0.02064,0.01728
Time,s,25,0.02439,0.01743,0.02027,0.01728
Time,s,25,0.01774,0.01749,0.02056,0.01786
Time,s,25,0.01844,0.0174,0.01977,0.0171
Time,s,25,0.01762,0.01775,0.01931,0.01733
Time,s,25,0.0185,0.01709,0.02046,0.01876
Time,s,25,0.01838,0.01943,0.02084,0.01866
Time,s,25,0.01728,0.01692,0.02063,0.01944
Time,s,25,0.01744,0.01769,0.02084,0.01972
Time,s,25,0.01781,0.01829,0.02038,0.01869
Time,s,25,0.01731,0.01725,0.01967,0.01919
Time,s,25,0.0182,0.01953,0.02097,0.01902
Time,s,25,0.01833,0.01746,0.02104,0.02003
Time,s,25,0.01834,0.01712,0.02101,0.01877
Time,s,25,0.0186,0.01833,0.02086,0.01957
Time,s,25,0.01848,0.01988,0.019,0.01781
Time,s,25,0.01702,0.01802,0.019,0.01917
Time,s,25,0.01798,0.01823,0.01835,0.01874
Time,s,25,0.01983,0.01768,0.01956,0.01919
Time,s,25,0.01797,0.01867,0.02027,0.01907
Time,s,25,0.01783,0.01724,0.01825,0.0191
Time,s,25,0.01945,0.01821,0.01859,0.01956
Time,s,25,0.0208,0.01926,0.01885,0.01936
Time,s,25,0.01948,0.02067,0.01892,0.0192
Time,s,25,0.01932,0.01779,0.01878,0.01947
Time,s,25,0.0197,0.01792,0.01918,0.02057
Time,s,25,0.01879,0.0172,0.01828,0.02117
Time,s,25,0.0196,0.01782,0.0189,0.01977
Time,s,25,0.01976,0.01947,0.01899,0.01876
Time,s,25,0.01867,0.01728,0.01887,0.01891
Time,s,25,0.02112,0.02107,0.01871,0.01945
Time,s,25,0.01928,0.01876,0.01881,0.01875
Time,s,25,0.01862,0.01963,0.01986,0.0179
Time,s,25,0.02017,0.01805,0.01925,0.01933
Time,s,25,0.01921,0.01836,0.01885,0.01899
Time,s,25,0.02015,0.01789,0.01908,0.01878
Time,s,25,0.01903,0.02051,0.01831,0.01941
Time,s,25,0.01912,0.01761,0.01849,0.01911
Time,s,25,0.02027,0.01902,0.01913,0.01937
Time,s,25,0.02014,0.01776,0.01846,0.01918
Time,s,25,0.01933,0.018,0.01852,0.01937
Time,s,25,0.01923,0.01755,0.01874,0.01926
Time,s,25,0.0196,0.01806,0.0189,0.02288
Time,s,25,0.01973,0.01792,0.01905,0.02153
Time,s,25,0.01949,0.01774,0.01918,0.01901
Time,s,25,0.01906,0.01963,0.01815,0.01937
Time,s,25,0.01835,0.01989,0.01864,0.01836
Time,s,25,0.01759,0.01775,0.01823,0.01804
Time,s,25,0.01807,0.01767,0.01911,0.01773
Time,s,25,0.01727,0.01998,0.01876,0.01785
Time,s,25,0.01742,0.01784,0.01871,0.01779
Time,s,25,0.01774,0.01856,0.01832,0.01702
Time,s,25,0.01887,0.01797,0.01878,0.01721
Time,s,25,0.01738,0.02017,0.0183,0.01794
Time,s,25,0.01789,0.01802,0.01879,0.01676
Time,s,25,0.01745,0.01837,0.01853,0.0178
Time,s,25,0.01851,0.01846,0.01862,0.01707
Time,s,25,0.01722,0.01945,0.01814,0.01809
Time,s,25,0.01732,0.02573,0.01897,0.01667
Time,s,25,0.017,0.02153,0.01946,0.01803
Time,s,25,0.01732,0.01845,0.01898,0.01716
Time,s,25,0.01982,0.01846,0.01872,0.01725
Time,s,25,0.01771,0.01803,0.01784,0.0177
Time,s,25,0.01696,0.01811,0.01857,0.01747
Time,s,25,0.01711,0.01797,0.01809,0.02084
Time,s,25,0.02037,0.01748,0.0181,0.02152
Time,s,25,0.01736,0.01801,0.01855,0.02137
Time,s,25,0.01737,0.01728,0.01838,0.02089
Time,s,25,0.01779,0.01807,0.01862,0.02273
Time,s,25,0.01847,0.01868,0.01836,0.02126
Time,s,25,0.01782,0.01807,0.01865,0.02212
Time,s,25,0.01696,0.01811,0.01809,0.0193
Time,s,25,0.01772,0.01823,0.01806,0.01991
Time,s,25,0.01951,0.01765,0.01794,0.01919
Time,s,25,0.01715,0.01726,0.01805,0.02014
Time,s,25,0.01758,0.01738,0.01794,0.01921
Time,s,25,0.01791,0.01811,0.01884,0.0195
Time,s,25,0.01732,0.01792,0.01873,0.01969
Time,s,25,0.01923,0.0178,0.01765,0.01919
Time,s,25,0.01771,0.01799,0.01835,0.01886
Time,s,25,0.0175,0.01815,0.01753,0.01812
Time,s,25,0.01867,0.01841,0.01809,0.01856
Time,s,25,0.02006,0.01841,0.01859,0.01937
Time,s,25,0.01817,0.01804,0.03586,0.01934
Time,s,25,0.01803,0.0171,0.02859,0.01719
Time,s,25,0.01758,0.01761,0.01839,0.01786
Time,s,25,0.0192,0.01728,0.01857,0.01854
Time,s,25,0.01787,0.0181,0.01784,0.01782
Time,s,25,0.01736,0.01781,0.0185,0.01811
Time,s,25,0.01737,0.01799,0.0184,0.01778
Time,s,25,0.01752,0.01713,0.01787,0.01779
Time,s,26,0.02855,0.02864,0.02956,0.03186
Time,s,26,0.03068,0.03281,0.02989,0.03186
Time,s,26,0.03213,0.03191,0.03251,0.03909
Time,s,26,0.02722,0.03,0.03388,0.0358
Time,s,26,0.02812,0.03547,0.03086,0.03787
Time,s,26,0.0277,0.02974,0.03345,0.03218
Time,s,26,0.02933,0.03261,0.03762,0.03136
Time,s,26,0.02997,0.02943,0.03066,0.03051
Time,s,26,0.02774,0.03549,0.0314,0.03589
Time,s,26,0.03215,0.03594,0.02958,0.02969
Time,s,26,0.03306,0.03086,0.03167,0.034
Time,s,26,0.03254,0.03285,0.03051,0.03407
Time,s,26,0.03347,0.03804,0.02908,0.03485
Time,s,26,0.03625,0.03006,0.03619,0.03217
Time,s,26,0.03544,0.03476,0.03082,0.03224
Time,s,26,0.02931,0.03825,0.03387,0.0299
Time,s,26,0.03017,0.0314,0.02896,0.03407
Time,s,26,0.03223,0.03272,0.03121,0.03345
Time,s,26,0.03058,0.0354,0.03185,0.03793
Time,s,26,0.02865,0.03108,0.02735,0.03223
Time,s,26,0.03026,0.0331,0.02778,0.03306
Time,s,26,0.03214,0.03273,0.03002,0.05
Time,s,26,0.0337,0.03136,0.02974,0.03691
Time,s,26,0.03134,0.03623,0.02838,0.03485
Time,s,26,0.02837,0.03091,0.03757,0.04092
Time,s,26,0.03407,0.04022,0.02961,0.03966
Time,s,26,0.03387,0.0352,0.03112,0.03745
Time,s,26,0.03268,0.03633,0.0288,0.03682
Time,s,26,0.03341,0.03119,0.02841,0.03741
Time,s,26,0.03331,0.0375,0.0322,0.03351
Time,s,26,0.02889,0.03114,0.02777,0.04245
Time,s,26,0.03719,0.02995,0.03161,0.03563
Time,s,26,0.03084,0.0299,0.02978,0.03585
Time,s,26,0.03085,0.03565,0.0306,0.03356
Time,s,26,0.03392,0.03107,0.02877,0.03011
Time,s,26,0.03338,0.03534,0.03222,0.03166
Time,s,26,0.03576,0.03476,0.03105,0.03164
Time,s,26,0.03414,0.03318,0.03197,0.03281
Time,s,26,0.02999,0.03314,0.03519,0.03453
Time,s,26,0.03077,0.03587,0.02984,0.03141
Time,s,26,0.03177,0.03027,0.033,0.03431
Time,s,26,0.03288,0.03137,0.03021,0.03651
Time,s,26,0.03362,0.03595,0.03362,0.03046
Time,s,26,0.03115,0.03133,0.03275,0.03104
Time,s,26,0.02972,0.05474,0.0321,0.03501
Time,s,26,0.02839,0.03603,0.03307,0.03497
Time,s,26,0.03102,0.02841,0.02969,0.03308
Time,s,26,0.02779,0.03745,0.03432,0.03473
Time,s,26,0.03574,0.03394,0.02848,0.03448
Time,s,26,0.02778,0.03022,0.02859,0.03558
Time,s,26,0.0313,0.02757,0.03278,0.03284
Time,s,26,0.03517,0.03299,0.02871,0.03444
Time,s,26,0.02921,0.03218,0.03221,0.03818
Time,s,26,0.03168,0.03327,0.03284,0.04194
Time,s,26,0.02768,0.02897,0.02982,0.03104
Time,s,26,0.03233,0.03072,0.03619,0.03137
Time,s,26,0.03214,0.03347,0.02887,0.03224
Time,s,26,0.02808,0.02876,0.03022,0.03621
Time,s,26,0.03141,0.04504,0.03409,0.03024
Time,s,26,0.03097,0.02931,0.0287,0.03522
Time,s,26,0.02939,0.03424,0.03111,0.03559
Time,s,26,0.02862,0.02867,0.04661,0.03412
Time,s,26,0.02877,0.03296,0.03235,0.03244
Time,s,26,0.0297,0.03377,0.03344,0.03319
Time,s,26,0.03204,0.03486,0.03082,0.03383
Time,s,26,0.02873,0.02976,0.02955,0.04137
Time,s,26,0.02924,0.02971,0.02958,0.03697
Time,s,26,0.03203,0.02822,0.03211,0.03466
Time,s,26,0.03018,0.02839,0.02796,0.03016
Time,s,26,0.03202,0.02837,0.02803,0.03308
Time,s,26,0.03155,0.02835,0.02941,0.0326
Time,s,26,0.02702,0.034,0.03066,0.02868
Time,s,26,0.03591,0.03343,0.03148,0.03297
Time,s,26,0.02751,0.02992,0.02903,0.03054
Time,s,26,0.02925,0.03089,0.03466,0.03603
Time,s,26,0.02747,0.03224,0.03409,0.03774
Time,s,26,0.03105,0.03471,0.0314,0.03276
Time,s,26,0.03233,0.02931,0.02933,0.02898
Time,s,26,0.03057,0.02797,0.0344,0.02974
Time,s,26,0.03995,0.0357,0.0328,0.02919
Time,s,26,0.03206,0.02825,0.03297,0.03062
Time,s,26,0.02872,0.03366,0.02877,0.03318
Time,s,26,0.03269,0.02855,0.02847,0.03284
Time,s,26,0.02866,0.03683,0.02869,0.0307
Time,s,26,0.03311,0.02908,0.03269,0.03279
Time,s,26,0.02757,0.03128,0.03119,0.02946
Time,s,26,0.0339,0.02859,0.03358,0.02927
Time,s,26,0.02958,0.02948,0.0324,0.03359
Time,s,26,0.033,0.0336,0.029,0.03559
Time,s,26,0.03288,0.03237,0.03364,0.03077
Time,s,26,0.0323,0.02885,0.03404,0.02824
Time,s,26,0.02843,0.03616,0.03191,0.03339
Time,s,26,0.03367,0.03196,0.03883,0.02972
Time,s,26,0.03089,0.02873,0.03083,0.03231
Time,s,26,0.03068,0.03243,0.03183,0.03293
Time,s,26,0.03049,0.03011,0.03457,0.02998
Time,s,26,0.03497,0.03372,0.0354,0.03237
Time,s,26,0.03141,0.02769,0.03146,0.02953
Time,s,26,0.03707,0.02823,0.03354,0.02833
Time,s,26,0.03561,0.03023,0.03203,0.02968
Time,s,27,0.13076,0.11497,0.14677,0.02016
Time,s,27,0.12738,0.11556,0.13379,0.02077
Time,s,27,0.11613,0.12579,0.13993,0.01644
Time,s,27,0.11174,0.11438,0.1332,0.01669
Time,s,27,0.1127,0.11454,0.13204,0.01686
Time,s,27,0.12151,0.1128,0.13025,0.01728
Time,s,27,0.11081,0.11109,0.15184,0.01639
Time,s,27,0.11304,0.11031,0.13511,0.01737
Time,s,27,0.11248,0.11068,0.13543,0.01642
Time,s,27,0.11355,0.11395,0.13123,0.01654
Time,s,27,0.11856,0.12847,0.1313,0.01671
Time,s,27,0.1125,0.137,0.13009,0.01768
Time,s,27,0.12907,0.12672,0.1182,0.01738
Time,s,27,0.11694,0.12901,0.11527,0.01667
Time,s,27,0.11245,0.13285,0.11613,0.01661
Time,s,27,0.11539,0.13202,0.11614,0.01772
Time,s,27,0.11348,0.13086,0.11302,0.01917
Time,s,27,0.11211,0.13032,0.11562,0.0177
Time,s,27,0.11059,0.12997,0.11326,0.01729
Time,s,27,0.1117,0.11719,0.11397,0.01648
Time,s,27,0.11137,0.11269,0.11497,0.01668
Time,s,27,0.11327,0.11345,0.11288,0.01737
Time,s,27,0.11348,0.11459,0.11514,0.01648
Time,s,27,0.11604,0.11747,0.12249,0.01629
Time,s,27,0.11544,0.11742,0.11566,0.01653
Time,s,27,0.11318,0.11365,0.11696,0.01597
Time,s,27,0.11247,0.11289,0.11774,0.01599
Time,s,27,0.11435,0.1125,0.1145,0.01662
Time,s,27,0.1113,0.1158,0.11841,0.01746
Time,s,27,0.11488,0.11301,0.11799,0.017
Time,s,27,0.12231,0.11171,0.11226,0.01853
Time,s,27,0.11303,0.11103,0.11297,0.01841
Time,s,27,0.12452,0.11432,0.11279,0.01765
Time,s,27,0.11969,0.11062,0.11687,0.01689
Time,s,27,0.13043,0.1132,0.12115,0.01717
Time,s,27,0.13393,0.11268,0.11589,0.01635
Time,s,27,0.13198,0.11534,0.11324,0.01617
Time,s,27,0.14846,0.12172,0.11311,0.0162
Time,s,27,0.13424,0.11353,0.11067,0.01692
Time,s,27,0.13779,0.113,0.12141,0.01706
Time,s,27,0.12735,0.11233,0.12203,0.01646
Time,s,27,0.12825,0.11658,0.11381,0.01659
Time,s,27,0.12583,0.11523,0.11544,0.01706
Time,s,27,0.12644,0.11061,0.11485,0.01686
Time,s,27,0.13131,0.11097,0.11447,0.01604
Time,s,27,0.13591,0.11784,0.11731,0.01642
Time,s,27,0.13515,0.11124,0.11289,0.01646
Time,s,27,0.11941,0.1104,0.11461,0.0173
Time,s,27,0.12711,0.1125,0.11392,0.01724
Time,s,27,0.14088,0.11317,0.1148,0.01672
Time,s,27,0.12732,0.11411,0.113,0.01637
Time,s,27,0.12215,0.12147,0.11418,0.01665
Time,s,27,0.11403,0.11457,0.11207,0.01734
Time,s,27,0.11388,0.1141,0.12233,0.01666
Time,s,27,0.11237,0.11235,0.11326,0.01665
Time,s,27,0.11192,0.14076,0.11807,0.01638
Time,s,27,0.11668,0.12191,0.11573,0.01637
Time,s,27,0.11523,0.12226,0.11498,0.02134
Time,s,27,0.11926,0.12846,0.11443,0.0209
Time,s,27,0.11325,0.12475,0.11986,0.01944
Time,s,27,0.11119,0.13598,0.11575,0.01699
Time,s,27,0.11266,0.13748,0.11353,0.01645
Time,s,27,0.12042,0.12505,0.11529,0.01661
Time,s,27,0.12043,0.12586,0.11331,0.01639
Time,s,27,0.11143,0.13377,0.11373,0.01652
Time,s,27,0.11285,0.12263,0.11271,0.01709
Time,s,27,0.11308,0.12909,0.11787,0.01634
Time,s,27,0.11155,0.1275,0.11674,0.01619
Time,s,27,0.11157,0.12837,0.11402,0.01717
Time,s,27,0.11553,0.11281,0.11503,0.01748
Time,s,27,0.11408,0.11684,0.11572,0.01662
Time,s,27,0.11107,0.12506,0.11708,0.01611
Time,s,27,0.11137,0.12234,0.11407,0.0167
Time,s,27,0.11199,0.1119,0.11424,0.0172
Time,s,27,0.11041,0.11228,0.11417,0.0167
Time,s,27,0.11592,0.11157,0.11439,0.01828
Time,s,27,0.11911,0.11473,0.11757,0.01759
Time,s,27,0.1122,0.12051,0.11951,0.01831
Time,s,27,0.11485,0.11369,0.11383,0.0176
Time,s,27,0.11621,0.1148,0.11565,0.01823
Time,s,27,0.1116,0.11434,0.1216,0.01742
Time,s,27,0.11045,0.11607,0.11507,0.01797
Time,s,27,0.11469,0.11232,0.1161,0.01903
Time,s,27,0.11464,0.11135,0.11352,0.01848
Time,s,27,0.11897,0.11041,0.11663,0.01755
Time,s,27,0.11193,0.11687,0.11262,0.01881
Time,s,27,0.11364,0.11076,0.11472,0.019
Time,s,27,0.11302,0.11117,0.118,0.01854
Time,s,27,0.11319,0.11221,0.11477,0.01718
Time,s,27,0.11409,0.11135,0.11347,0.01872
Time,s,27,0.12081,0.11205,0.11316,0.0173
Time,s,27,0.11218,0.11978,0.11375,0.01869
Time,s,27,0.11066,0.11413,0.12147,0.01709
Time,s,27,0.1161,0.11468,0.1136,0.01785
Time,s,27,0.11738,0.11576,0.12233,0.01869
Time,s,27,0.11408,0.11484,0.11423,0.01855
Time,s,27,0.11456,0.11135,0.11655,0.01807
Time,s,27,0.11339,0.11179,0.11683,0.01861
Time,s,27,0.11224,0.1129,0.11416,0.01742
Time,s,27,0.11185,0.11175,0.11356,0.01745
Time,s,28,0.15135,0.14448,0.15071,0.17176
Time,s,28,0.14711,0.14278,0.14669,0.16846
Time,s,28,0.15036,0.14292,0.14823,0.17399
Time,s,28,0.15618,0.14499,0.1463,0.1688
Time,s,28,0.14983,0.148,0.14795,0.17167
Time,s,28,0.15327,0.14349,0.15094,0.15314
Time,s,28,0.14776,0.14473,0.15952,0.14374
Time,s,28,0.14537,0.14785,0.14901,0.14252
Time,s,28,0.14516,0.14717,0.14886,0.1659
Time,s,28,0.1454,0.15974,0.14904,0.14721
Time,s,28,0.1459,0.14942,0.14804,0.14599
Time,s,28,0.14499,0.14588,0.14502,0.14779
Time,s,28,0.14801,0.14392,0.14576,0.15227
Time,s,28,0.15437,0.14443,0.14596,0.14601
Time,s,28,0.15872,0.14994,0.16561,0.14188
Time,s,28,0.14472,0.14395,0.14567,0.14663
Time,s,28,0.14744,0.1431,0.15622,0.14296
Time,s,28,0.14537,0.14622,0.18377,0.14242
Time,s,28,0.14411,0.14687,0.17412,0.14243
Time,s,28,0.14327,0.14351,0.18297,0.14383
Time,s,28,0.14656,0.14468,0.17936,0.14236
Time,s,28,0.14534,0.14563,0.16309,0.14274
Time,s,28,0.14487,0.14377,0.16594,0.16421
Time,s,28,0.1466,0.15418,0.17385,0.15198
Time,s,28,0.1528,0.14686,0.17924,0.15896
Time,s,28,0.15099,0.15286,0.17862,0.17119
Time,s,28,0.15186,0.14333,0.17644,0.16943
Time,s,28,0.15255,0.15091,0.15089,0.17015
Time,s,28,0.16068,0.1494,0.15721,0.17418
Time,s,28,0.15102,0.14637,0.15209,0.17234
Time,s,28,0.14984,0.14455,0.14752,0.16817
Time,s,28,0.15181,0.14568,0.14638,0.16974
Time,s,28,0.15417,0.1453,0.15032,0.17845
Time,s,28,0.15429,0.143,0.1461,0.16411
Time,s,28,0.15852,0.14303,0.14586,0.17073
Time,s,28,0.14736,0.14259,0.14952,0.14659
Time,s,28,0.14747,0.14964,0.15325,0.14257
Time,s,28,0.14897,0.14345,0.14672,0.14235
Time,s,28,0.14465,0.14694,0.15123,0.14235
Time,s,28,0.14328,0.14984,0.15325,0.14456
Time,s,28,0.14672,0.1479,0.15268,0.14264
Time,s,28,0.14736,0.14676,0.14846,0.14291
Time,s,28,0.15406,0.14659,0.14686,0.14502
Time,s,28,0.14895,0.14323,0.14825,0.14932
Time,s,28,0.15073,0.14201,0.14844,0.14188
Time,s,28,0.18102,0.14241,0.14423,0.14301
Time,s,28,0.17329,0.14622,0.15352,0.14593
Time,s,28,0.1762,0.14887,0.14902,0.14138
Time,s,28,0.16789,0.14324,0.14905,0.14322
Time,s,28,0.16841,0.14664,0.14967,0.16024
Time,s,28,0.17228,0.15124,0.14871,0.14351
Time,s,28,0.15028,0.15125,0.14805,0.15412
Time,s,28,0.14578,0.15057,0.14684,0.1663
Time,s,28,0.1464,0.152,0.14944,0.17476
Time,s,28,0.15491,0.14553,0.15278,0.16778
Time,s,28,0.14601,0.1456,0.14868,0.16798
Time,s,28,0.14694,0.14486,0.15044,0.17212
Time,s,28,0.1477,0.14961,0.16041,0.16542
Time,s,28,0.14645,0.14274,0.1483,0.16067
Time,s,28,0.14694,0.14388,0.14838,0.14343
Time,s,28,0.14526,0.14597,0.15226,0.1423
Time,s,28,0.1444,0.15023,0.1489,0.1431
Time,s,28,0.14445,0.14832,0.15483,0.15673
Time,s,28,0.14348,0.14769,0.14699,0.15001
Time,s,28,0.15165,0.14668,0.14883,0.14366
Time,s,28,0.16038,0.1442,0.1477,0.14268
Time,s,28,0.14862,0.14234,0.14574,0.14525
Time,s,28,0.14747,0.14736,0.15459,0.14408
Time,s,28,0.15436,0.15044,0.14974,0.14555
Time,s,28,0.15234,0.14198,0.14855,0.14292
Time,s,28,0.14982,0.14566,0.15093,0.14403
Time,s,28,0.14723,0.14435,0.14878,0.1423
Time,s,28,0.14523,0.14703,0.14961,0.14387
Time,s,28,0.14717,0.14455,0.14769,0.14641
Time,s,28,0.14789,0.1467,0.14976,0.15285
Time,s,28,0.14723,0.14547,0.14711,0.14577
Time,s,28,0.1541,0.14316,0.14932,0.14963
Time,s,28,0.14642,0.14318,0.14545,0.14612
Time,s,28,0.14946,0.14194,0.15421,0.14252
Time,s,28,0.14703,0.15023,0.14778,0.14213
Time,s,28,0.14815,0.1443,0.14808,0.14326
Time,s,28,0.14445,0.14556,0.15449,0.14339
Time,s,28,0.14375,0.15156,0.1477,0.14405
Time,s,28,0.1441,0.14464,0.14794,0.14599
Time,s,28,0.14394,0.14318,0.15509,0.14724
Time,s,28,0.14656,0.14268,0.14568,0.15385
Time,s,28,0.15337,0.14555,0.14756,0.14483
Time,s,28,0.14813,0.14485,0.14477,0.14332
Time,s,28,0.14605,0.14833,0.14831,0.14639
Time,s,28,0.14806,0.14473,0.14988,0.14507
Time,s,28,0.1465,0.15084,0.14529,0.15333
Time,s,28,0.14525,0.1442,0.14698,0.1448
Time,s,28,0.14546,0.1446,0.15317,0.14417
Time,s,28,0.14308,0.14882,0.15208,0.14222
Time,s,28,0.14392,0.14505,0.14894,0.14334
Time,s,28,0.14408,0.14477,0.15069,0.14494
Time,s,28,0.14947,0.14645,0.14985,0.14907
Time,s,28,0.15619,0.14587,0.14727,0.14482
Time,s,28,0.14645,0.14284,0.14594,0.1428
Time,s,28,0.14878,0.15289,0.15205,0.1542
Time,s,29,0.05303,0.05116,0.05417,0.02603
Time,s,29,0.05035,0.0501,0.05154,0.02468
Time,s,29,0.0497,0.05082,0.05153,0.02441
Time,s,29,0.04966,0.05364,0.05207,0.02551
Time,s,29,0.04962,0.04889,0.05186,0.02374
Time,s,29,0.04995,0.05016,0.05202,0.02441
Time,s,29,0.04925,0.05097,0.05187,0.02428
Time,s,29,0.04959,0.05477,0.05159,0.02365
Time,s,29,0.04981,0.05349,0.05179,0.02367
Time,s,29,0.04868,0.05024,0.05139,0.02371
Time,s,29,0.05049,0.05143,0.05146,0.02427
Time,s,29,0.04989,0.05034,0.05098,0.0237
Time,s,29,0.05056,0.0497,0.05089,0.02372
Time,s,29,0.04953,0.05149,0.05192,0.02377
Time,s,29,0.04969,0.0496,0.05079,0.02346
Time,s,29,0.05159,0.05042,0.05059,0.02381
Time,s,29,0.04985,0.04956,0.05114,0.02369
Time,s,29,0.05013,0.05119,0.0512,0.02454
Time,s,29,0.04965,0.0495,0.05162,0.0244
Time,s,29,0.05091,0.05004,0.05256,0.02604
Time,s,29,0.04932,0.051,0.05333,0.02397
Time,s,29,0.04943,0.04998,0.0526,0.02421
Time,s,29,0.04906,0.05056,0.05209,0.02375
Time,s,29,0.05065,0.04978,0.054,0.02386
Time,s,29,0.05194,0.04972,0.05416,0.02414
Time,s,29,0.05115,0.0495,0.05118,0.02426
Time,s,29,0.04951,0.05035,0.05139,0.02413
Time,s,29,0.0501,0.05105,0.05454,0.02374
Time,s,29,0.04932,0.05044,0.05207,0.0236
Time,s,29,0.05036,0.04981,0.05552,0.03106
Time,s,29,0.04956,0.05066,0.05079,0.02379
Time,s,29,0.05409,0.05104,0.0511,0.02399
Time,s,29,0.04999,0.05059,0.05108,0.02381
Time,s,29,0.05148,0.05086,0.05121,0.02379
Time,s,29,0.05034,0.05287,0.05198,0.02382
Time,s,29,0.04992,0.04935,0.05171,0.02461
Time,s,29,0.04893,0.0511,0.05317,0.02417
Time,s,29,0.04895,0.04965,0.05328,0.02377
Time,s,29,0.04944,0.05039,0.05185,0.02374
Time,s,29,0.04922,0.05078,0.05164,0.02386
Time,s,29,0.05144,0.04939,0.05018,0.02425
Time,s,29,0.04993,0.05098,0.0551,0.02313
Time,s,29,0.04998,0.05078,0.05399,0.02394
Time,s,29,0.05083,0.05012,0.05089,0.02628
Time,s,29,0.05057,0.05136,0.05136,0.023
Time,s,29,0.05054,0.04969,0.05071,0.02345
Time,s,29,0.04931,0.05232,0.05014,0.02423
Time,s,29,0.05125,0.04954,0.05053,0.02368
Time,s,29,0.05078,0.04973,0.05174,0.02339
Time,s,29,0.0493,0.0513,0.05225,0.02347
Time,s,29,0.04926,0.05052,0.0513,0.02324
Time,s,29,0.04929,0.05386,0.05117,0.02463
Time,s,29,0.04986,0.05089,0.05273,0.02504
Time,s,29,0.04894,0.0516,0.05094,0.02385
Time,s,29,0.05013,0.05067,0.05177,0.02377
Time,s,29,0.0543,0.05172,0.05196,0.02384
Time,s,29,0.04942,0.05248,0.05166,0.02406
Time,s,29,0.04845,0.05011,0.05149,0.02432
Time,s,29,0.05071,0.05064,0.05056,0.0236
Time,s,29,0.05105,0.04973,0.05138,0.02333
Time,s,29,0.0511,0.05333,0.05554,0.02395
Time,s,29,0.05021,0.05153,0.05234,0.02384
Time,s,29,0.05107,0.04996,0.05226,0.02514
Time,s,29,0.05069,0.05095,0.05217,0.02358
Time,s,29,0.05004,0.05257,0.05222,0.02337
Time,s,29,0.0509,0.0537,0.05347,0.02501
Time,s,29,0.05018,0.05063,0.05214,0.02443
Time,s,29,0.05046,0.053,0.05238,0.02421
Time,s,29,0.05094,0.04964,0.05558,0.02442
Time,s,29,0.04928,0.04893,0.05216,0.02392
Time,s,29,0.04928,0.04942,0.05101,0.02352
Time,s,29,0.04941,0.05274,0.05098,0.02411
Time,s,29,0.04935,0.04986,0.0519,0.02422
Time,s,29,0.04923,0.04984,0.05129,0.02318
Time,s,29,0.04906,0.04901,0.05078,0.02307
Time,s,29,0.05118,0.05221,0.05153,0.02366
Time,s,29,0.04982,0.05013,0.05109,0.02439
Time,s,29,0.05046,0.04948,0.05067,0.02308
Time,s,29,0.04929,0.05002,0.05112,0.02445
Time,s,29,0.04894,0.04938,0.05045,0.02451
Time,s,29,0.05059,0.04941,0.05051,0.02443
Time,s,29,0.05309,0.05136,0.05257,0.02519
Time,s,29,0.0504,0.05174,0.05291,0.02532
Time,s,29,0.0507,0.04947,0.05373,0.02606
Time,s,29,0.04962,0.04987,0.05199,0.02548
Time,s,29,0.05007,0.05019,0.05116,0.02432
Time,s,29,0.05474,0.05074,0.05155,0.02428
Time,s,29,0.05017,0.05244,0.05133,0.02369
Time,s,29,0.04901,0.0504,0.05107,0.02346
Time,s,29,0.05003,0.05023,0.0524,0.02386
Time,s,29,0.04895,0.05015,0.05293,0.02492
Time,s,29,0.05126,0.05012,0.05178,0.02402
Time,s,29,0.05117,0.05111,0.05032,0.02389
Time,s,29,0.05501,0.04955,0.05011,0.02384
Time,s,29,0.04977,0.04915,0.0498,0.0232
Time,s,29,0.05097,0.0499,0.05229,0.02371
Time,s,29,0.05075,0.05507,0.05249,0.02302
Time,s,29,0.05042,0.04983,0.05239,0.02442
Time,s,29,0.05233,0.0492,0.05306,0.02401
Time,s,29,0.05025,0.04873,0.05121,0.02363
Time,s,30,0.02663,0.02608,0.02816,0.027
Time,s,30,0.02548,0.02558,0.02615,0.02455
Time,s,30,0.02458,0.0263,0.02568,0.02474
Time,s,30,0.02541,0.02614,0.02618,0.02513
Time,s,30,0.02609,0.02465,0.02568,0.02457
Time,s,30,0.0251,0.02451,0.02608,0.02437
Time,s,30,0.02389,0.0249,0.02517,0.02425
Time,s,30,0.02451,0.02501,0.02534,0.02465
Time,s,30,0.02462,0.02539,0.02544,0.02642
Time,s,30,0.02583,0.02444,0.02598,0.02446
Time,s,30,0.02632,0.02458,0.02411,0.02364
Time,s,30,0.02454,0.026,0.0253,0.02534
Time,s,30,0.02456,0.02711,0.02477,0.02378
Time,s,30,0.02431,0.02831,0.02496,0.0242
Time,s,30,0.02329,0.02508,0.02483,0.02408
Time,s,30,0.02527,0.02447,0.0254,0.02307
Time,s,30,0.02495,0.02498,0.0248,0.02295
Time,s,30,0.02442,0.0241,0.02498,0.02368
Time,s,30,0.02432,0.02474,0.02499,0.02402
Time,s,30,0.02399,0.02457,0.02452,0.02393
Time,s,30,0.02468,0.02435,0.02425,0.02434
Time,s,30,0.02457,0.02435,0.02575,0.03604
Time,s,30,0.02402,0.02476,0.02498,0.02391
Time,s,30,0.02368,0.02507,0.02524,0.02434
Time,s,30,0.02506,0.02471,0.02451,0.0242
Time,s,30,0.02402,0.02403,0.02705,0.02437
Time,s,30,0.02446,0.0245,0.02446,0.02504
Time,s,30,0.02498,0.02429,0.02409,0.02381
Time,s,30,0.02442,0.02364,0.02566,0.02346
Time,s,30,0.02441,0.02485,0.02624,0.02444
Time,s,30,0.02391,0.02389,0.02528,0.02518
Time,s,30,0.02499,0.02459,0.02728,0.02576
Time,s,30,0.02497,0.02373,0.02549,0.02426
Time,s,30,0.02504,0.02518,0.02489,0.02551
Time,s,30,0.02395,0.02568,0.02514,0.02647
Time,s,30,0.02509,0.025,0.02507,0.02588
Time,s,30,0.0265,0.02477,0.02523,0.02692
Time,s,30,0.02473,0.02558,0.02455,0.02416
Time,s,30,0.0254,0.0248,0.02531,0.02501
Time,s,30,0.02495,0.02397,0.02504,0.0251
Time,s,30,0.02371,0.02409,0.02464,0.02499
Time,s,30,0.0246,0.02438,0.02579,0.02534
Time,s,30,0.02487,0.02445,0.02614,0.025
Time,s,30,0.02496,0.02483,0.02777,0.0254
Time,s,30,0.0241,0.0245,0.02483,0.02639
Time,s,30,0.02492,0.02413,0.02468,0.0256
Time,s,30,0.0253,0.02364,0.02476,0.02437
Time,s,30,0.0253,0.02416,0.02647,0.02529
Time,s,30,0.02489,0.02544,0.02446,0.02581
Time,s,30,0.02386,0.0247,0.02541,0.02595
Time,s,30,0.02486,0.02527,0.02479,0.02557
Time,s,30,0.02437,0.02478,0.02517,0.02573
Time,s,30,0.02414,0.0235,0.0264,0.02488
Time,s,30,0.02507,0.0261,0.02537,0.02623
Time,s,30,0.02585,0.02563,0.02542,0.02511
Time,s,30,0.02469,0.02573,0.02496,0.02547
Time,s,30,0.02543,0.02532,0.02563,0.0259
Time,s,30,0.02397,0.02552,0.02474,0.02507
Time,s,30,0.02571,0.02479,0.02462,0.0266
Time,s,30,0.02561,0.02524,0.02509,0.02601
Time,s,30,0.0251,0.02518,0.02392,0.02576
Time,s,30,0.0246,0.0239,0.02512,0.02533
Time,s,30,0.02422,0.02386,0.026,0.02559
Time,s,30,0.02406,0.02406,0.02536,0.02586
Time,s,30,0.02486,0.02573,0.02535,0.02586
Time,s,30,0.02416,0.02456,0.02532,0.02484
Time,s,30,0.02499,0.02445,0.02683,0.02429
Time,s,30,0.02503,0.02358,0.0262,0.02403
Time,s,30,0.02513,0.02498,0.02543,0.02405
Time,s,30,0.02466,0.02424,0.02571,0.02335
Time,s,30,0.02394,0.0245,0.02519,0.02408
Time,s,30,0.02441,0.02435,0.02716,0.02585
Time,s,30,0.0249,0.02455,0.02511,0.02406
Time,s,30,0.02429,0.02433,0.02619,0.02645
Time,s,30,0.02411,0.0248,0.02484,0.02479
Time,s,30,0.02381,0.02439,0.02499,0.02416
Time,s,30,0.02529,0.02523,0.02552,0.02441
Time,s,30,0.02644,0.02409,0.02558,0.0245
Time,s,30,0.02476,0.02554,0.02552,0.0237
Time,s,30,0.02485,0.02452,0.02572,0.0247
Time,s,30,0.0254,0.026,0.02501,0.02487
Time,s,30,0.02501,0.02399,0.02407,0.02429
Time,s,30,0.02407,0.02596,0.02533,0.0238
Time,s,30,0.02398,0.02462,0.02533,0.02391
Time,s,30,0.02526,0.02455,0.02566,0.02499
Time,s,30,0.02588,0.02405,0.02522,0.0253
Time,s,30,0.02453,0.02414,0.02577,0.02463
Time,s,30,0.02458,0.02452,0.02541,0.02377
Time,s,30,0.02425,0.02408,0.02585,0.02389
Time,s,30,0.02425,0.02478,0.02494,0.02369
Time,s,30,0.02509,0.02486,0.02528,0.02376
Time,s,30,0.0241,0.02466,0.02519,0.02364
Time,s,30,0.02451,0.02537,0.02516,0.02401
Time,s,30,0.02395,0.02501,0.02518,0.02527
Time,s,30,0.02436,0.02599,0.02505,0.02462
Time,s,30,0.02343,0.0248,0.02538,0.02468
Time,s,30,0.02426,0.0249,0.02535,0.02406
Time,s,30,0.02444,0.02403,0.02501,0.02449
Time,s,30,0.02571,0.02308,0.02549,0.02475
Time,s,30,0.02656,0.02422,0.02522,0.02389
Time,s,31,0.05811,0.05011,0.05691,0.02787
Time,s,31,0.05947,0.05187,0.05097,0.02759
Time,s,31,0.05844,0.04911,0.06332,0.02669
Time,s,31,0.05541,0.04926,0.0492,0.0266
Time,s,31,0.05649,0.04856,0.05142,0.0267
Time,s,31,0.05439,0.05022,0.05145,0.02612
Time,s,31,0.05382,0.05182,0.05091,0.02526
Time,s,31,0.05384,0.04855,0.05117,0.02702
Time,s,31,0.05107,0.04864,0.0515,0.02532
Time,s,31,0.05164,0.05173,0.05056,0.02587
Time,s,31,0.05705,0.05131,0.05208,0.02524
Time,s,31,0.05332,0.04923,0.04934,0.02677
Time,s,31,0.05379,0.04984,0.04946,0.02757
Time,s,31,0.05163,0.04842,0.04997,0.02638
Time,s,31,0.05064,0.04832,0.05165,0.02519
Time,s,31,0.04947,0.05169,0.05154,0.02542
Time,s,31,0.05077,0.04936,0.05105,0.02534
Time,s,31,0.04865,0.04941,0.04999,0.02653
Time,s,31,0.0487,0.0491,0.04918,0.02538
Time,s,31,0.05115,0.05321,0.05019,0.0263
Time,s,31,0.05047,0.05128,0.05016,0.02635
Time,s,31,0.05108,0.04867,0.05094,0.02702
Time,s,31,0.04872,0.04824,0.04865,0.02598
Time,s,31,0.04903,0.04894,0.05073,0.02517
Time,s,31,0.05119,0.05011,0.05141,0.02512
Time,s,31,0.05448,0.05003,0.05177,0.02488
Time,s,31,0.05098,0.05084,0.05034,0.02567
Time,s,31,0.04842,0.04944,0.04988,0.02633
Time,s,31,0.04937,0.04869,0.05179,0.02534
Time,s,31,0.05366,0.04754,0.04964,0.02688
Time,s,31,0.05057,0.04913,0.05006,0.02581
Time,s,31,0.0491,0.04976,0.04951,0.02544
Time,s,31,0.05025,0.04858,0.05071,0.02525
Time,s,31,0.05695,0.04829,0.05622,0.02576
Time,s,31,0.05894,0.05052,0.05118,0.02764
Time,s,31,0.06579,0.04998,0.05098,0.02583
Time,s,31,0.05713,0.04891,0.04973,0.02442
Time,s,31,0.05425,0.04862,0.04979,0.02561
Time,s,31,0.05514,0.0492,0.04988,0.02493
Time,s,31,0.05012,0.05032,0.04948,0.02485
Time,s,31,0.05304,0.0492,0.0487,0.02568
Time,s,31,0.05327,0.05507,0.05142,0.02542
Time,s,31,0.05151,0.04895,0.05197,0.02496
Time,s,31,0.04949,0.05065,0.0535,0.02524
Time,s,31,0.04796,0.05116,0.0503,0.02594
Time,s,31,0.049,0.05163,0.04969,0.02527
Time,s,31,0.05005,0.04949,0.04951,0.02638
Time,s,31,0.04833,0.05007,0.05021,0.02517
Time,s,31,0.05066,0.05062,0.05114,0.02477
Time,s,31,0.0504,0.04968,0.04888,0.02577
Time,s,31,0.04894,0.04929,0.04958,0.02535
Time,s,31,0.04879,0.04932,0.05058,0.02614
Time,s,31,0.04909,0.05087,0.053,0.02578
Time,s,31,0.0481,0.05078,0.05165,0.02505
Time,s,31,0.04945,0.05104,0.05037,0.02568
Time,s,31,0.05461,0.05231,0.04949,0.0256
Time,s,31,0.05127,0.04867,0.05171,0.02598
Time,s,31,0.04917,0.05698,0.05083,0.0255
Time,s,31,0.0499,0.0495,0.04945,0.02434
Time,s,31,0.04915,0.0513,0.04886,0.02598
Time,s,31,0.05863,0.04846,0.04994,0.02605
Time,s,31,0.05023,0.0485,0.05144,0.02626
Time,s,31,0.04912,0.0491,0.05341,0.02513
Time,s,31,0.04845,0.05247,0.05052,0.02622
Time,s,31,0.04852,0.05254,0.05385,0.02677
Time,s,31,0.04951,0.05052,0.05041,0.02486
Time,s,31,0.04929,0.04969,0.05082,0.02707
Time,s,31,0.05299,0.04996,0.04972,0.02527
Time,s,31,0.04914,0.0503,0.04931,0.02608
Time,s,31,0.05091,0.04876,0.05117,0.02592
Time,s,31,0.04815,0.04918,0.04875,0.02523
Time,s,31,0.04992,0.0499,0.05095,0.02601
Time,s,31,0.04945,0.05237,0.05439,0.0249
Time,s,31,0.04975,0.05283,0.05269,0.0257
Time,s,31,0.05111,0.05056,0.05055,0.02634
Time,s,31,0.04942,0.05062,0.04974,0.02589
Time,s,31,0.05048,0.05091,0.04927,0.02456
Time,s,31,0.05091,0.05113,0.05129,0.02513
Time,s,31,0.05119,0.04854,0.04973,0.02516
Time,s,31,0.04908,0.04853,0.0491,0.02627
Time,s,31,0.04889,0.05155,0.04891,0.02552
Time,s,31,0.04851,0.05075,0.04997,0.0263
Time,s,31,0.0496,0.04841,0.0526,0.02534
Time,s,31,0.04978,0.04906,0.05114,0.02534
Time,s,31,0.04912,0.05032,0.05057,0.02564
Time,s,31,0.04841,0.04882,0.04892,0.02459
Time,s,31,0.05012,0.04799,0.04931,0.02704
Time,s,31,0.05294,0.05086,0.04985,0.02596
Time,s,31,0.04943,0.04887,0.0506,0.02486
Time,s,31,0.04899,0.05096,0.04935,0.02676
Time,s,31,0.04934,0.05022,0.04952,0.02539
Time,s,31,0.05018,0.04895,0.05032,0.02688
Time,s,31,0.0516,0.0508,0.05138,0.02607
Time,s,31,0.04991,0.04945,0.0501,0.02497
Time,s,31,0.04931,0.05079,0.0501,0.02743
Time,s,31,0.04966,0.04977,0.05176,0.02674
Time,s,31,0.05055,0.04871,0.05191,0.02793
Time,s,31,0.05171,0.04885,0.05202,0.02592
Time,s,31,0.05241,0.04899,0.05138,0.02527
Time,s,31,0.04906,0.05006,0.04992,0.02631
Time,s,32,0.00876,0.00868,0.00844,0.0088
Time,s,32,0.00777,0.00707,0.00777,0.00762
Time,s,32,0.00721,0.00719,0.00676,0.00747
Time,s,32,0.00672,0.00709,0.00719,0.00717
Time,s,32,0.00653,0.00706,0.00694,0.00663
Time,s,32,0.00692,0.007,0.00694,0.00747
Time,s,32,0.0067,0.00663,0.00689,0.00687
Time,s,32,0.00678,0.00689,0.00694,0.00672
Time,s,32,0.00808,0.00666,0.00646,0.00657
Time,s,32,0.00665,0.00652,0.00756,0.00668
Time,s,32,0.00727,0.00656,0.00677,0.00689
Time,s,32,0.00655,0.00653,0.00683,0.00668
Time,s,32,0.00655,0.00683,0.00682,0.00662
Time,s,32,0.00658,0.00683,0.00659,0.0067
Time,s,32,0.00644,0.0069,0.00707,0.00693
Time,s,32,0.00644,0.00665,0.00674,0.00705
Time,s,32,0.00685,0.00652,0.00709,0.00655
Time,s,32,0.0066,0.00714,0.00688,0.00655
Time,s,32,0.00685,0.00638,0.00655,0.00676
Time,s,32,0.00676,0.00709,0.00838,0.00684
Time,s,32,0.00676,0.00674,0.0068,0.00671
Time,s,32,0.00643,0.00653,0.00687,0.0067
Time,s,32,0.00667,0.0066,0.00681,0.00672
Time,s,32,0.00683,0.00648,0.00695,0.00699
Time,s,32,0.0067,0.00655,0.00777,0.00699
Time,s,32,0.00665,0.00648,0.00707,0.00665
Time,s,32,0.00686,0.00676,0.00693,0.00643
Time,s,32,0.00692,0.0065,0.00694,0.00668
Time,s,32,0.00646,0.0068,0.00678,0.00657
Time,s,32,0.00675,0.00644,0.00701,0.00674
Time,s,32,0.00645,0.00673,0.00735,0.00702
Time,s,32,0.00697,0.00684,0.00657,0.00723
Time,s,32,0.00652,0.00697,0.0067,0.00809
Time,s,32,0.00659,0.00666,0.00693,0.00668
Time,s,32,0.00677,0.00686,0.0065,0.00653
Time,s,32,0.00697,0.00658,0.00682,0.00676
Time,s,32,0.00673,0.0066,0.00685,0.00678
Time,s,32,0.00671,0.00646,0.00686,0.00685
Time,s,32,0.0066,0.00672,0.00669,0.00645
Time,s,32,0.00651,0.0068,0.00753,0.00729
Time,s,32,0.00681,0.00658,0.0069,0.00692
Time,s,32,0.00665,0.00671,0.00688,0.00659
Time,s,32,0.00675,0.00677,0.0073,0.00736
Time,s,32,0.00666,0.00698,0.0068,0.00671
Time,s,32,0.00659,0.00738,0.00693,0.00715
Time,s,32,0.00685,0.00705,0.00674,0.00763
Time,s,32,0.00647,0.00691,0.00727,0.00679
Time,s,32,0.00642,0.00684,0.00701,0.00694
Time,s,32,0.00647,0.00686,0.00671,0.0071
Time,s,32,0.00631,0.00766,0.00671,0.00691
Time,s,32,0.00667,0.00691,0.00683,0.00647
Time,s,32,0.00639,0.00662,0.00661,0.00682
Time,s,32,0.00683,0.00778,0.00683,0.00675
Time,s,32,0.00631,0.00641,0.00722,0.00673
Time,s,32,0.00629,0.00665,0.00697,0.00696
Time,s,32,0.00655,0.00663,0.00712,0.00691
Time,s,32,0.00684,0.00783,0.0068,0.00767
Time,s,32,0.00668,0.00678,0.00672,0.0067
Time,s,32,0.0066,0.0069,0.00745,0.00675
Time,s,32,0.00645,0.00661,0.00749,0.00724
Time,s,32,0.0064,0.0067,0.00709,0.00668
Time,s,32,0.00682,0.00642,0.00697,0.00669
Time,s,32,0.00652,0.00662,0.00669,0.00702
Time,s,32,0.00655,0.00662,0.00727,0.00682
Time,s,32,0.00696,0.00667,0.00695,0.00653
Time,s,32,0.0066,0.00687,0.00684,0.00654
Time,s,32,0.00625,0.00663,0.00692,0.00651
Time,s,32,0.00698,0.00659,0.00657,0.00703
Time,s,32,0.00642,0.0068,0.00665,0.00692
Time,s,32,0.00641,0.00704,0.00728,0.00665
Time,s,32,0.00678,0.00754,0.00679,0.0067
Time,s,32,0.00649,0.00698,0.0068,0.00708
Time,s,32,0.0068,0.00688,0.00657,0.00698
Time,s,32,0.0067,0.00712,0.00664,0.00668
Time,s,32,0.00666,0.00667,0.00687,0.00649
Time,s,32,0.00731,0.00698,0.00657,0.00662
Time,s,32,0.00671,0.00677,0.00664,0.00671
Time,s,32,0.00712,0.00694,0.0073,0.00644
Time,s,32,0.00651,0.00701,0.0069,0.00772
Time,s,32,0.00738,0.00697,0.00761,0.00713
Time,s,32,0.00648,0.00701,0.00684,0.0064
Time,s,32,0.00651,0.00712,0.00679,0.00715
Time,s,32,0.00645,0.00656,0.00669,0.00668
Time,s,32,0.00665,0.00696,0.00654,0.00784
Time,s,32,0.00642,0.00731,0.00666,0.00656
Time,s,32,0.00634,0.00664,0.00646,0.00672
Time,s,32,0.00651,0.00678,0.00696,0.00646
Time,s,32,0.00666,0.00671,0.00686,0.00648
Time,s,32,0.0064,0.00659,0.00643,0.00667
Time,s,32,0.00713,0.00709,0.00844,0.00769
Time,s,32,0.00672,0.00658,0.00663,0.00659
Time,s,32,0.00662,0.0068,0.00645,0.00647
Time,s,32,0.00703,0.00706,0.00684,0.00666
Time,s,32,0.0069,0.00666,0.00671,0.0066
Time,s,32,0.00638,0.00663,0.00679,0.0074
Time,s,32,0.00657,0.00671,0.00685,0.00672
Time,s,32,0.00753,0.00688,0.00702,0.00629
Time,s,32,0.0068,0.00716,0.00667,0.0078
Time,s,32,0.00665,0.0069,0.00758,0.00648
Time,s,32,0.007,0.00641,0.00649,0.007
Time,s,33,0.03385,0.03378,0.03445,0.01709
Time,s,33,0.03737,0.03523,0.03488,0.01631
Time,s,33,0.03383,0.03354,0.03556,0.01668
Time,s,33,0.03344,0.03467,0.03443,0.01741
Time,s,33,0.03414,0.03514,0.03444,0.01652
Time,s,33,0.03329,0.03551,0.03445,0.01581
Time,s,33,0.0334,0.03728,0.03403,0.01625
Time,s,33,0.03585,0.03359,0.035,0.01653
Time,s,33,0.03251,0.03563,0.03349,0.01644
Time,s,33,0.03404,0.03474,0.03366,0.01695
Time,s,33,0.03376,0.03485,0.0349,0.01608
Time,s,33,0.03418,0.03388,0.03401,0.01578
Time,s,33,0.03423,0.03258,0.03368,0.01568
Time,s,33,0.03327,0.03672,0.03386,0.01568
Time,s,33,0.03711,0.03516,0.03409,0.0166
Time,s,33,0.03541,0.03455,0.0355,0.01552
Time,s,33,0.0354,0.03266,0.03456,0.016
Time,s,33,0.0357,0.03381,0.03311,0.01538
Time,s,33,0.03262,0.03376,0.03425,0.0156
Time,s,33,0.0336,0.03372,0.03745,0.01605
Time,s,33,0.03384,0.03406,0.03388,0.01667
Time,s,33,0.03324,0.03461,0.0352,0.01591
Time,s,33,0.03674,0.03358,0.03399,0.01682
Time,s,33,0.03672,0.03228,0.03365,0.01615
Time,s,33,0.03536,0.0334,0.03429,0.01526
Time,s,33,0.03375,0.0324,0.03364,0.01635
Time,s,33,0.03419,0.03344,0.0372,0.01531
Time,s,33,0.03377,0.03452,0.0359,0.01577
Time,s,33,0.03547,0.03351,0.03394,0.01783
Time,s,33,0.03348,0.03356,0.03358,0.01633
Time,s,33,0.03209,0.03307,0.03287,0.01586
Time,s,33,0.03483,0.03349,0.03557,0.01601
Time,s,33,0.035,0.03491,0.03528,0.01592
Time,s,33,0.03509,0.03683,0.03365,0.01666
Time,s,33,0.03608,0.0372,0.03413,0.01624
Time,s,33,0.03247,0.03343,0.0341,0.01656
Time,s,33,0.03299,0.03307,0.03399,0.01568
Time,s,33,0.03488,0.03276,0.03494,0.01557
Time,s,33,0.03488,0.03355,0.03455,0.01605
Time,s,33,0.03595,0.03421,0.03318,0.01559
Time,s,33,0.03328,0.03303,0.03272,0.01607
Time,s,33,0.0332,0.03377,0.03366,0.01529
Time,s,33,0.03349,0.03506,0.0339,0.01587
Time,s,33,0.03441,0.0333,0.03358,0.01625
Time,s,33,0.03472,0.03238,0.03518,0.01628
Time,s,33,0.03583,0.03294,0.03346,0.01629
Time,s,33,0.03474,0.03367,0.03422,0.01566
Time,s,33,0.03368,0.03444,0.03397,0.01624
Time,s,33,0.03389,0.03259,0.03386,0.01646
Time,s,33,0.03531,0.03236,0.03482,0.0169
Time,s,33,0.03591,0.03319,0.03291,0.01624
Time,s,33,0.03345,0.03222,0.03322,0.01592
Time,s,33,0.03299,0.03285,0.03426,0.0161
Time,s,33,0.03216,0.03458,0.03316,0.01554
Time,s,33,0.03265,0.0327,0.03397,0.01598
Time,s,33,0.03265,0.03301,0.03367,0.01572
Time,s,33,0.03321,0.03285,0.0389,0.01536
Time,s,33,0.03325,0.0345,0.03469,0.01517
Time,s,33,0.03362,0.03342,0.03473,0.01541
Time,s,33,0.03194,0.0358,0.03385,0.01969
Time,s,33,0.03537,0.03385,0.03369,0.02127
Time,s,33,0.03209,0.03294,0.0341,0.02192
Time,s,33,0.03236,0.03333,0.03359,0.02399
Time,s,33,0.03301,0.03262,0.03455,0.02163
Time,s,33,0.03372,0.03305,0.0366,0.01777
Time,s,33,0.03328,0.0329,0.03635,0.02011
Time,s,33,0.03285,0.03264,0.03416,0.02099
Time,s,33,0.03258,0.03298,0.03417,0.02475
Time,s,33,0.03415,0.03378,0.03401,0.02206
Time,s,33,0.03323,0.03328,0.03382,0.01978
Time,s,33,0.0329,0.03509,0.03418,0.04805
Time,s,33,0.0372,0.03353,0.03315,0.03323
Time,s,33,0.036,0.03403,0.03408,0.02057
Time,s,33,0.03323,0.0322,0.03417,0.02022
Time,s,33,0.03316,0.0337,0.03396,0.02297
Time,s,33,0.03176,0.03404,0.03539,0.02493
Time,s,33,0.03245,0.03521,0.03667,0.02092
Time,s,33,0.03382,0.03407,0.03591,0.02121
Time,s,33,0.03358,0.03296,0.03386,0.02181
Time,s,33,0.03276,0.03476,0.03541,0.02535
Time,s,33,0.03238,0.03442,0.03523,0.0228
Time,s,33,0.03272,0.03377,0.03433,0.01836
Time,s,33,0.03448,0.0359,0.03457,0.0207
Time,s,33,0.03474,0.03292,0.03516,0.02507
Time,s,33,0.03235,0.03283,0.03351,0.02283
Time,s,33,0.03212,0.03286,0.03359,0.0231
Time,s,33,0.03249,0.03281,0.0334,0.02295
Time,s,33,0.03222,0.03296,0.03321,0.02338
Time,s,33,0.03265,0.03387,0.03419,0.02166
Time,s,33,0.03254,0.03376,0.03374,0.01885
Time,s,33,0.03325,0.03373,0.03349,0.02539
Time,s,33,0.033,0.03483,0.03305,0.02337
Time,s,33,0.03257,0.03388,0.03344,0.02144
Time,s,33,0.03295,0.0344,0.0333,0.01937
Time,s,33,0.0333,0.03643,0.03403,0.02057
Time,s,33,0.0323,0.03308,0.03413,0.01672
Time,s,33,0.03279,0.03338,0.03449,0.01641
Time,s,33,0.03503,0.0344,0.03423,0.0171
Time,s,33,0.03264,0.03539,0.03389,0.01675
Time,s,33,0.03345,0.03371,0.03478,0.01717
Time,s,34,0.03308,0.03333,0.0319,0.00592
Time,s,34,0.03189,0.03166,0.0316,0.00499
Time,s,34,0.03122,0.03171,0.03173,0.00491
Time,s,34,0.03214,0.0317,0.03129,0.00501
Time,s,34,0.03209,0.0318,0.03184,0.00522
Time,s,34,0.032,0.03168,0.03351,0.00467
Time,s,34,0.03123,0.03102,0.03222,0.00527
Time,s,34,0.0329,0.03103,0.03185,0.00478
Time,s,34,0.03519,0.03157,0.03217,0.00487
Time,s,34,0.03212,0.03126,0.03096,0.00484
Time,s,34,0.03127,0.03143,0.03341,0.00491
Time,s,34,0.03208,0.03106,0.03433,0.00456
Time,s,34,0.03172,0.03069,0.03298,0.00464
Time,s,34,0.03131,0.03119,0.0319,0.00487
Time,s,34,0.03283,0.03099,0.03211,0.00467
Time,s,34,0.03132,0.03106,0.03131,0.0049
Time,s,34,0.03112,0.0315,0.03094,0.00468
Time,s,34,0.03133,0.03249,0.0314,0.00462
Time,s,34,0.03124,0.03165,0.03085,0.00469
Time,s,34,0.03396,0.03143,0.03148,0.00456
Time,s,34,0.03193,0.03233,0.03091,0.0049
Time,s,34,0.03131,0.032,0.03069,0.00475
Time,s,34,0.03138,0.03105,0.03095,0.00484
Time,s,34,0.03232,0.03117,0.03255,0.0049
Time,s,34,0.03285,0.03154,0.03082,0.00459
Time,s,34,0.0318,0.0316,0.03189,0.00487
Time,s,34,0.03142,0.03271,0.03117,0.00484
Time,s,34,0.03138,0.03222,0.03111,0.00483
Time,s,34,0.03237,0.03446,0.03081,0.00485
Time,s,34,0.03214,0.03226,0.03123,0.00493
Time,s,34,0.0316,0.03278,0.03085,0.00462
Time,s,34,0.03102,0.03151,0.03187,0.00468
Time,s,34,0.03136,0.03212,0.03143,0.00535
Time,s,34,0.03303,0.03129,0.03091,0.00464
Time,s,34,0.03163,0.03182,0.03108,0.00462
Time,s,34,0.03079,0.03154,0.03148,0.00521
Time,s,34,0.03148,0.0312,0.03474,0.00492
Time,s,34,0.03187,0.03169,0.03163,0.00482
Time,s,34,0.03119,0.03138,0.03181,0.00465
Time,s,34,0.03092,0.03168,0.0325,0.00466
Time,s,34,0.03127,0.03175,0.0331,0.00471
Time,s,34,0.03102,0.03203,0.03162,0.00513
Time,s,34,0.03054,0.03261,0.03357,0.00506
Time,s,34,0.0315,0.03225,0.03261,0.00484
Time,s,34,0.0312,0.03721,0.03228,0.00487
Time,s,34,0.03182,0.03144,0.03175,0.00481
Time,s,34,0.03183,0.03138,0.03161,0.00478
Time,s,34,0.03151,0.03143,0.03198,0.00481
Time,s,34,0.03276,0.03071,0.03231,0.00482
Time,s,34,0.03142,0.03127,0.03136,0.00466
Time,s,34,0.03085,0.03078,0.03177,0.00475
Time,s,34,0.03133,0.0311,0.03239,0.00486
Time,s,34,0.03123,0.03065,0.03308,0.00484
Time,s,34,0.03149,0.03207,0.03229,0.00486
Time,s,34,0.03159,0.03171,0.03345,0.00457
Time,s,34,0.03157,0.03113,0.03243,0.00506
Time,s,34,0.03177,0.03119,0.03271,0.00471
Time,s,34,0.03306,0.03157,0.03358,0.00467
Time,s,34,0.03611,0.03207,0.03245,0.00463
Time,s,34,0.03233,0.03167,0.03614,0.00471
Time,s,34,0.03197,0.03154,0.03549,0.00465
Time,s,34,0.03208,0.03146,0.03263,0.00476
Time,s,34,0.03212,0.03245,0.03385,0.00476
Time,s,34,0.03233,0.0324,0.03194,0.00452
Time,s,34,0.03183,0.03136,0.0325,0.00479
Time,s,34,0.03412,0.03179,0.03211,0.00594
Time,s,34,0.03318,0.03162,0.03184,0.00542
Time,s,34,0.03272,0.03166,0.03135,0.00491
Time,s,34,0.03277,0.03263,0.0313,0.00495
Time,s,34,0.033,0.03207,0.0315,0.00481
Time,s,34,0.0325,0.03152,0.03842,0.00512
Time,s,34,0.03151,0.03119,0.03234,0.00521
Time,s,34,0.03137,0.03199,0.03278,0.00474
Time,s,34,0.03225,0.03169,0.03165,0.00479
Time,s,34,0.03168,0.03147,0.03171,0.00499
Time,s,34,0.03191,0.0315,0.03137,0.0049
Time,s,34,0.03214,0.03156,0.03123,0.00479
Time,s,34,0.03168,0.03218,0.03116,0.00479
Time,s,34,0.03294,0.03592,0.03112,0.00465
Time,s,34,0.03745,0.03226,0.03136,0.00482
Time,s,34,0.03293,0.03192,0.03112,0.00558
Time,s,34,0.0312,0.03143,0.03084,0.00517
Time,s,34,0.03166,0.03166,0.0322,0.00466
Time,s,34,0.03201,0.03196,0.0315,0.00487
Time,s,34,0.03138,0.03159,0.03168,0.00492
Time,s,34,0.03131,0.0315,0.03105,0.00482
Time,s,34,0.03204,0.03278,0.03133,0.00476
Time,s,34,0.0321,0.0321,0.03144,0.00471
Time,s,34,0.03205,0.03125,0.03109,0.00466
Time,s,34,0.03193,0.03144,0.03072,0.00486
Time,s,34,0.03152,0.03127,0.03142,0.00464
Time,s,34,0.03184,0.03188,0.03152,0.00512
Time,s,34,0.03192,0.03311,0.03114,0.00461
Time,s,34,0.03109,0.03078,0.03149,0.00492
Time,s,34,0.03115,0.03207,0.03166,0.0048
Time,s,34,0.03123,0.0313,0.03183,0.00463
Time,s,34,0.03167,0.03166,0.03185,0.00473
Time,s,34,0.03125,0.03271,0.03207,0.0048
Time,s,34,0.03191,0.0317,0.0318,0.00474
Time,s,34,0.03274,0.03222,0.03115,0.0047
Time,s,35,0.09661,0.0994,0.09875,0.06235
Time,s,35,0.09718,0.09476,0.10037,0.05981
Time,s,35,0.0978,0.10468,0.10065,0.05701
Time,s,35,0.09363,0.0988,0.09577,0.05818
Time,s,35,0.09345,0.09513,0.09677,0.05835
Time,s,35,0.09128,0.0936,0.096,0.05724
Time,s,35,0.09335,0.09851,0.10255,0.05778
Time,s,35,0.09583,0.09734,0.09587,0.05849
Time,s,35,0.09564,0.09452,0.10022,0.05609
Time,s,35,0.10136,0.10094,0.10098,0.05726
Time,s,35,0.09214,0.09853,0.09297,0.05778
Time,s,35,0.09841,0.10064,0.09772,0.05722
Time,s,35,0.09685,0.09431,0.09829,0.05783
Time,s,35,0.09586,0.09614,0.10446,0.05453
Time,s,35,0.09937,0.0923,0.0941,0.05908
Time,s,35,0.09523,0.09833,0.0971,0.05817
Time,s,35,0.09526,0.09639,0.09133,0.0553
Time,s,35,0.1034,0.09818,0.10106,0.05818
Time,s,35,0.09743,0.09457,0.10252,0.05745
Time,s,35,0.09942,0.09922,0.09982,0.05826
Time,s,35,0.09122,0.09403,0.09929,0.05411
Time,s,35,0.09644,0.09522,0.10037,0.05959
Time,s,35,0.09659,0.10241,0.10446,0.0578
Time,s,35,0.09241,0.09287,0.10365,0.05624
Time,s,35,0.09502,0.10931,0.10116,0.05587
Time,s,35,0.09254,0.09788,0.09533,0.05459
Time,s,35,0.09777,0.10435,0.10186,0.05805
Time,s,35,0.09714,0.09956,0.09563,0.05954
Time,s,35,0.10056,0.0992,0.09681,0.05851
Time,s,35,0.09679,0.10056,0.09667,0.06943
Time,s,35,0.09422,0.09437,0.09548,0.05892
Time,s,35,0.09562,0.09688,0.10202,0.0593
Time,s,35,0.0994,0.09284,0.09819,0.05853
Time,s,35,0.09643,0.09818,0.09747,0.05861
Time,s,35,0.09473,0.09173,0.101,0.05883
Time,s,35,0.09773,0.09909,0.09974,0.05962
Time,s,35,0.09746,0.09523,0.1004,0.05829
Time,s,35,0.09755,0.09869,0.09686,0.05722
Time,s,35,0.09066,0.09998,0.10136,0.05621
Time,s,35,0.09495,0.09857,0.09749,0.05372
Time,s,35,0.09793,0.09651,0.09853,0.05964
Time,s,35,0.09297,0.10478,0.10072,0.06884
Time,s,35,0.09443,0.09695,0.10036,0.06595
Time,s,35,0.09349,0.09889,0.09576,0.0636
Time,s,35,0.09171,0.10019,0.10143,0.06325
Time,s,35,0.09883,0.09855,0.10278,0.06458
Time,s,35,0.09535,0.09776,0.09806,0.06305
Time,s,35,0.09582,0.10109,0.1009,0.06063
Time,s,35,0.09156,0.09646,0.10136,0.06296
Time,s,35,0.09311,0.0947,0.0966,0.05885
Time,s,35,0.09487,0.09674,0.10286,0.05996
Time,s,35,0.09232,0.09825,0.10062,0.06205
Time,s,35,0.09516,0.09501,0.09313,0.05909
Time,s,35,0.09887,0.10301,0.10354,0.0791
Time,s,35,0.0933,0.09633,0.10262,0.06701
Time,s,35,0.09387,0.09152,0.10051,0.06193
Time,s,35,0.091,0.0952,0.10102,0.05955
Time,s,35,0.09201,0.09934,0.10117,0.05833
Time,s,35,0.09574,0.10372,0.10653,0.05913
Time,s,35,0.09408,0.10038,0.09583,0.06062
Time,s,35,0.0996,0.09581,0.09712,0.05669
Time,s,35,0.0948,0.09667,0.09723,0.06088
Time,s,35,0.09762,0.0939,0.10191,0.06268
Time,s,35,0.09277,0.09232,0.10107,0.06194
Time,s,35,0.09866,0.10008,0.09818,0.05575
Time,s,35,0.09746,0.09767,0.10017,0.06075
Time,s,35,0.10619,0.10132,0.10499,0.05999
Time,s,35,0.09424,0.09678,0.10407,0.05811
Time,s,35,0.09639,0.09867,0.10091,0.05923
Time,s,35,0.09426,0.09664,0.10136,0.0573
Time,s,35,0.09087,0.1001,0.10185,0.06524
Time,s,35,0.09741,0.09668,0.10349,0.05697
Time,s,35,0.09632,0.09641,0.10195,0.06128
Time,s,35,0.0948,0.10559,0.09699,0.05573
Time,s,35,0.09302,0.09214,0.09564,0.05384
Time,s,35,0.09359,0.09489,0.10636,0.05873
Time,s,35,0.09732,0.09297,0.10094,0.05846
Time,s,35,0.09504,0.09266,0.0987,0.0578
Time,s,35,0.0969,0.09506,0.09855,0.05855
Time,s,35,0.09289,0.09655,0.10456,0.05903
Time,s,35,0.09607,0.10056,0.09533,0.06134
Time,s,35,0.09734,0.09776,0.10771,0.05659
Time,s,35,0.10232,0.09769,0.10669,0.0595
Time,s,35,0.09314,0.0986,0.0999,0.05931
Time,s,35,0.10114,0.09754,0.10009,0.0581
Time,s,35,0.09771,0.09969,0.09784,0.0614
Time,s,35,0.09439,0.09345,0.10387,0.05831
Time,s,35,0.09053,0.09572,0.10551,0.05814
Time,s,35,0.0955,0.09738,0.09978,0.0599
Time,s,35,0.09303,0.09454,0.09877,0.05486
Time,s,35,0.09324,0.09952,0.10044,0.0583
Time,s,35,0.09842,0.10205,0.10422,0.05405
Time,s,35,0.09189,0.10175,0.09482,0.05774
Time,s,35,0.09164,0.09563,0.10635,0.05548
Time,s,35,0.09475,0.09822,0.10064,0.05736
Time,s,35,0.09715,0.09432,0.09693,0.05734
Time,s,35,0.09319,0.09596,0.09906,0.05808
Time,s,35,0.09406,0.09418,0.09748,0.05872
Time,s,35,0.09635,0.0948,0.10541,0.05922
Time,s,35,0.08945,0.09569,0.10013,0.05629
Time,s,36,0.0548,0.0597,0.0615,0.01455
Time,s,36,0.05641,0.05715,0.05766,0.0132
Time,s,36,0.05942,0.05632,0.05856,0.01286
Time,s,36,0.05599,0.05436,0.05518,0.01306
Time,s,36,0.05626,0.05351,0.05366,0.01153
Time,s,36,0.05192,0.0554,0.054,0.01253
Time,s,36,0.05583,0.05725,0.05553,0.01157
Time,s,36,0.0583,0.05496,0.05491,0.01188
Time,s,36,0.05814,0.05355,0.05984,0.01246
Time,s,36,0.05201,0.05189,0.05856,0.01193
Time,s,36,0.05502,0.05824,0.0548,0.01238
Time,s,36,0.05512,0.05761,0.05753,0.01096
Time,s,36,0.05545,0.0573,0.05688,0.0112
Time,s,36,0.05846,0.05729,0.05531,0.01225
Time,s,36,0.06098,0.05796,0.05703,0.01177
Time,s,36,0.05586,0.05547,0.05386,0.01175
Time,s,36,0.05347,0.05865,0.05323,0.01172
Time,s,36,0.05699,0.06471,0.05721,0.01245
Time,s,36,0.05435,0.058,0.05705,0.01203
Time,s,36,0.05455,0.05718,0.05732,0.01112
Time,s,36,0.05715,0.05526,0.05438,0.01147
Time,s,36,0.05908,0.05656,0.05677,0.01273
Time,s,36,0.05445,0.05489,0.06119,0.01132
Time,s,36,0.0516,0.05481,0.05781,0.01261
Time,s,36,0.04934,0.05833,0.05778,0.01158
Time,s,36,0.05591,0.05343,0.06353,0.01167
Time,s,36,0.05201,0.05703,0.05689,0.0114
Time,s,36,0.05473,0.05453,0.05731,0.01233
Time,s,36,0.056,0.05222,0.06112,0.0116
Time,s,36,0.05571,0.05426,0.05621,0.01151
Time,s,36,0.05926,0.05923,0.05482,0.01113
Time,s,36,0.05503,0.05913,0.06392,0.0113
Time,s,36,0.05937,0.05897,0.06142,0.01185
Time,s,36,0.05639,0.05739,0.05338,0.01156
Time,s,36,0.05316,0.05471,0.05594,0.01193
Time,s,36,0.05358,0.05449,0.06052,0.01183
Time,s,36,0.05817,0.05718,0.05592,0.01146
Time,s,36,0.05608,0.0562,0.05911,0.01163
Time,s,36,0.05457,0.05575,0.05,0.01165
Time,s,36,0.05395,0.052,0.05535,0.01189
Time,s,36,0.05796,0.05775,0.06064,0.01209
Time,s,36,0.05511,0.05962,0.05215,0.0119
Time,s,36,0.05693,0.05426,0.05523,0.01121
Time,s,36,0.05404,0.05608,0.05815,0.01105
Time,s,36,0.05831,0.05634,0.05557,0.01218
Time,s,36,0.05515,0.05674,0.05879,0.01214
Time,s,36,0.05548,0.06065,0.05912,0.0125
Time,s,36,0.05438,0.05926,0.05631,0.01123
Time,s,36,0.0576,0.05493,0.05777,0.0113
Time,s,36,0.0519,0.05486,0.05588,0.01176
Time,s,36,0.054,0.05661,0.0599,0.011
Time,s,36,0.0566,0.05769,0.0585,0.0117
Time,s,36,0.05617,0.05888,0.05953,0.01247
Time,s,36,0.05664,0.06009,0.06223,0.01217
Time,s,36,0.05304,0.05571,0.05631,0.01193
Time,s,36,0.05196,0.05335,0.05422,0.01168
Time,s,36,0.05179,0.05705,0.05965,0.01143
Time,s,36,0.05489,0.05827,0.05727,0.01158
Time,s,36,0.05971,0.05381,0.05748,0.01189
Time,s,36,0.05849,0.05997,0.05352,0.01214
Time,s,36,0.05699,0.05928,0.05941,0.01159
Time,s,36,0.05672,0.0567,0.05521,0.01136
Time,s,36,0.05673,0.05585,0.05532,0.01164
Time,s,36,0.05538,0.05602,0.05737,0.01235
Time,s,36,0.05906,0.05539,0.05954,0.01192
Time,s,36,0.05437,0.0561,0.05833,0.01191
Time,s,36,0.05674,0.05965,0.06139,0.01231
Time,s,36,0.05728,0.05499,0.06275,0.01222
Time,s,36,0.05583,0.0563,0.05993,0.01118
Time,s,36,0.05467,0.05586,0.05397,0.01133
Time,s,36,0.05222,0.05549,0.0589,0.01118
Time,s,36,0.05735,0.06045,0.05876,0.01121
Time,s,36,0.05806,0.0582,0.05365,0.01184
Time,s,36,0.05763,0.06043,0.05755,0.01136
Time,s,36,0.05424,0.05308,0.05587,0.01235
Time,s,36,0.05678,0.05665,0.0585,0.01159
Time,s,36,0.05781,0.05835,0.05317,0.01142
Time,s,36,0.05634,0.05933,0.05676,0.01102
Time,s,36,0.05423,0.05508,0.05625,0.01127
Time,s,36,0.05637,0.05224,0.05779,0.01113
Time,s,36,0.05488,0.05408,0.06112,0.01129
Time,s,36,0.06663,0.05885,0.0546,0.01168
Time,s,36,0.05682,0.05723,0.05684,0.01221
Time,s,36,0.0543,0.0551,0.05846,0.01137
Time,s,36,0.05288,0.05709,0.05669,0.01198
Time,s,36,0.0589,0.05598,0.06069,0.01188
Time,s,36,0.0592,0.05815,0.05966,0.01152
Time,s,36,0.05723,0.05661,0.05674,0.01132
Time,s,36,0.05522,0.05516,0.06484,0.01203
Time,s,36,0.05319,0.05207,0.06026,0.01155
Time,s,36,0.05559,0.05927,0.05727,0.0115
Time,s,36,0.0532,0.05711,0.05952,0.01152
Time,s,36,0.05885,0.0608,0.0583,0.01218
Time,s,36,0.05672,0.05666,0.05426,0.01159
Time,s,36,0.05744,0.06174,0.05715,0.01164
Time,s,36,0.0554,0.06024,0.05322,0.01198
Time,s,36,0.05696,0.06259,0.05791,0.01145
Time,s,36,0.05759,0.0586,0.05816,0.01149
Time,s,36,0.06059,0.05461,0.05576,0.01054
Time,s,36,0.05581,0.05678,0.05646,0.01145
Time,s,37,0.02047,0.02284,0.02815,0.02108
Time,s,37,0.01738,0.01642,0.01985,0.01692
Time,s,37,0.01578,0.01502,0.01666,0.01629
Time,s,37,0.01599,0.01485,0.01779,0.01551
Time,s,37,0.01443,0.01732,0.01624,0.01622
Time,s,37,0.01501,0.01447,0.01791,0.01545
Time,s,37,0.01492,0.01487,0.01583,0.01555
Time,s,37,0.01477,0.01434,0.01599,0.01659
Time,s,37,0.01442,0.01474,0.01565,0.0155
Time,s,37,0.01511,0.01591,0.01623,0.01563
Time,s,37,0.01449,0.01537,0.02584,0.01507
Time,s,37,0.01445,0.01514,0.01573,0.01556
Time,s,37,0.01453,0.01463,0.01629,0.01565
Time,s,37,0.01412,0.01399,0.01591,0.01515
Time,s,37,0.01434,0.01516,0.01514,0.01491
Time,s,37,0.01434,0.01608,0.01528,0.01521
Time,s,37,0.01456,0.01503,0.0164,0.01523
Time,s,37,0.01522,0.01548,0.017,0.01494
Time,s,37,0.01435,0.01437,0.01802,0.0145
Time,s,37,0.01465,0.01503,0.01601,0.01563
Time,s,37,0.01776,0.01448,0.01601,0.01471
Time,s,37,0.01502,0.01493,0.01643,0.01514
Time,s,37,0.01444,0.01433,0.01562,0.01477
Time,s,37,0.01414,0.01501,0.01574,0.01498
Time,s,37,0.0143,0.01457,0.01543,0.01465
Time,s,37,0.01481,0.0144,0.01525,0.01557
Time,s,37,0.01423,0.01486,0.01703,0.01543
Time,s,37,0.01429,0.01446,0.01681,0.0152
Time,s,37,0.01441,0.01417,0.01889,0.01509
Time,s,37,0.0149,0.01466,0.01573,0.0152
Time,s,37,0.01462,0.01439,0.01627,0.0145
Time,s,37,0.01412,0.01434,0.01572,0.01511
Time,s,37,0.01653,0.01461,0.01528,0.01482
Time,s,37,0.01466,0.0147,0.01564,0.01462
Time,s,37,0.01449,0.01476,0.01564,0.01549
Time,s,37,0.01414,0.01633,0.01509,0.01518
Time,s,37,0.01414,0.01418,0.01541,0.01499
Time,s,37,0.01437,0.01529,0.01582,0.0151
Time,s,37,0.01399,0.01468,0.0176,0.01456
Time,s,37,0.01406,0.01385,0.02009,0.01418
Time,s,37,0.01475,0.01462,0.01755,0.0147
Time,s,37,0.01418,0.01489,0.01654,0.01444
Time,s,37,0.01441,0.01452,0.01529,0.01453
Time,s,37,0.01399,0.01547,0.01547,0.01461
Time,s,37,0.01378,0.01464,0.01573,0.01485
Time,s,37,0.0143,0.01418,0.01526,0.01473
Time,s,37,0.01386,0.01462,0.01544,0.01479
Time,s,37,0.01392,0.01406,0.01551,0.01467
Time,s,37,0.01439,0.01391,0.01509,0.01468
Time,s,37,0.01407,0.01417,0.01589,0.01464
Time,s,37,0.01415,0.01421,0.01541,0.01471
Time,s,37,0.01466,0.01501,0.01621,0.01464
Time,s,37,0.01469,0.01482,0.01608,0.01453
Time,s,37,0.01659,0.01449,0.01508,0.01546
Time,s,37,0.01618,0.01447,0.01672,0.0176
Time,s,37,0.01412,0.01408,0.01702,0.01788
Time,s,37,0.01408,0.01416,0.01598,0.01512
Time,s,37,0.01392,0.01406,0.01576,0.01508
Time,s,37,0.01365,0.01462,0.01559,0.01499
Time,s,37,0.01393,0.01398,0.0152,0.02193
Time,s,37,0.01381,0.01447,0.01564,0.01809
Time,s,37,0.0141,0.01489,0.01572,0.01497
Time,s,37,0.01404,0.01443,0.0155,0.01501
Time,s,37,0.01394,0.01442,0.01525,0.01467
Time,s,37,0.01443,0.01502,0.01553,0.01472
Time,s,37,0.01394,0.0149,0.01553,0.01476
Time,s,37,0.01439,0.0146,0.01515,0.01494
Time,s,37,0.01427,0.01543,0.01511,0.01508
Time,s,37,0.01419,0.01439,0.01554,0.01536
Time,s,37,0.01388,0.01466,0.01499,0.01489
Time,s,37,0.0216,0.015,0.0152,0.01501
Time,s,37,0.01682,0.01404,0.01579,0.01475
Time,s,37,0.01429,0.01439,0.01554,0.01442
Time,s,37,0.01419,0.01477,0.01559,0.01448
Time,s,37,0.01419,0.01501,0.0165,0.01508
Time,s,37,0.0147,0.01443,0.01536,0.01468
Time,s,37,0.01501,0.01436,0.0159,0.0148
Time,s,37,0.01442,0.01423,0.01628,0.01559
Time,s,37,0.01449,0.01503,0.01589,0.01492
Time,s,37,0.01426,0.01416,0.01555,0.01498
Time,s,37,0.01416,0.01468,0.01541,0.01454
Time,s,37,0.0142,0.01542,0.01491,0.01442
Time,s,37,0.01428,0.01507,0.01521,0.01462
Time,s,37,0.01476,0.01679,0.01487,0.0152
Time,s,37,0.01393,0.01654,0.01548,0.01519
Time,s,37,0.01417,0.01464,0.0155,0.01538
Time,s,37,0.01392,0.01481,0.01648,0.01513
Time,s,37,0.01406,0.01472,0.01542,0.01482
Time,s,37,0.01375,0.01485,0.01496,0.01446
Time,s,37,0.01431,0.0148,0.01526,0.01441
Time,s,37,0.01437,0.01469,0.01528,0.01466
Time,s,37,0.01442,0.01509,0.01532,0.01453
Time,s,37,0.01386,0.01491,0.01538,0.01472
Time,s,37,0.01389,0.01509,0.01499,0.01489
Time,s,37,0.01498,0.01497,0.01525,0.0144
Time,s,37,0.01409,0.01396,0.01537,0.01479
Time,s,37,0.01432,0.01395,0.0158,0.01485
Time,s,37,0.01399,0.01456,0.01505,0.01423
Time,s,37,0.01504,0.01459,0.01531,0.01516
Time,s,37,0.01447,0.01406,0.01517,0.01507
Time,s,38,0.11047,0.10863,0.11188,0.07879
Time,s,38,0.10885,0.11012,0.10496,0.07262
Time,s,38,0.10139,0.09987,0.10287,0.07181
Time,s,38,0.09839,0.10151,0.10047,0.06967
Time,s,38,0.09968,0.10118,0.10671,0.0668
Time,s,38,0.10041,0.10352,0.10081,0.06672
Time,s,38,0.09978,0.10195,0.1014,0.0673
Time,s,38,0.10126,0.10176,0.10213,0.07047
Time,s,38,0.10477,0.09995,0.10252,0.07392
Time,s,38,0.09818,0.10184,0.10267,0.06884
Time,s,38,0.10043,0.09707,0.11451,0.07127
Time,s,38,0.09879,0.10174,0.1059,0.07142
Time,s,38,0.10128,0.10832,0.09884,0.07357
Time,s,38,0.10116,0.10211,0.09951,0.06606
Time,s,38,0.10014,0.10242,0.10279,0.0667
Time,s,38,0.10192,0.10455,0.10396,0.07123
Time,s,38,0.10326,0.10051,0.10762,0.06659
Time,s,38,0.1034,0.0996,0.10078,0.06583
Time,s,38,0.10341,0.10151,0.10496,0.06732
Time,s,38,0.10208,0.09808,0.10575,0.07594
Time,s,38,0.10331,0.10098,0.10076,0.07088
Time,s,38,0.1005,0.0986,0.10667,0.06943
Time,s,38,0.10089,0.1037,0.10257,0.06734
Time,s,38,0.09988,0.10389,0.10263,0.06958
Time,s,38,0.10522,0.09864,0.10292,0.07433
Time,s,38,0.10422,0.10078,0.10151,0.06909
Time,s,38,0.10271,0.09861,0.09815,0.06786
Time,s,38,0.10368,0.10113,0.10811,0.07184
Time,s,38,0.10122,0.10387,0.10456,0.06696
Time,s,38,0.09844,0.10357,0.1024,0.06835
Time,s,38,0.09796,0.10298,0.10259,0.06987
Time,s,38,0.10217,0.10344,0.10233,0.06593
Time,s,38,0.09767,0.10287,0.10257,0.0665
Time,s,38,0.10242,0.09741,0.10472,0.07126
Time,s,38,0.10113,0.10004,0.10525,0.06744
Time,s,38,0.09984,0.10169,0.09941,0.07175
Time,s,38,0.10098,0.10279,0.10444,0.06977
Time,s,38,0.10229,0.10068,0.10454,0.06934
Time,s,38,0.10329,0.10182,0.10261,0.06591
Time,s,38,0.10378,0.10573,0.1029,0.06998
Time,s,38,0.10671,0.10792,0.10014,0.069
Time,s,38,0.10578,0.1041,0.10182,0.06613
Time,s,38,0.10691,0.10112,0.10066,0.06708
Time,s,38,0.09944,0.10593,0.10212,0.07353
Time,s,38,0.09845,0.10638,0.10952,0.06586
Time,s,38,0.10079,0.105,0.10191,0.06889
Time,s,38,0.10099,0.10244,0.0997,0.06838
Time,s,38,0.10264,0.10397,0.10434,0.07101
Time,s,38,0.09993,0.10089,0.09874,0.06948
Time,s,38,0.10281,0.10433,0.10541,0.0699
Time,s,38,0.10503,0.1067,0.10693,0.0669
Time,s,38,0.10353,0.1059,0.10968,0.07072
Time,s,38,0.09749,0.10097,0.10376,0.07463
Time,s,38,0.10531,0.09903,0.10276,0.0668
Time,s,38,0.10079,0.10062,0.09832,0.06806
Time,s,38,0.10458,0.0986,0.10481,0.06856
Time,s,38,0.10027,0.09794,0.10517,0.06685
Time,s,38,0.09911,0.1018,0.10499,0.07098
Time,s,38,0.10542,0.10906,0.10186,0.07147
Time,s,38,0.1061,0.10585,0.09884,0.067
Time,s,38,0.10417,0.10189,0.09854,0.068
Time,s,38,0.10065,0.10275,0.10184,0.07129
Time,s,38,0.10409,0.10396,0.10096,0.0673
Time,s,38,0.09871,0.10636,0.10527,0.06969
Time,s,38,0.09963,0.10267,0.10117,0.07117
Time,s,38,0.10073,0.09912,0.10602,0.06722
Time,s,38,0.10083,0.10244,0.10397,0.07325
Time,s,38,0.09896,0.10393,0.10628,0.0676
Time,s,38,0.10006,0.10238,0.1042,0.06662
Time,s,38,0.10066,0.10644,0.10244,0.06743
Time,s,38,0.1049,0.10536,0.10729,0.07012
Time,s,38,0.10512,0.10532,0.10018,0.0682
Time,s,38,0.10241,0.10352,0.10345,0.07127
Time,s,38,0.1003,0.10475,0.10467,0.06984
Time,s,38,0.10245,0.10337,0.10116,0.07419
Time,s,38,0.10466,0.10191,0.10246,0.06613
Time,s,38,0.10095,0.1038,0.10054,0.06809
Time,s,38,0.09984,0.10451,0.10071,0.06854
Time,s,38,0.10072,0.10971,0.1025,0.06458
Time,s,38,0.10312,0.10588,0.10122,0.06408
Time,s,38,0.10342,0.10335,0.10211,0.06809
Time,s,38,0.10197,0.10529,0.10308,0.07025
Time,s,38,0.10548,0.10219,0.10361,0.06804
Time,s,38,0.10419,0.10253,0.10278,0.0684
Time,s,38,0.10311,0.10269,0.10088,0.06521
Time,s,38,0.0994,0.10695,0.10603,0.07028
Time,s,38,0.10763,0.10338,0.10237,0.07091
Time,s,38,0.10191,0.11159,0.09868,0.0654
Time,s,38,0.10062,0.1013,0.10329,0.07123
Time,s,38,0.10181,0.10449,0.10257,0.06748
Time,s,38,0.09865,0.10133,0.10377,0.06985
Time,s,38,0.09821,0.10555,0.10029,0.06758
Time,s,38,0.10461,0.10145,0.10774,0.06733
Time,s,38,0.1057,0.10328,0.10018,0.06783
Time,s,38,0.10259,0.10946,0.10301,0.0689
Time,s,38,0.10196,0.10279,0.10341,0.07183
Time,s,38,0.0997,0.10412,0.10905,0.07057
Time,s,38,0.1017,0.10007,0.10283,0.06948
Time,s,38,0.10428,0.10022,0.10747,0.06828
Time,s,38,0.10086,0.10418,0.10309,0.07441
Time,s,39,0.06646,0.06952,0.07161,0.06921
Time,s,39,0.0664,0.06885,0.07147,0.07287
Time,s,39,0.06736,0.0712,0.07315,0.06973
Time,s,39,0.06806,0.06912,0.07187,0.0692
Time,s,39,0.06805,0.06853,0.07046,0.07071
Time,s,39,0.06522,0.06897,0.06947,0.06981
Time,s,39,0.06997,0.06893,0.0715,0.07043
Time,s,39,0.06939,0.07193,0.06807,0.06928
Time,s,39,0.06785,0.06866,0.07123,0.06747
Time,s,39,0.06996,0.07086,0.07127,0.07024
Time,s,39,0.06883,0.0704,0.07243,0.06971
Time,s,39,0.06917,0.07054,0.07069,0.07198
Time,s,39,0.06795,0.06837,0.06924,0.07284
Time,s,39,0.06713,0.06982,0.0785,0.06859
Time,s,39,0.06609,0.06958,0.06974,0.06872
Time,s,39,0.06655,0.07078,0.07045,0.06856
Time,s,39,0.06524,0.06853,0.07247,0.07173
Time,s,39,0.0663,0.06979,0.06805,0.07091
Time,s,39,0.06885,0.0697,0.06791,0.06982
Time,s,39,0.06922,0.06806,0.0703,0.06954
Time,s,39,0.06713,0.06818,0.06899,0.06805
Time,s,39,0.06709,0.07006,0.07003,0.06914
Time,s,39,0.06671,0.07073,0.07056,0.06864
Time,s,39,0.06613,0.06987,0.07029,0.06942
Time,s,39,0.06708,0.06696,0.07049,0.06912
Time,s,39,0.06847,0.06902,0.07051,0.07157
Time,s,39,0.07332,0.06874,0.07019,0.07217
Time,s,39,0.0667,0.06933,0.06902,0.06893
Time,s,39,0.06718,0.06995,0.07114,0.06737
Time,s,39,0.06611,0.06894,0.06932,0.06995
Time,s,39,0.06753,0.07288,0.06915,0.06867
Time,s,39,0.06589,0.06841,0.0694,0.0703
Time,s,39,0.06491,0.06885,0.06869,0.06868
Time,s,39,0.06589,0.06904,0.06902,0.06893
Time,s,39,0.06649,0.0701,0.06886,0.06818
Time,s,39,0.06747,0.07106,0.06941,0.06859
Time,s,39,0.06575,0.06992,0.0679,0.06972
Time,s,39,0.06663,0.06756,0.06793,0.06911
Time,s,39,0.06632,0.06781,0.069,0.06915
Time,s,39,0.0652,0.06774,0.07149,0.06987
Time,s,39,0.0675,0.0698,0.06896,0.06929
Time,s,39,0.06568,0.06816,0.06826,0.0699
Time,s,39,0.06763,0.06641,0.0682,0.06854
Time,s,39,0.06953,0.06846,0.07204,0.06699
Time,s,39,0.06565,0.0669,0.0694,0.06925
Time,s,39,0.06649,0.06779,0.069,0.06864
Time,s,39,0.0657,0.06755,0.06821,0.07056
Time,s,39,0.06659,0.06766,0.06967,0.06814
Time,s,39,0.06673,0.06769,0.06931,0.07035
Time,s,39,0.06911,0.06683,0.07371,0.07271
Time,s,39,0.06827,0.06898,0.06798,0.06778
Time,s,39,0.06697,0.06847,0.06897,0.06835
Time,s,39,0.06696,0.0672,0.07001,0.06878
Time,s,39,0.06866,0.07171,0.06877,0.06848
Time,s,39,0.06818,0.06802,0.06915,0.07017
Time,s,39,0.06711,0.06786,0.07266,0.07018
Time,s,39,0.06692,0.06916,0.06861,0.07003
Time,s,39,0.06983,0.06647,0.06847,0.06756
Time,s,39,0.06739,0.06851,0.0702,0.07025
Time,s,39,0.06629,0.0674,0.06898,0.07126
Time,s,39,0.06521,0.06861,0.06836,0.06725
Time,s,39,0.06507,0.06706,0.07296,0.06945
Time,s,39,0.0687,0.06731,0.07164,0.06818
Time,s,39,0.06817,0.06671,0.07668,0.0685
Time,s,39,0.06777,0.06815,0.06777,0.06848
Time,s,39,0.06786,0.0676,0.07001,0.06916
Time,s,39,0.06839,0.06779,0.06838,0.07025
Time,s,39,0.06634,0.06806,0.06941,0.06882
Time,s,39,0.06517,0.06968,0.07057,0.06962
Time,s,39,0.06691,0.06742,0.07094,0.06805
Time,s,39,0.06774,0.06686,0.0692,0.06889
Time,s,39,0.06712,0.06888,0.06973,0.07294
Time,s,39,0.06638,0.06796,0.07051,0.07173
Time,s,39,0.06694,0.06687,0.06984,0.06947
Time,s,39,0.06679,0.06866,0.07,0.06757
Time,s,39,0.06581,0.06718,0.06799,0.06757
Time,s,39,0.06637,0.07059,0.06926,0.0746
Time,s,39,0.06742,0.06752,0.0688,0.0688
Time,s,39,0.06801,0.0716,0.06857,0.06833
Time,s,39,0.06568,0.06778,0.06828,0.07058
Time,s,39,0.06563,0.06819,0.06909,0.06922
Time,s,39,0.06509,0.06789,0.0688,0.06759
Time,s,39,0.06666,0.06683,0.06872,0.06904
Time,s,39,0.06528,0.06861,0.06882,0.06851
Time,s,39,0.06442,0.06725,0.0717,0.06809
Time,s,39,0.06598,0.06681,0.07049,0.06976
Time,s,39,0.06522,0.06788,0.07018,0.07124
Time,s,39,0.06658,0.06958,0.06781,0.06794
Time,s,39,0.067,0.06768,0.06903,0.06911
Time,s,39,0.06673,0.06774,0.06861,0.06869
Time,s,39,0.06478,0.06848,0.0679,0.0687
Time,s,39,0.06579,0.06706,0.06915,0.06674
Time,s,39,0.0651,0.06786,0.06852,0.06909
Time,s,39,0.06613,0.0661,0.06801,0.06687
Time,s,39,0.06583,0.06816,0.06984,0.06816
Time,s,39,0.06573,0.0682,0.07075,0.07184
Time,s,39,0.06786,0.06711,0.06945,0.06781
Time,s,39,0.06683,0.0671,0.06826,0.06906
Time,s,39,0.06498,0.06726,0.06769,0.06766
Time,s,39,0.06713,0.06945,0.06858,0.06937
Time,s,40,0.01526,0.01651,0.01595,0.01516
Time,s,40,0.01515,0.0146,0.01629,0.01674
Time,s,40,0.01433,0.01522,0.0155,0.01551
Time,s,40,0.01386,0.01499,0.01552,0.01475
Time,s,40,0.01404,0.01541,0.01484,0.01543
Time,s,40,0.01397,0.01498,0.01557,0.01482
Time,s,40,0.01412,0.01646,0.01527,0.01493
Time,s,40,0.01674,0.01582,0.01791,0.01592
Time,s,40,0.01443,0.01593,0.01532,0.01591
Time,s,40,0.01408,0.01461,0.015,0.01579
Time,s,40,0.01405,0.01485,0.01578,0.01493
Time,s,40,0.01481,0.01462,0.01482,0.01616
Time,s,40,0.01391,0.01493,0.0147,0.01592
Time,s,40,0.01593,0.01498,0.01648,0.01596
Time,s,40,0.01609,0.01592,0.01513,0.0175
Time,s,40,0.01447,0.01489,0.01538,0.0147
Time,s,40,0.01559,0.01507,0.01747,0.01466
Time,s,40,0.01412,0.01511,0.0168,0.01705
Time,s,40,0.01618,0.01655,0.01428,0.01528
Time,s,40,0.01482,0.01466,0.01573,0.01611
Time,s,40,0.01586,0.01484,0.01575,0.01806
Time,s,40,0.01469,0.01536,0.01616,0.01441
Time,s,40,0.0144,0.01692,0.01596,0.01483
Time,s,40,0.0137,0.01534,0.01504,0.01476
Time,s,40,0.01557,0.01577,0.01578,0.01503
Time,s,40,0.01494,0.01605,0.01878,0.01603
Time,s,40,0.0147,0.01532,0.01595,0.01498
Time,s,40,0.01672,0.01487,0.01494,0.01495
Time,s,40,0.0143,0.01782,0.01666,0.01462
Time,s,40,0.01487,0.01487,0.01609,0.01564
Time,s,40,0.0154,0.01782,0.01547,0.0168
Time,s,40,0.01447,0.01503,0.01774,0.01554
Time,s,40,0.01389,0.01716,0.01727,0.01835
Time,s,40,0.0158,0.01576,0.0165,0.01624
Time,s,40,0.01613,0.01435,0.0181,0.01628
Time,s,40,0.01538,0.01558,0.01451,0.01461
Time,s,40,0.01619,0.01655,0.01466,0.01427
Time,s,40,0.01521,0.01696,0.0169,0.01557
Time,s,40,0.01477,0.01599,0.01537,0.0156
Time,s,40,0.01512,0.01724,0.01546,0.01388
Time,s,40,0.0147,0.01646,0.01635,0.01585
Time,s,40,0.01574,0.0163,0.01632,0.01671
Time,s,40,0.0145,0.01497,0.0184,0.01591
Time,s,40,0.01469,0.0154,0.01911,0.01688
Time,s,40,0.0168,0.01824,0.01589,0.01553
Time,s,40,0.0158,0.01687,0.01768,0.0165
Time,s,40,0.01427,0.01402,0.01498,0.01566
Time,s,40,0.0153,0.01651,0.01698,0.01568
Time,s,40,0.01466,0.01628,0.01708,0.01523
Time,s,40,0.01401,0.01698,0.01686,0.01386
Time,s,40,0.01288,0.0148,0.01556,0.01506
Time,s,40,0.01741,0.01742,0.01528,0.0171
Time,s,40,0.01581,0.01589,0.01782,0.01863
Time,s,40,0.01508,0.0165,0.01681,0.0147
Time,s,40,0.01639,0.0172,0.01753,0.01603
Time,s,40,0.01299,0.01694,0.01605,0.01672
Time,s,40,0.01456,0.0145,0.01586,0.01571
Time,s,40,0.01332,0.01616,0.01578,0.01464
Time,s,40,0.01738,0.01886,0.01535,0.01688
Time,s,40,0.01826,0.01575,0.01755,0.0148
Time,s,40,0.01413,0.01514,0.01718,0.01823
Time,s,40,0.01678,0.01528,0.01836,0.01467
Time,s,40,0.01463,0.01737,0.01478,0.01509
Time,s,40,0.01621,0.01521,0.01631,0.0182
Time,s,40,0.01746,0.01683,0.01491,0.01588
Time,s,40,0.01554,0.01459,0.01736,0.01615
Time,s,40,0.0144,0.01529,0.01695,0.01631
Time,s,40,0.01788,0.01575,0.01497,0.01588
Time,s,40,0.01473,0.01482,0.01655,0.01593
Time,s,40,0.01501,0.01563,0.01392,0.01872
Time,s,40,0.01459,0.01549,0.01692,0.01739
Time,s,40,0.01438,0.01736,0.01788,0.01899
Time,s,40,0.01808,0.01524,0.01792,0.01418
Time,s,40,0.01511,0.01511,0.01509,0.01672
Time,s,40,0.01508,0.0168,0.01697,0.0146
Time,s,40,0.01568,0.01494,0.01419,0.01722
Time,s,40,0.01404,0.01515,0.01742,0.0167
Time,s,40,0.01628,0.01932,0.01951,0.01765
Time,s,40,0.01414,0.01608,0.01433,0.02016
Time,s,40,0.01653,0.01628,0.0161,0.01598
Time,s,40,0.01494,0.01711,0.01582,0.01551
Time,s,40,0.01576,0.01901,0.01762,0.01465
Time,s,40,0.01428,0.01586,0.01492,0.01504
Time,s,40,0.01535,0.01557,0.01471,0.01645
Time,s,40,0.01565,0.01565,0.01758,0.01767
Time,s,40,0.0148,0.01491,0.01453,0.01525
Time,s,40,0.01611,0.01633,0.01923,0.01503
Time,s,40,0.01666,0.0162,0.01486,0.0177
Time,s,40,0.01548,0.01438,0.01741,0.01897
Time,s,40,0.01622,0.01723,0.01448,0.01468
Time,s,40,0.01663,0.0157,0.0162,0.01752
Time,s,40,0.01688,0.01582,0.01554,0.01584
Time,s,40,0.01664,0.01473,0.01631,0.01425
Time,s,40,0.01503,0.01951,0.01612,0.01555
Time,s,40,0.0134,0.01689,0.01542,0.01677
Time,s,40,0.01638,0.01545,0.01485,0.01842
Time,s,40,0.01444,0.01632,0.01633,0.01644
Time,s,40,0.01668,0.01486,0.01825,0.01459
Time,s,40,0.01638,0.01705,0.01458,0.01844
Time,s,40,0.01711,0.01742,0.01644,0.01485
Time,s,41,0.01073,0.01003,0.01174,0.00921
Time,s,41,0.00767,0.00781,0.01057,0.00729
Time,s,41,0.00726,0.00758,0.00775,0.00733
Time,s,41,0.0088,0.009,0.00789,0.00691
Time,s,41,0.00707,0.00704,0.00745,0.00703
Time,s,41,0.00781,0.00867,0.00703,0.00671
Time,s,41,0.00712,0.00734,0.00818,0.00722
Time,s,41,0.0085,0.00713,0.00738,0.00724
Time,s,41,0.00697,0.007,0.00761,0.00871
Time,s,41,0.00787,0.00723,0.00911,0.00685
Time,s,41,0.00741,0.00694,0.00766,0.00711
Time,s,41,0.00684,0.00632,0.00732,0.00827
Time,s,41,0.00683,0.0088,0.00707,0.00768
Time,s,41,0.00677,0.00724,0.0074,0.00732
Time,s,41,0.0069,0.00908,0.00878,0.00757
Time,s,41,0.00686,0.00709,0.00738,0.00704
Time,s,41,0.0073,0.00719,0.00828,0.00678
Time,s,41,0.00703,0.00716,0.0073,0.00699
Time,s,41,0.007,0.00709,0.0072,0.00687
Time,s,41,0.00691,0.00716,0.0075,0.0071
Time,s,41,0.00737,0.00693,0.00756,0.00696
Time,s,41,0.00734,0.00719,0.00684,0.00715
Time,s,41,0.00699,0.00695,0.00714,0.00725
Time,s,41,0.00709,0.00697,0.00744,0.00715
Time,s,41,0.00746,0.00786,0.00745,0.00716
Time,s,41,0.00742,0.00765,0.00732,0.00709
Time,s,41,0.00737,0.00731,0.00731,0.00647
Time,s,41,0.00722,0.00769,0.00705,0.00674
Time,s,41,0.00779,0.00704,0.00741,0.00714
Time,s,41,0.00662,0.00725,0.00744,0.00691
Time,s,41,0.00736,0.0072,0.00825,0.00707
Time,s,41,0.00768,0.00697,0.0073,0.00735
Time,s,41,0.00661,0.00713,0.00714,0.00717
Time,s,41,0.00779,0.00714,0.00759,0.00698
Time,s,41,0.00672,0.00683,0.00765,0.0073
Time,s,41,0.00675,0.00722,0.00725,0.00703
Time,s,41,0.00715,0.007,0.00686,0.00698
Time,s,41,0.00699,0.00685,0.00724,0.00751
Time,s,41,0.00713,0.00753,0.00833,0.00669
Time,s,41,0.00713,0.00767,0.00756,0.00709
Time,s,41,0.00716,0.00753,0.00728,0.00682
Time,s,41,0.00687,0.00728,0.00709,0.00657
Time,s,41,0.00679,0.00793,0.00711,0.00693
Time,s,41,0.00701,0.00761,0.00728,0.00693
Time,s,41,0.00726,0.00764,0.00764,0.00747
Time,s,41,0.00886,0.00704,0.00685,0.00676
Time,s,41,0.00675,0.0074,0.00747,0.00733
Time,s,41,0.00741,0.00746,0.0079,0.00647
Time,s,41,0.0071,0.00708,0.00776,0.00689
Time,s,41,0.00709,0.00759,0.00774,0.0069
Time,s,41,0.00692,0.00687,0.0072,0.00723
Time,s,41,0.00724,0.00752,0.00775,0.00725
Time,s,41,0.00668,0.00753,0.00686,0.00739
Time,s,41,0.00741,0.00685,0.00713,0.00738
Time,s,41,0.00704,0.0066,0.00698,0.00729
Time,s,41,0.00661,0.00704,0.00706,0.00721
Time,s,41,0.0071,0.0072,0.00743,0.007
Time,s,41,0.00809,0.00756,0.00753,0.00701
Time,s,41,0.00726,0.00672,0.00765,0.00665
Time,s,41,0.00755,0.00729,0.00778,0.00727
Time,s,41,0.00759,0.00848,0.00862,0.00696
Time,s,41,0.00798,0.0071,0.00779,0.0069
Time,s,41,0.00699,0.00812,0.00731,0.00737
Time,s,41,0.00724,0.00774,0.00711,0.00722
Time,s,41,0.00709,0.00748,0.00741,0.00771
Time,s,41,0.00665,0.00704,0.00735,0.00671
Time,s,41,0.00718,0.00738,0.00737,0.00711
Time,s,41,0.00834,0.00731,0.00788,0.00757
Time,s,41,0.00764,0.00719,0.00788,0.00706
Time,s,41,0.0072,0.00784,0.0075,0.0067
Time,s,41,0.00808,0.00722,0.00721,0.00758
Time,s,41,0.00709,0.00694,0.00773,0.00716
Time,s,41,0.00871,0.00689,0.00761,0.00696
Time,s,41,0.00703,0.00785,0.00725,0.00801
Time,s,41,0.00726,0.00749,0.00804,0.00759
Time,s,41,0.0072,0.00794,0.007,0.00719
Time,s,41,0.00708,0.00745,0.00699,0.00766
Time,s,41,0.00751,0.00683,0.00834,0.00748
Time,s,41,0.00686,0.00694,0.00719,0.00691
Time,s,41,0.007,0.00729,0.00749,0.00719
Time,s,41,0.00722,0.00804,0.00757,0.00688
Time,s,41,0.00724,0.00724,0.00836,0.00698
Time,s,41,0.00747,0.00757,0.00734,0.00695
Time,s,41,0.00743,0.00739,0.00722,0.00713
Time,s,41,0.00694,0.00714,0.00695,0.00724
Time,s,41,0.0075,0.00713,0.00676,0.00734
Time,s,41,0.00766,0.0081,0.00729,0.00677
Time,s,41,0.00732,0.00679,0.00706,0.0071
Time,s,41,0.00713,0.00713,0.00708,0.00723
Time,s,41,0.00723,0.00704,0.0072,0.0071
Time,s,41,0.00792,0.00724,0.00855,0.0066
Time,s,41,0.00726,0.00725,0.00746,0.00762
Time,s,41,0.00682,0.00796,0.00767,0.00743
Time,s,41,0.00743,0.00806,0.00767,0.00704
Time,s,41,0.00684,0.00729,0.00737,0.00687
Time,s,41,0.0069,0.00725,0.00768,0.00738
Time,s,41,0.00698,0.00766,0.00748,0.00718
Time,s,41,0.00763,0.00685,0.00784,0.00709
Time,s,41,0.00743,0.00787,0.00722,0.00784
Time,s,41,0.0072,0.00735,0.00733,0.00726
Time,s,42,0.01704,0.01768,0.0177,0.00869
Time,s,42,0.01675,0.01701,0.01844,0.00717
Time,s,42,0.01739,0.01665,0.01678,0.00703
Time,s,42,0.01701,0.01667,0.01708,0.00677
Time,s,42,0.01683,0.01752,0.01686,0.00675
Time,s,42,0.01749,0.01675,0.01742,0.00785
Time,s,42,0.01606,0.01767,0.01726,0.00654
Time,s,42,0.01636,0.01661,0.01737,0.00643
Time,s,42,0.01632,0.01629,0.0168,0.00679
Time,s,42,0.01648,0.01663,0.01803,0.00726
Time,s,42,0.01681,0.01666,0.01908,0.00702
Time,s,42,0.01629,0.01697,0.01702,0.00658
Time,s,42,0.01663,0.01645,0.01747,0.00753
Time,s,42,0.01637,0.01624,0.01707,0.00654
Time,s,42,0.01639,0.01725,0.01689,0.00697
Time,s,42,0.0166,0.01657,0.01694,0.0077
Time,s,42,0.01677,0.01639,0.01701,0.00649
Time,s,42,0.01628,0.01654,0.02546,0.0071
Time,s,42,0.01604,0.01598,0.01702,0.0068
Time,s,42,0.01642,0.01653,0.02133,0.00658
Time,s,42,0.01625,0.01681,0.0209,0.00653
Time,s,42,0.01616,0.01606,0.0168,0.00664
Time,s,42,0.01631,0.01668,0.01747,0.00657
Time,s,42,0.01647,0.01682,0.01689,0.0064
Time,s,42,0.01646,0.01708,0.01672,0.00661
Time,s,42,0.0174,0.01627,0.01704,0.00658
Time,s,42,0.01632,0.01691,0.0172,0.00687
Time,s,42,0.01685,0.01645,0.01701,0.00614
Time,s,42,0.0165,0.01627,0.01717,0.00661
Time,s,42,0.01821,0.01668,0.01703,0.0067
Time,s,42,0.01736,0.01607,0.01691,0.00635
Time,s,42,0.01684,0.01727,0.01723,0.00744
Time,s,42,0.01883,0.01659,0.01677,0.00785
Time,s,42,0.01686,0.01668,0.01663,0.00652
Time,s,42,0.01697,0.01658,0.01726,0.00636
Time,s,42,0.01681,0.01631,0.01655,0.0064
Time,s,42,0.01689,0.01654,0.01652,0.00655
Time,s,42,0.01838,0.01779,0.01706,0.00664
Time,s,42,0.01967,0.01649,0.01684,0.00651
Time,s,42,0.01889,0.01655,0.01653,0.00643
Time,s,42,0.0167,0.01649,0.01708,0.00648
Time,s,42,0.01993,0.01678,0.01726,0.00641
Time,s,42,0.01727,0.0167,0.01668,0.00699
Time,s,42,0.01803,0.01635,0.01678,0.00646
Time,s,42,0.01742,0.01632,0.01684,0.00663
Time,s,42,0.01687,0.01666,0.01684,0.00662
Time,s,42,0.01716,0.01621,0.01722,0.00641
Time,s,42,0.01675,0.01736,0.01662,0.00679
Time,s,42,0.01696,0.01761,0.01735,0.00664
Time,s,42,0.0169,0.0187,0.01714,0.00632
Time,s,42,0.01667,0.0181,0.01661,0.00694
Time,s,42,0.01716,0.01639,0.01711,0.00645
Time,s,42,0.01652,0.01662,0.01675,0.00633
Time,s,42,0.01733,0.01629,0.01711,0.00632
Time,s,42,0.01725,0.01671,0.01691,0.00671
Time,s,42,0.01689,0.0165,0.01738,0.00646
Time,s,42,0.01799,0.01638,0.01706,0.00654
Time,s,42,0.01726,0.01674,0.01772,0.0064
Time,s,42,0.01799,0.01616,0.01746,0.00628
Time,s,42,0.01782,0.01661,0.017,0.00647
Time,s,42,0.01709,0.01752,0.01709,0.0068
Time,s,42,0.01704,0.01662,0.01671,0.00637
Time,s,42,0.01631,0.01676,0.01934,0.00775
Time,s,42,0.01653,0.0168,0.01718,0.00626
Time,s,42,0.01667,0.01643,0.01695,0.00642
Time,s,42,0.01623,0.01625,0.01725,0.00644
Time,s,42,0.01667,0.01589,0.01833,0.00647
Time,s,42,0.01634,0.01617,0.01714,0.00666
Time,s,42,0.01641,0.01639,0.01705,0.00665
Time,s,42,0.01677,0.01652,0.0171,0.00663
Time,s,42,0.01619,0.01657,0.01679,0.00736
Time,s,42,0.01684,0.01648,0.01783,0.007
Time,s,42,0.0165,0.01628,0.01964,0.00707
Time,s,42,0.01681,0.01608,0.02179,0.00659
Time,s,42,0.01662,0.01611,0.01756,0.00836
Time,s,42,0.01674,0.01656,0.0171,0.00734
Time,s,42,0.01687,0.01665,0.01911,0.00693
Time,s,42,0.01656,0.01743,0.01786,0.00668
Time,s,42,0.01685,0.01804,0.01731,0.00756
Time,s,42,0.01664,0.01616,0.0194,0.00651
Time,s,42,0.0178,0.01631,0.01704,0.00664
Time,s,42,0.01705,0.01594,0.01779,0.00646
Time,s,42,0.01657,0.01607,0.01907,0.00679
Time,s,42,0.01686,0.0169,0.01711,0.00663
Time,s,42,0.01687,0.0175,0.0175,0.00672
Time,s,42,0.01638,0.01667,0.01938,0.0067
Time,s,42,0.01718,0.01673,0.01744,0.00681
Time,s,42,0.01648,0.01629,0.01769,0.00706
Time,s,42,0.01689,0.01677,0.01947,0.00673
Time,s,42,0.01727,0.01668,0.01703,0.00647
Time,s,42,0.01707,0.01613,0.0171,0.00648
Time,s,42,0.01739,0.01807,0.01686,0.007
Time,s,42,0.01661,0.01604,0.01699,0.00646
Time,s,42,0.01682,0.01661,0.01679,0.0063
Time,s,42,0.01709,0.0172,0.01663,0.00647
Time,s,42,0.01696,0.0164,0.01687,0.00643
Time,s,42,0.01723,0.01659,0.01699,0.00629
Time,s,42,0.01694,0.01653,0.01688,0.00646
Time,s,42,0.01742,0.01656,0.01716,0.00634
Time,s,42,0.0168,0.01639,0.01748,0.00645
Time,s,43,0.03265,0.03416,0.03572,0.00525
Time,s,43,0.03228,0.0329,0.03238,0.00516
Time,s,43,0.03407,0.03314,0.03887,0.00515
Time,s,43,0.03293,0.03246,0.0328,0.00542
Time,s,43,0.03242,0.03266,0.03282,0.00529
Time,s,43,0.03272,0.03304,0.03257,0.00488
Time,s,43,0.03222,0.03294,0.0324,0.00499
Time,s,43,0.03409,0.03259,0.03286,0.00495
Time,s,43,0.03866,0.03264,0.03285,0.00478
Time,s,43,0.03296,0.03252,0.03414,0.00539
Time,s,43,0.0328,0.03288,0.03313,0.00534
Time,s,43,0.03227,0.03224,0.0338,0.00598
Time,s,43,0.03219,0.03465,0.03398,0.00551
Time,s,43,0.03243,0.03278,0.03315,0.0049
Time,s,43,0.03243,0.0327,0.03297,0.0049
Time,s,43,0.03438,0.03228,0.03316,0.0049
Time,s,43,0.03686,0.03262,0.03299,0.00484
Time,s,43,0.03243,0.03267,0.03298,0.00507
Time,s,43,0.03242,0.03261,0.03327,0.00487
Time,s,43,0.03289,0.03246,0.03371,0.0048
Time,s,43,0.03202,0.03251,0.03242,0.0051
Time,s,43,0.03207,0.03393,0.03284,0.00503
Time,s,43,0.03387,0.03842,0.03241,0.00517
Time,s,43,0.03247,0.03247,0.03294,0.00509
Time,s,43,0.03217,0.03186,0.03269,0.00515
Time,s,43,0.03252,0.03219,0.03276,0.0048
Time,s,43,0.03763,0.03209,0.03253,0.00483
Time,s,43,0.03488,0.03254,0.03259,0.00514
Time,s,43,0.03379,0.03177,0.03306,0.00512
Time,s,43,0.03331,0.03342,0.03247,0.00469
Time,s,43,0.03312,0.03328,0.03305,0.00485
Time,s,43,0.03317,0.03265,0.03537,0.00486
Time,s,43,0.03462,0.03283,0.03525,0.00489
Time,s,43,0.03493,0.03257,0.03731,0.00519
Time,s,43,0.03388,0.03253,0.03254,0.00477
Time,s,43,0.03273,0.03252,0.0326,0.0048
Time,s,43,0.03352,0.03529,0.03253,0.00521
Time,s,43,0.03294,0.03319,0.03284,0.00486
Time,s,43,0.03319,0.03494,0.03373,0.00498
Time,s,43,0.03343,0.03258,0.03292,0.00468
Time,s,43,0.03298,0.03314,0.03502,0.00493
Time,s,43,0.03299,0.03301,0.03363,0.00508
Time,s,43,0.03327,0.03236,0.03332,0.00507
Time,s,43,0.03292,0.03254,0.03396,0.0051
Time,s,43,0.03283,0.03309,0.03307,0.00511
Time,s,43,0.03234,0.0325,0.0333,0.0048
Time,s,43,0.03302,0.03238,0.03314,0.00473
Time,s,43,0.03269,0.03243,0.03639,0.0048
Time,s,43,0.03329,0.03212,0.03308,0.00483
Time,s,43,0.03295,0.0329,0.03269,0.00495
Time,s,43,0.03357,0.03208,0.03296,0.00501
Time,s,43,0.03341,0.03215,0.03268,0.00485
Time,s,43,0.03306,0.03305,0.03255,0.00525
Time,s,43,0.03294,0.03216,0.03412,0.00469
Time,s,43,0.03274,0.03233,0.03341,0.0049
Time,s,43,0.03294,0.03234,0.03343,0.00499
Time,s,43,0.03328,0.0322,0.03316,0.00566
Time,s,43,0.03287,0.032,0.03487,0.00506
Time,s,43,0.03392,0.03226,0.03333,0.00479
Time,s,43,0.03248,0.03193,0.03387,0.00575
Time,s,43,0.03311,0.03185,0.03333,0.00514
Time,s,43,0.03358,0.03328,0.03354,0.00498
Time,s,43,0.03606,0.03222,0.03464,0.00516
Time,s,43,0.03528,0.03343,0.0331,0.00481
Time,s,43,0.03401,0.03304,0.03344,0.00497
Time,s,43,0.03356,0.03238,0.03363,0.00521
Time,s,43,0.03266,0.03256,0.03396,0.0051
Time,s,43,0.03283,0.03266,0.03385,0.00498
Time,s,43,0.03226,0.0325,0.03322,0.00495
Time,s,43,0.03276,0.03349,0.03427,0.00479
Time,s,43,0.03283,0.03863,0.03447,0.00524
Time,s,43,0.03381,0.03313,0.03589,0.00507
Time,s,43,0.03367,0.03377,0.03412,0.00486
Time,s,43,0.03442,0.03285,0.03378,0.00486
Time,s,43,0.03309,0.03269,0.03461,0.00507
Time,s,43,0.03366,0.03367,0.03377,0.00511
Time,s,43,0.03321,0.0343,0.03389,0.0058
Time,s,43,0.03267,0.03324,0.03358,0.00501
Time,s,43,0.03238,0.03302,0.03425,0.00483
Time,s,43,0.03251,0.03276,0.03942,0.00537
Time,s,43,0.03286,0.03286,0.03346,0.00502
Time,s,43,0.03304,0.03296,0.03363,0.00494
Time,s,43,0.03268,0.03295,0.03331,0.00542
Time,s,43,0.03257,0.03304,0.03355,0.00486
Time,s,43,0.03272,0.03492,0.03334,0.00477
Time,s,43,0.03515,0.03383,0.03301,0.00523
Time,s,43,0.03243,0.03253,0.03292,0.00517
Time,s,43,0.0323,0.03238,0.03522,0.00459
Time,s,43,0.03239,0.03242,0.03276,0.00481
Time,s,43,0.03368,0.03611,0.03312,0.00498
Time,s,43,0.03266,0.03238,0.03304,0.00486
Time,s,43,0.03244,0.03271,0.03343,0.0049
Time,s,43,0.03229,0.03221,0.03305,0.00485
Time,s,43,0.03311,0.03368,0.03297,0.00487
Time,s,43,0.0332,0.0321,0.0358,0.00509
Time,s,43,0.03336,0.03271,0.03329,0.00513
Time,s,43,0.03315,0.03273,0.03331,0.00543
Time,s,43,0.03258,0.03217,0.03372,0.0046
Time,s,43,0.03306,0.03184,0.03314,0.00518
Time,s,43,0.03338,0.03261,0.03342,0.00481
Time,s,44,0.05948,0.05852,0.06524,0.06323
Time,s,44,0.05976,0.05908,0.06784,0.05894
Time,s,44,0.06178,0.05783,0.06509,0.05994
Time,s,44,0.05897,0.06055,0.06159,0.05866
Time,s,44,0.05888,0.05972,0.06248,0.05876
Time,s,44,0.06469,0.0586,0.06098,0.05769
Time,s,44,0.06017,0.06009,0.0612,0.05916
Time,s,44,0.05875,0.06171,0.06084,0.05783
Time,s,44,0.06043,0.06045,0.0599,0.05979
Time,s,44,0.05888,0.06122,0.06022,0.05865
Time,s,44,0.05859,0.06223,0.05938,0.05822
Time,s,44,0.06274,0.05889,0.05928,0.0595
Time,s,44,0.06051,0.05895,0.05977,0.05944
Time,s,44,0.06022,0.06118,0.06245,0.05912
Time,s,44,0.06115,0.05958,0.06598,0.05964
Time,s,44,0.06314,0.06016,0.06146,0.06516
Time,s,44,0.06043,0.06055,0.06342,0.06023
Time,s,44,0.0602,0.06126,0.06074,0.06162
Time,s,44,0.05852,0.06008,0.06246,0.06384
Time,s,44,0.06035,0.06072,0.06154,0.05996
Time,s,44,0.06046,0.05945,0.06161,0.0599
Time,s,44,0.05943,0.05896,0.05999,0.05839
Time,s,44,0.05918,0.06232,0.06208,0.05874
Time,s,44,0.05916,0.06007,0.06024,0.06182
Time,s,44,0.05905,0.06046,0.06035,0.05966
Time,s,44,0.05896,0.05989,0.06166,0.06055
Time,s,44,0.05868,0.05899,0.06099,0.05885
Time,s,44,0.05812,0.05932,0.05945,0.05876
Time,s,44,0.0589,0.06625,0.05989,0.05874
Time,s,44,0.06261,0.05851,0.0599,0.05933
Time,s,44,0.05993,0.0585,0.05988,0.05956
Time,s,44,0.0658,0.05957,0.06062,0.05938
Time,s,44,0.06435,0.06345,0.06101,0.05931
Time,s,44,0.06026,0.06001,0.06304,0.05835
Time,s,44,0.05971,0.05902,0.06256,0.05867
Time,s,44,0.05858,0.06188,0.06084,0.05882
Time,s,44,0.06047,0.06147,0.06092,0.0588
Time,s,44,0.06034,0.05895,0.0606,0.05827
Time,s,44,0.0591,0.0597,0.05956,0.06056
Time,s,44,0.06005,0.06093,0.06164,0.05916
Time,s,44,0.05949,0.05976,0.06344,0.05934
Time,s,44,0.05831,0.06189,0.06035,0.06599
Time,s,44,0.05721,0.05839,0.05939,0.05957
Time,s,44,0.06123,0.05944,0.06143,0.05872
Time,s,44,0.06095,0.05925,0.06009,0.06019
Time,s,44,0.06092,0.05796,0.06098,0.05865
Time,s,44,0.06374,0.05965,0.06073,0.05977
Time,s,44,0.06132,0.05784,0.0622,0.05935
Time,s,44,0.06106,0.05832,0.06305,0.06221
Time,s,44,0.06285,0.05958,0.06239,0.06041
Time,s,44,0.05876,0.06037,0.06028,0.06171
Time,s,44,0.05748,0.05903,0.0608,0.06295
Time,s,44,0.05901,0.05879,0.06085,0.06365
Time,s,44,0.05914,0.06014,0.06075,0.06133
Time,s,44,0.05939,0.06036,0.06144,0.05896
Time,s,44,0.05989,0.06027,0.05906,0.06013
Time,s,44,0.05856,0.06398,0.0599,0.05861
Time,s,44,0.06295,0.0622,0.06004,0.05923
Time,s,44,0.05928,0.0638,0.06016,0.05896
Time,s,44,0.05731,0.06293,0.06649,0.05925
Time,s,44,0.05806,0.06267,0.05913,0.0592
Time,s,44,0.05926,0.06314,0.06011,0.06004
Time,s,44,0.06113,0.06146,0.0606,0.05913
Time,s,44,0.0629,0.05906,0.06004,0.05795
Time,s,44,0.06243,0.05857,0.0604,0.05978
Time,s,44,0.05901,0.0589,0.06615,0.06003
Time,s,44,0.06039,0.06036,0.06172,0.06094
Time,s,44,0.06169,0.0582,0.05972,0.06615
Time,s,44,0.05892,0.05961,0.05923,0.06059
Time,s,44,0.05961,0.06235,0.05874,0.05874
Time,s,44,0.05896,0.06042,0.06018,0.06018
Time,s,44,0.05909,0.05987,0.05879,0.05906
Time,s,44,0.05887,0.05865,0.06163,0.05872
Time,s,44,0.05983,0.05983,0.0606,0.05937
Time,s,44,0.05916,0.05881,0.0627,0.05944
Time,s,44,0.05781,0.05898,0.05959,0.05942
Time,s,44,0.05782,0.05872,0.06014,0.05996
Time,s,44,0.05906,0.05862,0.06156,0.05924
Time,s,44,0.05878,0.05858,0.06033,0.05823
Time,s,44,0.05959,0.05914,0.06017,0.05939
Time,s,44,0.05888,0.05896,0.06077,0.06092
Time,s,44,0.0587,0.05923,0.06037,0.05861
Time,s,44,0.05963,0.05921,0.06045,0.05833
Time,s,44,0.06088,0.05937,0.06029,0.05826
Time,s,44,0.06587,0.06184,0.05933,0.0583
Time,s,44,0.05919,0.05994,0.05879,0.05913
Time,s,44,0.05888,0.06028,0.05931,0.05929
Time,s,44,0.05949,0.06089,0.06048,0.05878
Time,s,44,0.05925,0.0649,0.0593,0.06109
Time,s,44,0.06067,0.05921,0.06026,0.05869
Time,s,44,0.06141,0.05836,0.05865,0.06596
Time,s,44,0.06042,0.05985,0.06116,0.05822
Time,s,44,0.06032,0.05884,0.06357,0.06056
Time,s,44,0.06085,0.05914,0.06464,0.05997
Time,s,44,0.05945,0.05828,0.06387,0.06385
Time,s,44,0.06055,0.05975,0.06048,0.05893
Time,s,44,0.05957,0.05929,0.05948,0.05872
Time,s,44,0.06019,0.05814,0.0587,0.05778
Time,s,44,0.05988,0.05984,0.0586,0.05889
Time,s,44,0.06125,0.06285,0.05965,0.05886
Time,s,45,0.02721,0.02729,0.02989,0.01274
Time,s,45,0.02575,0.02873,0.02775,0.01207
Time,s,45,0.02554,0.02751,0.02527,0.01276
Time,s,45,0.02497,0.02595,0.02667,0.01098
Time,s,45,0.0257,0.0265,0.02727,0.01244
Time,s,45,0.02598,0.02566,0.02723,0.01097
Time,s,45,0.0246,0.0275,0.02672,0.0121
Time,s,45,0.0269,0.02582,0.02668,0.01139
Time,s,45,0.02656,0.02522,0.02626,0.01213
Time,s,45,0.02614,0.02541,0.0269,0.01187
Time,s,45,0.02509,0.02498,0.02517,0.01146
Time,s,45,0.02487,0.02671,0.02598,0.0114
Time,s,45,0.02473,0.02598,0.02517,0.01128
Time,s,45,0.02552,0.029,0.02704,0.012
Time,s,45,0.02497,0.02656,0.02595,0.01193
Time,s,45,0.02524,0.02587,0.02573,0.01256
Time,s,45,0.02507,0.02739,0.02616,0.01098
Time,s,45,0.02572,0.02584,0.02607,0.01122
Time,s,45,0.02495,0.02854,0.02502,0.01182
Time,s,45,0.024,0.02525,0.02547,0.01157
Time,s,45,0.02351,0.02553,0.02481,0.01152
Time,s,45,0.02427,0.02564,0.02538,0.01123
Time,s,45,0.02468,0.02468,0.02535,0.01173
Time,s,45,0.02453,0.02738,0.0266,0.01134
Time,s,45,0.02636,0.02534,0.02554,0.01133
Time,s,45,0.02602,0.02754,0.02703,0.01174
Time,s,45,0.02445,0.02484,0.02749,0.01103
Time,s,45,0.02488,0.02448,0.02578,0.0111
Time,s,45,0.02543,0.02729,0.02436,0.01119
Time,s,45,0.02461,0.02518,0.02603,0.0116
Time,s,45,0.02522,0.02784,0.02562,0.0107
Time,s,45,0.02491,0.02471,0.02632,0.01174
Time,s,45,0.02473,0.02615,0.02673,0.01199
Time,s,45,0.02558,0.02593,0.02572,0.01081
Time,s,45,0.02516,0.02577,0.02703,0.01135
Time,s,45,0.02524,0.02531,0.02638,0.0104
Time,s,45,0.02515,0.02518,0.02643,0.01174
Time,s,45,0.02621,0.02632,0.02719,0.01175
Time,s,45,0.02447,0.02532,0.0273,0.012
Time,s,45,0.02388,0.02512,0.02564,0.01204
Time,s,45,0.02644,0.02478,0.02672,0.01261
Time,s,45,0.02461,0.02539,0.02689,0.01199
Time,s,45,0.025,0.02501,0.02544,0.01146
Time,s,45,0.02609,0.02539,0.02619,0.0112
Time,s,45,0.0253,0.02632,0.02658,0.01102
Time,s,45,0.02566,0.02542,0.02532,0.01158
Time,s,45,0.02486,0.02488,0.02559,0.01178
Time,s,45,0.02573,0.02538,0.02602,0.01153
Time,s,45,0.02344,0.02491,0.02474,0.01081
Time,s,45,0.02428,0.02623,0.0252,0.01118
Time,s,45,0.02514,0.0245,0.02623,0.01144
Time,s,45,0.02468,0.02562,0.02576,0.01107
Time,s,45,0.02425,0.02534,0.02631,0.01098
Time,s,45,0.02408,0.02477,0.02618,0.01129
Time,s,45,0.02643,0.02516,0.02637,0.01139
Time,s,45,0.0261,0.02575,0.02712,0.01095
Time,s,45,0.02436,0.02464,0.02616,0.01139
Time,s,45,0.0253,0.02596,0.02623,0.01127
Time,s,45,0.02449,0.02571,0.02698,0.01169
Time,s,45,0.02405,0.0261,0.02582,0.01119
Time,s,45,0.02429,0.02512,0.02702,0.01054
Time,s,45,0.02458,0.02497,0.02648,0.01174
Time,s,45,0.02397,0.02494,0.02549,0.01169
Time,s,45,0.02379,0.02538,0.02554,0.01172
Time,s,45,0.02411,0.0249,0.02612,0.01115
Time,s,45,0.02472,0.02432,0.02765,0.01141
Time,s,45,0.02509,0.02498,0.02581,0.01188
Time,s,45,0.02429,0.02493,0.02573,0.01139
Time,s,45,0.02361,0.02515,0.02681,0.01249
Time,s,45,0.02426,0.02484,0.02547,0.01147
Time,s,45,0.02593,0.02547,0.02565,0.01114
Time,s,45,0.0245,0.02703,0.02665,0.01109
Time,s,45,0.02551,0.02618,0.02628,0.01107
Time,s,45,0.02489,0.02622,0.02625,0.0115
Time,s,45,0.02432,0.02699,0.02514,0.01097
Time,s,45,0.02509,0.02584,0.02549,0.01155
Time,s,45,0.02437,0.02592,0.02538,0.01134
Time,s,45,0.02481,0.02483,0.02616,0.01148
Time,s,45,0.02401,0.02515,0.02604,0.01116
Time,s,45,0.02471,0.0253,0.02525,0.01092
Time,s,45,0.02437,0.02461,0.02603,0.01051
Time,s,45,0.02598,0.02469,0.02548,0.0113
Time,s,45,0.02485,0.02477,0.02523,0.01102
Time,s,45,0.02479,0.02672,0.02476,0.01195
Time,s,45,0.02537,0.02428,0.02721,0.01176
Time,s,45,0.02502,0.02586,0.02664,0.01066
Time,s,45,0.02615,0.02501,0.02694,0.01128
Time,s,45,0.02493,0.02588,0.0253,0.01078
Time,s,45,0.02459,0.02495,0.02543,0.011
Time,s,45,0.02496,0.02433,0.02558,0.01158
Time,s,45,0.02582,0.02602,0.02525,0.01164
Time,s,45,0.02452,0.0252,0.02671,0.0111
Time,s,45,0.02396,0.02561,0.02484,0.01234
Time,s,45,0.02462,0.02643,0.02564,0.01115
Time,s,45,0.02412,0.02578,0.02744,0.01125
Time,s,45,0.02378,0.02528,0.02679,0.01147
Time,s,45,0.02603,0.02514,0.02641,0.01142
Time,s,45,0.02477,0.02528,0.02529,0.011
Time,s,45,0.0237,0.02469,0.02536,0.01136
Time,s,45,0.02524,0.0256,0.02738,0.01076
Time,s,46,0.05941,0.06006,0.06312,0.01384
Time,s,46,0.05914,0.05921,0.05935,0.01257
Time,s,46,0.05788,0.05924,0.05791,0.01196
Time,s,46,0.05713,0.05876,0.05946,0.0116
Time,s,46,0.05682,0.05762,0.06047,0.01217
Time,s,46,0.05728,0.06033,0.05867,0.01225
Time,s,46,0.0599,0.05734,0.05956,0.01258
Time,s,46,0.0595,0.05747,0.05986,0.01283
Time,s,46,0.0608,0.05893,0.06009,0.01329
Time,s,46,0.05824,0.05901,0.06194,0.01089
Time,s,46,0.0576,0.0601,0.05956,0.01299
Time,s,46,0.05781,0.05967,0.06251,0.01191
Time,s,46,0.05888,0.05759,0.06214,0.01196
Time,s,46,0.05918,0.05844,0.06229,0.0116
Time,s,46,0.05852,0.05702,0.06185,0.01142
Time,s,46,0.05822,0.05915,0.06181,0.01091
Time,s,46,0.05767,0.06082,0.06133,0.01133
Time,s,46,0.05709,0.05923,0.05941,0.01184
Time,s,46,0.05991,0.0602,0.05889,0.0122
Time,s,46,0.05894,0.06069,0.05841,0.01201
Time,s,46,0.05908,0.05758,0.05873,0.01193
Time,s,46,0.06044,0.06015,0.05864,0.01191
Time,s,46,0.06356,0.05917,0.06052,0.01147
Time,s,46,0.0593,0.05908,0.05974,0.01105
Time,s,46,0.05871,0.06364,0.05949,0.01202
Time,s,46,0.05805,0.05869,0.05813,0.01217
Time,s,46,0.05837,0.05898,0.06255,0.01217
Time,s,46,0.05859,0.05903,0.06502,0.01083
Time,s,46,0.05964,0.06012,0.06025,0.01271
Time,s,46,0.06026,0.0587,0.06101,0.01103
Time,s,46,0.05942,0.05919,0.05962,0.0115
Time,s,46,0.05957,0.05956,0.06154,0.0183
Time,s,46,0.06024,0.06258,0.06017,0.01206
Time,s,46,0.05781,0.05969,0.05966,0.01205
Time,s,46,0.05828,0.05881,0.06046,0.01131
Time,s,46,0.05977,0.05817,0.06091,0.01109
Time,s,46,0.05833,0.06154,0.05868,0.01297
Time,s,46,0.05821,0.05929,0.05859,0.0115
Time,s,46,0.05816,0.05902,0.05972,0.01081
Time,s,46,0.05851,0.05852,0.06097,0.01185
Time,s,46,0.05871,0.05996,0.05928,0.01137
Time,s,46,0.05739,0.05889,0.05774,0.01178
Time,s,46,0.0593,0.05832,0.06181,0.01261
Time,s,46,0.0598,0.05763,0.06031,0.01127
Time,s,46,0.06119,0.05773,0.06159,0.01216
Time,s,46,0.05931,0.06066,0.06124,0.01247
Time,s,46,0.06108,0.06054,0.05966,0.01238
Time,s,46,0.06145,0.06023,0.05912,0.01309
Time,s,46,0.06484,0.0595,0.06079,0.01209
Time,s,46,0.06014,0.05958,0.06177,0.01147
Time,s,46,0.05893,0.06486,0.05939,0.01236
Time,s,46,0.05772,0.06005,0.06203,0.01182
Time,s,46,0.05976,0.05884,0.06299,0.0111
Time,s,46,0.05916,0.06059,0.06373,0.01203
Time,s,46,0.05925,0.05774,0.0603,0.01132
Time,s,46,0.05746,0.05834,0.06052,0.01161
Time,s,46,0.05927,0.05927,0.06031,0.01347
Time,s,46,0.05816,0.05982,0.06192,0.01157
Time,s,46,0.05907,0.05977,0.06097,0.01166
Time,s,46,0.05934,0.05887,0.05878,0.01233
Time,s,46,0.06061,0.065,0.05991,0.01158
Time,s,46,0.05907,0.05946,0.06419,0.01216
Time,s,46,0.06035,0.05802,0.06067,0.01269
Time,s,46,0.05831,0.05889,0.05948,0.01183
Time,s,46,0.0591,0.05896,0.06234,0.01107
Time,s,46,0.0599,0.0575,0.06248,0.01223
Time,s,46,0.06299,0.05908,0.06193,0.01136
Time,s,46,0.06285,0.05849,0.05899,0.01172
Time,s,46,0.06385,0.05863,0.05925,0.01138
Time,s,46,0.05944,0.06016,0.0583,0.01145
Time,s,46,0.0579,0.05929,0.06001,0.011
Time,s,46,0.05765,0.06022,0.06098,0.01126
Time,s,46,0.05944,0.05823,0.06122,0.01148
Time,s,46,0.05888,0.05856,0.05982,0.01144
Time,s,46,0.06327,0.05806,0.06019,0.01138
Time,s,46,0.05978,0.06288,0.05938,0.01104
Time,s,46,0.05849,0.06181,0.05901,0.0116
Time,s,46,0.0575,0.06223,0.06003,0.01147
Time,s,46,0.05833,0.05882,0.05949,0.0114
Time,s,46,0.06089,0.06048,0.06371,0.01124
Time,s,46,0.05971,0.05908,0.05934,0.01234
Time,s,46,0.06077,0.05945,0.06218,0.01202
Time,s,46,0.06046,0.05911,0.06243,0.01143
Time,s,46,0.05913,0.05912,0.05956,0.01161
Time,s,46,0.05845,0.05955,0.05905,0.01254
Time,s,46,0.05918,0.06078,0.06037,0.01172
Time,s,46,0.05822,0.05941,0.06277,0.01271
Time,s,46,0.05857,0.05879,0.06445,0.01213
Time,s,46,0.05888,0.05946,0.05978,0.0116
Time,s,46,0.06049,0.06055,0.06155,0.01139
Time,s,46,0.05899,0.05963,0.05929,0.01119
Time,s,46,0.0589,0.05886,0.0589,0.01161
Time,s,46,0.06024,0.05874,0.06044,0.01219
Time,s,46,0.05807,0.06012,0.06232,0.01183
Time,s,46,0.05769,0.058,0.06108,0.01298
Time,s,46,0.05957,0.05872,0.06084,0.01148
Time,s,46,0.05951,0.06081,0.06211,0.01239
Time,s,46,0.05907,0.06002,0.06131,0.01259
Time,s,46,0.05974,0.05811,0.0599,0.01317
Time,s,46,0.06063,0.05814,0.06125,0.01168
Time,s,47,0.27199,0.26532,0.27217,0.14655
Time,s,47,0.29275,0.29546,0.29354,0.17023
Time,s,47,0.33935,0.34499,0.35203,0.26359
Time,s,47,0.30762,0.29973,0.31209,0.20517
Time,s,47,0.29037,0.30189,0.30877,0.17961
Time,s,47,0.31983,0.31769,0.2981,0.19789
Time,s,47,0.29746,0.29817,0.31516,0.20333
Time,s,47,0.29671,0.29365,0.30902,0.17185
Time,s,47,0.30112,0.33719,0.29666,0.17404
Time,s,47,0.28736,0.2923,0.30761,0.20006
Time,s,47,0.30745,0.29349,0.32543,0.18054
Time,s,47,0.31215,0.29079,0.30339,0.16952
Time,s,47,0.2948,0.31493,0.30767,0.18653
Time,s,47,0.29976,0.28348,0.28703,0.17044
Time,s,47,0.28417,0.32986,0.30261,0.17571
Time,s,47,0.29381,0.28986,0.3117,0.19325
Time,s,47,0.28834,0.30929,0.30508,0.17223
Time,s,47,0.32525,0.28828,0.3016,0.19423
Time,s,47,0.29885,0.28793,0.31135,0.20433
Time,s,47,0.28911,0.28727,0.29641,0.1607
Time,s,47,0.28586,0.28628,0.29654,0.16404
Time,s,47,0.29585,0.29999,0.30671,0.17647
Time,s,47,0.29399,0.29385,0.3041,0.1636
Time,s,47,0.29174,0.28263,0.29509,0.18281
Time,s,47,0.28633,0.28667,0.29478,0.17001
Time,s,47,0.29753,0.29389,0.30151,0.18076
Time,s,47,0.28951,0.33413,0.29374,0.16196
Time,s,47,0.28236,0.28591,0.30866,0.17525
Time,s,47,0.28217,0.29902,0.30587,0.201
Time,s,47,0.28986,0.31781,0.28283,0.17372
Time,s,47,0.28892,0.28251,0.29187,0.16927
Time,s,47,0.29702,0.28234,0.2937,0.17011
Time,s,47,0.29652,0.28872,0.31396,0.1703
Time,s,47,0.28588,0.28928,0.29524,0.17276
Time,s,47,0.29125,0.28608,0.29927,0.15958
Time,s,47,0.28832,0.30699,0.29292,0.15772
Time,s,47,0.30073,0.30103,0.29206,0.18557
Time,s,47,0.28601,0.28755,0.29759,0.17596
Time,s,47,0.28948,0.28294,0.29117,0.17152
Time,s,47,0.28622,0.29301,0.30207,0.1607
Time,s,47,0.27615,0.28625,0.31426,0.16348
Time,s,47,0.28063,0.27808,0.29848,0.16364
Time,s,47,0.28274,0.28536,0.29386,0.18553
Time,s,47,0.28868,0.30231,0.29829,0.16655
Time,s,47,0.28387,0.28622,0.28977,0.16596
Time,s,47,0.29272,0.27812,0.28466,0.18329
Time,s,47,0.28483,0.27428,0.30358,0.17439
Time,s,47,0.29171,0.29661,0.29626,0.16332
Time,s,47,0.29228,0.31489,0.29822,0.17146
Time,s,47,0.27857,0.28962,0.29171,0.16421
Time,s,47,0.26879,0.28518,0.29902,0.1721
Time,s,47,0.28262,0.28324,0.29709,0.16923
Time,s,47,0.28858,0.28996,0.28662,0.16919
Time,s,47,0.28169,0.28822,0.29406,0.15783
Time,s,47,0.27212,0.29065,0.30164,0.20959
Time,s,47,0.28194,0.28216,0.29531,0.17315
Time,s,47,0.29845,0.28223,0.29701,0.16869
Time,s,47,0.27505,0.29006,0.2894,0.16676
Time,s,47,0.28053,0.28807,0.27891,0.16039
Time,s,47,0.27676,0.28272,0.28965,0.18573
Time,s,47,0.28799,0.28039,0.28405,0.16614
Time,s,47,0.30688,0.28863,0.28638,0.19535
Time,s,47,0.29288,0.28741,0.28187,0.16096
Time,s,47,0.28217,0.2884,0.2877,0.16295
Time,s,47,0.28957,0.27033,0.28561,0.16191
Time,s,47,0.28707,0.33042,0.28469,0.16811
Time,s,47,0.28434,0.28205,0.29297,0.21521
Time,s,47,0.28795,0.27937,0.28112,0.16176
Time,s,47,0.29162,0.28656,0.29472,0.15547
Time,s,47,0.28552,0.28493,0.28476,0.16692
Time,s,47,0.28689,0.29002,0.30159,0.17457
Time,s,47,0.2801,0.27628,0.29045,0.15608
Time,s,47,0.27815,0.29111,0.30093,0.1582
Time,s,47,0.27903,0.28094,0.28363,0.16307
Time,s,47,0.30094,0.28042,0.30588,0.17047
Time,s,47,0.29706,0.28967,0.30483,0.1655
Time,s,47,0.27927,0.28583,0.28747,0.15457
Time,s,47,0.28637,0.28408,0.28023,0.1637
Time,s,47,0.28254,0.2907,0.29448,0.15798
Time,s,47,0.27764,0.28172,0.29119,0.17901
Time,s,47,0.27405,0.28432,0.29049,0.16447
Time,s,47,0.28527,0.28108,0.28973,0.17088
Time,s,47,0.27745,0.28733,0.28131,0.1675
Time,s,47,0.30121,0.28774,0.29034,0.15611
Time,s,47,0.28856,0.28914,0.2766,0.15809
Time,s,47,0.28907,0.28129,0.28828,0.16222
Time,s,47,0.28977,0.27868,0.29061,0.16625
Time,s,47,0.28122,0.29163,0.29315,0.17575
Time,s,47,0.28903,0.28768,0.2846,0.16278
Time,s,47,0.29127,0.29276,0.28431,0.16631
Time,s,47,0.27508,0.28298,0.2897,0.16696
Time,s,47,0.27732,0.28161,0.29024,0.20181
Time,s,47,0.27891,0.29199,0.29281,0.16777
Time,s,47,0.28062,0.2795,0.29336,0.1629
Time,s,47,0.28997,0.29108,0.28262,0.16263
Time,s,47,0.28199,0.27824,0.28738,0.15974
Time,s,47,0.2709,0.27242,0.28898,0.16142
Time,s,47,0.29843,0.28716,0.29025,0.16489
Time,s,47,0.27623,0.29177,0.29149,0.16831
Time,s,47,0.28245,0.2845,0.2952,0.17181
Time,s,48,0.06515,0.07271,0.0704,0.01224
Time,s,48,0.06578,0.06466,0.06617,0.00994
Time,s,48,0.06649,0.06576,0.06792,0.00838
Time,s,48,0.06466,0.06547,0.06555,0.00642
Time,s,48,0.06668,0.06399,0.06648,0.0066
Time,s,48,0.06504,0.06672,0.06663,0.00779
Time,s,48,0.06583,0.06586,0.06516,0.0066
Time,s,48,0.06307,0.06346,0.06396,0.00754
Time,s,48,0.06654,0.0627,0.06682,0.00736
Time,s,48,0.06186,0.0652,0.06352,0.00644
Time,s,48,0.06349,0.06427,0.0636,0.00766
Time,s,48,0.06183,0.06402,0.06606,0.00671
Time,s,48,0.06222,0.06301,0.06843,0.00762
Time,s,48,0.06408,0.0627,0.06517,0.00697
Time,s,48,0.06185,0.06022,0.06429,0.00704
Time,s,48,0.06159,0.06062,0.06229,0.00684
Time,s,48,0.06824,0.06005,0.06224,0.00717
Time,s,48,0.0623,0.06691,0.06263,0.00647
Time,s,48,0.05983,0.0609,0.06004,0.00811
Time,s,48,0.06059,0.05967,0.06083,0.0067
Time,s,48,0.06521,0.06161,0.0614,0.0064
Time,s,48,0.06129,0.0603,0.06248,0.00759
Time,s,48,0.06347,0.05941,0.05964,0.00818
Time,s,48,0.06291,0.05858,0.06045,0.00674
Time,s,48,0.06162,0.06116,0.0607,0.00693
Time,s,48,0.05898,0.0606,0.06141,0.00765
Time,s,48,0.05908,0.0594,0.06189,0.00647
Time,s,48,0.05894,0.05918,0.06049,0.00774
Time,s,48,0.06034,0.0591,0.05992,0.00685
Time,s,48,0.0595,0.05815,0.05791,0.00688
Time,s,48,0.05721,0.06257,0.06012,0.00615
Time,s,48,0.06026,0.06116,0.06023,0.00828
Time,s,48,0.05836,0.06126,0.06183,0.00589
Time,s,48,0.06075,0.06115,0.06748,0.00632
Time,s,48,0.05886,0.05995,0.06244,0.00682
Time,s,48,0.05855,0.05872,0.0613,0.00738
Time,s,48,0.05918,0.05961,0.05994,0.00798
Time,s,48,0.0612,0.05908,0.06553,0.00781
Time,s,48,0.05996,0.05835,0.0593,0.00871
Time,s,48,0.0584,0.05892,0.06096,0.00693
Time,s,48,0.05921,0.06089,0.05868,0.00746
Time,s,48,0.06766,0.06122,0.05852,0.00685
Time,s,48,0.06408,0.0592,0.06012,0.00609
Time,s,48,0.05911,0.06787,0.05957,0.00851
Time,s,48,0.0576,0.06156,0.061,0.00684
Time,s,48,0.06019,0.05993,0.05971,0.00881
Time,s,48,0.05828,0.05951,0.06043,0.00678
Time,s,48,0.06053,0.05897,0.05954,0.00692
Time,s,48,0.05841,0.05946,0.06087,0.00612
Time,s,48,0.05765,0.05853,0.05993,0.00713
Time,s,48,0.05845,0.06053,0.06011,0.00895
Time,s,48,0.06004,0.05983,0.0597,0.0073
Time,s,48,0.05967,0.06076,0.06033,0.0067
Time,s,48,0.05987,0.05949,0.06007,0.00711
Time,s,48,0.06605,0.06149,0.0647,0.00635
Time,s,48,0.05919,0.05956,0.05857,0.00693
Time,s,48,0.05855,0.05938,0.05911,0.00623
Time,s,48,0.06134,0.06695,0.06068,0.00955
Time,s,48,0.05932,0.06045,0.06154,0.00831
Time,s,48,0.06079,0.05942,0.05982,0.00651
Time,s,48,0.05819,0.05882,0.06018,0.00687
Time,s,48,0.05956,0.06017,0.06015,0.00693
Time,s,48,0.05881,0.05833,0.05903,0.00664
Time,s,48,0.05818,0.05957,0.06094,0.00649
Time,s,48,0.05743,0.05878,0.06204,0.00626
Time,s,48,0.05969,0.06661,0.06198,0.00873
Time,s,48,0.05761,0.05763,0.06047,0.0083
Time,s,48,0.05983,0.05881,0.0647,0.00705
Time,s,48,0.06556,0.05935,0.0616,0.00777
Time,s,48,0.05793,0.06416,0.06007,0.00646
Time,s,48,0.05824,0.05919,0.05964,0.00686
Time,s,48,0.05943,0.05827,0.06066,0.00892
Time,s,48,0.05946,0.05923,0.06095,0.00685
Time,s,48,0.06057,0.05771,0.05963,0.00704
Time,s,48,0.05989,0.0583,0.06178,0.00706
Time,s,48,0.05895,0.05887,0.06127,0.00634
Time,s,48,0.05907,0.05939,0.06093,0.00922
Time,s,48,0.05898,0.05907,0.06047,0.00669
Time,s,48,0.05844,0.05944,0.06047,0.00702
Time,s,48,0.05976,0.05936,0.0619,0.00602
Time,s,48,0.05861,0.05906,0.0586,0.00721
Time,s,48,0.05989,0.05835,0.06058,0.0064
Time,s,48,0.06091,0.05781,0.0616,0.00827
Time,s,48,0.05927,0.0583,0.05951,0.00668
Time,s,48,0.06006,0.06016,0.06013,0.0088
Time,s,48,0.05984,0.05995,0.0598,0.00735
Time,s,48,0.06016,0.06024,0.05876,0.0064
Time,s,48,0.05825,0.05887,0.06398,0.00908
Time,s,48,0.05791,0.05934,0.0596,0.00739
Time,s,48,0.06695,0.05912,0.06119,0.0064
Time,s,48,0.06004,0.05916,0.06251,0.00714
Time,s,48,0.05873,0.05894,0.05826,0.00682
Time,s,48,0.06024,0.05822,0.05881,0.02534
Time,s,48,0.0588,0.05815,0.0588,0.00833
Time,s,48,0.06614,0.05945,0.06041,0.00837
Time,s,48,0.05919,0.05869,0.05883,0.01996
Time,s,48,0.06601,0.06429,0.05865,0.00821
Time,s,48,0.06219,0.05888,0.05916,0.00722
Time,s,48,0.05945,0.05823,0.0603,0.0094
Time,s,48,0.06225,0.05796,0.06211,0.00682
Time,s,49,0.04216,0.04948,0.04412,0.03123
Time,s,49,0.04097,0.04148,0.04064,0.03613
Time,s,49,0.04158,0.04143,0.0603,0.03051
Time,s,49,0.0403,0.04092,0.04195,0.03187
Time,s,49,0.04077,0.04068,0.04175,0.02819
Time,s,49,0.04249,0.04155,0.04167,0.02967
Time,s,49,0.04184,0.04407,0.04097,0.02663
Time,s,49,0.04189,0.04301,0.04203,0.02659
Time,s,49,0.04104,0.04149,0.04297,0.02774
Time,s,49,0.04123,0.04188,0.04216,0.02875
Time,s,49,0.04046,0.04239,0.04395,0.02662
Time,s,49,0.04228,0.04091,0.04295,0.02701
Time,s,49,0.04141,0.04187,0.04197,0.02824
Time,s,49,0.04091,0.04159,0.0424,0.02679
Time,s,49,0.04076,0.04175,0.04235,0.02682
Time,s,49,0.04037,0.04176,0.04286,0.03136
Time,s,49,0.04107,0.04192,0.04292,0.03062
Time,s,49,0.04039,0.04248,0.04253,0.02706
Time,s,49,0.04005,0.04189,0.04284,0.02686
Time,s,49,0.04249,0.04149,0.04145,0.02712
Time,s,49,0.04159,0.04278,0.04175,0.02654
Time,s,49,0.04074,0.04166,0.04156,0.02701
Time,s,49,0.04087,0.04132,0.04286,0.02618
Time,s,49,0.04124,0.04124,0.04444,0.02807
Time,s,49,0.04016,0.04061,0.04385,0.02717
Time,s,49,0.04018,0.04106,0.04249,0.027
Time,s,49,0.04195,0.04097,0.04285,0.02785
Time,s,49,0.04133,0.04138,0.04216,0.0287
Time,s,49,0.0415,0.04127,0.04302,0.02698
Time,s,49,0.04411,0.04119,0.04302,0.02688
Time,s,49,0.04083,0.04169,0.04332,0.0251
Time,s,49,0.04017,0.0438,0.04418,0.02381
Time,s,49,0.04029,0.04348,0.04336,0.02354
Time,s,49,0.03997,0.04181,0.04345,0.02377
Time,s,49,0.04684,0.04235,0.04315,0.02255
Time,s,49,0.04093,0.04232,0.04549,0.0248
Time,s,49,0.04054,0.041,0.04399,0.02355
Time,s,49,0.04295,0.04011,0.04421,0.02294
Time,s,49,0.04134,0.04069,0.04293,0.02415
Time,s,49,0.04203,0.04187,0.0412,0.02316
Time,s,49,0.0432,0.0404,0.04063,0.02388
Time,s,49,0.04095,0.04096,0.04159,0.02427
Time,s,49,0.04135,0.04033,0.04072,0.02347
Time,s,49,0.0405,0.04159,0.04205,0.02482
Time,s,49,0.04047,0.04176,0.04149,0.02378
Time,s,49,0.04079,0.04185,0.04231,0.02406
Time,s,49,0.04101,0.04096,0.04064,0.02446
Time,s,49,0.04022,0.04138,0.04161,0.0239
Time,s,49,0.04078,0.04069,0.04392,0.02305
Time,s,49,0.04056,0.05776,0.04183,0.02381
Time,s,49,0.03942,0.04135,0.04348,0.02396
Time,s,49,0.04026,0.04098,0.04594,0.02474
Time,s,49,0.04006,0.04106,0.04356,0.02554
Time,s,49,0.04083,0.04033,0.04368,0.02402
Time,s,49,0.04138,0.04019,0.04345,0.02459
Time,s,49,0.04199,0.04147,0.04187,0.0236
Time,s,49,0.0399,0.04143,0.04167,0.02331
Time,s,49,0.04121,0.04147,0.04226,0.025
Time,s,49,0.04053,0.04162,0.0429,0.02485
Time,s,49,0.04091,0.04193,0.04893,0.02353
Time,s,49,0.04147,0.04236,0.04184,0.02357
Time,s,49,0.04021,0.04221,0.04247,0.02344
Time,s,49,0.04037,0.04243,0.04215,0.02449
Time,s,49,0.04233,0.04177,0.04278,0.02354
Time,s,49,0.04091,0.04242,0.04376,0.02291
Time,s,49,0.04115,0.0419,0.04235,0.02352
Time,s,49,0.04085,0.04203,0.04244,0.02302
Time,s,49,0.04432,0.04099,0.04164,0.02273
Time,s,49,0.04602,0.04145,0.04192,0.0255
Time,s,49,0.04171,0.04448,0.04171,0.02444
Time,s,49,0.04142,0.04161,0.04155,0.02286
Time,s,49,0.04434,0.04144,0.04261,0.0235
Time,s,49,0.04355,0.04061,0.04532,0.02412
Time,s,49,0.04285,0.04054,0.0431,0.02328
Time,s,49,0.04119,0.04256,0.04329,0.02396
Time,s,49,0.03994,0.04261,0.05162,0.02522
Time,s,49,0.04056,0.04201,0.04202,0.02336
Time,s,49,0.03988,0.04122,0.04201,0.03422
Time,s,49,0.04,0.04231,0.04083,0.02768
Time,s,49,0.04101,0.04128,0.04167,0.02504
Time,s,49,0.04159,0.04089,0.0429,0.02321
Time,s,49,0.04308,0.04224,0.04223,0.02348
Time,s,49,0.04206,0.04021,0.04218,0.02392
Time,s,49,0.04128,0.0443,0.04423,0.02402
Time,s,49,0.04539,0.04107,0.04322,0.02397
Time,s,49,0.04129,0.04063,0.04216,0.02389
Time,s,49,0.04067,0.04052,0.04371,0.02461
Time,s,49,0.04052,0.04144,0.04293,0.02408
Time,s,49,0.0412,0.03977,0.04269,0.0238
Time,s,49,0.04083,0.04192,0.04188,0.02467
Time,s,49,0.04141,0.04074,0.04304,0.02331
Time,s,49,0.04043,0.04051,0.04363,0.02365
Time,s,49,0.04099,0.04209,0.04193,0.02357
Time,s,49,0.04067,0.04042,0.04277,0.0234
Time,s,49,0.04033,0.04073,0.04333,0.02292
Time,s,49,0.04123,0.04003,0.04156,0.02506
Time,s,49,0.0411,0.04092,0.04718,0.02282
Time,s,49,0.04153,0.04168,0.04204,0.02367
Time,s,49,0.04101,0.04048,0.04237,0.02508
Time,s,49,0.04096,0.04663,0.04594,0.02313
Time,s,50,0.05733,0.05867,0.05864,0.05508
Time,s,50,0.06033,0.05808,0.06199,0.05519
Time,s,50,0.05818,0.05979,0.06092,0.05644
Time,s,50,0.06217,0.06499,0.05948,0.05551
Time,s,50,0.05994,0.06255,0.05913,0.05592
Time,s,50,0.0592,0.06148,0.05858,0.05658
Time,s,50,0.05821,0.06042,0.06192,0.05623
Time,s,50,0.05861,0.05869,0.05915,0.06441
Time,s,50,0.05932,0.05933,0.05841,0.05624
Time,s,50,0.05956,0.05949,0.06003,0.05656
Time,s,50,0.06088,0.05908,0.05887,0.05645
Time,s,50,0.05861,0.05886,0.05879,0.05616
Time,s,50,0.05793,0.05988,0.05845,0.05693
Time,s,50,0.06291,0.06258,0.06001,0.05656
Time,s,50,0.05971,0.05881,0.06057,0.0558
Time,s,50,0.05933,0.06147,0.06116,0.05744
Time,s,50,0.05874,0.06096,0.05948,0.05547
Time,s,50,0.06117,0.06016,0.05859,0.05839
Time,s,50,0.05946,0.05927,0.06063,0.05667
Time,s,50,0.05849,0.05886,0.06012,0.05568
Time,s,50,0.06091,0.05897,0.05927,0.05577
Time,s,50,0.05847,0.05832,0.05955,0.05698
Time,s,50,0.05809,0.05872,0.05972,0.05571
Time,s,50,0.05886,0.05866,0.06352,0.05601
Time,s,50,0.06237,0.05846,0.06197,0.05627
Time,s,50,0.05851,0.05996,0.05842,0.05592
Time,s,50,0.05791,0.0599,0.06093,0.0591
Time,s,50,0.05815,0.05939,0.05969,0.0631
Time,s,50,0.05958,0.0603,0.0612,0.05602
Time,s,50,0.05789,0.05977,0.05978,0.05636
Time,s,50,0.06344,0.05886,0.05925,0.05665
Time,s,50,0.05912,0.06791,0.05913,0.05715
Time,s,50,0.05903,0.05879,0.06215,0.05615
Time,s,50,0.05855,0.05849,0.05991,0.0562
Time,s,50,0.05891,0.06348,0.06331,0.05673
Time,s,50,0.0613,0.05948,0.05882,0.06199
Time,s,50,0.05808,0.06011,0.05888,0.05679
Time,s,50,0.05818,0.05923,0.05979,0.05641
Time,s,50,0.0598,0.0588,0.05958,0.05618
Time,s,50,0.0658,0.06098,0.05863,0.0558
Time,s,50,0.06697,0.05904,0.059,0.05594
Time,s,50,0.06927,0.05869,0.05958,0.05711
Time,s,50,0.06813,0.05823,0.05875,0.0558
Time,s,50,0.0632,0.05789,0.05881,0.05592
Time,s,50,0.06731,0.05893,0.05869,0.05778
Time,s,50,0.06865,0.05838,0.05856,0.05601
Time,s,50,0.06889,0.05836,0.05893,0.05715
Time,s,50,0.06803,0.05884,0.05949,0.05579
Time,s,50,0.05971,0.05928,0.05874,0.05627
Time,s,50,0.05957,0.05881,0.06088,0.05783
Time,s,50,0.05839,0.05834,0.06668,0.05685
Time,s,50,0.05851,0.058,0.05959,0.05581
Time,s,50,0.06001,0.05868,0.05918,0.05604
Time,s,50,0.0587,0.05889,0.05861,0.05604
Time,s,50,0.05852,0.05997,0.05979,0.0565
Time,s,50,0.06394,0.05874,0.06097,0.05636
Time,s,50,0.05959,0.0611,0.05963,0.056
Time,s,50,0.06274,0.06062,0.06797,0.05594
Time,s,50,0.05951,0.06201,0.0606,0.05832
Time,s,50,0.05841,0.0589,0.06059,0.05864
Time,s,50,0.06102,0.05814,0.06075,0.05605
Time,s,50,0.05954,0.05916,0.05984,0.05603
Time,s,50,0.0588,0.05854,0.05961,0.05757
Time,s,50,0.05788,0.05925,0.05928,0.06913
Time,s,50,0.05811,0.05849,0.05971,0.05709
Time,s,50,0.05997,0.05935,0.05895,0.05633
Time,s,50,0.05802,0.06364,0.06038,0.05652
Time,s,50,0.05862,0.05808,0.06058,0.05699
Time,s,50,0.0576,0.05825,0.06367,0.05761
Time,s,50,0.05808,0.06141,0.06095,0.05572
Time,s,50,0.05809,0.05886,0.05943,0.05617
Time,s,50,0.05814,0.05814,0.0597,0.05649
Time,s,50,0.05793,0.05894,0.059,0.05788
Time,s,50,0.05816,0.05839,0.05924,0.05641
Time,s,50,0.05875,0.05862,0.05918,0.05585
Time,s,50,0.05923,0.05972,0.05847,0.05586
Time,s,50,0.05866,0.05817,0.06653,0.05588
Time,s,50,0.05941,0.06036,0.0588,0.05985
Time,s,50,0.05837,0.05849,0.05869,0.05603
Time,s,50,0.05947,0.05843,0.06094,0.05538
Time,s,50,0.05957,0.05829,0.05881,0.05586
Time,s,50,0.05996,0.05802,0.05869,0.05603
Time,s,50,0.06336,0.05877,0.05882,0.05702
Time,s,50,0.05961,0.05977,0.05839,0.05619
Time,s,50,0.05864,0.06613,0.05931,0.05673
Time,s,50,0.06047,0.05897,0.06312,0.0559
Time,s,50,0.05988,0.06103,0.05861,0.05912
Time,s,50,0.05807,0.05965,0.05856,0.05698
Time,s,50,0.05808,0.05827,0.0589,0.05591
Time,s,50,0.0591,0.05859,0.05842,0.05575
Time,s,50,0.05809,0.0588,0.06059,0.05831
Time,s,50,0.05863,0.05874,0.05969,0.05911
Time,s,50,0.06398,0.05918,0.05864,0.05585
Time,s,50,0.05956,0.06078,0.05909,0.05644
Time,s,50,0.05905,0.06058,0.06024,0.05712
Time,s,50,0.06074,0.05887,0.05966,0.05575
Time,s,50,0.05957,0.05856,0.05934,0.05639
Time,s,50,0.06028,0.06015,0.05876,0.05563
Time,s,50,0.0589,0.05861,0.05889,0.05676
Time,s,50,0.05832,0.05861,0.05858,0.056
Time,s,51,1.01139,1.03042,1.05194,0.33342
Time,s,51,0.94043,0.94093,0.93001,0.35166
Time,s,51,0.93002,0.93619,0.95836,0.34187
Time,s,51,0.93477,0.9216,0.97571,0.34248
Time,s,51,0.88937,0.91619,0.94351,0.33245
Time,s,51,0.93134,0.8981,0.91234,0.3478
Time,s,51,0.88459,0.9068,0.90522,0.34813
Time,s,51,0.88841,0.89164,0.91122,0.33563
Time,s,51,0.88535,0.89027,0.89342,0.32609
Time,s,51,0.88921,0.91387,0.9064,0.34766
Time,s,51,0.89062,0.89914,0.91167,0.33086
Time,s,51,0.90322,0.89627,0.89716,0.33434
Time,s,51,0.89389,0.88889,0.91344,0.35161
Time,s,51,0.88837,0.89194,0.91309,0.33045
Time,s,51,0.88507,0.90416,0.92126,0.33142
Time,s,51,0.89149,0.88957,0.90455,0.34263
Time,s,51,0.87971,0.89998,0.89849,0.35838
Time,s,51,0.89236,0.89842,0.92101,0.3448
Time,s,51,0.88077,0.90999,0.90288,0.33601
Time,s,51,0.90599,0.90169,0.91594,0.32414
Time,s,51,0.8982,0.90864,0.91519,0.34721
Time,s,51,0.8922,0.90239,0.90054,0.33521
Time,s,51,0.88544,0.89864,0.90351,0.32987
Time,s,51,0.9075,0.89514,0.90897,0.32748
Time,s,51,0.89051,0.91581,0.90973,0.32594
Time,s,51,0.90433,0.91795,0.90851,0.32574
Time,s,51,0.89097,0.92055,0.9041,0.32421
Time,s,51,0.89561,0.91029,0.92758,0.32671
Time,s,51,0.88257,0.91324,0.90054,0.32913
Time,s,51,0.89937,0.90102,0.91157,0.32065
Time,s,51,0.91785,0.91507,0.91147,0.32387
Time,s,51,0.89111,0.90877,0.91747,0.32794
Time,s,51,0.91839,0.8898,0.91675,0.3294
Time,s,51,0.89513,0.91338,0.91158,0.31768
Time,s,51,0.89058,0.9068,0.90583,0.32584
Time,s,51,0.89843,0.90207,0.90485,0.32916
Time,s,51,0.90097,0.89058,0.91521,0.33065
Time,s,51,0.91134,0.91646,0.92211,0.3244
Time,s,51,0.9005,0.92588,0.92361,0.32013
Time,s,51,0.90608,0.91613,0.92621,0.32501
Time,s,51,0.89598,0.89931,0.92028,0.32013
Time,s,51,0.9177,0.92299,0.90473,0.32691
Time,s,51,0.89812,0.91406,0.92796,0.33068
Time,s,51,0.90775,0.91617,0.92543,0.33086
Time,s,51,0.89155,0.91023,0.91904,0.31856
Time,s,51,0.89649,0.91577,0.91876,0.31884
Time,s,51,0.9168,0.93257,0.90595,0.3287
Time,s,51,0.89293,0.90755,0.92111,0.32805
Time,s,51,0.91355,0.89445,0.9079,0.32861
Time,s,51,0.89445,0.90944,0.91748,0.32635
Time,s,51,0.89455,0.91696,0.93005,0.32548
Time,s,51,0.92011,0.91647,0.91615,0.32995
Time,s,51,0.88864,0.90699,0.9121,0.32604
Time,s,51,0.90397,0.92306,0.92992,0.32088
Time,s,51,0.90225,0.90612,0.92681,0.32845
Time,s,51,0.90761,0.9139,0.91701,0.33819
Time,s,51,0.88763,0.90945,0.91334,0.32571
Time,s,51,0.9026,0.91721,0.9185,0.32986
Time,s,51,0.89684,0.91118,0.91478,0.33263
Time,s,51,0.89908,0.90871,0.91304,0.32708
Time,s,51,0.89983,0.93016,0.91459,0.3304
Time,s,51,0.90725,0.91638,0.90568,0.32995
Time,s,51,0.89571,0.89589,0.92111,0.32237
Time,s,51,0.90852,0.90439,0.92624,0.33001
Time,s,51,0.89224,0.91828,0.92309,0.33041
Time,s,51,0.90279,0.91105,0.92369,0.32466
Time,s,51,0.88967,0.92515,0.91302,0.32548
Time,s,51,0.89777,0.91803,0.92883,0.32785
Time,s,51,0.9083,0.91536,0.90676,0.33187
Time,s,51,0.89373,0.91196,0.92602,0.32446
Time,s,51,0.89755,0.91897,0.91263,0.33199
Time,s,51,0.90796,0.93217,0.92394,0.32795
Time,s,51,0.90871,0.9022,0.92575,0.32779
Time,s,51,0.89969,0.90469,0.90742,0.32318
Time,s,51,0.88485,0.92661,0.91391,0.3248
Time,s,51,0.911,0.90039,0.93435,0.33386
Time,s,51,0.895,0.91352,0.92033,0.31987
Time,s,51,0.89287,0.91103,0.92197,0.34303
Time,s,51,0.91272,0.91715,0.91054,0.33271
Time,s,51,0.90933,0.90607,0.93766,0.32961
Time,s,51,0.92194,0.91114,0.91647,0.33819
Time,s,51,0.91397,0.9131,0.92404,0.33359
Time,s,51,0.91235,0.90406,0.91079,0.33593
Time,s,51,0.90637,0.90162,0.91583,0.32495
Time,s,51,0.89977,0.90964,0.92733,0.32759
Time,s,51,0.90802,0.91298,0.91212,0.32437
Time,s,51,0.9182,0.90726,0.92587,0.33046
Time,s,51,0.89965,0.91978,0.90523,0.32442
Time,s,51,0.90136,0.90372,0.92038,0.3268
Time,s,51,0.90202,0.91871,0.92447,0.33569
Time,s,51,0.89188,0.92076,0.91953,0.33911
Time,s,51,0.91045,0.9075,0.91443,0.32989
Time,s,51,0.89996,0.89906,0.92544,0.33394
Time,s,51,0.92655,0.9158,0.92426,0.33735
Time,s,51,0.90459,0.90206,0.91569,0.33373
Time,s,51,0.91011,0.91836,0.91496,0.32654
Time,s,51,0.91195,0.91049,0.9299,0.31794
Time,s,51,0.90369,0.91252,0.9174,0.32384
Time,s,51,0.90735,0.90143,0.9361,0.32482
Time,s,51,0.9192,0.92343,0.91335,0.33187
Time,s,52,0.023,0.02426,0.02314,0.0138
Time,s,52,0.02056,0.02401,0.02053,0.01025
Time,s,52,0.02003,0.01918,0.02183,0.00886
Time,s,52,0.01936,0.02083,0.02246,0.00947
Time,s,52,0.01963,0.01855,0.02157,0.00823
Time,s,52,0.02131,0.01981,0.02426,0.00841
Time,s,52,0.02011,0.01963,0.01971,0.0098
Time,s,52,0.01876,0.01838,0.02131,0.00782
Time,s,52,0.02177,0.01931,0.02242,0.00804
Time,s,52,0.02208,0.01837,0.02476,0.00916
Time,s,52,0.02079,0.0213,0.02182,0.00912
Time,s,52,0.02128,0.02117,0.02077,0.00874
Time,s,52,0.02125,0.02056,0.02103,0.00869
Time,s,52,0.02414,0.02098,0.02185,0.00923
Time,s,52,0.02002,0.02208,0.02229,0.00825
Time,s,52,0.02061,0.02172,0.02357,0.00809
Time,s,52,0.02139,0.02033,0.02333,0.01039
Time,s,52,0.02374,0.02642,0.02188,0.00865
Time,s,52,0.02354,0.02428,0.02532,0.00826
Time,s,52,0.02195,0.02248,0.02312,0.00849
Time,s,52,0.0232,0.03587,0.02517,0.00939
Time,s,52,0.02121,0.01985,0.02321,0.00906
Time,s,52,0.02365,0.02533,0.02527,0.00918
Time,s,52,0.02079,0.02173,0.02523,0.00744
Time,s,52,0.02333,0.02171,0.02346,0.00893
Time,s,52,0.02196,0.02189,0.02565,0.00873
Time,s,52,0.02016,0.01914,0.02449,0.00858
Time,s,52,0.02718,0.02163,0.02586,0.00838
Time,s,52,0.02179,0.02322,0.0263,0.00831
Time,s,52,0.02331,0.02345,0.01887,0.00831
Time,s,52,0.02305,0.0255,0.02689,0.01103
Time,s,52,0.02153,0.02342,0.02374,0.0082
Time,s,52,0.02943,0.0225,0.02221,0.00836
Time,s,52,0.02528,0.01828,0.0257,0.00901
Time,s,52,0.01792,0.02012,0.02523,0.00805
Time,s,52,0.01901,0.02158,0.02,0.0091
Time,s,52,0.02168,0.02201,0.0211,0.00969
Time,s,52,0.02362,0.02227,0.02424,0.00861
Time,s,52,0.01965,0.01856,0.02149,0.00936
Time,s,52,0.01818,0.02175,0.02303,0.0073
Time,s,52,0.01938,0.01916,0.02294,0.009
Time,s,52,0.02126,0.02123,0.02058,0.00838
Time,s,52,0.02117,0.0184,0.02025,0.01113
Time,s,52,0.01969,0.01886,0.02022,0.01027
Time,s,52,0.01962,0.02072,0.02167,0.00874
Time,s,52,0.01779,0.01874,0.02021,0.00933
Time,s,52,0.02068,0.0192,0.01986,0.0079
Time,s,52,0.02219,0.01862,0.01895,0.00789
Time,s,52,0.01835,0.02003,0.01949,0.00994
Time,s,52,0.02246,0.01898,0.02057,0.01007
Time,s,52,0.02004,0.02023,0.01953,0.00921
Time,s,52,0.01792,0.02183,0.02364,0.00966
Time,s,52,0.01904,0.02042,0.0198,0.01061
Time,s,52,0.02085,0.01821,0.01942,0.00951
Time,s,52,0.02147,0.01775,0.01992,0.00897
Time,s,52,0.01863,0.01969,0.02017,0.00998
Time,s,52,0.02027,0.01771,0.01992,0.00849
Time,s,52,0.01792,0.02039,0.02015,0.01007
Time,s,52,0.01884,0.01832,0.02019,0.01102
Time,s,52,0.02014,0.01898,0.02222,0.0082
Time,s,52,0.01828,0.0175,0.01931,0.00892
Time,s,52,0.02011,0.01789,0.01876,0.0102
Time,s,52,0.01986,0.01846,0.01825,0.00987
Time,s,52,0.02094,0.01914,0.02111,0.00873
Time,s,52,0.01838,0.01799,0.01896,0.00937
Time,s,52,0.01971,0.01811,0.0188,0.01067
Time,s,52,0.02006,0.01891,0.02041,0.00785
Time,s,52,0.01879,0.01837,0.01982,0.00819
Time,s,52,0.0197,0.01833,0.01878,0.00846
Time,s,52,0.0207,0.0178,0.02057,0.00931
Time,s,52,0.02034,0.01768,0.01845,0.00749
Time,s,52,0.02021,0.01856,0.01927,0.00969
Time,s,52,0.01791,0.01788,0.02156,0.00813
Time,s,52,0.01778,0.01806,0.01869,0.00895
Time,s,52,0.01815,0.01814,0.01856,0.00852
Time,s,52,0.01765,0.01835,0.02209,0.00766
Time,s,52,0.01816,0.01778,0.01854,0.00942
Time,s,52,0.01745,0.01816,0.02141,0.00849
Time,s,52,0.01795,0.01924,0.02099,0.00865
Time,s,52,0.0193,0.01757,0.01935,0.00882
Time,s,52,0.01789,0.0183,0.01818,0.00909
Time,s,52,0.01854,0.0184,0.01808,0.00953
Time,s,52,0.01822,0.01789,0.01828,0.00979
Time,s,52,0.01831,0.01875,0.01796,0.00991
Time,s,52,0.01751,0.01741,0.01895,0.00851
Time,s,52,0.01804,0.01771,0.01787,0.00783
Time,s,52,0.01787,0.02022,0.01825,0.00928
Time,s,52,0.01742,0.01841,0.01842,0.00831
Time,s,52,0.01777,0.01787,0.01804,0.00865
Time,s,52,0.01767,0.0189,0.01876,0.0091
Time,s,52,0.01777,0.01795,0.01794,0.00918
Time,s,52,0.01817,0.01835,0.01982,0.00875
Time,s,52,0.01903,0.01903,0.01979,0.00792
Time,s,52,0.01762,0.02751,0.01873,0.00871
Time,s,52,0.01702,0.01744,0.01807,0.00829
Time,s,52,0.01784,0.01759,0.01931,0.00855
Time,s,52,0.01729,0.01729,0.01827,0.0085
Time,s,52,0.01873,0.01736,0.01838,0.0091
Time,s,52,0.0175,0.01961,0.01795,0.00874
Time,s,52,0.01935,0.01773,0.0181,0.00872
Time,s,53,0.02878,0.02937,0.03132,0.02351
Time,s,53,0.03342,0.02799,0.02977,0.01821
Time,s,53,0.02919,0.02861,0.02929,0.01697
Time,s,53,0.02892,0.02872,0.03027,0.0172
Time,s,53,0.02856,0.02973,0.02907,0.01553
Time,s,53,0.02856,0.02795,0.0286,0.01542
Time,s,53,0.02795,0.02752,0.02897,0.01624
Time,s,53,0.02841,0.02781,0.03003,0.01659
Time,s,53,0.02873,0.02843,0.02897,0.01511
Time,s,53,0.02861,0.02798,0.0301,0.01512
Time,s,53,0.02848,0.02886,0.03147,0.01535
Time,s,53,0.02854,0.02861,0.03141,0.01669
Time,s,53,0.02993,0.02797,0.02939,0.01457
Time,s,53,0.0281,0.02804,0.02939,0.01464
Time,s,53,0.0296,0.0279,0.03306,0.01525
Time,s,53,0.0279,0.0286,0.02942,0.01645
Time,s,53,0.02835,0.02991,0.02932,0.01529
Time,s,53,0.02941,0.02837,0.03071,0.0151
Time,s,53,0.02832,0.02825,0.02943,0.01605
Time,s,53,0.02788,0.02833,0.02892,0.01723
Time,s,53,0.02883,0.02777,0.03193,0.0151
Time,s,53,0.02811,0.02954,0.02882,0.01446
Time,s,53,0.0274,0.02827,0.03011,0.01434
Time,s,53,0.02866,0.03251,0.03191,0.01642
Time,s,53,0.02822,0.02878,0.02897,0.01524
Time,s,53,0.02859,0.02758,0.02954,0.01475
Time,s,53,0.02859,0.02805,0.03108,0.01499
Time,s,53,0.02757,0.02772,0.03041,0.01602
Time,s,53,0.02851,0.02886,0.02951,0.01566
Time,s,53,0.02748,0.02721,0.03204,0.01655
Time,s,53,0.02769,0.02841,0.02929,0.0148
Time,s,53,0.02752,0.02893,0.02948,0.01553
Time,s,53,0.02815,0.02795,0.0323,0.0151
Time,s,53,0.0292,0.02766,0.02886,0.01483
Time,s,53,0.02852,0.0288,0.0285,0.01433
Time,s,53,0.02999,0.02767,0.04018,0.01467
Time,s,53,0.03245,0.02929,0.02939,0.01458
Time,s,53,0.02964,0.02835,0.02861,0.01414
Time,s,53,0.02782,0.02813,0.03424,0.01488
Time,s,53,0.02885,0.02829,0.02969,0.01493
Time,s,53,0.02801,0.02828,0.02916,0.01452
Time,s,53,0.02847,0.02787,0.02916,0.01436
Time,s,53,0.02816,0.03073,0.02949,0.01449
Time,s,53,0.02836,0.0281,0.02924,0.01429
Time,s,53,0.02792,0.02832,0.02892,0.01435
Time,s,53,0.02938,0.02831,0.03053,0.01557
Time,s,53,0.02826,0.02983,0.0298,0.0148
Time,s,53,0.02804,0.02751,0.02898,0.01455
Time,s,53,0.02852,0.02882,0.03042,0.01441
Time,s,53,0.02871,0.0312,0.03131,0.01457
Time,s,53,0.02918,0.02755,0.02986,0.01446
Time,s,53,0.02879,0.02915,0.0297,0.01488
Time,s,53,0.02853,0.03101,0.02924,0.01522
Time,s,53,0.02878,0.02796,0.02882,0.01433
Time,s,53,0.02857,0.02765,0.02918,0.01487
Time,s,53,0.0281,0.03143,0.03043,0.01424
Time,s,53,0.02765,0.02855,0.02899,0.0145
Time,s,53,0.02805,0.02821,0.02857,0.01501
Time,s,53,0.02796,0.02914,0.028,0.01468
Time,s,53,0.02861,0.02822,0.02953,0.01486
Time,s,53,0.02827,0.02796,0.02906,0.01487
Time,s,53,0.02958,0.02876,0.0289,0.01451
Time,s,53,0.02817,0.02768,0.03007,0.01406
Time,s,53,0.0284,0.02772,0.02989,0.01452
Time,s,53,0.02933,0.02861,0.02934,0.01521
Time,s,53,0.02857,0.0286,0.02952,0.01503
Time,s,53,0.02842,0.0277,0.03016,0.01446
Time,s,53,0.02852,0.02866,0.0289,0.01528
Time,s,53,0.0334,0.03261,0.03087,0.01436
Time,s,53,0.02937,0.03004,0.02922,0.01424
Time,s,53,0.02985,0.02825,0.02855,0.01424
Time,s,53,0.02832,0.02931,0.02898,0.0142
Time,s,53,0.02844,0.02821,0.02973,0.0151
Time,s,53,0.02951,0.02833,0.02903,0.01414
Time,s,53,0.03248,0.0292,0.02861,0.01401
Time,s,53,0.02824,0.02819,0.02882,0.01594
Time,s,53,0.0284,0.02818,0.02845,0.01498
Time,s,53,0.02875,0.0286,0.02813,0.01465
Time,s,53,0.02784,0.03133,0.02835,0.01498
Time,s,53,0.02724,0.02864,0.03307,0.0152
Time,s,53,0.02858,0.03094,0.02803,0.01478
Time,s,53,0.02753,0.02823,0.02976,0.01432
Time,s,53,0.0279,0.0279,0.02917,0.01437
Time,s,53,0.02957,0.02839,0.02848,0.01449
Time,s,53,0.02902,0.02825,0.0281,0.01487
Time,s,53,0.02744,0.02752,0.03014,0.01456
Time,s,53,0.02938,0.02874,0.02919,0.01778
Time,s,53,0.02769,0.02973,0.02893,0.01489
Time,s,53,0.02789,0.02855,0.02864,0.0144
Time,s,53,0.02885,0.02892,0.02826,0.01574
Time,s,53,0.03135,0.02813,0.02875,0.01541
Time,s,53,0.03099,0.02777,0.03028,0.01538
Time,s,53,0.02794,0.03016,0.03261,0.01448
Time,s,53,0.0299,0.0291,0.02923,0.0144
Time,s,53,0.02908,0.02775,0.02832,0.01496
Time,s,53,0.02837,0.0285,0.02874,0.0149
Time,s,53,0.02933,0.03018,0.02822,0.01467
Time,s,53,0.02911,0.02727,0.02814,0.01449
Time,s,53,0.0293,0.02785,0.02896,0.01431
Time,s,53,0.0281,0.02884,0.03011,0.01437
Time,s,54,0.02996,0.02975,0.03056,0.01779
Time,s,54,0.02869,0.02969,0.03117,0.01764
Time,s,54,0.02901,0.02923,0.0302,0.016
Time,s,54,0.03096,0.03092,0.02982,0.01474
Time,s,54,0.03039,0.0308,0.02966,0.01577
Time,s,54,0.03192,0.02964,0.03022,0.01605
Time,s,54,0.02912,0.02912,0.02963,0.01542
Time,s,54,0.03021,0.02923,0.02959,0.01517
Time,s,54,0.02999,0.0295,0.03079,0.015
Time,s,54,0.02882,0.02895,0.03093,0.01707
Time,s,54,0.03055,0.02856,0.0301,0.01503
Time,s,54,0.02991,0.02861,0.03051,0.01485
Time,s,54,0.02896,0.02891,0.03092,0.01486
Time,s,54,0.03015,0.02925,0.03141,0.01556
Time,s,54,0.03026,0.03016,0.02945,0.0148
Time,s,54,0.02912,0.0296,0.03032,0.01487
Time,s,54,0.0295,0.02988,0.03087,0.0173
Time,s,54,0.02989,0.02966,0.02957,0.01485
Time,s,54,0.03101,0.03045,0.03046,0.01451
Time,s,54,0.03031,0.02941,0.02977,0.01558
Time,s,54,0.02896,0.03176,0.03202,0.01429
Time,s,54,0.02978,0.02812,0.03054,0.01435
Time,s,54,0.03016,0.02913,0.03104,0.01522
Time,s,54,0.02929,0.03106,0.03098,0.01524
Time,s,54,0.02908,0.02835,0.0317,0.01517
Time,s,54,0.03212,0.02927,0.02972,0.01472
Time,s,54,0.02941,0.03127,0.03132,0.01649
Time,s,54,0.02919,0.02846,0.03113,0.01486
Time,s,54,0.03039,0.03114,0.03041,0.01554
Time,s,54,0.02944,0.03041,0.03098,0.01414
Time,s,54,0.02893,0.03131,0.03087,0.01527
Time,s,54,0.02969,0.03065,0.03117,0.01515
Time,s,54,0.02928,0.03145,0.02924,0.01518
Time,s,54,0.03049,0.02942,0.03091,0.02031
Time,s,54,0.02938,0.0321,0.03144,0.0172
Time,s,54,0.02873,0.02924,0.03112,0.01624
Time,s,54,0.03125,0.02934,0.03096,0.015
Time,s,54,0.02977,0.02981,0.03086,0.01539
Time,s,54,0.03036,0.03917,0.03074,0.01553
Time,s,54,0.03002,0.02969,0.02961,0.01476
Time,s,54,0.02898,0.03235,0.03021,0.01479
Time,s,54,0.0293,0.02906,0.03165,0.01564
Time,s,54,0.02925,0.02955,0.03018,0.01541
Time,s,54,0.03118,0.02875,0.03042,0.01583
Time,s,54,0.03844,0.02926,0.03331,0.01523
Time,s,54,0.02898,0.02918,0.03392,0.0172
Time,s,54,0.0305,0.02907,0.03059,0.01588
Time,s,54,0.02926,0.02865,0.03932,0.01445
Time,s,54,0.02966,0.03086,0.0316,0.01716
Time,s,54,0.03076,0.03038,0.03197,0.01499
Time,s,54,0.02843,0.03062,0.03035,0.01457
Time,s,54,0.03084,0.02949,0.02964,0.01423
Time,s,54,0.02907,0.03018,0.02989,0.01575
Time,s,54,0.0286,0.03086,0.02879,0.0155
Time,s,54,0.03048,0.02876,0.02952,0.01702
Time,s,54,0.02989,0.02998,0.02972,0.01491
Time,s,54,0.03,0.02999,0.03114,0.0145
Time,s,54,0.02986,0.02905,0.02934,0.01452
Time,s,54,0.02921,0.02987,0.03077,0.01518
Time,s,54,0.03178,0.03172,0.03024,0.01596
Time,s,54,0.02985,0.02979,0.03167,0.01718
Time,s,54,0.02961,0.0295,0.03031,0.01553
Time,s,54,0.03001,0.02984,0.03045,0.01539
Time,s,54,0.02938,0.03032,0.03028,0.01561
Time,s,54,0.02913,0.02891,0.03041,0.01573
Time,s,54,0.02929,0.02972,0.03036,0.01514
Time,s,54,0.02964,0.02976,0.02955,0.01609
Time,s,54,0.02984,0.02938,0.03126,0.01494
Time,s,54,0.03048,0.02852,0.03093,0.01597
Time,s,54,0.02812,0.0299,0.02995,0.01479
Time,s,54,0.03065,0.02869,0.03006,0.01498
Time,s,54,0.02964,0.02996,0.02928,0.01472
Time,s,54,0.02873,0.03056,0.02956,0.01502
Time,s,54,0.0313,0.03111,0.02961,0.0149
Time,s,54,0.02925,0.03018,0.03059,0.01515
Time,s,54,0.02974,0.03055,0.02986,0.01753
Time,s,54,0.02822,0.02971,0.03112,0.01481
Time,s,54,0.02906,0.02914,0.0319,0.01495
Time,s,54,0.0291,0.0291,0.03114,0.01521
Time,s,54,0.02888,0.02915,0.03267,0.01428
Time,s,54,0.02878,0.02924,0.03377,0.01503
Time,s,54,0.0305,0.02844,0.03104,0.0142
Time,s,54,0.03096,0.03117,0.0295,0.01422
Time,s,54,0.02973,0.02982,0.02886,0.01524
Time,s,54,0.02891,0.03107,0.02959,0.01478
Time,s,54,0.02907,0.0315,0.03039,0.0153
Time,s,54,0.02922,0.0287,0.02937,0.01471
Time,s,54,0.02953,0.0289,0.0292,0.0163
Time,s,54,0.02898,0.02929,0.02931,0.01419
Time,s,54,0.03048,0.02977,0.03069,0.01553
Time,s,54,0.02815,0.02815,0.03036,0.01473
Time,s,54,0.02979,0.02947,0.03029,0.01522
Time,s,54,0.02957,0.03089,0.02888,0.01659
Time,s,54,0.0307,0.0309,0.02958,0.0159
Time,s,54,0.03077,0.02981,0.02991,0.01556
Time,s,54,0.03147,0.03109,0.02919,0.01447
Time,s,54,0.03297,0.03124,0.03176,0.01527
Time,s,54,0.03,0.02868,0.03274,0.01586
Time,s,54,0.02885,0.02903,0.03138,0.01516
Time,s,54,0.02952,0.02948,0.0297,0.01525
Time,s,55,0.01781,0.0176,0.01856,0.00881
Time,s,55,0.01766,0.01747,0.01905,0.00795
Time,s,55,0.01739,0.01853,0.01795,0.00711
Time,s,55,0.01775,0.01773,0.01767,0.00772
Time,s,55,0.0184,0.01816,0.01823,0.00735
Time,s,55,0.01796,0.01958,0.01924,0.00746
Time,s,55,0.01785,0.02099,0.01987,0.00756
Time,s,55,0.01815,0.01906,0.01961,0.00784
Time,s,55,0.01786,0.01787,0.01817,0.00755
Time,s,55,0.01801,0.01801,0.01767,0.00721
Time,s,55,0.01776,0.01784,0.01808,0.00807
Time,s,55,0.01955,0.01783,0.01853,0.00745
Time,s,55,0.01811,0.01898,0.01928,0.00741
Time,s,55,0.01826,0.02084,0.01846,0.00726
Time,s,55,0.01821,0.02298,0.0182,0.00772
Time,s,55,0.02027,0.01783,0.01812,0.00874
Time,s,55,0.01824,0.01843,0.0183,0.00787
Time,s,55,0.0179,0.01831,0.01825,0.00734
Time,s,55,0.01815,0.0186,0.0185,0.00719
Time,s,55,0.01805,0.01824,0.021,0.00755
Time,s,55,0.018,0.01713,0.01904,0.0076
Time,s,55,0.01829,0.01756,0.01832,0.00754
Time,s,55,0.01956,0.01917,0.01872,0.0075
Time,s,55,0.01927,0.018,0.0187,0.00794
Time,s,55,0.01852,0.0188,0.01804,0.00713
Time,s,55,0.01738,0.01877,0.02011,0.00834
Time,s,55,0.01734,0.01973,0.01955,0.00883
Time,s,55,0.01795,0.01802,0.01819,0.00797
Time,s,55,0.01803,0.01786,0.01838,0.00776
Time,s,55,0.01811,0.01811,0.01821,0.0079
Time,s,55,0.01778,0.01792,0.02045,0.00859
Time,s,55,0.01919,0.01835,0.01861,0.00745
Time,s,55,0.01922,0.01775,0.0187,0.00864
Time,s,55,0.01869,0.0176,0.0189,0.00763
Time,s,55,0.01956,0.01769,0.01761,0.00716
Time,s,55,0.01779,0.01954,0.01812,0.00756
Time,s,55,0.01878,0.01784,0.01937,0.00752
Time,s,55,0.01939,0.01731,0.01821,0.00772
Time,s,55,0.01825,0.01786,0.01843,0.00745
Time,s,55,0.01777,0.01727,0.01788,0.00752
Time,s,55,0.01799,0.01788,0.01894,0.00818
Time,s,55,0.01924,0.01742,0.01827,0.0076
Time,s,55,0.01761,0.01882,0.01856,0.01031
Time,s,55,0.01785,0.01775,0.01869,0.00778
Time,s,55,0.01749,0.01719,0.01852,0.00756
Time,s,55,0.01878,0.01877,0.01854,0.00741
Time,s,55,0.01846,0.0179,0.01823,0.00776
Time,s,55,0.01813,0.01914,0.01858,0.00763
Time,s,55,0.01797,0.01732,0.01768,0.00754
Time,s,55,0.01748,0.01801,0.01781,0.00804
Time,s,55,0.01901,0.0175,0.0182,0.00832
Time,s,55,0.01866,0.01728,0.01819,0.00744
Time,s,55,0.01821,0.01769,0.01831,0.00709
Time,s,55,0.01772,0.01746,0.01964,0.00838
Time,s,55,0.01789,0.01743,0.01801,0.00749
Time,s,55,0.01757,0.01756,0.01866,0.00742
Time,s,55,0.01762,0.01773,0.01822,0.00771
Time,s,55,0.01818,0.0182,0.01814,0.00933
Time,s,55,0.01709,0.01763,0.01778,0.00778
Time,s,55,0.01748,0.01775,0.01846,0.00759
Time,s,55,0.01724,0.01948,0.018,0.00834
Time,s,55,0.01854,0.02015,0.01858,0.0076
Time,s,55,0.01812,0.01914,0.01838,0.00743
Time,s,55,0.01805,0.01758,0.01906,0.00734
Time,s,55,0.01804,0.01745,0.0181,0.00726
Time,s,55,0.01732,0.01802,0.01822,0.00833
Time,s,55,0.01747,0.01774,0.01812,0.00798
Time,s,55,0.01758,0.01735,0.01811,0.00872
Time,s,55,0.01836,0.01773,0.01816,0.00808
Time,s,55,0.01812,0.01728,0.01895,0.00786
Time,s,55,0.01788,0.01728,0.01809,0.00771
Time,s,55,0.01781,0.01774,0.01937,0.00764
Time,s,55,0.01761,0.01717,0.01868,0.00763
Time,s,55,0.01797,0.01759,0.0184,0.00851
Time,s,55,0.01786,0.01759,0.01956,0.00781
Time,s,55,0.01724,0.0187,0.01841,0.00755
Time,s,55,0.01784,0.01753,0.01879,0.00738
Time,s,55,0.01711,0.01856,0.01878,0.00751
Time,s,55,0.01806,0.01779,0.0194,0.00752
Time,s,55,0.01905,0.01713,0.02131,0.00731
Time,s,55,0.02127,0.01769,0.01981,0.0074
Time,s,55,0.01995,0.01775,0.01837,0.00748
Time,s,55,0.01764,0.01925,0.01819,0.00771
Time,s,55,0.0175,0.01788,0.01845,0.00719
Time,s,55,0.01761,0.0178,0.0181,0.00732
Time,s,55,0.01884,0.01756,0.01774,0.00875
Time,s,55,0.01766,0.0185,0.01866,0.00732
Time,s,55,0.01769,0.01768,0.01825,0.00769
Time,s,55,0.01792,0.01809,0.02111,0.0072
Time,s,55,0.01801,0.0188,0.01834,0.00722
Time,s,55,0.01773,0.01791,0.0183,0.0074
Time,s,55,0.01763,0.01758,0.01809,0.00774
Time,s,55,0.01786,0.01759,0.01979,0.00749
Time,s,55,0.0172,0.01728,0.01846,0.00771
Time,s,55,0.01754,0.01765,0.01817,0.007
Time,s,55,0.01775,0.01729,0.01846,0.00715
Time,s,55,0.01735,0.01904,0.01806,0.0076
Time,s,55,0.01808,0.01784,0.02122,0.00743
Time,s,55,0.01773,0.01731,0.01905,0.00731
Time,s,55,0.01839,0.01769,0.0192,0.00767
Time,s,56,0.04014,0.03865,0.04014,0.02105
Time,s,56,0.03712,0.03878,0.03869,0.02013
Time,s,56,0.04388,0.03711,0.04048,0.0195
Time,s,56,0.03815,0.03675,0.0391,0.01968
Time,s,56,0.03973,0.03773,0.03795,0.01969
Time,s,56,0.03719,0.03738,0.03813,0.02137
Time,s,56,0.03679,0.03723,0.03857,0.02059
Time,s,56,0.03607,0.03642,0.03801,0.02045
Time,s,56,0.03725,0.03778,0.03831,0.02165
Time,s,56,0.03703,0.03793,0.03793,0.02002
Time,s,56,0.03689,0.03784,0.0377,0.02026
Time,s,56,0.03721,0.03632,0.038,0.02067
Time,s,56,0.03732,0.03795,0.03769,0.02057
Time,s,56,0.0362,0.03926,0.04032,0.02184
Time,s,56,0.03509,0.03779,0.03873,0.02068
Time,s,56,0.03952,0.03668,0.03781,0.02068
Time,s,56,0.03763,0.0387,0.03961,0.02062
Time,s,56,0.03706,0.04057,0.04866,0.0202
Time,s,56,0.03934,0.03599,0.04231,0.02022
Time,s,56,0.03797,0.03713,0.04021,0.0205
Time,s,56,0.03761,0.03637,0.03815,0.02111
Time,s,56,0.03572,0.0367,0.03794,0.02046
Time,s,56,0.03675,0.03813,0.03776,0.02108
Time,s,56,0.03576,0.04243,0.03837,0.02042
Time,s,56,0.03708,0.03691,0.03739,0.01957
Time,s,56,0.04075,0.03771,0.03708,0.02162
Time,s,56,0.03958,0.03704,0.0385,0.01914
Time,s,56,0.03796,0.03693,0.03903,0.02301
Time,s,56,0.03965,0.03856,0.03746,0.02009
Time,s,56,0.04074,0.04049,0.03596,0.02123
Time,s,56,0.04001,0.03619,0.04179,0.02341
Time,s,56,0.04169,0.03693,0.03997,0.02195
Time,s,56,0.04246,0.03733,0.03719,0.02253
Time,s,56,0.03742,0.03818,0.03812,0.02079
Time,s,56,0.03984,0.03805,0.03694,0.0217
Time,s,56,0.03929,0.03935,0.03806,0.02127
Time,s,56,0.03861,0.03815,0.03927,0.01892
Time,s,56,0.04072,0.03703,0.03965,0.01999
Time,s,56,0.04074,0.03738,0.03771,0.01886
Time,s,56,0.03856,0.03744,0.03949,0.01947
Time,s,56,0.03864,0.03883,0.03792,0.02151
Time,s,56,0.04062,0.03902,0.03789,0.01919
Time,s,56,0.04037,0.03819,0.03838,0.01859
Time,s,56,0.03823,0.03732,0.03852,0.01974
Time,s,56,0.03844,0.0388,0.03743,0.02143
Time,s,56,0.04025,0.04131,0.03722,0.02246
Time,s,56,0.03794,0.038,0.0391,0.0192
Time,s,56,0.03897,0.03635,0.03744,0.01861
Time,s,56,0.03759,0.03695,0.0393,0.01934
Time,s,56,0.03885,0.03685,0.03839,0.02049
Time,s,56,0.04071,0.03915,0.03732,0.02239
Time,s,56,0.03745,0.039,0.03947,0.02014
Time,s,56,0.03867,0.04007,0.0367,0.0187
Time,s,56,0.03841,0.03601,0.03766,0.02049
Time,s,56,0.03624,0.03669,0.03824,0.01953
Time,s,56,0.03802,0.03711,0.03837,0.02065
Time,s,56,0.0365,0.03764,0.03912,0.02096
Time,s,56,0.03721,0.03856,0.03766,0.02213
Time,s,56,0.03838,0.04013,0.03825,0.02046
Time,s,56,0.03832,0.03625,0.03819,0.01863
Time,s,56,0.04085,0.03704,0.03761,0.02011
Time,s,56,0.04078,0.03699,0.03825,0.02075
Time,s,56,0.03747,0.03917,0.03939,0.02141
Time,s,56,0.03854,0.0401,0.03838,0.02052
Time,s,56,0.03781,0.04011,0.03669,0.01933
Time,s,56,0.03852,0.03717,0.03904,0.01847
Time,s,56,0.04079,0.03654,0.03941,0.02062
Time,s,56,0.03647,0.03627,0.03855,0.02036
Time,s,56,0.03782,0.04154,0.03675,0.01937
Time,s,56,0.03647,0.03628,0.03762,0.02053
Time,s,56,0.03532,0.03591,0.03777,0.01894
Time,s,56,0.04773,0.03559,0.0495,0.02003
Time,s,56,0.04176,0.03634,0.03873,0.01894
Time,s,56,0.03543,0.03607,0.03814,0.0194
Time,s,56,0.03574,0.03698,0.0368,0.01897
Time,s,56,0.03704,0.03704,0.03766,0.02179
Time,s,56,0.03601,0.03564,0.03812,0.01927
Time,s,56,0.03748,0.03711,0.03898,0.01878
Time,s,56,0.03677,0.03622,0.03937,0.01885
Time,s,56,0.0356,0.03663,0.04044,0.01938
Time,s,56,0.03612,0.03703,0.04021,0.02167
Time,s,56,0.03566,0.036,0.03828,0.02097
Time,s,56,0.04042,0.0381,0.03852,0.01941
Time,s,56,0.03666,0.03838,0.03947,0.01847
Time,s,56,0.03804,0.03626,0.03747,0.02126
Time,s,56,0.03772,0.03809,0.03829,0.01891
Time,s,56,0.0377,0.03617,0.03808,0.01863
Time,s,56,0.03722,0.03651,0.038,0.019
Time,s,56,0.03769,0.03665,0.03845,0.0196
Time,s,56,0.03674,0.03647,0.03778,0.0193
Time,s,56,0.03768,0.03601,0.03845,0.01932
Time,s,56,0.03706,0.03595,0.03803,0.01943
Time,s,56,0.03705,0.03707,0.038,0.0191
Time,s,56,0.03787,0.03756,0.03727,0.0211
Time,s,56,0.03609,0.03632,0.03735,0.02014
Time,s,56,0.03599,0.0367,0.03778,0.02077
Time,s,56,0.03782,0.03702,0.03778,0.0195
Time,s,56,0.0361,0.03747,0.03681,0.0187
Time,s,56,0.03635,0.03652,0.03762,0.01987
Time,s,56,0.03553,0.03512,0.03933,0.02192
Time,s,57,0.18983,0.19661,0.20076,0.17804
Time,s,57,0.20264,0.21048,0.20465,0.19452
Time,s,57,0.28918,0.2651,0.26804,0.24857
Time,s,57,0.21806,0.23594,0.25523,0.24581
Time,s,57,0.2674,0.21266,0.21757,0.195
Time,s,57,0.22283,0.20394,0.21608,0.19548
Time,s,57,0.21101,0.20328,0.22838,0.20662
Time,s,57,0.24005,0.24595,0.21927,0.20978
Time,s,57,0.21246,0.22942,0.25022,0.20571
Time,s,57,0.22733,0.2326,0.21714,0.20339
Time,s,57,0.23171,0.20665,0.20625,0.20207
Time,s,57,0.24019,0.21809,0.28209,0.19789
Time,s,57,0.22562,0.21431,0.21623,0.20987
Time,s,57,0.20504,0.21878,0.22223,0.2012
Time,s,57,0.20557,0.21294,0.2182,0.23689
Time,s,57,0.21218,0.21746,0.21354,0.19691
Time,s,57,0.22474,0.21271,0.2166,0.19478
Time,s,57,0.20987,0.22152,0.20955,0.19955
Time,s,57,0.21021,0.22971,0.20881,0.21616
Time,s,57,0.241,0.21538,0.21516,0.20511
Time,s,57,0.20744,0.20987,0.23512,0.20301
Time,s,57,0.21506,0.22197,0.23588,0.20001
Time,s,57,0.20686,0.20745,0.21031,0.21484
Time,s,57,0.22236,0.21595,0.20778,0.19233
Time,s,57,0.21725,0.21491,0.20838,0.19849
Time,s,57,0.21108,0.21117,0.22026,0.20714
Time,s,57,0.20936,0.20918,0.21037,0.1965
Time,s,57,0.19741,0.20773,0.21384,0.18674
Time,s,57,0.21613,0.20315,0.20095,0.24081
Time,s,57,0.21215,0.20602,0.20784,0.19241
Time,s,57,0.20507,0.21305,0.21885,0.19483
Time,s,57,0.22741,0.21861,0.21354,0.20539
Time,s,57,0.20183,0.20701,0.21965,0.19772
Time,s,57,0.2067,0.23249,0.21007,0.21066
Time,s,57,0.21331,0.23951,0.20652,0.20516
Time,s,57,0.20321,0.20362,0.21544,0.20004
Time,s,57,0.20631,0.2081,0.20056,0.2025
Time,s,57,0.2059,0.20511,0.20173,0.20278
Time,s,57,0.21056,0.20766,0.21018,0.19905
Time,s,57,0.23015,0.21625,0.20553,0.19082
Time,s,57,0.22004,0.21301,0.20321,0.20696
Time,s,57,0.20273,0.19923,0.20881,0.21349
Time,s,57,0.21033,0.20831,0.21202,0.19596
Time,s,57,0.20353,0.20034,0.20432,0.2026
Time,s,57,0.20451,0.20439,0.21014,0.19677
Time,s,57,0.20093,0.21779,0.21296,0.18819
Time,s,57,0.21198,0.20659,0.21453,0.20317
Time,s,57,0.2095,0.20734,0.20638,0.19823
Time,s,57,0.20549,0.20467,0.20855,0.1977
Time,s,57,0.1973,0.20146,0.20228,0.20236
Time,s,57,0.19308,0.19747,0.208,0.19744
Time,s,57,0.19708,0.20723,0.204,0.19813
Time,s,57,0.21253,0.21047,0.20507,0.19976
Time,s,57,0.21561,0.20122,0.20725,0.20226
Time,s,57,0.20321,0.21552,0.20359,0.19764
Time,s,57,0.20513,0.20548,0.24267,0.2011
Time,s,57,0.20461,0.2048,0.22853,0.19601
Time,s,57,0.20854,0.2031,0.20738,0.19467
Time,s,57,0.20249,0.20891,0.20861,0.20659
Time,s,57,0.19883,0.19289,0.2072,0.21242
Time,s,57,0.21527,0.20744,0.214,0.19869
Time,s,57,0.23476,0.20268,0.21035,0.2018
Time,s,57,0.2007,0.2022,0.21015,0.19442
Time,s,57,0.24595,0.20377,0.19982,0.22669
Time,s,57,0.21457,0.201,0.22024,0.19202
Time,s,57,0.20296,0.20505,0.20977,0.20257
Time,s,57,0.20142,0.20324,0.20697,0.20479
Time,s,57,0.20433,0.19511,0.19568,0.19473
Time,s,57,0.20169,0.19839,0.20551,0.19569
Time,s,57,0.1924,0.20141,0.20035,0.20374
Time,s,57,0.1889,0.19601,0.20729,0.19618
Time,s,57,0.20141,0.20971,0.19961,0.22017
Time,s,57,0.207,0.20039,0.20762,0.18781
Time,s,57,0.23739,0.2198,0.20653,0.19382
Time,s,57,0.20024,0.20473,0.2042,0.19732
Time,s,57,0.2091,0.20161,0.19848,0.19668
Time,s,57,0.21386,0.20017,0.20007,0.19387
Time,s,57,0.21171,0.20095,0.20625,0.19581
Time,s,57,0.207,0.19604,0.20556,0.19016
Time,s,57,0.19674,0.19739,0.20909,0.19878
Time,s,57,0.19414,0.19501,0.20251,0.20017
Time,s,57,0.20049,0.19993,0.20701,0.20368
Time,s,57,0.21015,0.19741,0.20748,0.20228
Time,s,57,0.19859,0.20016,0.20745,0.19695
Time,s,57,0.20263,0.20579,0.21209,0.18953
Time,s,57,0.20118,0.19452,0.21211,0.20357
Time,s,57,0.20506,0.19756,0.21219,0.19157
Time,s,57,0.21663,0.19766,0.20179,0.18994
Time,s,57,0.2201,0.20458,0.1984,0.1918
Time,s,57,0.20229,0.20028,0.21088,0.19271
Time,s,57,0.20913,0.198,0.21438,0.19425
Time,s,57,0.19535,0.19917,0.20557,0.20154
Time,s,57,0.20738,0.20294,0.19901,0.18852
Time,s,57,0.21361,0.20359,0.19786,0.19558
Time,s,57,0.20354,0.20619,0.19545,0.19609
Time,s,57,0.19524,0.18884,0.19747,0.19561
Time,s,57,0.20082,0.19229,0.19645,0.18994
Time,s,57,0.1986,0.19924,0.19458,0.19043
Time,s,57,0.2084,0.19523,0.20309,0.19416
Time,s,57,0.19815,0.19054,0.20247,0.20144
Time,s,58,0.0413,0.04169,0.04219,0.03156
Time,s,58,0.04207,0.03886,0.03925,0.02553
Time,s,58,0.0364,0.0383,0.03905,0.02322
Time,s,58,0.03841,0.03949,0.0404,0.02459
Time,s,58,0.03774,0.04039,0.03983,0.02625
Time,s,58,0.03994,0.0453,0.04085,0.02542
Time,s,58,0.03856,0.04241,0.04212,0.02741
Time,s,58,0.04329,0.04173,0.04225,0.02492
Time,s,58,0.03653,0.04973,0.04003,0.02271
Time,s,58,0.03662,0.03882,0.04277,0.02531
Time,s,58,0.0414,0.04008,0.04029,0.02536
Time,s,58,0.05131,0.04162,0.04112,0.02283
Time,s,58,0.04235,0.04184,0.04376,0.03113
Time,s,58,0.03708,0.04548,0.03999,0.02382
Time,s,58,0.03894,0.04262,0.04063,0.02756
Time,s,58,0.03775,0.04172,0.05533,0.02448
Time,s,58,0.03974,0.03953,0.0426,0.02493
Time,s,58,0.0463,0.04218,0.03862,0.02746
Time,s,58,0.04331,0.0414,0.04001,0.02571
Time,s,58,0.03916,0.04124,0.03909,0.02525
Time,s,58,0.03919,0.03678,0.03873,0.02498
Time,s,58,0.04224,0.04024,0.03615,0.02392
Time,s,58,0.03543,0.03879,0.03814,0.02286
Time,s,58,0.03701,0.03858,0.04119,0.02351
Time,s,58,0.03495,0.0374,0.03719,0.02407
Time,s,58,0.03755,0.03828,0.03942,0.02424
Time,s,58,0.03564,0.05693,0.03576,0.02216
Time,s,58,0.03531,0.0353,0.03889,0.02404
Time,s,58,0.0363,0.03743,0.03793,0.02649
Time,s,58,0.03573,0.03493,0.03725,0.02386
Time,s,58,0.03555,0.03723,0.03541,0.02424
Time,s,58,0.0357,0.03602,0.03464,0.02395
Time,s,58,0.03483,0.03497,0.03665,0.02041
Time,s,58,0.03595,0.03932,0.03687,0.02304
Time,s,58,0.03592,0.03571,0.03923,0.02529
Time,s,58,0.03424,0.03605,0.03664,0.02397
Time,s,58,0.03481,0.03432,0.03423,0.02179
Time,s,58,0.03628,0.03551,0.03658,0.0217
Time,s,58,0.03726,0.03438,0.03761,0.02186
Time,s,58,0.0397,0.03407,0.03619,0.02332
Time,s,58,0.03501,0.04003,0.03418,0.02199
Time,s,58,0.03372,0.03384,0.03459,0.02192
Time,s,58,0.038,0.03371,0.03535,0.02126
Time,s,58,0.03633,0.03473,0.03581,0.02249
Time,s,58,0.03456,0.03786,0.03562,0.02185
Time,s,58,0.03269,0.03759,0.03625,0.02157
Time,s,58,0.03487,0.03622,0.0359,0.02161
Time,s,58,0.03699,0.03676,0.03593,0.02133
Time,s,58,0.03516,0.0358,0.03551,0.02154
Time,s,58,0.03755,0.03539,0.03512,0.0198
Time,s,58,0.03709,0.03389,0.03525,0.02146
Time,s,58,0.03534,0.03449,0.03835,0.02155
Time,s,58,0.03425,0.03685,0.03388,0.02248
Time,s,58,0.03446,0.03421,0.03519,0.02072
Time,s,58,0.03495,0.03816,0.03445,0.02242
Time,s,58,0.03404,0.03588,0.0343,0.02204
Time,s,58,0.03382,0.03552,0.03706,0.02251
Time,s,58,0.03514,0.03788,0.03618,0.02156
Time,s,58,0.03399,0.03636,0.03536,0.02333
Time,s,58,0.03495,0.03708,0.0352,0.02203
Time,s,58,0.0342,0.03549,0.03409,0.0214
Time,s,58,0.03481,0.03528,0.03488,0.02101
Time,s,58,0.03486,0.03807,0.03757,0.02148
Time,s,58,0.03426,0.03603,0.03807,0.02027
Time,s,58,0.03371,0.03916,0.03636,0.02107
Time,s,58,0.03333,0.0349,0.03407,0.02116
Time,s,58,0.03453,0.03599,0.03527,0.02062
Time,s,58,0.03477,0.03704,0.03509,0.02404
Time,s,58,0.03449,0.03569,0.03747,0.02101
Time,s,58,0.0347,0.03536,0.03592,0.01893
Time,s,58,0.0346,0.03537,0.03474,0.01996
Time,s,58,0.03662,0.03797,0.04801,0.0213
Time,s,58,0.03597,0.03571,0.03859,0.02087
Time,s,58,0.03829,0.03859,0.03548,0.02034
Time,s,58,0.03599,0.03566,0.03651,0.01869
Time,s,58,0.04491,0.03373,0.03639,0.02033
Time,s,58,0.0375,0.03539,0.03519,0.01995
Time,s,58,0.03367,0.03569,0.03701,0.02162
Time,s,58,0.03653,0.0347,0.03531,0.0198
Time,s,58,0.03768,0.03387,0.03474,0.01998
Time,s,58,0.03543,0.03497,0.03508,0.02127
Time,s,58,0.03745,0.03647,0.03955,0.02034
Time,s,58,0.03629,0.03391,0.0378,0.02061
Time,s,58,0.04247,0.04669,0.03506,0.02186
Time,s,58,0.03585,0.03833,0.03481,0.02193
Time,s,58,0.03695,0.03534,0.03476,0.02235
Time,s,58,0.03401,0.03379,0.03457,0.02311
Time,s,58,0.03625,0.03399,0.03551,0.02168
Time,s,58,0.03752,0.03586,0.03651,0.0208
Time,s,58,0.0364,0.03475,0.03481,0.02119
Time,s,58,0.03446,0.03374,0.03419,0.02083
Time,s,58,0.03602,0.03381,0.03545,0.01954
Time,s,58,0.0347,0.03401,0.0372,0.02099
Time,s,58,0.0363,0.03722,0.03636,0.02107
Time,s,58,0.03689,0.03693,0.03519,0.02278
Time,s,58,0.03503,0.03493,0.03604,0.02138
Time,s,58,0.03477,0.03343,0.0343,0.02129
Time,s,58,0.03533,0.03403,0.03746,0.02156
Time,s,58,0.03432,0.03641,0.03644,0.02016
Time,s,58,0.03528,0.0331,0.0356,0.02178
Time,s,59,0.1545,0.15771,0.15646,0.15958
Time,s,59,0.15341,0.1557,0.15459,0.15531
Time,s,59,0.15265,0.15925,0.15669,0.15328
Time,s,59,0.15324,0.15723,0.1595,0.15447
Time,s,59,0.15352,0.15892,0.15839,0.15805
Time,s,59,0.15387,0.16311,0.16419,0.15421
Time,s,59,0.16063,0.16695,0.16836,0.15452
Time,s,59,0.16446,0.16225,0.16009,0.1561
Time,s,59,0.15733,0.16086,0.16086,0.15702
Time,s,59,0.1574,0.17338,0.157,0.15797
Time,s,59,0.15473,0.15799,0.15739,0.15408
Time,s,59,0.15659,0.15992,0.15694,0.15837
Time,s,59,0.15381,0.15723,0.1585,0.15528
Time,s,59,0.16499,0.15742,0.1604,0.15427
Time,s,59,0.17949,0.1737,0.15702,0.16779
Time,s,59,0.1727,0.17862,0.16119,0.15592
Time,s,59,0.16428,0.18504,0.15814,0.15499
Time,s,59,0.15591,0.16792,0.15837,0.15548
Time,s,59,0.15896,0.15915,0.16228,0.15707
Time,s,59,0.15454,0.15842,0.16467,0.15504
Time,s,59,0.16807,0.15724,0.15881,0.15454
Time,s,59,0.15466,0.16035,0.16114,0.16179
Time,s,59,0.15417,0.15799,0.16996,0.15591
Time,s,59,0.15389,0.15769,0.18264,0.15485
Time,s,59,0.15346,0.15714,0.18355,0.15794
Time,s,59,0.155,0.15904,0.18948,0.1583
Time,s,59,0.16044,0.15935,0.15839,0.15364
Time,s,59,0.15575,0.15768,0.15806,0.16396
Time,s,59,0.15638,0.15665,0.16149,0.16854
Time,s,59,0.15733,0.15586,0.1574,0.15524
Time,s,59,0.15656,0.15957,0.15732,0.15383
Time,s,59,0.15755,0.15999,0.15725,0.15645
Time,s,59,0.15571,0.15727,0.1634,0.15499
Time,s,59,0.16039,0.15981,0.15627,0.15556
Time,s,59,0.15663,0.15687,0.15805,0.1551
Time,s,59,0.15471,0.16557,0.16209,0.1618
Time,s,59,0.15898,0.15777,0.15728,0.15603
Time,s,59,0.15551,0.15653,0.15648,0.15936
Time,s,59,0.15674,0.15719,0.16239,0.1583
Time,s,59,0.15717,0.15855,0.1592,0.15565
Time,s,59,0.17986,0.15662,0.15808,0.16078
Time,s,59,0.17986,0.15719,0.15995,0.15454
Time,s,59,0.16201,0.15888,0.15969,0.15472
Time,s,59,0.15332,0.15741,0.15991,0.1544
Time,s,59,0.15357,0.15741,0.1592,0.1551
Time,s,59,0.15728,0.16227,0.16491,0.17146
Time,s,59,0.16173,0.15852,0.15993,0.1783
Time,s,59,0.16227,0.15682,0.15766,0.17606
Time,s,59,0.15719,0.163,0.15786,0.1911
Time,s,59,0.15511,0.1568,0.15835,0.17947
Time,s,59,0.15606,0.15733,0.15807,0.15658
Time,s,59,0.15336,0.15841,0.15915,0.16277
Time,s,59,0.15595,0.15818,0.15724,0.15476
Time,s,59,0.15703,0.16299,0.16805,0.15838
Time,s,59,0.15503,0.1595,0.16157,0.1612
Time,s,59,0.16827,0.16192,0.15694,0.15451
Time,s,59,0.15517,0.15852,0.1566,0.15586
Time,s,59,0.15407,0.16083,0.15605,0.15893
Time,s,59,0.15689,0.15973,0.16321,0.15602
Time,s,59,0.15935,0.1595,0.16903,0.15589
Time,s,59,0.15524,0.15681,0.15642,0.15465
Time,s,59,0.15509,0.1629,0.15881,0.1579
Time,s,59,0.15318,0.15767,0.15808,0.15581
Time,s,59,0.15496,0.15805,0.15864,0.15445
Time,s,59,0.1553,0.16055,0.16065,0.16255
Time,s,59,0.15852,0.16307,0.15751,0.15448
Time,s,59,0.17603,0.16043,0.15781,0.16039
Time,s,59,0.17696,0.15692,0.15688,0.15521
Time,s,59,0.15542,0.15791,0.15702,0.15639
Time,s,59,0.15389,0.15675,0.15628,0.15521
Time,s,59,0.15469,0.15785,0.15868,0.155
Time,s,59,0.15411,0.15827,0.16101,0.15634
Time,s,59,0.15516,0.15614,0.15716,0.15828
Time,s,59,0.16096,0.1576,0.15912,0.15634
Time,s,59,0.15617,0.16517,0.16062,0.16078
Time,s,59,0.16129,0.16647,0.1567,0.154
Time,s,59,0.15528,0.15838,0.15626,0.15523
Time,s,59,0.15563,0.1571,0.15663,0.1539
Time,s,59,0.1653,0.16189,0.15922,0.15642
Time,s,59,0.19498,0.17201,0.15658,0.15968
Time,s,59,0.16616,0.18402,0.15791,0.15465
Time,s,59,0.16746,0.18183,0.15745,0.15584
Time,s,59,0.16694,0.18065,0.15712,0.15491
Time,s,59,0.16819,0.15953,0.15757,0.15438
Time,s,59,0.15722,0.1598,0.16474,0.15942
Time,s,59,0.16764,0.16223,0.15812,0.15503
Time,s,59,0.15826,0.1663,0.15802,0.15377
Time,s,59,0.15773,0.15724,0.16624,0.16039
Time,s,59,0.15561,0.17302,0.15749,0.15766
Time,s,59,0.15783,0.19443,0.15922,0.15553
Time,s,59,0.15634,0.1704,0.15626,0.15449
Time,s,59,0.15843,0.16876,0.15848,0.15531
Time,s,59,0.15631,0.16895,0.15711,0.15655
Time,s,59,0.15545,0.1603,0.15925,0.16165
Time,s,59,0.15555,0.16669,0.16432,0.15766
Time,s,59,0.15836,0.15733,0.15954,0.1557
Time,s,59,0.15424,0.15844,0.15793,0.15585
Time,s,59,0.16254,0.16026,0.16162,0.15447
Time,s,59,0.15952,0.16208,0.15837,0.1581
Time,s,59,0.15918,0.16159,0.15888,0.1551
Time,s,60,0.04289,0.04355,0.04344,0.02785
Time,s,60,0.0418,0.04256,0.04479,0.02504
Time,s,60,0.04272,0.04286,0.04307,0.02555
Time,s,60,0.04195,0.04143,0.04223,0.02549
Time,s,60,0.04289,0.0416,0.04338,0.02641
Time,s,60,0.04131,0.0411,0.04225,0.02538
Time,s,60,0.04148,0.04243,0.04175,0.02543
Time,s,60,0.04066,0.04209,0.04186,0.02507
Time,s,60,0.04403,0.04373,0.04659,0.0255
Time,s,60,0.041,0.04254,0.04346,0.0245
Time,s,60,0.04144,0.0431,0.04427,0.02442
Time,s,60,0.04117,0.0419,0.04307,0.02447
Time,s,60,0.04264,0.04447,0.04192,0.02483
Time,s,60,0.0418,0.04399,0.04389,0.02481
Time,s,60,0.04084,0.04217,0.04293,0.02574
Time,s,60,0.04145,0.04486,0.04243,0.02526
Time,s,60,0.04139,0.04175,0.04287,0.02554
Time,s,60,0.04113,0.04181,0.04676,0.02537
Time,s,60,0.04401,0.04151,0.04296,0.02535
Time,s,60,0.04311,0.04311,0.04389,0.02538
Time,s,60,0.04124,0.04166,0.04438,0.02616
Time,s,60,0.04142,0.04054,0.0426,0.02575
Time,s,60,0.04136,0.04197,0.04198,0.02455
Time,s,60,0.04093,0.04043,0.04105,0.02455
Time,s,60,0.04347,0.04156,0.04291,0.0264
Time,s,60,0.04119,0.04268,0.04375,0.02478
Time,s,60,0.04156,0.04239,0.04222,0.02335
Time,s,60,0.0417,0.04512,0.04281,0.02624
Time,s,60,0.04439,0.04214,0.04253,0.02521
Time,s,60,0.04065,0.0418,0.04489,0.02476
Time,s,60,0.043,0.04212,0.04226,0.02592
Time,s,60,0.04359,0.04244,0.04378,0.02829
Time,s,60,0.04126,0.04156,0.04282,0.02467
Time,s,60,0.04138,0.04255,0.04143,0.02427
Time,s,60,0.04211,0.04093,0.04257,0.02532
Time,s,60,0.04307,0.04205,0.0418,0.02409
Time,s,60,0.04023,0.04172,0.04317,0.02411
Time,s,60,0.04081,0.04156,0.04296,0.03874
Time,s,60,0.04103,0.04216,0.04181,0.02533
Time,s,60,0.04118,0.04253,0.0415,0.02419
Time,s,60,0.04148,0.04154,0.04248,0.02512
Time,s,60,0.04169,0.04241,0.04214,0.02412
Time,s,60,0.04088,0.04188,0.04449,0.02443
Time,s,60,0.04163,0.04265,0.04286,0.02502
Time,s,60,0.04105,0.04157,0.04313,0.02574
Time,s,60,0.04476,0.04053,0.04269,0.02463
Time,s,60,0.04306,0.04312,0.04231,0.02405
Time,s,60,0.04164,0.04215,0.04188,0.02412
Time,s,60,0.04265,0.04283,0.04273,0.0227
Time,s,60,0.04516,0.04105,0.04532,0.02448
Time,s,60,0.043,0.04109,0.04164,0.02296
Time,s,60,0.04136,0.04097,0.04431,0.02558
Time,s,60,0.04119,0.04191,0.04213,0.02571
Time,s,60,0.04159,0.04588,0.04355,0.02519
Time,s,60,0.04186,0.04353,0.0459,0.02411
Time,s,60,0.04178,0.04188,0.04267,0.02411
Time,s,60,0.04389,0.04121,0.0434,0.02543
Time,s,60,0.04187,0.04082,0.04433,0.02513
Time,s,60,0.04115,0.04103,0.04176,0.02415
Time,s,60,0.04181,0.04249,0.04413,0.02476
Time,s,60,0.0427,0.04188,0.04234,0.02428
Time,s,60,0.0411,0.04139,0.04769,0.0235
Time,s,60,0.04201,0.04059,0.04893,0.02477
Time,s,60,0.0416,0.04091,0.04917,0.02342
Time,s,60,0.04146,0.04531,0.05125,0.02373
Time,s,60,0.0414,0.04079,0.04898,0.02391
Time,s,60,0.04288,0.04234,0.04707,0.02408
Time,s,60,0.04365,0.04332,0.04285,0.02408
Time,s,60,0.04201,0.04132,0.04263,0.02474
Time,s,60,0.04337,0.04132,0.04379,0.02627
Time,s,60,0.04234,0.04046,0.043,0.02443
Time,s,60,0.04174,0.04349,0.04181,0.02559
Time,s,60,0.04105,0.04224,0.04256,0.02495
Time,s,60,0.0402,0.0415,0.04384,0.02449
Time,s,60,0.0426,0.04123,0.0426,0.02459
Time,s,60,0.04269,0.0422,0.06337,0.02468
Time,s,60,0.04135,0.04351,0.04471,0.0236
Time,s,60,0.04108,0.04277,0.04323,0.02461
Time,s,60,0.04097,0.04285,0.04229,0.02432
Time,s,60,0.04213,0.04246,0.04361,0.02552
Time,s,60,0.0417,0.04412,0.04286,0.02552
Time,s,60,0.04189,0.04416,0.04206,0.02457
Time,s,60,0.04136,0.04368,0.04274,0.02468
Time,s,60,0.04097,0.0426,0.04176,0.02506
Time,s,60,0.04245,0.04346,0.04132,0.02552
Time,s,60,0.04158,0.04229,0.04378,0.02565
Time,s,60,0.04274,0.04365,0.04471,0.02417
Time,s,60,0.04144,0.04601,0.047,0.02612
Time,s,60,0.04155,0.04207,0.04276,0.02493
Time,s,60,0.04248,0.04364,0.04786,0.02503
Time,s,60,0.04107,0.04549,0.04158,0.02324
Time,s,60,0.04071,0.04252,0.04324,0.02597
Time,s,60,0.04156,0.04079,0.04085,0.02498
Time,s,60,0.04563,0.04166,0.04175,0.02515
Time,s,60,0.04569,0.04133,0.04117,0.02789
Time,s,60,0.04189,0.04165,0.04161,0.0248
Time,s,60,0.04189,0.04181,0.04164,0.0239
Time,s,60,0.04192,0.04198,0.04247,0.02479
Time,s,60,0.0417,0.04229,0.04375,0.0256
Time,s,60,0.04303,0.04193,0.04248,0.02392
Time,s,61,0.05613,0.05763,0.05953,0.01323
Time,s,61,0.0538,0.05594,0.06083,0.01386
Time,s,61,0.05538,0.05428,0.05679,0.01311
Time,s,61,0.0538,0.0552,0.05963,0.01269
Time,s,61,0.05449,0.05472,0.05636,0.01245
Time,s,61,0.0549,0.05383,0.05726,0.01303
Time,s,61,0.05302,0.05408,0.05623,0.01368
Time,s,61,0.05463,0.05433,0.05546,0.01317
Time,s,61,0.053,0.05382,0.05489,0.0127
Time,s,61,0.0546,0.05627,0.05464,0.01377
Time,s,61,0.05508,0.05348,0.05563,0.01228
Time,s,61,0.05489,0.0541,0.05813,0.01288
Time,s,61,0.05536,0.05668,0.05527,0.01394
Time,s,61,0.05652,0.05226,0.05402,0.0131
Time,s,61,0.05442,0.05427,0.0545,0.01239
Time,s,61,0.05479,0.05364,0.05459,0.01252
Time,s,61,0.05575,0.05379,0.05367,0.01256
Time,s,61,0.05544,0.0547,0.05454,0.01197
Time,s,61,0.05681,0.05406,0.05313,0.0123
Time,s,61,0.05422,0.05399,0.0538,0.01364
Time,s,61,0.05491,0.05271,0.05878,0.01216
Time,s,61,0.05405,0.05759,0.05396,0.014
Time,s,61,0.0547,0.05434,0.05346,0.01268
Time,s,61,0.05647,0.05451,0.05232,0.01221
Time,s,61,0.05789,0.05422,0.05352,0.01353
Time,s,61,0.05337,0.05379,0.05309,0.01386
Time,s,61,0.05434,0.05402,0.0567,0.01307
Time,s,61,0.05492,0.05343,0.05481,0.01308
Time,s,61,0.05707,0.05415,0.06105,0.01261
Time,s,61,0.05366,0.05658,0.05731,0.01241
Time,s,61,0.05245,0.05315,0.05643,0.0126
Time,s,61,0.05573,0.05576,0.05571,0.01282
Time,s,61,0.05297,0.05337,0.05449,0.01247
Time,s,61,0.05512,0.05343,0.054,0.01333
Time,s,61,0.053,0.05888,0.05372,0.01272
Time,s,61,0.05256,0.05403,0.05328,0.01288
Time,s,61,0.05283,0.05316,0.05348,0.01271
Time,s,61,0.05522,0.05947,0.05678,0.01274
Time,s,61,0.05834,0.0543,0.05536,0.01403
Time,s,61,0.06158,0.0562,0.05644,0.01339
Time,s,61,0.05469,0.05614,0.05364,0.01439
Time,s,61,0.0547,0.05363,0.05452,0.01385
Time,s,61,0.05453,0.05371,0.05566,0.0128
Time,s,61,0.05425,0.05415,0.05305,0.01272
Time,s,61,0.05409,0.05407,0.05395,0.01322
Time,s,61,0.05518,0.05354,0.05633,0.01244
Time,s,61,0.05284,0.053,0.05453,0.01412
Time,s,61,0.05428,0.05289,0.05397,0.01282
Time,s,61,0.05358,0.0564,0.06141,0.01407
Time,s,61,0.05463,0.05591,0.0577,0.01343
Time,s,61,0.05427,0.05818,0.05551,0.01266
Time,s,61,0.05371,0.054,0.05382,0.0128
Time,s,61,0.05671,0.05403,0.05388,0.01272
Time,s,61,0.05555,0.05351,0.05403,0.01254
Time,s,61,0.05349,0.05285,0.05426,0.01272
Time,s,61,0.05316,0.05315,0.05286,0.01257
Time,s,61,0.05456,0.05338,0.05319,0.01218
Time,s,61,0.05748,0.05476,0.0573,0.01331
Time,s,61,0.05735,0.05582,0.05369,0.01297
Time,s,61,0.05411,0.05429,0.05567,0.01338
Time,s,61,0.05649,0.05434,0.05345,0.01295
Time,s,61,0.05592,0.0554,0.05399,0.01394
Time,s,61,0.05466,0.05577,0.0531,0.01387
Time,s,61,0.05506,0.05784,0.05352,0.01286
Time,s,61,0.05469,0.05432,0.05476,0.0123
Time,s,61,0.05414,0.05333,0.05967,0.01239
Time,s,61,0.05312,0.05507,0.05505,0.01275
Time,s,61,0.05306,0.05443,0.05704,0.01227
Time,s,61,0.05302,0.0554,0.05331,0.01292
Time,s,61,0.05374,0.0541,0.05506,0.01308
Time,s,61,0.05444,0.05503,0.05604,0.01289
Time,s,61,0.05597,0.05497,0.05723,0.01298
Time,s,61,0.05497,0.05551,0.05471,0.01327
Time,s,61,0.0545,0.05534,0.05536,0.01207
Time,s,61,0.05326,0.05541,0.06155,0.01262
Time,s,61,0.05355,0.05597,0.05469,0.01323
Time,s,61,0.05316,0.0535,0.05494,0.01305
Time,s,61,0.05575,0.05457,0.06031,0.01411
Time,s,61,0.05279,0.06034,0.05344,0.0125
Time,s,61,0.0535,0.05632,0.05497,0.01237
Time,s,61,0.05437,0.05533,0.05628,0.01286
Time,s,61,0.05463,0.0553,0.05489,0.01352
Time,s,61,0.05675,0.05426,0.05606,0.01273
Time,s,61,0.05428,0.05405,0.05482,0.01303
Time,s,61,0.05514,0.05675,0.05783,0.01302
Time,s,61,0.05384,0.05597,0.05614,0.01238
Time,s,61,0.05392,0.05554,0.05468,0.01241
Time,s,61,0.05416,0.0587,0.05506,0.01406
Time,s,61,0.05353,0.05445,0.05368,0.01229
Time,s,61,0.0559,0.05493,0.05419,0.01294
Time,s,61,0.05514,0.05459,0.05458,0.01228
Time,s,61,0.05492,0.0548,0.05457,0.01226
Time,s,61,0.05346,0.05698,0.05375,0.01252
Time,s,61,0.0592,0.05431,0.05485,0.01243
Time,s,61,0.05782,0.05356,0.0562,0.01293
Time,s,61,0.05484,0.05555,0.05379,0.01455
Time,s,61,0.05555,0.05409,0.05504,0.0134
Time,s,61,0.05474,0.05425,0.05578,0.0125
Time,s,61,0.05365,0.05355,0.05553,0.01311
Time,s,61,0.053,0.05312,0.05401,0.01257
Time,s,62,0.02029,0.02005,0.02076,0.02006
Time,s,62,0.02042,0.01926,0.01886,0.01866
Time,s,62,0.0198,0.019,0.01945,0.01963
Time,s,62,0.01918,0.01928,0.01875,0.01845
Time,s,62,0.01971,0.01907,0.01913,0.01881
Time,s,62,0.01951,0.01906,0.01938,0.01894
Time,s,62,0.02001,0.0188,0.02024,0.01963
Time,s,62,0.01995,0.01961,0.01943,0.02023
Time,s,62,0.0196,0.01952,0.01936,0.02168
Time,s,62,0.02092,0.02004,0.02099,0.01875
Time,s,62,0.01957,0.02058,0.01986,0.01852
Time,s,62,0.01949,0.01922,0.01975,0.01935
Time,s,62,0.01937,0.01942,0.01933,0.01859
Time,s,62,0.01969,0.01897,0.02001,0.01939
Time,s,62,0.01932,0.01937,0.02018,0.01989
Time,s,62,0.01931,0.01946,0.01937,0.01943
Time,s,62,0.01926,0.0192,0.01976,0.01917
Time,s,62,0.01951,0.02064,0.02159,0.01855
Time,s,62,0.01936,0.01945,0.02251,0.01859
Time,s,62,0.01938,0.02028,0.01918,0.0184
Time,s,62,0.01917,0.02161,0.01881,0.01954
Time,s,62,0.01966,0.02205,0.02017,0.01873
Time,s,62,0.01987,0.0197,0.01927,0.01894
Time,s,62,0.01973,0.01911,0.02033,0.01865
Time,s,62,0.01956,0.01968,0.02124,0.01993
Time,s,62,0.01957,0.02081,0.01955,0.01881
Time,s,62,0.0192,0.01952,0.01929,0.01989
Time,s,62,0.01916,0.01904,0.01985,0.01853
Time,s,62,0.01952,0.01893,0.01991,0.01855
Time,s,62,0.02013,0.0195,0.0194,0.01888
Time,s,62,0.0231,0.01935,0.01963,0.01876
Time,s,62,0.01994,0.01939,0.01924,0.01929
Time,s,62,0.01934,0.0196,0.0195,0.01848
Time,s,62,0.01876,0.0193,0.01995,0.01853
Time,s,62,0.01912,0.01883,0.01933,0.02114
Time,s,62,0.01876,0.0192,0.01902,0.02029
Time,s,62,0.01869,0.01863,0.0203,0.01923
Time,s,62,0.01932,0.01942,0.01928,0.01933
Time,s,62,0.01949,0.01879,0.01921,0.01852
Time,s,62,0.01889,0.01939,0.01932,0.01838
Time,s,62,0.02077,0.01993,0.01906,0.01863
Time,s,62,0.0198,0.01983,0.01993,0.0194
Time,s,62,0.01939,0.0208,0.02045,0.0191
Time,s,62,0.02079,0.01952,0.01918,0.01893
Time,s,62,0.01926,0.02059,0.01929,0.01918
Time,s,62,0.01972,0.01932,0.02014,0.01842
Time,s,62,0.01914,0.01913,0.01887,0.0189
Time,s,62,0.01954,0.01867,0.02016,0.01884
Time,s,62,0.01917,0.01904,0.02011,0.01893
Time,s,62,0.01897,0.01866,0.01951,0.01853
Time,s,62,0.02016,0.01921,0.01962,0.01864
Time,s,62,0.02148,0.02055,0.02029,0.01907
Time,s,62,0.02004,0.01956,0.01943,0.0189
Time,s,62,0.01931,0.01903,0.01934,0.01944
Time,s,62,0.01917,0.01998,0.0204,0.0183
Time,s,62,0.01946,0.0201,0.01964,0.01854
Time,s,62,0.01929,0.01935,0.01982,0.01976
Time,s,62,0.01886,0.02026,0.01935,0.01881
Time,s,62,0.01922,0.01925,0.0199,0.01895
Time,s,62,0.01895,0.01896,0.01939,0.01859
Time,s,62,0.01908,0.01896,0.01983,0.01882
Time,s,62,0.01878,0.01915,0.01941,0.01869
Time,s,62,0.01892,0.01896,0.0199,0.01916
Time,s,62,0.02043,0.01908,0.01918,0.01879
Time,s,62,0.02116,0.01899,0.01948,0.01953
Time,s,62,0.01954,0.01896,0.01898,0.01962
Time,s,62,0.01926,0.01878,0.01923,0.01855
Time,s,62,0.01964,0.01865,0.02021,0.02177
Time,s,62,0.02005,0.01894,0.01968,0.02179
Time,s,62,0.01941,0.01878,0.01962,0.01896
Time,s,62,0.01956,0.01989,0.01949,0.01853
Time,s,62,0.01922,0.01992,0.01942,0.01877
Time,s,62,0.01996,0.01905,0.01896,0.01908
Time,s,62,0.02015,0.01999,0.01925,0.01848
Time,s,62,0.0192,0.02011,0.0196,0.01836
Time,s,62,0.0193,0.01972,0.01933,0.01853
Time,s,62,0.01955,0.01964,0.01894,0.01837
Time,s,62,0.01924,0.0188,0.01919,0.01952
Time,s,62,0.01921,0.01902,0.01921,0.01948
Time,s,62,0.01908,0.01899,0.01926,0.01859
Time,s,62,0.02015,0.01883,0.01896,0.0189
Time,s,62,0.01966,0.01875,0.01906,0.01918
Time,s,62,0.01958,0.01903,0.02028,0.01901
Time,s,62,0.01962,0.01942,0.01921,0.01893
Time,s,62,0.01952,0.01908,0.01948,0.01888
Time,s,62,0.0192,0.01973,0.02034,0.01853
Time,s,62,0.01953,0.01919,0.01955,0.01889
Time,s,62,0.01926,0.01952,0.01928,0.01906
Time,s,62,0.01909,0.01933,0.01928,0.02111
Time,s,62,0.01953,0.01916,0.01932,0.02246
Time,s,62,0.01967,0.01889,0.01933,0.02302
Time,s,62,0.01927,0.01892,0.01938,0.01934
Time,s,62,0.01912,0.01923,0.01911,0.01853
Time,s,62,0.01944,0.01903,0.02117,0.0188
Time,s,62,0.01917,0.01867,0.0198,0.01858
Time,s,62,0.01944,0.01872,0.01932,0.0193
Time,s,62,0.01935,0.01914,0.01938,0.0192
Time,s,62,0.02021,0.01893,0.02103,0.01874
Time,s,62,0.01979,0.01898,0.02098,0.01856
Time,s,62,0.01951,0.01874,0.02218,0.01851
Time,s,63,0.02697,0.02791,0.02726,0.01433
Time,s,63,0.02696,0.02923,0.02646,0.0131
Time,s,63,0.02617,0.02675,0.027,0.01259
Time,s,63,0.02632,0.02666,0.02713,0.01257
Time,s,63,0.02705,0.02605,0.02665,0.01254
Time,s,63,0.02598,0.0264,0.02651,0.01269
Time,s,63,0.02669,0.02559,0.02647,0.01304
Time,s,63,0.02733,0.02606,0.02628,0.01246
Time,s,63,0.02972,0.02578,0.02605,0.01234
Time,s,63,0.02631,0.02556,0.02601,0.01272
Time,s,63,0.02585,0.02586,0.02641,0.01236
Time,s,63,0.02634,0.02524,0.02637,0.01266
Time,s,63,0.0257,0.02606,0.02622,0.01215
Time,s,63,0.0351,0.02599,0.02683,0.01255
Time,s,63,0.02553,0.02558,0.02671,0.01256
Time,s,63,0.02678,0.02587,0.0271,0.01257
Time,s,63,0.02513,0.0262,0.02791,0.01289
Time,s,63,0.0261,0.02549,0.02584,0.01273
Time,s,63,0.02635,0.02523,0.02669,0.01236
Time,s,63,0.02621,0.02801,0.0255,0.01212
Time,s,63,0.02611,0.02649,0.02579,0.01263
Time,s,63,0.02596,0.02558,0.02584,0.01205
Time,s,63,0.02836,0.02663,0.0257,0.01272
Time,s,63,0.02585,0.02557,0.0255,0.01292
Time,s,63,0.02632,0.02562,0.02699,0.01196
Time,s,63,0.0266,0.0322,0.02578,0.01214
Time,s,63,0.02573,0.032,0.02547,0.014
Time,s,63,0.02576,0.03036,0.02567,0.01219
Time,s,63,0.02559,0.02921,0.02596,0.01249
Time,s,63,0.02618,0.02669,0.0257,0.0127
Time,s,63,0.02612,0.02599,0.02554,0.01246
Time,s,63,0.02572,0.02574,0.02581,0.01196
Time,s,63,0.02561,0.02554,0.02542,0.01285
Time,s,63,0.02606,0.02561,0.02583,0.01248
Time,s,63,0.02573,0.02575,0.02577,0.01232
Time,s,63,0.02869,0.02542,0.02576,0.01238
Time,s,63,0.02962,0.02571,0.02675,0.0123
Time,s,63,0.02618,0.02555,0.02591,0.01278
Time,s,63,0.02593,0.02492,0.02567,0.01207
Time,s,63,0.02594,0.02588,0.02737,0.01287
Time,s,63,0.02555,0.02527,0.0267,0.01283
Time,s,63,0.02602,0.02563,0.02601,0.01282
Time,s,63,0.02604,0.02559,0.02628,0.01273
Time,s,63,0.02518,0.02602,0.02584,0.01382
Time,s,63,0.02614,0.02582,0.02779,0.01283
Time,s,63,0.02579,0.02588,0.02637,0.012
Time,s,63,0.02556,0.02515,0.02618,0.01241
Time,s,63,0.02605,0.02619,0.02582,0.01229
Time,s,63,0.02544,0.02587,0.02482,0.01203
Time,s,63,0.0257,0.02493,0.02548,0.01284
Time,s,63,0.02667,0.02558,0.02546,0.01261
Time,s,63,0.02649,0.0256,0.02546,0.0118
Time,s,63,0.02594,0.02517,0.02619,0.0123
Time,s,63,0.02566,0.02521,0.02598,0.01234
Time,s,63,0.02609,0.02578,0.02713,0.01255
Time,s,63,0.02544,0.0256,0.0259,0.01276
Time,s,63,0.02593,0.02588,0.02606,0.01197
Time,s,63,0.02535,0.02611,0.02658,0.01238
Time,s,63,0.02628,0.02558,0.02858,0.01298
Time,s,63,0.02548,0.02694,0.0273,0.01268
Time,s,63,0.02626,0.02708,0.02718,0.01286
Time,s,63,0.02538,0.02998,0.02509,0.01267
Time,s,63,0.02597,0.02674,0.02613,0.01266
Time,s,63,0.02547,0.02579,0.02546,0.01254
Time,s,63,0.0258,0.02544,0.02587,0.01247
Time,s,63,0.02687,0.02554,0.02561,0.01235
Time,s,63,0.02588,0.02554,0.02581,0.01224
Time,s,63,0.02615,0.0262,0.02608,0.01302
Time,s,63,0.02788,0.02581,0.0261,0.0122
Time,s,63,0.02621,0.02538,0.02575,0.0125
Time,s,63,0.02555,0.02535,0.02704,0.01251
Time,s,63,0.02547,0.02543,0.02554,0.01282
Time,s,63,0.02547,0.02531,0.02573,0.01278
Time,s,63,0.02534,0.02547,0.02574,0.01231
Time,s,63,0.02507,0.02582,0.02525,0.01257
Time,s,63,0.025,0.02601,0.02556,0.01278
Time,s,63,0.02521,0.02591,0.02638,0.01246
Time,s,63,0.02594,0.02567,0.02595,0.01263
Time,s,63,0.02548,0.02581,0.02583,0.0129
Time,s,63,0.02554,0.02566,0.02546,0.01217
Time,s,63,0.02591,0.02625,0.02697,0.01253
Time,s,63,0.02611,0.02579,0.02589,0.01229
Time,s,63,0.02711,0.02532,0.02556,0.01293
Time,s,63,0.02785,0.0254,0.02568,0.01259
Time,s,63,0.02604,0.02514,0.02516,0.01296
Time,s,63,0.02579,0.02515,0.02567,0.01279
Time,s,63,0.02532,0.02511,0.02642,0.01241
Time,s,63,0.02548,0.02539,0.02575,0.01281
Time,s,63,0.02547,0.02573,0.02594,0.01244
Time,s,63,0.02536,0.02547,0.02561,0.0127
Time,s,63,0.02589,0.02967,0.02533,0.01235
Time,s,63,0.02605,0.02557,0.02611,0.01287
Time,s,63,0.02575,0.02543,0.02597,0.01245
Time,s,63,0.02543,0.02615,0.02866,0.0125
Time,s,63,0.02527,0.02605,0.02727,0.0125
Time,s,63,0.02673,0.02612,0.02692,0.01254
Time,s,63,0.02587,0.02541,0.02548,0.01285
Time,s,63,0.02486,0.02553,0.02664,0.0125
Time,s,63,0.02631,0.02553,0.02496,0.01223
Time,s,63,0.02577,0.02511,0.02576,0.01257
Time,s,64,0.16444,0.16804,0.17219,0.13888
Time,s,64,0.15828,0.16404,0.16159,0.12952
Time,s,64,0.15528,0.15974,0.16605,0.12432
Time,s,64,0.15571,0.16436,0.15909,0.12411
Time,s,64,0.16292,0.16057,0.16399,0.12468
Time,s,64,0.1523,0.15835,0.16144,0.13291
Time,s,64,0.15114,0.15919,0.15862,0.12301
Time,s,64,0.15502,0.15714,0.16091,0.12861
Time,s,64,0.16056,0.1619,0.16087,0.12562
Time,s,64,0.15429,0.16282,0.16051,0.12468
Time,s,64,0.15497,0.1546,0.16089,0.12389
Time,s,64,0.15675,0.16014,0.16112,0.12616
Time,s,64,0.15149,0.15722,0.16625,0.12949
Time,s,64,0.15475,0.16105,0.167,0.1327
Time,s,64,0.15728,0.16123,0.16057,0.12597
Time,s,64,0.15257,0.16342,0.15902,0.12431
Time,s,64,0.1558,0.16006,0.15927,0.12536
Time,s,64,0.15099,0.15466,0.1568,0.1334
Time,s,64,0.15271,0.15847,0.15981,0.12407
Time,s,64,0.15417,0.16183,0.1616,0.12986
Time,s,64,0.15127,0.15784,0.15805,0.12761
Time,s,64,0.15494,0.15573,0.15785,0.12401
Time,s,64,0.15656,0.157,0.16543,0.12526
Time,s,64,0.15449,0.16656,0.1635,0.12512
Time,s,64,0.1631,0.16036,0.16118,0.12396
Time,s,64,0.15669,0.15603,0.16703,0.12898
Time,s,64,0.15478,0.16517,0.16096,0.12656
Time,s,64,0.162,0.15665,0.16345,0.12881
Time,s,64,0.15317,0.15687,0.16073,0.1255
Time,s,64,0.1564,0.15748,0.16257,0.12552
Time,s,64,0.15295,0.15682,0.16065,0.12815
Time,s,64,0.1578,0.15718,0.16345,0.12947
Time,s,64,0.14979,0.15891,0.16338,0.12481
Time,s,64,0.15719,0.16011,0.16317,0.12478
Time,s,64,0.15955,0.15578,0.16003,0.12793
Time,s,64,0.15396,0.15465,0.1694,0.1259
Time,s,64,0.15481,0.1595,0.15862,0.12512
Time,s,64,0.15738,0.15917,0.16052,0.12427
Time,s,64,0.15324,0.15769,0.16303,0.13104
Time,s,64,0.16249,0.16141,0.1609,0.1235
Time,s,64,0.1553,0.15797,0.15894,0.1239
Time,s,64,0.15706,0.15503,0.16545,0.12581
Time,s,64,0.15443,0.15679,0.16244,0.12859
Time,s,64,0.15595,0.16266,0.15755,0.12564
Time,s,64,0.15867,0.15897,0.16135,0.12312
Time,s,64,0.15707,0.15803,0.16275,0.12276
Time,s,64,0.15143,0.16189,0.16257,0.12458
Time,s,64,0.15609,0.15893,0.15772,0.12382
Time,s,64,0.15506,0.1567,0.15856,0.12795
Time,s,64,0.1566,0.15978,0.15818,0.12765
Time,s,64,0.15429,0.15758,0.15817,0.12447
Time,s,64,0.15569,0.15708,0.16478,0.12735
Time,s,64,0.15257,0.15945,0.16302,0.12347
Time,s,64,0.15335,0.15998,0.16095,0.12695
Time,s,64,0.15726,0.15851,0.16585,0.1228
Time,s,64,0.15839,0.16248,0.15943,0.12937
Time,s,64,0.15947,0.16079,0.16352,0.12296
Time,s,64,0.15829,0.16518,0.16237,0.12654
Time,s,64,0.15629,0.16019,0.16206,0.12329
Time,s,64,0.15576,0.16027,0.16122,0.12532
Time,s,64,0.15401,0.15784,0.15782,0.12706
Time,s,64,0.15652,0.16018,0.16122,0.12512
Time,s,64,0.15942,0.16903,0.15851,0.12883
Time,s,64,0.15382,0.18595,0.16535,0.13023
Time,s,64,0.15517,0.17724,0.16424,0.12418
Time,s,64,0.16392,0.19587,0.16198,0.1263
Time,s,64,0.15206,0.18254,0.16304,0.12587
Time,s,64,0.15922,0.18558,0.15853,0.12364
Time,s,64,0.16019,0.17561,0.16047,0.13088
Time,s,64,0.15795,0.17526,0.16475,0.12539
Time,s,64,0.15792,0.16877,0.15938,0.12451
Time,s,64,0.15529,0.17731,0.16831,0.1275
Time,s,64,0.1552,0.1695,0.15887,0.12376
Time,s,64,0.15662,0.16874,0.15848,0.12457
Time,s,64,0.1583,0.17249,0.16245,0.12304
Time,s,64,0.16067,0.16594,0.15885,0.12455
Time,s,64,0.15811,0.16653,0.16367,0.13115
Time,s,64,0.15765,0.17475,0.15728,0.12792
Time,s,64,0.15255,0.16397,0.16118,0.12222
Time,s,64,0.15305,0.17804,0.15992,0.12726
Time,s,64,0.15479,0.17447,0.15667,0.12766
Time,s,64,0.15464,0.16981,0.16276,0.12361
Time,s,64,0.15193,0.1642,0.16127,0.12507
Time,s,64,0.15858,0.16123,0.16248,0.12662
Time,s,64,0.15547,0.15847,0.1657,0.12714
Time,s,64,0.1615,0.15532,0.15619,0.12698
Time,s,64,0.15487,0.15823,0.16105,0.12774
Time,s,64,0.15906,0.16128,0.16114,0.12395
Time,s,64,0.1523,0.1542,0.16142,0.12671
Time,s,64,0.15583,0.15589,0.16442,0.12406
Time,s,64,0.15808,0.1661,0.16179,0.12535
Time,s,64,0.15571,0.1598,0.16728,0.12391
Time,s,64,0.15752,0.16037,0.16657,0.12903
Time,s,64,0.15679,0.16454,0.15609,0.12404
Time,s,64,0.158,0.16014,0.16004,0.1314
Time,s,64,0.16883,0.15783,0.15923,0.12675
Time,s,64,0.15854,0.16094,0.16703,0.12552
Time,s,64,0.15969,0.16196,0.1613,0.12535
Time,s,64,0.15497,0.16258,0.16014,0.12622
Time,s,64,0.15824,0.1574,0.15819,0.12833
Time,s,65,0.15017,0.1517,0.14979,0.08101
Time,s,65,0.14509,0.14535,0.15005,0.08392
Time,s,65,0.14401,0.14962,0.14837,0.0817
Time,s,65,0.14454,0.15332,0.15228,0.08165
Time,s,65,0.14494,0.14844,0.15409,0.08123
Time,s,65,0.15192,0.14771,0.14893,0.08184
Time,s,65,0.14663,0.14789,0.14763,0.08185
Time,s,65,0.14669,0.14871,0.1491,0.07936
Time,s,65,0.15078,0.14809,0.14997,0.08366
Time,s,65,0.14637,0.15086,0.14837,0.07983
Time,s,65,0.14515,0.14932,0.15136,0.08075
Time,s,65,0.14916,0.15482,0.15304,0.08019
Time,s,65,0.14645,0.14701,0.14999,0.08054
Time,s,65,0.14739,0.14805,0.14741,0.08009
Time,s,65,0.14489,0.14891,0.14862,0.08188
Time,s,65,0.14798,0.14674,0.14893,0.08269
Time,s,65,0.15146,0.1482,0.1482,0.07881
Time,s,65,0.14962,0.14896,0.14948,0.08152
Time,s,65,0.14885,0.14944,0.14944,0.07976
Time,s,65,0.14779,0.14843,0.14798,0.0793
Time,s,65,0.14663,0.14824,0.14863,0.08097
Time,s,65,0.14636,0.15976,0.14906,0.08789
Time,s,65,0.14617,0.14815,0.15348,0.07982
Time,s,65,0.14607,0.14697,0.14822,0.08075
Time,s,65,0.15088,0.14796,0.15241,0.08057
Time,s,65,0.14653,0.15068,0.15067,0.08121
Time,s,65,0.14665,0.14733,0.15553,0.08188
Time,s,65,0.15052,0.14749,0.14799,0.08176
Time,s,65,0.14568,0.14765,0.14858,0.08164
Time,s,65,0.14933,0.14983,0.14901,0.08041
Time,s,65,0.14574,0.14967,0.14902,0.08055
Time,s,65,0.14662,0.14827,0.14948,0.08061
Time,s,65,0.14746,0.15459,0.15338,0.07976
Time,s,65,0.14809,0.14984,0.14756,0.08096
Time,s,65,0.14564,0.14784,0.15293,0.08259
Time,s,65,0.14717,0.15075,0.15072,0.08041
Time,s,65,0.1466,0.14834,0.14812,0.08071
Time,s,65,0.15133,0.1466,0.14823,0.0802
Time,s,65,0.1462,0.14825,0.15018,0.08171
Time,s,65,0.14615,0.14906,0.14904,0.07926
Time,s,65,0.14857,0.15819,0.15018,0.0831
Time,s,65,0.14826,0.15067,0.14912,0.08335
Time,s,65,0.14588,0.15224,0.15022,0.08022
Time,s,65,0.14758,0.14872,0.15114,0.08011
Time,s,65,0.14643,0.14787,0.14812,0.0808
Time,s,65,0.14577,0.14889,0.15387,0.08156
Time,s,65,0.14407,0.15041,0.15239,0.08016
Time,s,65,0.14736,0.14977,0.14836,0.08568
Time,s,65,0.15071,0.15307,0.14975,0.0853
Time,s,65,0.14696,0.14944,0.14807,0.08477
Time,s,65,0.14689,0.14886,0.14759,0.08054
Time,s,65,0.14861,0.1476,0.14954,0.08944
Time,s,65,0.14618,0.14763,0.15137,0.08422
Time,s,65,0.14552,0.15652,0.15414,0.08106
Time,s,65,0.14747,0.14822,0.14868,0.0816
Time,s,65,0.14734,0.14863,0.14793,0.08006
Time,s,65,0.14769,0.1494,0.14918,0.08165
Time,s,65,0.14654,0.14836,0.14775,0.08061
Time,s,65,0.14634,0.14638,0.14767,0.08017
Time,s,65,0.1508,0.14733,0.15023,0.0831
Time,s,65,0.14711,0.14825,0.14949,0.08659
Time,s,65,0.15119,0.14881,0.14763,0.07994
Time,s,65,0.14776,0.14694,0.15433,0.07924
Time,s,65,0.14822,0.14925,0.14957,0.08008
Time,s,65,0.14684,0.15133,0.15058,0.08259
Time,s,65,0.14604,0.14772,0.14767,0.07958
Time,s,65,0.14588,0.14943,0.15115,0.08316
Time,s,65,0.14539,0.15048,0.15262,0.08227
Time,s,65,0.14903,0.14976,0.14921,0.0796
Time,s,65,0.15206,0.14892,0.14811,0.08141
Time,s,65,0.14652,0.14845,0.14905,0.0811
Time,s,65,0.14684,0.15004,0.14775,0.0803
Time,s,65,0.14864,0.14947,0.14867,0.08111
Time,s,65,0.14595,0.14781,0.14919,0.08379
Time,s,65,0.14652,0.15373,0.1577,0.08135
Time,s,65,0.14744,0.14965,0.149,0.07949
Time,s,65,0.14781,0.1487,0.14626,0.08113
Time,s,65,0.14619,0.15133,0.14743,0.08252
Time,s,65,0.14518,0.14824,0.14905,0.08073
Time,s,65,0.14692,0.14632,0.14787,0.08801
Time,s,65,0.15124,0.14816,0.1508,0.08172
Time,s,65,0.14688,0.14636,0.1505,0.08049
Time,s,65,0.14674,0.14959,0.14792,0.08109
Time,s,65,0.15025,0.1486,0.14928,0.08145
Time,s,65,0.14741,0.15039,0.14764,0.08136
Time,s,65,0.14581,0.1527,0.1551,0.08349
Time,s,65,0.14858,0.14766,0.14939,0.08082
Time,s,65,0.14599,0.14986,0.14932,0.0803
Time,s,65,0.14592,0.15152,0.15106,0.08169
Time,s,65,0.14624,0.14997,0.14934,0.08059
Time,s,65,0.15275,0.1479,0.14838,0.08216
Time,s,65,0.14788,0.14714,0.14808,0.08106
Time,s,65,0.14745,0.14772,0.15044,0.08174
Time,s,65,0.14959,0.14772,0.14876,0.08215
Time,s,65,0.1474,0.14933,0.14861,0.0809
Time,s,65,0.15216,0.15326,0.15471,0.08097
Time,s,65,0.14617,0.15063,0.14882,0.07981
Time,s,65,0.14847,0.1513,0.14933,0.08061
Time,s,65,0.14812,0.15005,0.14747,0.08569
Time,s,65,0.14685,0.14824,0.15283,0.082
Time,s,66,0.02997,0.03196,0.03105,0.01768
Time,s,66,0.031,0.03066,0.03057,0.01711
Time,s,66,0.02872,0.02835,0.02908,0.01607
Time,s,66,0.02857,0.02839,0.02966,0.01573
Time,s,66,0.02858,0.02906,0.02958,0.0159
Time,s,66,0.02811,0.02904,0.02877,0.0154
Time,s,66,0.0289,0.02968,0.02948,0.01566
Time,s,66,0.02896,0.02899,0.03001,0.01611
Time,s,66,0.03179,0.02861,0.02941,0.0156
Time,s,66,0.0289,0.03056,0.02923,0.01553
Time,s,66,0.02896,0.02962,0.0296,0.01538
Time,s,66,0.02856,0.02925,0.02846,0.01601
Time,s,66,0.0285,0.02857,0.0285,0.01515
Time,s,66,0.02926,0.02859,0.02921,0.01601
Time,s,66,0.02813,0.02939,0.02872,0.01532
Time,s,66,0.02822,0.02858,0.02893,0.01605
Time,s,66,0.02777,0.02872,0.0308,0.01555
Time,s,66,0.02802,0.02994,0.02924,0.01636
Time,s,66,0.02825,0.02861,0.03027,0.01545
Time,s,66,0.02894,0.02966,0.03021,0.01683
Time,s,66,0.02957,0.02852,0.02978,0.01556
Time,s,66,0.02788,0.02805,0.0293,0.01716
Time,s,66,0.03009,0.02891,0.02843,0.01558
Time,s,66,0.02836,0.02801,0.02982,0.01547
Time,s,66,0.02867,0.02797,0.02874,0.01578
Time,s,66,0.02839,0.03084,0.02955,0.01754
Time,s,66,0.02816,0.02892,0.02949,0.0158
Time,s,66,0.02788,0.0299,0.02908,0.0165
Time,s,66,0.02835,0.02926,0.02926,0.01633
Time,s,66,0.02815,0.02896,0.02893,0.01536
Time,s,66,0.02944,0.02999,0.02979,0.01562
Time,s,66,0.02856,0.03149,0.03122,0.01677
Time,s,66,0.02823,0.02852,0.0286,0.01518
Time,s,66,0.02884,0.02838,0.02877,0.016
Time,s,66,0.02868,0.028,0.02911,0.01653
Time,s,66,0.02832,0.02853,0.0291,0.0156
Time,s,66,0.02872,0.02823,0.02868,0.0154
Time,s,66,0.02874,0.0289,0.0289,0.01561
Time,s,66,0.0285,0.02904,0.0279,0.01651
Time,s,66,0.028,0.02851,0.03062,0.01494
Time,s,66,0.02977,0.02836,0.02977,0.0156
Time,s,66,0.02819,0.0289,0.02845,0.01554
Time,s,66,0.02823,0.02789,0.02901,0.01558
Time,s,66,0.02997,0.02868,0.03091,0.01555
Time,s,66,0.02811,0.02906,0.02947,0.0156
Time,s,66,0.02843,0.02805,0.02843,0.01491
Time,s,66,0.02838,0.02881,0.03001,0.01556
Time,s,66,0.0281,0.02853,0.02982,0.01552
Time,s,66,0.0283,0.02882,0.0288,0.01553
Time,s,66,0.02834,0.02813,0.03081,0.01543
Time,s,66,0.02845,0.03854,0.02913,0.01535
Time,s,66,0.02707,0.02984,0.03012,0.01561
Time,s,66,0.03288,0.029,0.02942,0.01461
Time,s,66,0.02787,0.02893,0.03143,0.01542
Time,s,66,0.02791,0.02833,0.03021,0.01522
Time,s,66,0.02809,0.0288,0.02916,0.01537
Time,s,66,0.02807,0.02769,0.02875,0.01562
Time,s,66,0.02804,0.02813,0.02902,0.0154
Time,s,66,0.02792,0.02851,0.0289,0.01582
Time,s,66,0.02857,0.02782,0.02928,0.01585
Time,s,66,0.02761,0.02874,0.02983,0.01539
Time,s,66,0.02854,0.02806,0.0282,0.01562
Time,s,66,0.0296,0.03009,0.02937,0.01551
Time,s,66,0.02806,0.02812,0.02862,0.0155
Time,s,66,0.02833,0.02916,0.02895,0.01562
Time,s,66,0.0278,0.02805,0.02866,0.01557
Time,s,66,0.0278,0.02805,0.03227,0.01518
Time,s,66,0.02817,0.02861,0.0299,0.01553
Time,s,66,0.02818,0.02857,0.02912,0.01551
Time,s,66,0.02805,0.02815,0.02949,0.01542
Time,s,66,0.02893,0.02898,0.02982,0.01567
Time,s,66,0.02869,0.02805,0.02966,0.01574
Time,s,66,0.02832,0.02836,0.0297,0.01551
Time,s,66,0.02898,0.02999,0.0298,0.0153
Time,s,66,0.02805,0.02982,0.02963,0.01571
Time,s,66,0.02787,0.02848,0.03008,0.01578
Time,s,66,0.029,0.02903,0.02936,0.01522
Time,s,66,0.02895,0.02873,0.02939,0.01581
Time,s,66,0.02979,0.02832,0.02929,0.01536
Time,s,66,0.0285,0.02833,0.02984,0.01578
Time,s,66,0.02786,0.02848,0.02917,0.01557
Time,s,66,0.02775,0.0286,0.0289,0.01596
Time,s,66,0.02797,0.02952,0.02901,0.01542
Time,s,66,0.02793,0.02893,0.02958,0.01594
Time,s,66,0.02801,0.02904,0.03126,0.01572
Time,s,66,0.02761,0.03144,0.03028,0.01533
Time,s,66,0.02783,0.02886,0.02971,0.01571
Time,s,66,0.02772,0.02841,0.02904,0.01534
Time,s,66,0.02788,0.02839,0.02862,0.0162
Time,s,66,0.0291,0.02869,0.0296,0.01542
Time,s,66,0.02817,0.02946,0.0285,0.01563
Time,s,66,0.0282,0.02805,0.02819,0.01567
Time,s,66,0.02928,0.0284,0.02893,0.01598
Time,s,66,0.02866,0.02883,0.02887,0.01635
Time,s,66,0.02774,0.0324,0.02873,0.01628
Time,s,66,0.0283,0.03125,0.02877,0.01539
Time,s,66,0.02807,0.02863,0.0294,0.01589
Time,s,66,0.02818,0.02922,0.0301,0.01514
Time,s,66,0.02859,0.02809,0.02915,0.01564
Time,s,66,0.02789,0.02897,0.02995,0.01534
Time,s,67,1.37988,1.39772,1.40607,0.41782
Time,s,67,1.3441,1.34425,1.38184,0.4027
Time,s,67,1.29417,1.32344,1.31052,0.41256
Time,s,67,1.32125,1.31959,1.3468,0.4111
Time,s,67,1.29964,1.33564,1.32917,0.41677
Time,s,67,1.32693,1.33594,1.31836,0.41999
Time,s,67,1.3041,1.32962,1.34038,0.41024
Time,s,67,1.32449,1.33309,1.3237,0.42313
Time,s,67,1.3153,1.33666,1.32962,0.41424
Time,s,67,1.29839,1.31572,1.36153,0.41461
Time,s,67,1.27981,1.32005,1.33415,0.4166
Time,s,67,1.28553,1.32989,1.35012,0.42138
Time,s,67,1.3184,1.33125,1.31448,0.42416
Time,s,67,1.29996,1.32185,1.32234,0.41448
Time,s,67,1.31354,1.32667,1.35295,0.41759
Time,s,67,1.30701,1.33347,1.32552,0.42588
Time,s,67,1.32776,1.33277,1.35637,0.42844
Time,s,67,1.29758,1.35618,1.3557,0.42178
Time,s,67,1.30401,1.34114,1.32097,0.42389
Time,s,67,1.30488,1.30881,1.38196,0.40379
Time,s,67,1.29526,1.31363,1.32623,0.42263
Time,s,67,1.31139,1.34805,1.31491,0.41047
Time,s,67,1.32712,1.31742,1.32284,0.41899
Time,s,67,1.32137,1.3346,1.33406,0.41823
Time,s,67,1.30807,1.32316,1.32797,0.40706
Time,s,67,1.32285,1.33327,1.34697,0.44204
Time,s,67,1.30289,1.33159,1.32581,0.42752
Time,s,67,1.28876,1.33454,1.34772,0.41735
Time,s,67,1.32603,1.3163,1.33981,0.41245
Time,s,67,1.32647,1.34738,1.33667,0.43018
Time,s,67,1.31111,1.32357,1.34453,0.41926
Time,s,67,1.29264,1.3345,1.31867,0.41687
Time,s,67,1.34738,1.32703,1.35591,0.41832
Time,s,67,1.29239,1.31061,1.32205,0.41147
Time,s,67,1.30526,1.34291,1.32458,0.404
Time,s,67,1.33792,1.33832,1.36866,0.41691
Time,s,67,1.35841,1.29614,1.35677,0.42106
Time,s,67,1.33105,1.31747,1.36455,0.42164
Time,s,67,1.29942,1.31766,1.32674,0.41586
Time,s,67,1.30494,1.33467,1.34299,0.40773
Time,s,67,1.33845,1.31756,1.35121,0.4188
Time,s,67,1.30675,1.29651,1.323,0.42312
Time,s,67,1.32099,1.34124,1.34195,0.42179
Time,s,67,1.31481,1.33341,1.32359,0.41707
Time,s,67,1.29885,1.33399,1.3854,0.42416
Time,s,67,1.33893,1.32442,1.38385,0.41399
Time,s,67,1.32294,1.33077,1.35234,0.43355
Time,s,67,1.31128,1.3265,1.32772,0.42711
Time,s,67,1.29391,1.35621,1.35693,0.41566
Time,s,67,1.31248,1.37264,1.34183,0.42661
Time,s,67,1.29768,1.30864,1.36545,0.42559
Time,s,67,1.29948,1.34445,1.31625,0.41613
Time,s,67,1.28927,1.31822,1.36934,0.42634
Time,s,67,1.31376,1.34418,1.36262,0.42185
Time,s,67,1.30762,1.32967,1.32261,0.41291
Time,s,67,1.32709,1.34286,1.32672,0.41567
Time,s,67,1.328,1.3343,1.34861,0.41553
Time,s,67,1.30076,1.31845,1.34639,0.42087
Time,s,67,1.30662,1.32951,1.351,0.41525
Time,s,67,1.2942,1.34412,1.33931,0.41619
Time,s,67,1.31867,1.32179,1.31814,0.41987
Time,s,67,1.31155,1.33394,1.37673,0.4131
Time,s,67,1.30682,1.33455,1.34292,0.41674
Time,s,67,1.31403,1.31827,1.31472,0.41599
Time,s,67,1.29718,1.30685,1.33323,0.40607
Time,s,67,1.29792,1.3371,1.35376,0.41701
Time,s,67,1.32424,1.33814,1.3364,0.4162
Time,s,67,1.31939,1.33699,1.32112,0.41741
Time,s,67,1.32349,1.34797,1.35692,0.41116
Time,s,67,1.3067,1.34609,1.35041,0.421
Time,s,67,1.29215,1.35084,1.34006,0.42374
Time,s,67,1.32799,1.31831,1.34196,0.41784
Time,s,67,1.29124,1.32887,1.3399,0.41799
Time,s,67,1.29589,1.33165,1.32736,0.40705
Time,s,67,1.32139,1.32206,1.34705,0.43444
Time,s,67,1.32976,1.35996,1.36291,0.4302
Time,s,67,1.29283,1.43356,1.37322,0.43394
Time,s,67,1.31644,1.51363,1.34371,0.41088
Time,s,67,1.30923,1.36022,1.36329,0.41631
Time,s,67,1.32129,1.30707,1.33564,0.42526
Time,s,67,1.32085,1.31403,1.30451,0.40888
Time,s,67,1.28418,1.34404,1.33509,0.41473
Time,s,67,1.30922,1.34118,1.31246,0.41784
Time,s,67,1.30316,1.32658,1.36823,0.42726
Time,s,67,1.31351,1.33302,1.32886,0.4164
Time,s,67,1.31443,1.34181,1.32516,0.41462
Time,s,67,1.30472,1.33882,1.32628,0.42723
Time,s,67,1.32321,1.32764,1.3446,0.41141
Time,s,67,1.31709,1.32273,1.367,0.4196
Time,s,67,1.33784,1.3211,1.33549,0.41319
Time,s,67,1.30126,1.34255,1.33046,0.41663
Time,s,67,1.29964,1.30447,1.3465,0.42184
Time,s,67,1.32846,1.34908,1.3495,0.41378
Time,s,67,1.33187,1.34263,1.32686,0.41599
Time,s,67,1.30447,1.34855,1.31451,0.41356
Time,s,67,1.3381,1.35196,1.33346,0.42047
Time,s,67,1.30497,1.32464,1.34227,0.41569
Time,s,67,1.29256,1.3303,1.33547,0.41546
Time,s,67,1.31129,1.31198,1.30831,0.44493
Time,s,67,1.29677,1.34831,1.32227,0.42742
Time,s,68,0.0661,0.05734,0.06715,0.01925
Time,s,68,0.05572,0.05716,0.06651,0.01745
Time,s,68,0.06187,0.05432,0.05451,0.01579
Time,s,68,0.05517,0.06136,0.06066,0.01747
Time,s,68,0.06255,0.06506,0.0597,0.01814
Time,s,68,0.05874,0.06176,0.06335,0.01626
Time,s,68,0.05403,0.05757,0.06699,0.01468
Time,s,68,0.05466,0.06303,0.0561,0.01631
Time,s,68,0.05675,0.05913,0.05898,0.01499
Time,s,68,0.0585,0.06096,0.06158,0.0178
Time,s,68,0.05628,0.0573,0.05891,0.01452
Time,s,68,0.06445,0.05529,0.05481,0.01846
Time,s,68,0.05289,0.05453,0.05848,0.01543
Time,s,68,0.05603,0.05703,0.05611,0.01473
Time,s,68,0.05383,0.05505,0.05532,0.01443
Time,s,68,0.05495,0.05909,0.05698,0.0161
Time,s,68,0.05412,0.05399,0.05697,0.0207
Time,s,68,0.05128,0.05168,0.05506,0.01553
Time,s,68,0.05111,0.05315,0.0549,0.01466
Time,s,68,0.05083,0.05278,0.05162,0.01522
Time,s,68,0.0544,0.05346,0.05423,0.01544
Time,s,68,0.05206,0.05083,0.0519,0.01536
Time,s,68,0.05318,0.05118,0.05368,0.01484
Time,s,68,0.05048,0.05138,0.05371,0.01401
Time,s,68,0.0508,0.05136,0.05148,0.01521
Time,s,68,0.0522,0.05328,0.0511,0.01517
Time,s,68,0.05705,0.0516,0.05214,0.01565
Time,s,68,0.05248,0.0531,0.05331,0.01467
Time,s,68,0.05207,0.05182,0.05433,0.01519
Time,s,68,0.05502,0.051,0.05694,0.01511
Time,s,68,0.05101,0.05165,0.05183,0.01672
Time,s,68,0.05249,0.05162,0.05348,0.01707
Time,s,68,0.05044,0.05541,0.05135,0.01634
Time,s,68,0.0506,0.0515,0.05211,0.01705
Time,s,68,0.05137,0.0511,0.05096,0.01474
Time,s,68,0.05168,0.05181,0.05524,0.01517
Time,s,68,0.05026,0.06288,0.05135,0.01511
Time,s,68,0.05086,0.05194,0.05438,0.01625
Time,s,68,0.05348,0.05119,0.05341,0.01428
Time,s,68,0.05149,0.05194,0.05196,0.01423
Time,s,68,0.05074,0.05129,0.05327,0.0168
Time,s,68,0.05116,0.05121,0.05221,0.01434
Time,s,68,0.0509,0.05099,0.05322,0.01465
Time,s,68,0.05142,0.0536,0.05328,0.01489
Time,s,68,0.04997,0.05377,0.05209,0.01663
Time,s,68,0.0524,0.05197,0.05309,0.01513
Time,s,68,0.04983,0.05194,0.05123,0.01674
Time,s,68,0.05057,0.05127,0.05238,0.02038
Time,s,68,0.05075,0.05088,0.05184,0.01521
Time,s,68,0.05133,0.0513,0.05189,0.01525
Time,s,68,0.05123,0.05103,0.05156,0.01504
Time,s,68,0.05114,0.05146,0.05337,0.01445
Time,s,68,0.05224,0.0511,0.05211,0.01546
Time,s,68,0.05153,0.05115,0.05174,0.01523
Time,s,68,0.05031,0.05021,0.05219,0.01444
Time,s,68,0.05174,0.05197,0.05072,0.01757
Time,s,68,0.05042,0.05454,0.05273,0.01621
Time,s,68,0.0513,0.05213,0.05186,0.01565
Time,s,68,0.05076,0.05128,0.0533,0.01583
Time,s,68,0.05469,0.05192,0.05665,0.01452
Time,s,68,0.05093,0.0524,0.05228,0.01419
Time,s,68,0.05226,0.05085,0.05167,0.01552
Time,s,68,0.05122,0.0523,0.0516,0.01466
Time,s,68,0.05162,0.05101,0.05175,0.01401
Time,s,68,0.05066,0.05056,0.05241,0.01459
Time,s,68,0.05114,0.05175,0.05525,0.01448
Time,s,68,0.0508,0.05624,0.05313,0.01491
Time,s,68,0.05022,0.0507,0.05168,0.01516
Time,s,68,0.05064,0.0514,0.05127,0.01462
Time,s,68,0.05205,0.05445,0.05182,0.01436
Time,s,68,0.05022,0.05127,0.05225,0.01549
Time,s,68,0.05422,0.05085,0.05203,0.014
Time,s,68,0.05108,0.05136,0.05142,0.0152
Time,s,68,0.05021,0.05487,0.05169,0.01423
Time,s,68,0.05947,0.05132,0.0529,0.01421
Time,s,68,0.05271,0.05059,0.05267,0.01436
Time,s,68,0.05129,0.05191,0.05179,0.01497
Time,s,68,0.05099,0.05126,0.05203,0.01503
Time,s,68,0.05033,0.05154,0.05287,0.01409
Time,s,68,0.05033,0.05173,0.05328,0.01472
Time,s,68,0.05154,0.05088,0.0544,0.01415
Time,s,68,0.0513,0.05131,0.05126,0.01498
Time,s,68,0.04982,0.05123,0.05101,0.01418
Time,s,68,0.05053,0.05127,0.05351,0.01439
Time,s,68,0.05079,0.05116,0.05251,0.01462
Time,s,68,0.05098,0.05216,0.05125,0.01456
Time,s,68,0.05108,0.05081,0.05216,0.01476
Time,s,68,0.05059,0.05308,0.05167,0.0152
Time,s,68,0.0503,0.0528,0.05536,0.01385
Time,s,68,0.05171,0.05146,0.05941,0.01532
Time,s,68,0.05759,0.05092,0.05064,0.01426
Time,s,68,0.05096,0.05177,0.0514,0.01475
Time,s,68,0.05032,0.05101,0.0518,0.01462
Time,s,68,0.05114,0.05036,0.05216,0.01408
Time,s,68,0.05177,0.05242,0.05088,0.01439
Time,s,68,0.07896,0.05082,0.05353,0.0143
Time,s,68,0.06429,0.05218,0.05126,0.01443
Time,s,68,0.07082,0.05615,0.05118,0.01508
Time,s,68,0.09714,0.05098,0.05387,0.01441
Time,s,68,0.07358,0.05271,0.05198,0.01425
Time,s,69,0.04709,0.03636,0.03833,0.02187
Time,s,69,0.04804,0.03664,0.0389,0.01937
Time,s,69,0.0515,0.03663,0.03698,0.02069
Time,s,69,0.04081,0.0359,0.03648,0.02
Time,s,69,0.05201,0.03973,0.03679,0.02073
Time,s,69,0.04177,0.03968,0.03742,0.02021
Time,s,69,0.05065,0.03641,0.03801,0.02099
Time,s,69,0.04129,0.03618,0.03688,0.01975
Time,s,69,0.03825,0.03668,0.03982,0.0199
Time,s,69,0.03997,0.0358,0.03884,0.01971
Time,s,69,0.04581,0.03465,0.0377,0.02044
Time,s,69,0.0368,0.0357,0.03779,0.02018
Time,s,69,0.03687,0.03681,0.0386,0.01977
Time,s,69,0.03625,0.03671,0.03614,0.0196
Time,s,69,0.03589,0.03512,0.03747,0.02015
Time,s,69,0.0389,0.03485,0.03649,0.02002
Time,s,69,0.03704,0.03582,0.03798,0.02017
Time,s,69,0.03688,0.03475,0.03683,0.01982
Time,s,69,0.03648,0.03566,0.03773,0.02041
Time,s,69,0.03588,0.03789,0.03714,0.01979
Time,s,69,0.0348,0.03637,0.03708,0.02174
Time,s,69,0.03624,0.03681,0.03518,0.02067
Time,s,69,0.03926,0.03618,0.03682,0.01983
Time,s,69,0.03689,0.03472,0.03826,0.02129
Time,s,69,0.03519,0.03777,0.03866,0.0208
Time,s,69,0.03675,0.03492,0.03837,0.02179
Time,s,69,0.03609,0.03571,0.03761,0.01992
Time,s,69,0.03543,0.03708,0.04012,0.02191
Time,s,69,0.03713,0.03803,0.04331,0.02048
Time,s,69,0.0376,0.03596,0.03681,0.02029
Time,s,69,0.03586,0.03757,0.03813,0.01921
Time,s,69,0.0356,0.03796,0.05692,0.02027
Time,s,69,0.03555,0.03772,0.04449,0.02044
Time,s,69,0.0354,0.037,0.05497,0.02053
Time,s,69,0.03752,0.03736,0.06164,0.01985
Time,s,69,0.03623,0.03773,0.05685,0.02161
Time,s,69,0.03606,0.0354,0.05108,0.02074
Time,s,69,0.03681,0.03881,0.04331,0.02048
Time,s,69,0.03931,0.03764,0.05462,0.02056
Time,s,69,0.03804,0.03622,0.04341,0.02004
Time,s,69,0.0368,0.03629,0.05397,0.01995
Time,s,69,0.03607,0.03699,0.04345,0.02084
Time,s,69,0.03518,0.03705,0.05068,0.02066
Time,s,69,0.03574,0.03876,0.04975,0.0211
Time,s,69,0.03745,0.03493,0.04325,0.02025
Time,s,69,0.03674,0.03598,0.04033,0.02044
Time,s,69,0.03571,0.03713,0.04067,0.01968
Time,s,69,0.03533,0.03561,0.03797,0.01999
Time,s,69,0.03582,0.04024,0.0385,0.0213
Time,s,69,0.03524,0.0383,0.03705,0.01985
Time,s,69,0.03511,0.03646,0.03698,0.01953
Time,s,69,0.03671,0.03821,0.03671,0.02002
Time,s,69,0.03532,0.03791,0.03864,0.01992
Time,s,69,0.03555,0.03709,0.03799,0.01989
Time,s,69,0.03567,0.03842,0.03757,0.01945
Time,s,69,0.03685,0.03724,0.03735,0.02012
Time,s,69,0.03571,0.03778,0.03747,0.021
Time,s,69,0.03685,0.03795,0.03733,0.02012
Time,s,69,0.03796,0.03791,0.03641,0.0207
Time,s,69,0.03681,0.03628,0.03727,0.02038
Time,s,69,0.03666,0.0392,0.03712,0.01978
Time,s,69,0.03761,0.03736,0.03824,0.01977
Time,s,69,0.03541,0.03685,0.03853,0.01976
Time,s,69,0.03565,0.03792,0.03827,0.01947
Time,s,69,0.03564,0.03719,0.03948,0.02017
Time,s,69,0.03671,0.03621,0.0361,0.02107
Time,s,69,0.03986,0.03532,0.03738,0.02058
Time,s,69,0.04567,0.03524,0.0372,0.02027
Time,s,69,0.03762,0.03673,0.03683,0.01965
Time,s,69,0.03729,0.03554,0.03709,0.02101
Time,s,69,0.0351,0.03548,0.03927,0.0205
Time,s,69,0.03503,0.03625,0.03631,0.0217
Time,s,69,0.03801,0.03556,0.03654,0.02013
Time,s,69,0.03611,0.03631,0.03671,0.02053
Time,s,69,0.03715,0.03484,0.03535,0.0198
Time,s,69,0.03616,0.03677,0.03659,0.02005
Time,s,69,0.03672,0.036,0.03814,0.02018
Time,s,69,0.03566,0.03706,0.03699,0.02036
Time,s,69,0.0368,0.03689,0.04885,0.02023
Time,s,69,0.03537,0.03606,0.0385,0.02178
Time,s,69,0.03464,0.04269,0.03866,0.01944
Time,s,69,0.03515,0.03671,0.03716,0.02059
Time,s,69,0.03541,0.03526,0.03903,0.02166
Time,s,69,0.03541,0.03776,0.03602,0.01968
Time,s,69,0.0364,0.03632,0.04461,0.01969
Time,s,69,0.03646,0.03491,0.03794,0.02257
Time,s,69,0.03548,0.03634,0.03663,0.02039
Time,s,69,0.03713,0.03542,0.03742,0.02025
Time,s,69,0.03543,0.03548,0.03758,0.02001
Time,s,69,0.03539,0.03775,0.03772,0.02006
Time,s,69,0.03679,0.03672,0.04049,0.02126
Time,s,69,0.03596,0.03685,0.0379,0.01983
Time,s,69,0.03628,0.03695,0.03618,0.02064
Time,s,69,0.03552,0.03721,0.0366,0.01983
Time,s,69,0.03515,0.03559,0.03613,0.02041
Time,s,69,0.03732,0.03517,0.03796,0.01999
Time,s,69,0.03479,0.03527,0.03782,0.01989
Time,s,69,0.03716,0.03527,0.03665,0.01987
Time,s,69,0.03643,0.03553,0.0379,0.01908
Time,s,69,0.0356,0.03559,0.03837,0.02071
Time,s,70,0.07854,0.07752,0.07938,0.02853
Time,s,70,0.08093,0.07777,0.08173,0.02741
Time,s,70,0.07897,0.07737,0.0863,0.02846
Time,s,70,0.08049,0.07792,0.07993,0.02729
Time,s,70,0.08501,0.07781,0.08069,0.02817
Time,s,70,0.08073,0.07812,0.08104,0.029
Time,s,70,0.08021,0.07818,0.08234,0.02882
Time,s,70,0.08095,0.0796,0.08086,0.02911
Time,s,70,0.07967,0.07996,0.08102,0.03042
Time,s,70,0.08012,0.08081,0.0799,0.02878
Time,s,70,0.08205,0.08455,0.08061,0.02786
Time,s,70,0.08562,0.07879,0.08048,0.03082
Time,s,70,0.08059,0.07901,0.0804,0.03109
Time,s,70,0.07999,0.07905,0.08056,0.02812
Time,s,70,0.08109,0.07926,0.08156,0.03046
Time,s,70,0.07986,0.08115,0.08507,0.02925
Time,s,70,0.07967,0.07875,0.07969,0.02844
Time,s,70,0.08002,0.08348,0.08021,0.02974
Time,s,70,0.08031,0.0794,0.07986,0.02836
Time,s,70,0.08236,0.07845,0.07959,0.02782
Time,s,70,0.08095,0.07881,0.08115,0.03112
Time,s,70,0.0801,0.07929,0.08103,0.02902
Time,s,70,0.08317,0.08012,0.08511,0.02799
Time,s,70,0.08744,0.07942,0.08019,0.02949
Time,s,70,0.08053,0.07839,0.08032,0.02772
Time,s,70,0.08021,0.07946,0.08021,0.02803
Time,s,70,0.08119,0.08637,0.0827,0.03088
Time,s,70,0.08313,0.08075,0.08213,0.02931
Time,s,70,0.08021,0.0789,0.07983,0.02819
Time,s,70,0.08331,0.07884,0.08026,0.03079
Time,s,70,0.08049,0.08524,0.07958,0.03068
Time,s,70,0.08139,0.07924,0.08052,0.02839
Time,s,70,0.08058,0.0786,0.07964,0.03126
Time,s,70,0.07992,0.07809,0.08116,0.02905
Time,s,70,0.08988,0.07988,0.07907,0.02865
Time,s,70,0.08075,0.08113,0.08024,0.03041
Time,s,70,0.08592,0.07892,0.0799,0.02797
Time,s,70,0.08132,0.07848,0.08023,0.02818
Time,s,70,0.08041,0.07838,0.08045,0.02816
Time,s,70,0.08178,0.07824,0.08165,0.02967
Time,s,70,0.08065,0.07916,0.08043,0.02784
Time,s,70,0.08044,0.07824,0.09138,0.0301
Time,s,70,0.08391,0.07786,0.07956,0.02891
Time,s,70,0.08616,0.0831,0.07945,0.02895
Time,s,70,0.09459,0.07831,0.07933,0.02834
Time,s,70,0.09242,0.07869,0.08108,0.02994
Time,s,70,0.09196,0.07849,0.08255,0.02848
Time,s,70,0.09231,0.07872,0.08111,0.03117
Time,s,70,0.09353,0.0793,0.08059,0.02797
Time,s,70,0.09311,0.08039,0.08059,0.02837
Time,s,70,0.09329,0.08313,0.08089,0.02824
Time,s,70,0.0928,0.0796,0.0824,0.02743
Time,s,70,0.08031,0.07752,0.08056,0.02755
Time,s,70,0.07974,0.07811,0.08157,0.02832
Time,s,70,0.07953,0.08254,0.0803,0.02787
Time,s,70,0.08055,0.08054,0.08005,0.02779
Time,s,70,0.08074,0.08792,0.08032,0.02848
Time,s,70,0.08089,0.08163,0.08047,0.02785
Time,s,70,0.08057,0.08174,0.08028,0.02762
Time,s,70,0.08202,0.08007,0.08124,0.02814
Time,s,70,0.08593,0.08036,0.07945,0.02789
Time,s,70,0.08487,0.08287,0.08591,0.03143
Time,s,70,0.08032,0.08004,0.08023,0.02873
Time,s,70,0.08118,0.08076,0.08039,0.0279
Time,s,70,0.0823,0.08131,0.07937,0.02812
Time,s,70,0.0809,0.08188,0.08141,0.02854
Time,s,70,0.08167,0.08232,0.08542,0.0308
Time,s,70,0.08304,0.08129,0.08003,0.0294
Time,s,70,0.08036,0.08156,0.0798,0.02811
Time,s,70,0.08146,0.0915,0.07992,0.0286
Time,s,70,0.08092,0.0816,0.08063,0.02879
Time,s,70,0.0807,0.08137,0.07905,0.02817
Time,s,70,0.08113,0.08096,0.08032,0.028
Time,s,70,0.08078,0.0812,0.08663,0.02752
Time,s,70,0.08143,0.08645,0.0818,0.0281
Time,s,70,0.083,0.08122,0.08117,0.02782
Time,s,70,0.0808,0.08356,0.08106,0.02771
Time,s,70,0.08191,0.08566,0.08041,0.0279
Time,s,70,0.0799,0.09452,0.08032,0.02753
Time,s,70,0.08034,0.09509,0.0812,0.02832
Time,s,70,0.0872,0.09401,0.08732,0.02887
Time,s,70,0.08044,0.096,0.08071,0.02845
Time,s,70,0.08089,0.0943,0.08072,0.02755
Time,s,70,0.08044,0.09512,0.08041,0.02825
Time,s,70,0.08022,0.09515,0.08136,0.02793
Time,s,70,0.08031,0.09584,0.0816,0.02862
Time,s,70,0.08682,0.09594,0.07953,0.02945
Time,s,70,0.08008,0.10327,0.08314,0.02801
Time,s,70,0.08076,0.08356,0.08099,0.02765
Time,s,70,0.08071,0.08154,0.08031,0.02832
Time,s,70,0.08017,0.08154,0.07974,0.02918
Time,s,70,0.08014,0.08311,0.07969,0.02818
Time,s,70,0.08186,0.08867,0.08662,0.02778
Time,s,70,0.07996,0.08229,0.08006,0.02793
Time,s,70,0.08117,0.08182,0.07978,0.02833
Time,s,70,0.08111,0.08213,0.07978,0.02791
Time,s,70,0.08149,0.08146,0.07946,0.02758
Time,s,70,0.08126,0.08107,0.07992,0.02804
Time,s,70,0.08122,0.08362,0.08124,0.02819
Time,s,70,0.08783,0.08097,0.08052,0.02785
Time,s,71,0.03641,0.0354,0.03916,0.01902
Time,s,71,0.03599,0.0338,0.03756,0.01681
Time,s,71,0.03542,0.03405,0.03578,0.01866
Time,s,71,0.03458,0.03563,0.03475,0.01786
Time,s,71,0.03609,0.03319,0.03512,0.01664
Time,s,71,0.03432,0.03384,0.0336,0.01689
Time,s,71,0.03651,0.03361,0.03452,0.01786
Time,s,71,0.03345,0.03577,0.03404,0.01764
Time,s,71,0.03471,0.0341,0.0342,0.01678
Time,s,71,0.03562,0.03335,0.0348,0.01722
Time,s,71,0.03451,0.03424,0.0354,0.01729
Time,s,71,0.03706,0.03577,0.03332,0.0178
Time,s,71,0.03517,0.03435,0.03367,0.01653
Time,s,71,0.03387,0.0334,0.03183,0.01613
Time,s,71,0.03508,0.03433,0.03277,0.01683
Time,s,71,0.03506,0.03477,0.0338,0.01762
Time,s,71,0.03481,0.03961,0.03751,0.01672
Time,s,71,0.03479,0.03434,0.0359,0.01755
Time,s,71,0.03462,0.03643,0.03335,0.01725
Time,s,71,0.03673,0.03463,0.03418,0.01657
Time,s,71,0.03472,0.0354,0.03384,0.01662
Time,s,71,0.03437,0.03412,0.03426,0.01723
Time,s,71,0.03241,0.03454,0.03439,0.01741
Time,s,71,0.03259,0.03557,0.03514,0.01591
Time,s,71,0.03409,0.03277,0.03352,0.01617
Time,s,71,0.03349,0.0346,0.03356,0.01618
Time,s,71,0.0336,0.03606,0.03506,0.01739
Time,s,71,0.04484,0.03843,0.0365,0.01683
Time,s,71,0.03239,0.03599,0.03376,0.01743
Time,s,71,0.03449,0.03492,0.03403,0.01655
Time,s,71,0.03332,0.03515,0.03348,0.01619
Time,s,71,0.03474,0.03533,0.03567,0.01754
Time,s,71,0.03341,0.03307,0.03587,0.01626
Time,s,71,0.03212,0.0351,0.03448,0.01834
Time,s,71,0.03282,0.03384,0.03362,0.01667
Time,s,71,0.03202,0.03411,0.03453,0.01534
Time,s,71,0.03422,0.03331,0.03483,0.01687
Time,s,71,0.03261,0.03618,0.03384,0.01753
Time,s,71,0.03251,0.0358,0.03458,0.01731
Time,s,71,0.03428,0.03649,0.03346,0.01659
Time,s,71,0.03411,0.03628,0.03354,0.01573
Time,s,71,0.0343,0.04469,0.03774,0.01674
Time,s,71,0.03217,0.03474,0.03542,0.01696
Time,s,71,0.03289,0.03392,0.03255,0.01711
Time,s,71,0.03464,0.03443,0.03244,0.01724
Time,s,71,0.03957,0.03523,0.03319,0.01703
Time,s,71,0.03702,0.0332,0.04009,0.01566
Time,s,71,0.03736,0.0339,0.0362,0.01662
Time,s,71,0.0395,0.03494,0.0343,0.01665
Time,s,71,0.0382,0.03435,0.0344,0.01655
Time,s,71,0.03651,0.03488,0.03532,0.01615
Time,s,71,0.03744,0.03409,0.03358,0.01702
Time,s,71,0.03765,0.03399,0.03385,0.01616
Time,s,71,0.03655,0.03298,0.034,0.01646
Time,s,71,0.03666,0.034,0.03393,0.01694
Time,s,71,0.0391,0.03325,0.03283,0.01678
Time,s,71,0.03739,0.03393,0.0337,0.01605
Time,s,71,0.03744,0.03455,0.03422,0.01668
Time,s,71,0.03963,0.03466,0.04016,0.02426
Time,s,71,0.03972,0.0333,0.03861,0.01747
Time,s,71,0.03707,0.03374,0.03864,0.01741
Time,s,71,0.03675,0.03472,0.03834,0.01628
Time,s,71,0.03404,0.03678,0.03774,0.01695
Time,s,71,0.03503,0.03262,0.03985,0.01738
Time,s,71,0.03301,0.03258,0.03804,0.01708
Time,s,71,0.03351,0.03336,0.03975,0.01692
Time,s,71,0.03396,0.03385,0.03859,0.01831
Time,s,71,0.03279,0.03346,0.03729,0.01732
Time,s,71,0.03268,0.03617,0.03782,0.01818
Time,s,71,0.0321,0.03593,0.04073,0.01769
Time,s,71,0.03259,0.03456,0.03877,0.01729
Time,s,71,0.03375,0.03475,0.03795,0.01628
Time,s,71,0.03349,0.03389,0.03796,0.01636
Time,s,71,0.03217,0.03544,0.03927,0.01585
Time,s,71,0.03218,0.03397,0.03966,0.01904
Time,s,71,0.03253,0.034,0.03844,0.01667
Time,s,71,0.0325,0.03276,0.03796,0.01595
Time,s,71,0.03371,0.03324,0.04024,0.01634
Time,s,71,0.03412,0.03369,0.04054,0.01621
Time,s,71,0.03387,0.0344,0.03988,0.01637
Time,s,71,0.03318,0.03338,0.03849,0.01586
Time,s,71,0.03273,0.03252,0.04289,0.01762
Time,s,71,0.03492,0.03295,0.0392,0.01698
Time,s,71,0.03276,0.03444,0.03951,0.01663
Time,s,71,0.03328,0.03395,0.03961,0.01687
Time,s,71,0.03517,0.03348,0.03999,0.01635
Time,s,71,0.03392,0.03253,0.03511,0.01621
Time,s,71,0.03961,0.03289,0.03454,0.01659
Time,s,71,0.03264,0.03722,0.03943,0.01654
Time,s,71,0.0363,0.03359,0.03571,0.01903
Time,s,71,0.03563,0.03551,0.0344,0.01704
Time,s,71,0.03353,0.03421,0.03385,0.01756
Time,s,71,0.03306,0.03423,0.03412,0.01633
Time,s,71,0.03409,0.03475,0.0341,0.01662
Time,s,71,0.03398,0.03439,0.03456,0.01666
Time,s,71,0.03516,0.03405,0.03464,0.01678
Time,s,71,0.03462,0.03364,0.03464,0.01753
Time,s,71,0.0358,0.03342,0.03426,0.01766
Time,s,71,0.03505,0.0342,0.04766,0.01633
Time,s,71,0.03236,0.03356,0.03398,0.01603
Time,s,72,0.13364,0.14334,0.13969,0.13754
Time,s,72,0.12868,0.12874,0.12895,0.11866
Time,s,72,0.12774,0.12996,0.12518,0.12563
Time,s,72,0.12207,0.12722,0.12942,0.13235
Time,s,72,0.12704,0.12129,0.12176,0.1289
Time,s,72,0.12646,0.12604,0.134,0.13241
Time,s,72,0.12869,0.1278,0.13284,0.1287
Time,s,72,0.12552,0.12968,0.12811,0.13006
Time,s,72,0.12686,0.12854,0.12758,0.12886
Time,s,72,0.12415,0.13509,0.13562,0.12659
Time,s,72,0.12431,0.13086,0.12968,0.1346
Time,s,72,0.12502,0.12879,0.13071,0.13405
Time,s,72,0.12821,0.1291,0.13015,0.12949
Time,s,72,0.1405,0.1253,0.13111,0.12839
Time,s,72,0.13044,0.13343,0.13208,0.12637
Time,s,72,0.13147,0.12049,0.14342,0.12966
Time,s,72,0.1157,0.13312,0.13253,0.13476
Time,s,72,0.13108,0.12202,0.13067,0.13661
Time,s,72,0.1196,0.12573,0.13044,0.12409
Time,s,72,0.12837,0.13164,0.12419,0.12724
Time,s,72,0.12289,0.12604,0.14578,0.13211
Time,s,72,0.12718,0.13195,0.13133,0.13328
Time,s,72,0.1266,0.13398,0.12835,0.12491
Time,s,72,0.12804,0.13148,0.13696,0.1256
Time,s,72,0.1181,0.12954,0.1325,0.13095
Time,s,72,0.12045,0.1295,0.12513,0.13035
Time,s,72,0.11273,0.13405,0.12823,0.12852
Time,s,72,0.12264,0.13074,0.13123,0.12749
Time,s,72,0.13074,0.12351,0.12996,0.13057
Time,s,72,0.147,0.12591,0.14247,0.1294
Time,s,72,0.13233,0.1356,0.14167,0.12852
Time,s,72,0.12476,0.13936,0.13449,0.13337
Time,s,72,0.12272,0.12636,0.1366,0.11922
Time,s,72,0.12758,0.13141,0.13184,0.136
Time,s,72,0.12916,0.12878,0.13116,0.1368
Time,s,72,0.13263,0.1257,0.13791,0.13339
Time,s,72,0.12615,0.13192,0.11926,0.12901
Time,s,72,0.14093,0.13207,0.13391,0.13069
Time,s,72,0.13422,0.13607,0.13101,0.12956
Time,s,72,0.1239,0.13515,0.13745,0.13365
Time,s,72,0.14344,0.13175,0.13161,0.13493
Time,s,72,0.13221,0.13974,0.12829,0.13209
Time,s,72,0.12298,0.13255,0.12297,0.12519
Time,s,72,0.12442,0.13223,0.13285,0.12975
Time,s,72,0.12374,0.14287,0.13543,0.1315
Time,s,72,0.13203,0.12449,0.13511,0.12276
Time,s,72,0.12581,0.12861,0.13181,0.12442
Time,s,72,0.12541,0.12939,0.12717,0.13044
Time,s,72,0.12444,0.12523,0.13466,0.1242
Time,s,72,0.13071,0.13155,0.12939,0.12854
Time,s,72,0.12896,0.13149,0.13335,0.1336
Time,s,72,0.12227,0.13333,0.12713,0.12881
Time,s,72,0.12547,0.12776,0.13568,0.12866
Time,s,72,0.13253,0.12643,0.1342,0.13416
Time,s,72,0.13213,0.12892,0.13278,0.1346
Time,s,72,0.11789,0.12618,0.12532,0.14159
Time,s,72,0.12924,0.13244,0.13861,0.13147
Time,s,72,0.12644,0.1332,0.12112,0.13209
Time,s,72,0.12699,0.13485,0.1298,0.13013
Time,s,72,0.12609,0.1301,0.13087,0.13252
Time,s,72,0.13164,0.12883,0.1188,0.12847
Time,s,72,0.13507,0.13232,0.12897,0.12921
Time,s,72,0.12624,0.12997,0.13616,0.13985
Time,s,72,0.12993,0.12692,0.13846,0.12804
Time,s,72,0.12911,0.14027,0.12942,0.12155
Time,s,72,0.12828,0.12978,0.13561,0.13509
Time,s,72,0.12257,0.14407,0.13262,0.13415
Time,s,72,0.12472,0.12486,0.13833,0.13308
Time,s,72,0.1251,0.12586,0.13406,0.12823
Time,s,72,0.12514,0.13238,0.13312,0.13038
Time,s,72,0.12124,0.13428,0.13823,0.13169
Time,s,72,0.13808,0.13191,0.13702,0.12876
Time,s,72,0.13297,0.12482,0.14187,0.13336
Time,s,72,0.1257,0.12504,0.14353,0.13436
Time,s,72,0.13084,0.12903,0.13023,0.13238
Time,s,72,0.12139,0.12901,0.13816,0.13497
Time,s,72,0.12668,0.12643,0.1206,0.13153
Time,s,72,0.13146,0.1345,0.12641,0.13386
Time,s,72,0.12914,0.12984,0.13831,0.13484
Time,s,72,0.12773,0.12746,0.12994,0.13202
Time,s,72,0.11577,0.13045,0.12469,0.14614
Time,s,72,0.12727,0.12786,0.12957,0.12803
Time,s,72,0.13262,0.13115,0.13156,0.1352
Time,s,72,0.14507,0.12834,0.13145,0.12668
Time,s,72,0.13314,0.13309,0.13561,0.12969
Time,s,72,0.13358,0.12947,0.12322,0.13533
Time,s,72,0.13403,0.1315,0.12719,0.12783
Time,s,72,0.12897,0.12108,0.12712,0.12175
Time,s,72,0.1267,0.13206,0.12743,0.12175
Time,s,72,0.11991,0.12592,0.1305,0.1395
Time,s,72,0.11855,0.13347,0.13462,0.12724
Time,s,72,0.12689,0.11917,0.12998,0.12817
Time,s,72,0.12265,0.12822,0.13129,0.12698
Time,s,72,0.12692,0.13133,0.13553,0.13267
Time,s,72,0.13274,0.12756,0.14036,0.12806
Time,s,72,0.14147,0.12815,0.12496,0.13378
Time,s,72,0.12377,0.13499,0.13632,0.12532
Time,s,72,0.12779,0.12618,0.12559,0.13104
Time,s,72,0.12934,0.13475,0.1248,0.1391
Time,s,72,0.12388,0.12885,0.1268,0.12358
Time,s,73,0.02939,0.0285,0.03133,0.00877
Time,s,73,0.02873,0.03081,0.03291,0.00649
Time,s,73,0.02914,0.02979,0.03,0.00604
Time,s,73,0.02973,0.02896,0.02875,0.00578
Time,s,73,0.03037,0.02764,0.02905,0.00607
Time,s,73,0.02838,0.02773,0.02886,0.00778
Time,s,73,0.02828,0.02733,0.02906,0.006
Time,s,73,0.02814,0.0278,0.02841,0.00556
Time,s,73,0.02883,0.0299,0.02809,0.00632
Time,s,73,0.03028,0.02904,0.02833,0.0056
Time,s,73,0.02831,0.02998,0.02866,0.00577
Time,s,73,0.02783,0.02833,0.02785,0.00556
Time,s,73,0.02736,0.02884,0.02821,0.00592
Time,s,73,0.02813,0.02901,0.02779,0.0056
Time,s,73,0.02798,0.02768,0.02824,0.00593
Time,s,73,0.02731,0.02875,0.02904,0.00567
Time,s,73,0.02807,0.02738,0.02907,0.00558
Time,s,73,0.02788,0.02902,0.02784,0.00566
Time,s,73,0.03061,0.02935,0.03301,0.00553
Time,s,73,0.02766,0.02751,0.02786,0.00583
Time,s,73,0.028,0.0291,0.02851,0.00578
Time,s,73,0.02714,0.02757,0.0288,0.0056
Time,s,73,0.02819,0.02805,0.03079,0.00571
Time,s,73,0.02811,0.02768,0.02961,0.00569
Time,s,73,0.02797,0.02756,0.02823,0.00573
Time,s,73,0.02804,0.02767,0.0278,0.00568
Time,s,73,0.02786,0.02873,0.02736,0.00613
Time,s,73,0.0281,0.02853,0.0284,0.00562
Time,s,73,0.02822,0.02758,0.02817,0.00564
Time,s,73,0.02863,0.02785,0.02783,0.00578
Time,s,73,0.02727,0.02837,0.0276,0.00593
Time,s,73,0.02794,0.02886,0.02825,0.00698
Time,s,73,0.02862,0.03352,0.02766,0.00541
Time,s,73,0.02737,0.02846,0.02792,0.00654
Time,s,73,0.02787,0.02752,0.02977,0.00569
Time,s,73,0.02812,0.02783,0.02731,0.00613
Time,s,73,0.02878,0.0278,0.02799,0.0057
Time,s,73,0.03062,0.02729,0.02765,0.00607
Time,s,73,0.02835,0.02728,0.02728,0.00584
Time,s,73,0.02742,0.02763,0.03019,0.00586
Time,s,73,0.028,0.02723,0.0275,0.00569
Time,s,73,0.02782,0.02783,0.02906,0.00607
Time,s,73,0.02728,0.02796,0.02826,0.00665
Time,s,73,0.02751,0.02787,0.02768,0.00587
Time,s,73,0.02816,0.02856,0.0275,0.00576
Time,s,73,0.02743,0.03025,0.03356,0.00623
Time,s,73,0.03141,0.02839,0.02842,0.00564
Time,s,73,0.03271,0.02794,0.0277,0.00573
Time,s,73,0.02938,0.02774,0.02785,0.00579
Time,s,73,0.02794,0.02746,0.0282,0.00613
Time,s,73,0.02813,0.02875,0.02742,0.00585
Time,s,73,0.02816,0.03052,0.02752,0.00573
Time,s,73,0.02777,0.03375,0.02865,0.00574
Time,s,73,0.02944,0.03216,0.02815,0.00686
Time,s,73,0.02804,0.03227,0.02871,0.00636
Time,s,73,0.02792,0.03239,0.02842,0.00623
Time,s,73,0.02833,0.03935,0.0278,0.00597
Time,s,73,0.02961,0.03212,0.02791,0.007
Time,s,73,0.02808,0.03213,0.02813,0.00582
Time,s,73,0.02802,0.03203,0.02776,0.00606
Time,s,73,0.02919,0.0324,0.02796,0.00601
Time,s,73,0.02849,0.03404,0.02846,0.00722
Time,s,73,0.02801,0.03133,0.02799,0.00569
Time,s,73,0.02824,0.03366,0.02846,0.00581
Time,s,73,0.02847,0.03248,0.02822,0.00576
Time,s,73,0.02783,0.03263,0.02782,0.00585
Time,s,73,0.02883,0.03333,0.02817,0.00585
Time,s,73,0.0278,0.03223,0.0281,0.00576
Time,s,73,0.02796,0.03206,0.02781,0.00549
Time,s,73,0.02863,0.03254,0.03039,0.00569
Time,s,73,0.0276,0.03276,0.02812,0.00539
Time,s,73,0.02815,0.03216,0.02769,0.00576
Time,s,73,0.02811,0.03228,0.0299,0.00588
Time,s,73,0.02866,0.03269,0.03223,0.00609
Time,s,73,0.02804,0.03363,0.03059,0.00586
Time,s,73,0.02926,0.034,0.0276,0.00582
Time,s,73,0.02777,0.03408,0.02919,0.00544
Time,s,73,0.02806,0.03265,0.02893,0.00556
Time,s,73,0.02877,0.03348,0.03317,0.00536
Time,s,73,0.02776,0.03286,0.03027,0.00558
Time,s,73,0.02825,0.03239,0.02862,0.00617
Time,s,73,0.02828,0.03301,0.02783,0.00575
Time,s,73,0.02767,0.03317,0.02774,0.00626
Time,s,73,0.02856,0.03033,0.02863,0.00547
Time,s,73,0.02799,0.02838,0.02743,0.00552
Time,s,73,0.02754,0.02799,0.02915,0.00581
Time,s,73,0.02831,0.0278,0.02834,0.00572
Time,s,73,0.02798,0.02794,0.02782,0.00562
Time,s,73,0.02745,0.02791,0.02834,0.00643
Time,s,73,0.02796,0.02858,0.03037,0.0057
Time,s,73,0.02806,0.02806,0.02877,0.00544
Time,s,73,0.02782,0.02768,0.02778,0.00695
Time,s,73,0.03159,0.02793,0.02803,0.01064
Time,s,73,0.03045,0.02785,0.02882,0.00586
Time,s,73,0.02917,0.02799,0.02821,0.00567
Time,s,73,0.02783,0.02763,0.02951,0.00581
Time,s,73,0.02875,0.02794,0.02807,0.0057
Time,s,73,0.0288,0.02768,0.02866,0.00568
Time,s,73,0.02811,0.02783,0.02855,0.0057
Time,s,73,0.02844,0.02765,0.02814,0.00555
Time,s,74,0.26353,0.31383,0.26947,0.12975
Time,s,74,0.24802,0.26311,0.25315,0.11783
Time,s,74,0.24789,0.28979,0.25573,0.11553
Time,s,74,0.25311,0.25615,0.27459,0.11295
Time,s,74,0.26759,0.25771,0.27775,0.10574
Time,s,74,0.28496,0.25686,0.28523,0.11501
Time,s,74,0.29784,0.26039,0.29825,0.11364
Time,s,74,0.28854,0.25791,0.27801,0.11641
Time,s,74,0.27038,0.26579,0.27371,0.11086
Time,s,74,0.26165,0.26895,0.27226,0.1184
Time,s,74,0.25487,0.25362,0.26688,0.10814
Time,s,74,0.25469,0.26849,0.28456,0.11527
Time,s,74,0.26145,0.25766,0.30707,0.11139
Time,s,74,0.24055,0.25157,0.27634,0.12056
Time,s,74,0.23832,0.26448,0.24746,0.1145
Time,s,74,0.26404,0.25943,0.27545,0.11699
Time,s,74,0.25228,0.24855,0.26736,0.11406
Time,s,74,0.26378,0.25433,0.25496,0.11048
Time,s,74,0.25052,0.25539,0.24425,0.12271
Time,s,74,0.24476,0.26087,0.25104,0.11356
Time,s,74,0.2544,0.26523,0.26048,0.11545
Time,s,74,0.26006,0.25121,0.27075,0.11325
Time,s,74,0.27174,0.26855,0.26856,0.11769
Time,s,74,0.26658,0.24392,0.26258,0.11084
Time,s,74,0.24076,0.26645,0.25029,0.11543
Time,s,74,0.25776,0.25375,0.25822,0.11616
Time,s,74,0.25818,0.27026,0.2621,0.11952
Time,s,74,0.24951,0.25587,0.26378,0.11915
Time,s,74,0.25408,0.2566,0.2601,0.11097
Time,s,74,0.26111,0.30667,0.26352,0.11446
Time,s,74,0.24711,0.26214,0.27231,0.11101
Time,s,74,0.23734,0.2766,0.26375,0.112
Time,s,74,0.26231,0.25663,0.26048,0.11673
Time,s,74,0.25964,0.26496,0.26857,0.11859
Time,s,74,0.26921,0.25273,0.2588,0.1201
Time,s,74,0.26157,0.24234,0.27177,0.11312
Time,s,74,0.26305,0.26524,0.26107,0.11608
Time,s,74,0.26091,0.26092,0.25511,0.11659
Time,s,74,0.25775,0.2651,0.26369,0.11994
Time,s,74,0.24725,0.24662,0.26498,0.11742
Time,s,74,0.2629,0.26121,0.28003,0.11217
Time,s,74,0.26463,0.25614,0.26777,0.11378
Time,s,74,0.26514,0.26782,0.24728,0.1148
Time,s,74,0.25127,0.25485,0.25753,0.11828
Time,s,74,0.26511,0.25968,0.26936,0.11431
Time,s,74,0.26464,0.24776,0.26387,0.11027
Time,s,74,0.25461,0.25414,0.25633,0.10641
Time,s,74,0.28532,0.26215,0.24648,0.11348
Time,s,74,0.24073,0.25296,0.26069,0.11585
Time,s,74,0.2689,0.25645,0.25973,0.11452
Time,s,74,0.25805,0.26872,0.25001,0.1151
Time,s,74,0.27183,0.25707,0.27668,0.11603
Time,s,74,0.25857,0.26319,0.26124,0.11257
Time,s,74,0.25816,0.25144,0.27023,0.11815
Time,s,74,0.26396,0.26249,0.2482,0.11774
Time,s,74,0.25213,0.25622,0.24336,0.11572
Time,s,74,0.25168,0.26967,0.25808,0.11447
Time,s,74,0.25016,0.26009,0.25502,0.10879
Time,s,74,0.26098,0.24857,0.2652,0.11579
Time,s,74,0.24808,0.26636,0.26486,0.11728
Time,s,74,0.26964,0.24351,0.26525,0.1137
Time,s,74,0.24769,0.25874,0.25929,0.11538
Time,s,74,0.2566,0.27014,0.2526,0.1204
Time,s,74,0.25849,0.25863,0.24498,0.10808
Time,s,74,0.25779,0.2582,0.26478,0.12368
Time,s,74,0.23716,0.25915,0.26016,0.11519
Time,s,74,0.24109,0.27014,0.26893,0.11476
Time,s,74,0.26593,0.26942,0.24781,0.11688
Time,s,74,0.25413,0.26079,0.26564,0.1198
Time,s,74,0.2531,0.25864,0.26523,0.11717
Time,s,74,0.26023,0.2391,0.26746,0.11462
Time,s,74,0.25215,0.26687,0.25182,0.10894
Time,s,74,0.26619,0.25915,0.25333,0.11288
Time,s,74,0.24761,0.27719,0.26313,0.11211
Time,s,74,0.25239,0.28565,0.25063,0.1164
Time,s,74,0.25012,0.27057,0.25622,0.11807
Time,s,74,0.24156,0.25689,0.25824,0.1188
Time,s,74,0.26073,0.26363,0.27577,0.11836
Time,s,74,0.25018,0.26941,0.25753,0.11616
Time,s,74,0.26,0.25645,0.25653,0.11582
Time,s,74,0.25794,0.25802,0.27352,0.11614
Time,s,74,0.24163,0.26426,0.26062,0.11034
Time,s,74,0.26561,0.27031,0.26636,0.10918
Time,s,74,0.26307,0.26771,0.26744,0.11506
Time,s,74,0.26631,0.26342,0.25597,0.11309
Time,s,74,0.27112,0.25644,0.24626,0.11599
Time,s,74,0.26075,0.27432,0.23867,0.12102
Time,s,74,0.24325,0.27367,0.26738,0.11228
Time,s,74,0.24699,0.25502,0.25185,0.11514
Time,s,74,0.26072,0.26301,0.27065,0.12048
Time,s,74,0.25254,0.25453,0.25804,0.11306
Time,s,74,0.24555,0.2456,0.25281,0.11825
Time,s,74,0.23795,0.26185,0.26636,0.12523
Time,s,74,0.25539,0.25341,0.26074,0.11415
Time,s,74,0.24056,0.27067,0.26842,0.11051
Time,s,74,0.23785,0.25688,0.26779,0.11988
Time,s,74,0.24763,0.25579,0.26031,0.1167
Time,s,74,0.258,0.26515,0.24959,0.11407
Time,s,74,0.25315,0.26553,0.25969,0.11731
Time,s,74,0.25774,0.25226,0.26559,0.11888
Time,s,75,0.13528,0.14247,0.14774,0.10469
Time,s,75,0.13823,0.13921,0.14677,0.10293
Time,s,75,0.13417,0.14628,0.14599,0.10148
Time,s,75,0.1422,0.13949,0.14038,0.1038
Time,s,75,0.13483,0.13609,0.14085,0.105
Time,s,75,0.14121,0.14158,0.13736,0.10322
Time,s,75,0.13869,0.13565,0.14098,0.10201
Time,s,75,0.13692,0.14088,0.13909,0.10386
Time,s,75,0.13244,0.13849,0.13516,0.10631
Time,s,75,0.1338,0.13308,0.13469,0.10213
Time,s,75,0.13411,0.13926,0.14038,0.10234
Time,s,75,0.13601,0.139,0.1418,0.10384
Time,s,75,0.13358,0.13922,0.13986,0.10306
Time,s,75,0.13429,0.13601,0.14098,0.10514
Time,s,75,0.13381,0.13669,0.13841,0.1025
Time,s,75,0.14139,0.13433,0.13742,0.10247
Time,s,75,0.13557,0.14189,0.14349,0.10268
Time,s,75,0.13612,0.13525,0.14938,0.10283
Time,s,75,0.14057,0.13727,0.13956,0.10201
Time,s,75,0.13845,0.13391,0.14109,0.10586
Time,s,75,0.13645,0.13714,0.13795,0.10073
Time,s,75,0.13409,0.13674,0.14055,0.10012
Time,s,75,0.13316,0.13465,0.14191,0.10455
Time,s,75,0.13613,0.14002,0.13516,0.10261
Time,s,75,0.13522,0.13721,0.13643,0.10423
Time,s,75,0.13349,0.1361,0.13657,0.10091
Time,s,75,0.13278,0.13411,0.13598,0.1039
Time,s,75,0.13631,0.13834,0.14352,0.10042
Time,s,75,0.13616,0.14035,0.13393,0.10023
Time,s,75,0.13202,0.13674,0.13802,0.10186
Time,s,75,0.13413,0.13768,0.13519,0.10229
Time,s,75,0.13383,0.14012,0.13602,0.1043
Time,s,75,0.13552,0.13526,0.14126,0.10376
Time,s,75,0.13682,0.13553,0.13802,0.10245
Time,s,75,0.13144,0.13411,0.13945,0.10278
Time,s,75,0.13439,0.13889,0.14069,0.10324
Time,s,75,0.1339,0.13975,0.14235,0.10309
Time,s,75,0.13505,0.13579,0.13745,0.10446
Time,s,75,0.13234,0.13448,0.13948,0.10192
Time,s,75,0.1349,0.14244,0.14038,0.10398
Time,s,75,0.13347,0.13912,0.13781,0.10216
Time,s,75,0.142,0.14763,0.13946,0.10008
Time,s,75,0.13611,0.15367,0.1366,0.10351
Time,s,75,0.13626,0.14066,0.13927,0.102
Time,s,75,0.13617,0.14077,0.13761,0.10368
Time,s,75,0.13202,0.13829,0.14108,0.10139
Time,s,75,0.13063,0.1397,0.1335,0.10074
Time,s,75,0.13345,0.13634,0.13665,0.10166
Time,s,75,0.1391,0.13669,0.13959,0.10241
Time,s,75,0.13705,0.13779,0.14778,0.10592
Time,s,75,0.12929,0.14058,0.14034,0.10157
Time,s,75,0.13354,0.14246,0.13726,0.10137
Time,s,75,0.13931,0.13305,0.13898,0.10071
Time,s,75,0.13651,0.13566,0.13491,0.10422
Time,s,75,0.13328,0.13483,0.14135,0.09963
Time,s,75,0.13214,0.13771,0.13982,0.10169
Time,s,75,0.14119,0.13876,0.14127,0.10308
Time,s,75,0.13791,0.13819,0.14083,0.10098
Time,s,75,0.14595,0.13734,0.14146,0.10359
Time,s,75,0.13023,0.13851,0.13785,0.10039
Time,s,75,0.13568,0.13657,0.1367,0.10438
Time,s,75,0.13626,0.13391,0.14466,0.10254
Time,s,75,0.13095,0.1391,0.13325,0.10458
Time,s,75,0.13225,0.13611,0.1334,0.10676
Time,s,75,0.14042,0.14011,0.13724,0.10453
Time,s,75,0.13705,0.13561,0.13935,0.1021
Time,s,75,0.13518,0.13344,0.14456,0.10213
Time,s,75,0.13206,0.13364,0.13754,0.10177
Time,s,75,0.13386,0.13569,0.14973,0.10409
Time,s,75,0.13236,0.13187,0.13946,0.10174
Time,s,75,0.13333,0.13646,0.14036,0.10282
Time,s,75,0.13422,0.13868,0.13503,0.1036
Time,s,75,0.14013,0.13743,0.14346,0.10467
Time,s,75,0.13427,0.13641,0.13695,0.10327
Time,s,75,0.13577,0.13957,0.13673,0.10203
Time,s,75,0.13444,0.13741,0.13618,0.10139
Time,s,75,0.13792,0.13573,0.1354,0.10349
Time,s,75,0.13497,0.13409,0.13604,0.10264
Time,s,75,0.13707,0.1338,0.1388,0.10356
Time,s,75,0.1391,0.13985,0.14169,0.10099
Time,s,75,0.13453,0.14058,0.14249,0.10523
Time,s,75,0.13659,0.13319,0.13401,0.10276
Time,s,75,0.13285,0.13489,0.13732,0.10097
Time,s,75,0.13431,0.13828,0.13974,0.10204
Time,s,75,0.13454,0.13289,0.13427,0.10393
Time,s,75,0.13472,0.13926,0.13503,0.10291
Time,s,75,0.13007,0.13834,0.13782,0.10246
Time,s,75,0.13649,0.1364,0.1355,0.10149
Time,s,75,0.13997,0.13873,0.14,0.10391
Time,s,75,0.13732,0.13699,0.14205,0.10545
Time,s,75,0.13134,0.1403,0.13594,0.10272
Time,s,75,0.13955,0.13784,0.14378,0.10137
Time,s,75,0.13634,0.1335,0.13309,0.10255
Time,s,75,0.13585,0.13481,0.14525,0.10174
Time,s,75,0.13501,0.14004,0.13801,0.10183
Time,s,75,0.13551,0.1367,0.14619,0.10243
Time,s,75,0.13527,0.13458,0.13602,0.1038
Time,s,75,0.1329,0.13313,0.13093,0.10109
Time,s,75,0.13237,0.13923,0.14014,0.09907
Time,s,75,0.13842,0.14696,0.14043,0.10152
Time,s,76,0.04394,0.04112,0.04177,0.04323
Time,s,76,0.04371,0.04421,0.04015,0.03945
Time,s,76,0.04345,0.04337,0.04227,0.04105
Time,s,76,0.04239,0.04132,0.04515,0.04467
Time,s,76,0.04021,0.04381,0.0399,0.03934
Time,s,76,0.04047,0.04037,0.04142,0.04196
Time,s,76,0.04072,0.04201,0.04173,0.04175
Time,s,76,0.0406,0.04764,0.04096,0.04167
Time,s,76,0.04268,0.03989,0.04609,0.04154
Time,s,76,0.04123,0.04252,0.04181,0.04175
Time,s,76,0.04242,0.04178,0.04278,0.04155
Time,s,76,0.04233,0.04412,0.0461,0.0404
Time,s,76,0.04156,0.04523,0.04171,0.04027
Time,s,76,0.04212,0.04143,0.04413,0.03901
Time,s,76,0.0406,0.04589,0.04215,0.03908
Time,s,76,0.04128,0.04481,0.04117,0.03967
Time,s,76,0.04106,0.04271,0.04585,0.04322
Time,s,76,0.03984,0.0428,0.04174,0.03838
Time,s,76,0.04048,0.03967,0.04289,0.03952
Time,s,76,0.04022,0.04355,0.04152,0.03941
Time,s,76,0.04085,0.04634,0.04156,0.04046
Time,s,76,0.04176,0.04017,0.04114,0.04065
Time,s,76,0.03937,0.04313,0.04052,0.0388
Time,s,76,0.042,0.03953,0.04065,0.04084
Time,s,76,0.04223,0.04265,0.04209,0.03991
Time,s,76,0.04132,0.04619,0.03979,0.03869
Time,s,76,0.04198,0.04004,0.04664,0.03983
Time,s,76,0.04095,0.04552,0.04044,0.04035
Time,s,76,0.04256,0.04391,0.04067,0.0397
Time,s,76,0.04366,0.03836,0.0389,0.04142
Time,s,76,0.03948,0.04089,0.04124,0.03823
Time,s,76,0.04103,0.04176,0.04124,0.0383
Time,s,76,0.03959,0.04033,0.04564,0.04112
Time,s,76,0.03993,0.03941,0.04101,0.03869
Time,s,76,0.04354,0.03912,0.04165,0.03963
Time,s,76,0.03978,0.0422,0.04171,0.03845
Time,s,76,0.04539,0.03924,0.04181,0.03979
Time,s,76,0.04694,0.03854,0.04539,0.04262
Time,s,76,0.04181,0.04073,0.03954,0.0459
Time,s,76,0.0432,0.03932,0.04327,0.04105
Time,s,76,0.04026,0.04041,0.04231,0.03883
Time,s,76,0.04141,0.04238,0.04035,0.03826
Time,s,76,0.04015,0.0386,0.04298,0.04507
Time,s,76,0.04001,0.0403,0.04138,0.03807
Time,s,76,0.04348,0.03898,0.04137,0.04126
Time,s,76,0.04023,0.0422,0.04578,0.04294
Time,s,76,0.04261,0.039,0.04338,0.03928
Time,s,76,0.04217,0.03843,0.04315,0.03859
Time,s,76,0.04166,0.04074,0.04368,0.0403
Time,s,76,0.04221,0.04046,0.03964,0.03822
Time,s,76,0.04221,0.03841,0.04223,0.04048
Time,s,76,0.04,0.04064,0.03926,0.03884
Time,s,76,0.03993,0.03976,0.04128,0.04051
Time,s,76,0.03973,0.0401,0.04392,0.04315
Time,s,76,0.04124,0.0428,0.04323,0.03911
Time,s,76,0.04315,0.03997,0.04208,0.04323
Time,s,76,0.04019,0.03847,0.04221,0.0417
Time,s,76,0.04199,0.03942,0.04166,0.03803
Time,s,76,0.04213,0.04003,0.04178,0.04169
Time,s,76,0.03968,0.03831,0.04049,0.03879
Time,s,76,0.04159,0.03926,0.04217,0.04206
Time,s,76,0.04083,0.04285,0.04227,0.03806
Time,s,76,0.04364,0.04305,0.04208,0.03801
Time,s,76,0.04132,0.04012,0.04255,0.03803
Time,s,76,0.04018,0.04205,0.0396,0.0376
Time,s,76,0.04055,0.03948,0.04103,0.0402
Time,s,76,0.04098,0.04478,0.04288,0.04286
Time,s,76,0.04053,0.04532,0.04027,0.03986
Time,s,76,0.0433,0.03945,0.04406,0.04217
Time,s,76,0.03978,0.04067,0.04295,0.03954
Time,s,76,0.04171,0.03923,0.04097,0.03952
Time,s,76,0.03987,0.04056,0.04241,0.04037
Time,s,76,0.03969,0.04335,0.0401,0.03837
Time,s,76,0.04027,0.0394,0.04126,0.04046
Time,s,76,0.03993,0.04385,0.0455,0.03897
Time,s,76,0.04498,0.04008,0.0402,0.03801
Time,s,76,0.04716,0.03929,0.04007,0.04159
Time,s,76,0.03999,0.04063,0.04091,0.0448
Time,s,76,0.04115,0.03987,0.04126,0.04027
Time,s,76,0.0396,0.04006,0.04371,0.04255
Time,s,76,0.03935,0.04194,0.03963,0.04186
Time,s,76,0.03928,0.03859,0.04174,0.04622
Time,s,76,0.03933,0.04022,0.04119,0.03963
Time,s,76,0.04095,0.04196,0.04379,0.03877
Time,s,76,0.04026,0.03934,0.0466,0.03938
Time,s,76,0.03961,0.04141,0.04178,0.03904
Time,s,76,0.03943,0.03916,0.04186,0.04081
Time,s,76,0.04208,0.04099,0.04224,0.04179
Time,s,76,0.04175,0.04056,0.03954,0.03875
Time,s,76,0.04329,0.03967,0.04238,0.04122
Time,s,76,0.03975,0.0421,0.04381,0.03809
Time,s,76,0.04212,0.04038,0.04357,0.04004
Time,s,76,0.04119,0.04056,0.04365,0.03907
Time,s,76,0.04032,0.04317,0.04018,0.03874
Time,s,76,0.04388,0.03926,0.04259,0.04181
Time,s,76,0.03971,0.04213,0.04376,0.04477
Time,s,76,0.04119,0.04147,0.04029,0.03875
Time,s,76,0.04043,0.04064,0.04152,0.04189
Time,s,76,0.04101,0.03891,0.04093,0.04127
Time,s,76,0.04274,0.03927,0.04098,0.03964
Time,s,77,0.03934,0.03727,0.0373,0.02355
Time,s,77,0.03802,0.03625,0.03854,0.0228
Time,s,77,0.03981,0.0363,0.03867,0.02189
Time,s,77,0.03686,0.0361,0.03866,0.01874
Time,s,77,0.03585,0.03541,0.03946,0.02115
Time,s,77,0.03594,0.03607,0.03817,0.02305
Time,s,77,0.03708,0.0397,0.03823,0.02075
Time,s,77,0.03642,0.03633,0.03822,0.01954
Time,s,77,0.03542,0.0357,0.04049,0.01887
Time,s,77,0.03594,0.03495,0.03994,0.01859
Time,s,77,0.03703,0.03724,0.03917,0.01903
Time,s,77,0.03659,0.03639,0.03762,0.01845
Time,s,77,0.03576,0.03581,0.03866,0.01881
Time,s,77,0.03738,0.03488,0.038,0.02092
Time,s,77,0.03903,0.03674,0.03829,0.0207
Time,s,77,0.03847,0.03581,0.03631,0.01908
Time,s,77,0.03751,0.03537,0.03626,0.01998
Time,s,77,0.03521,0.04458,0.03722,0.01993
Time,s,77,0.03651,0.03466,0.03689,0.01913
Time,s,77,0.03632,0.03528,0.03658,0.0184
Time,s,77,0.03639,0.03447,0.03729,0.01852
Time,s,77,0.03536,0.03497,0.03645,0.01932
Time,s,77,0.03493,0.03598,0.03615,0.0198
Time,s,77,0.03656,0.03523,0.03961,0.01923
Time,s,77,0.03783,0.03609,0.0362,0.01964
Time,s,77,0.03946,0.03611,0.03708,0.01976
Time,s,77,0.0362,0.03747,0.03587,0.01846
Time,s,77,0.03631,0.03681,0.03688,0.01886
Time,s,77,0.03632,0.03651,0.03696,0.01958
Time,s,77,0.03658,0.03671,0.03626,0.01854
Time,s,77,0.03597,0.0358,0.03663,0.01862
Time,s,77,0.03803,0.03491,0.03672,0.01831
Time,s,77,0.03688,0.03478,0.03825,0.01932
Time,s,77,0.03633,0.03541,0.03608,0.01939
Time,s,77,0.03629,0.03517,0.03834,0.02005
Time,s,77,0.03543,0.03695,0.03788,0.01913
Time,s,77,0.03593,0.03587,0.03607,0.01902
Time,s,77,0.03625,0.03611,0.03882,0.01776
Time,s,77,0.03685,0.03501,0.0383,0.01863
Time,s,77,0.03473,0.03475,0.03676,0.01926
Time,s,77,0.03572,0.03612,0.03813,0.01906
Time,s,77,0.03541,0.03586,0.03716,0.01923
Time,s,77,0.03588,0.0357,0.04046,0.01944
Time,s,77,0.03738,0.03636,0.039,0.01911
Time,s,77,0.03599,0.03812,0.03849,0.0183
Time,s,77,0.03711,0.03696,0.04236,0.01873
Time,s,77,0.03639,0.03708,0.036,0.01911
Time,s,77,0.03569,0.03786,0.03733,0.01867
Time,s,77,0.03605,0.03606,0.03669,0.01794
Time,s,77,0.03538,0.03774,0.0363,0.01937
Time,s,77,0.03485,0.0357,0.03603,0.01874
Time,s,77,0.03522,0.03586,0.03701,0.01898
Time,s,77,0.0362,0.03456,0.03628,0.01908
Time,s,77,0.03531,0.03523,0.03692,0.0189
Time,s,77,0.03605,0.03505,0.03569,0.0193
Time,s,77,0.03552,0.03849,0.0363,0.01919
Time,s,77,0.03505,0.03667,0.03611,0.01975
Time,s,77,0.03601,0.03673,0.03527,0.01956
Time,s,77,0.03685,0.03725,0.03626,0.01844
Time,s,77,0.06154,0.0354,0.03595,0.0195
Time,s,77,0.03394,0.03618,0.0353,0.01942
Time,s,77,0.03604,0.03445,0.03502,0.01904
Time,s,77,0.03511,0.03488,0.03627,0.01975
Time,s,77,0.03657,0.03597,0.0362,0.01871
Time,s,77,0.03667,0.03451,0.03594,0.01886
Time,s,77,0.03688,0.0359,0.03688,0.01936
Time,s,77,0.03568,0.03485,0.03882,0.01905
Time,s,77,0.03712,0.03524,0.03738,0.01925
Time,s,77,0.03591,0.03615,0.03934,0.01889
Time,s,77,0.0346,0.0358,0.03813,0.01875
Time,s,77,0.03527,0.03473,0.03911,0.01886
Time,s,77,0.03631,0.03597,0.03749,0.01853
Time,s,77,0.03683,0.03531,0.03703,0.0194
Time,s,77,0.03594,0.03446,0.03754,0.01854
Time,s,77,0.03548,0.03477,0.03884,0.01905
Time,s,77,0.03531,0.04138,0.03873,0.01899
Time,s,77,0.03477,0.03489,0.03789,0.01854
Time,s,77,0.03538,0.03549,0.03862,0.019
Time,s,77,0.0372,0.03593,0.03816,0.01947
Time,s,77,0.03525,0.03486,0.03723,0.02058
Time,s,77,0.03661,0.03546,0.03662,0.01831
Time,s,77,0.03529,0.03486,0.03664,0.01966
Time,s,77,0.03536,0.03567,0.03594,0.01923
Time,s,77,0.03421,0.03475,0.03544,0.01972
Time,s,77,0.03566,0.03552,0.03694,0.01909
Time,s,77,0.03561,0.03557,0.03636,0.01988
Time,s,77,0.03563,0.0353,0.03611,0.01899
Time,s,77,0.03578,0.03622,0.03623,0.01912
Time,s,77,0.03529,0.03543,0.03707,0.01932
Time,s,77,0.03512,0.03514,0.03532,0.01853
Time,s,77,0.03462,0.03513,0.03592,0.01932
Time,s,77,0.03471,0.0337,0.0361,0.02024
Time,s,77,0.03538,0.03568,0.03699,0.01864
Time,s,77,0.03542,0.03614,0.03636,0.01826
Time,s,77,0.0359,0.03847,0.03627,0.01872
Time,s,77,0.03478,0.03497,0.03694,0.01885
Time,s,77,0.03449,0.03662,0.03683,0.01906
Time,s,77,0.03641,0.03653,0.03645,0.01853
Time,s,77,0.03534,0.03684,0.03629,0.02977
Time,s,77,0.03537,0.03532,0.03692,0.01911
Time,s,78,0.32289,0.32755,0.33793,0.18391
Time,s,78,0.31334,0.32049,0.3221,0.18423
Time,s,78,0.31915,0.32027,0.32654,0.17337
Time,s,78,0.31851,0.34667,0.31612,0.18065
Time,s,78,0.31613,0.3206,0.32433,0.1756
Time,s,78,0.32382,0.32372,0.33013,0.17215
Time,s,78,0.32179,0.32183,0.329,0.17648
Time,s,78,0.32635,0.32295,0.32835,0.17882
Time,s,78,0.31813,0.32741,0.31685,0.17958
Time,s,78,0.32324,0.33206,0.32645,0.17837
Time,s,78,0.31793,0.32594,0.33578,0.1802
Time,s,78,0.31471,0.32633,0.32672,0.17817
Time,s,78,0.31426,0.3189,0.32362,0.17775
Time,s,78,0.31996,0.32903,0.33295,0.17656
Time,s,78,0.31912,0.3228,0.32338,0.17703
Time,s,78,0.32358,0.33199,0.34014,0.17339
Time,s,78,0.32376,0.32237,0.32561,0.17505
Time,s,78,0.31307,0.32561,0.3237,0.17734
Time,s,78,0.3235,0.33555,0.33697,0.18031
Time,s,78,0.3264,0.32516,0.32968,0.1776
Time,s,78,0.31625,0.32804,0.33766,0.18292
Time,s,78,0.31775,0.32093,0.31785,0.17465
Time,s,78,0.31894,0.33501,0.33308,0.18001
Time,s,78,0.31999,0.3277,0.32802,0.1757
Time,s,78,0.33012,0.33835,0.33007,0.17874
Time,s,78,0.32537,0.32043,0.33798,0.17986
Time,s,78,0.31325,0.33101,0.3227,0.18141
Time,s,78,0.3134,0.32539,0.32306,0.17641
Time,s,78,0.31761,0.33444,0.31893,0.17667
Time,s,78,0.32254,0.33066,0.33631,0.1796
Time,s,78,0.32472,0.32934,0.33666,0.17499
Time,s,78,0.32403,0.32527,0.33399,0.17842
Time,s,78,0.31484,0.33417,0.3309,0.18077
Time,s,78,0.31994,0.32269,0.3303,0.18021
Time,s,78,0.32216,0.31866,0.33153,0.17552
Time,s,78,0.32286,0.32271,0.32567,0.17386
Time,s,78,0.32401,0.32811,0.3253,0.17853
Time,s,78,0.32112,0.3303,0.32502,0.18758
Time,s,78,0.32632,0.32946,0.3292,0.17687
Time,s,78,0.32771,0.31507,0.32573,0.17633
Time,s,78,0.32412,0.32958,0.33019,0.17637
Time,s,78,0.32171,0.32164,0.32246,0.1781
Time,s,78,0.32253,0.33116,0.32135,0.17555
Time,s,78,0.32338,0.32389,0.33759,0.18031
Time,s,78,0.32334,0.32601,0.33495,0.178
Time,s,78,0.32181,0.32899,0.32866,0.17719
Time,s,78,0.3261,0.32268,0.32179,0.1791
Time,s,78,0.31986,0.33646,0.32961,0.17432
Time,s,78,0.311,0.32954,0.32582,0.18473
Time,s,78,0.32567,0.32275,0.33878,0.17472
Time,s,78,0.31529,0.32755,0.33447,0.17339
Time,s,78,0.31812,0.33017,0.32553,0.17885
Time,s,78,0.32052,0.32968,0.32956,0.18144
Time,s,78,0.3263,0.32779,0.32825,0.18157
Time,s,78,0.32597,0.31937,0.32662,0.18452
Time,s,78,0.32302,0.32589,0.32501,0.1815
Time,s,78,0.31948,0.32466,0.32858,0.18103
Time,s,78,0.32225,0.33275,0.32832,0.18154
Time,s,78,0.32069,0.32332,0.33713,0.18074
Time,s,78,0.32725,0.32899,0.3334,0.1816
Time,s,78,0.32831,0.32457,0.32558,0.17476
Time,s,78,0.32461,0.31711,0.32128,0.18047
Time,s,78,0.31959,0.33638,0.34162,0.18372
Time,s,78,0.32451,0.33312,0.32921,0.18748
Time,s,78,0.32276,0.31857,0.35237,0.18143
Time,s,78,0.32746,0.31963,0.33396,0.17537
Time,s,78,0.31611,0.33448,0.3404,0.18156
Time,s,78,0.32172,0.32009,0.32338,0.18077
Time,s,78,0.33689,0.33161,0.32866,0.18353
Time,s,78,0.32279,0.32619,0.328,0.17907
Time,s,78,0.33089,0.33229,0.3223,0.17654
Time,s,78,0.32548,0.32667,0.3274,0.17866
Time,s,78,0.31983,0.32898,0.33429,0.17784
Time,s,78,0.32195,0.32794,0.32977,0.17972
Time,s,78,0.31737,0.3217,0.32413,0.17697
Time,s,78,0.31976,0.32766,0.34114,0.18152
Time,s,78,0.32097,0.33003,0.32311,0.18081
Time,s,78,0.3214,0.32713,0.34022,0.1799
Time,s,78,0.33285,0.32932,0.32905,0.18621
Time,s,78,0.32438,0.32071,0.31849,0.17863
Time,s,78,0.32436,0.3211,0.33392,0.18365
Time,s,78,0.32757,0.33367,0.32826,0.18419
Time,s,78,0.31781,0.33073,0.33609,0.17878
Time,s,78,0.32379,0.32575,0.33221,0.18052
Time,s,78,0.32129,0.33339,0.3238,0.18332
Time,s,78,0.32162,0.32507,0.33077,0.17917
Time,s,78,0.31331,0.32878,0.3274,0.17457
Time,s,78,0.32985,0.33013,0.33021,0.17366
Time,s,78,0.3214,0.32678,0.32791,0.18203
Time,s,78,0.32342,0.32732,0.32739,0.18115
Time,s,78,0.31344,0.32227,0.32898,0.18598
Time,s,78,0.32242,0.33032,0.32511,0.18491
Time,s,78,0.32161,0.32483,0.32051,0.18443
Time,s,78,0.32063,0.3226,0.3312,0.18237
Time,s,78,0.32814,0.32068,0.3294,0.17728
Time,s,78,0.31516,0.3325,0.32953,0.17927
Time,s,78,0.31798,0.3251,0.33162,0.17997
Time,s,78,0.31979,0.33453,0.32852,0.18247
Time,s,78,0.32238,0.32227,0.3267,0.1848
Time,s,78,0.31839,0.33304,0.33174,0.17952
Time,s,79,0.05485,0.05554,0.05556,0.01194
Time,s,79,0.05693,0.05359,0.05832,0.01091
Time,s,79,0.05417,0.06419,0.05602,0.00956
Time,s,79,0.05676,0.0575,0.0552,0.00932
Time,s,79,0.05717,0.05417,0.05986,0.00895
Time,s,79,0.054,0.05894,0.0546,0.00838
Time,s,79,0.05489,0.05376,0.05528,0.0085
Time,s,79,0.05495,0.05537,0.05823,0.00828
Time,s,79,0.05387,0.05691,0.05445,0.0087
Time,s,79,0.05443,0.05909,0.05665,0.00871
Time,s,79,0.05363,0.05361,0.06135,0.00917
Time,s,79,0.05536,0.05512,0.05496,0.00876
Time,s,79,0.05224,0.05626,0.05362,0.00838
Time,s,79,0.05411,0.05546,0.05786,0.0084
Time,s,79,0.05454,0.05291,0.05561,0.00897
Time,s,79,0.05539,0.05414,0.05461,0.0097
Time,s,79,0.05404,0.05521,0.05799,0.00866
Time,s,79,0.06009,0.05277,0.05578,0.00852
Time,s,79,0.06119,0.0546,0.05729,0.00834
Time,s,79,0.05617,0.0536,0.05472,0.00835
Time,s,79,0.05394,0.05432,0.05426,0.00839
Time,s,79,0.05443,0.05345,0.05567,0.00842
Time,s,79,0.05313,0.05274,0.05476,0.00852
Time,s,79,0.05389,0.05264,0.05351,0.00914
Time,s,79,0.05579,0.05365,0.05387,0.00828
Time,s,79,0.05289,0.05325,0.05278,0.0084
Time,s,79,0.05222,0.05256,0.05279,0.00839
Time,s,79,0.05237,0.05685,0.05389,0.00866
Time,s,79,0.05247,0.05534,0.05484,0.00904
Time,s,79,0.05346,0.05289,0.0566,0.00848
Time,s,79,0.05435,0.0539,0.05418,0.00815
Time,s,79,0.05447,0.05939,0.05376,0.00836
Time,s,79,0.05316,0.05761,0.0534,0.00849
Time,s,79,0.05438,0.05332,0.05314,0.00907
Time,s,79,0.05411,0.0533,0.05305,0.00862
Time,s,79,0.05646,0.05297,0.05389,0.00895
Time,s,79,0.05385,0.05308,0.05518,0.00831
Time,s,79,0.05358,0.05395,0.05378,0.00885
Time,s,79,0.05526,0.05688,0.05606,0.00833
Time,s,79,0.05473,0.05306,0.05945,0.00835
Time,s,79,0.05258,0.05217,0.05258,0.00805
Time,s,79,0.0523,0.05335,0.05331,0.01099
Time,s,79,0.05326,0.05325,0.05953,0.00851
Time,s,79,0.05256,0.05216,0.05484,0.00841
Time,s,79,0.05282,0.05194,0.05384,0.00873
Time,s,79,0.05437,0.05369,0.05497,0.00987
Time,s,79,0.05614,0.05385,0.05431,0.00841
Time,s,79,0.05487,0.05238,0.05342,0.01022
Time,s,79,0.05281,0.05354,0.05528,0.00857
Time,s,79,0.05322,0.05312,0.05292,0.00866
Time,s,79,0.05417,0.05291,0.05253,0.00862
Time,s,79,0.05232,0.05472,0.05326,0.00829
Time,s,79,0.05269,0.0523,0.05259,0.00828
Time,s,79,0.05355,0.05285,0.05281,0.00873
Time,s,79,0.05259,0.05299,0.05264,0.0096
Time,s,79,0.05247,0.0532,0.05377,0.00877
Time,s,79,0.05241,0.05312,0.05239,0.00796
Time,s,79,0.05256,0.05326,0.05398,0.00855
Time,s,79,0.05273,0.05241,0.05413,0.00918
Time,s,79,0.05194,0.05231,0.05352,0.00851
Time,s,79,0.05333,0.05408,0.05321,0.01004
Time,s,79,0.05411,0.05796,0.0525,0.00834
Time,s,79,0.05416,0.05315,0.05364,0.00827
Time,s,79,0.05405,0.05382,0.0546,0.00855
Time,s,79,0.05261,0.05275,0.05392,0.00848
Time,s,79,0.05344,0.05295,0.05352,0.00812
Time,s,79,0.05276,0.05389,0.05387,0.00803
Time,s,79,0.05322,0.05373,0.05501,0.00933
Time,s,79,0.05246,0.05324,0.06082,0.00808
Time,s,79,0.0529,0.0533,0.05327,0.00839
Time,s,79,0.05279,0.05553,0.05298,0.00891
Time,s,79,0.05222,0.0545,0.05355,0.00962
Time,s,79,0.05212,0.05299,0.05418,0.00861
Time,s,79,0.05279,0.05294,0.05441,0.00917
Time,s,79,0.05282,0.05233,0.05547,0.00842
Time,s,79,0.05361,0.05518,0.05735,0.00848
Time,s,79,0.05945,0.0526,0.0545,0.0082
Time,s,79,0.05407,0.05272,0.05453,0.00822
Time,s,79,0.05257,0.05222,0.0548,0.00865
Time,s,79,0.05217,0.05298,0.0563,0.00847
Time,s,79,0.05304,0.05337,0.05391,0.01043
Time,s,79,0.05428,0.0537,0.05415,0.00899
Time,s,79,0.05326,0.05325,0.05581,0.00844
Time,s,79,0.05532,0.05423,0.05386,0.00805
Time,s,79,0.05316,0.05349,0.05332,0.00903
Time,s,79,0.05263,0.05342,0.05336,0.00818
Time,s,79,0.05246,0.05332,0.05297,0.01061
Time,s,79,0.05243,0.05232,0.05617,0.00836
Time,s,79,0.05306,0.05302,0.05433,0.00804
Time,s,79,0.05317,0.05153,0.05435,0.00819
Time,s,79,0.05307,0.05756,0.05367,0.00849
Time,s,79,0.05277,0.0566,0.0527,0.00846
Time,s,79,0.05313,0.05237,0.05298,0.00837
Time,s,79,0.05356,0.05326,0.05305,0.011
Time,s,79,0.05354,0.05302,0.05326,0.0083
Time,s,79,0.05359,0.05328,0.05297,0.00833
Time,s,79,0.0539,0.05305,0.05297,0.0078
Time,s,79,0.05354,0.05504,0.05591,0.00784
Time,s,79,0.05333,0.05351,0.05587,0.00826
Time,s,79,0.05278,0.0537,0.05322,0.01094
Time,s,80,0.09217,0.09577,0.09701,0.0658
Time,s,80,0.09118,0.09238,0.09572,0.0624
Time,s,80,0.08935,0.09372,0.09688,0.05943
Time,s,80,0.0937,0.08869,0.09072,0.06263
Time,s,80,0.08925,0.09386,0.09319,0.05964
Time,s,80,0.09036,0.09417,0.09766,0.06445
Time,s,80,0.08792,0.08946,0.09566,0.06157
Time,s,80,0.09066,0.09052,0.09086,0.06468
Time,s,80,0.08931,0.08761,0.09614,0.06772
Time,s,80,0.09491,0.09229,0.09632,0.06887
Time,s,80,0.09076,0.08823,0.0922,0.06106
Time,s,80,0.08946,0.09313,0.08982,0.0607
Time,s,80,0.08766,0.09332,0.09431,0.06041
Time,s,80,0.08673,0.09087,0.09318,0.05967
Time,s,80,0.09352,0.09223,0.09555,0.06017
Time,s,80,0.09107,0.09855,0.09409,0.05946
Time,s,80,0.08919,0.09215,0.09476,0.06509
Time,s,80,0.09204,0.09328,0.09763,0.06247
Time,s,80,0.0916,0.0898,0.09606,0.062
Time,s,80,0.09017,0.08785,0.09997,0.06258
Time,s,80,0.08886,0.09041,0.08974,0.06318
Time,s,80,0.09156,0.08823,0.09215,0.06337
Time,s,80,0.08883,0.09385,0.08883,0.06605
Time,s,80,0.09342,0.09269,0.09699,0.06028
Time,s,80,0.0876,0.08855,0.09075,0.06165
Time,s,80,0.09501,0.09496,0.0936,0.06317
Time,s,80,0.08768,0.08543,0.09569,0.06559
Time,s,80,0.09198,0.09142,0.09456,0.06468
Time,s,80,0.08865,0.09074,0.09495,0.05939
Time,s,80,0.08904,0.09292,0.08976,0.06018
Time,s,80,0.09019,0.0897,0.09642,0.06292
Time,s,80,0.09213,0.09344,0.10041,0.05979
Time,s,80,0.08668,0.08929,0.09829,0.06077
Time,s,80,0.0874,0.08747,0.09532,0.06504
Time,s,80,0.08546,0.09169,0.09191,0.06206
Time,s,80,0.09432,0.09369,0.09273,0.06022
Time,s,80,0.09079,0.0927,0.09641,0.06219
Time,s,80,0.09251,0.08955,0.09418,0.06266
Time,s,80,0.09374,0.09291,0.09223,0.06119
Time,s,80,0.08881,0.09192,0.09749,0.06299
Time,s,80,0.08989,0.09137,0.09185,0.06676
Time,s,80,0.08971,0.08831,0.09277,0.06368
Time,s,80,0.09061,0.08772,0.09201,0.0599
Time,s,80,0.08843,0.08888,0.09203,0.06463
Time,s,80,0.08605,0.08913,0.09416,0.05781
Time,s,80,0.08888,0.09131,0.09206,0.06331
Time,s,80,0.0882,0.09814,0.09595,0.05958
Time,s,80,0.0884,0.09056,0.09064,0.06492
Time,s,80,0.09381,0.09156,0.09329,0.06038
Time,s,80,0.08743,0.09253,0.09811,0.05971
Time,s,80,0.08654,0.09151,0.09066,0.06642
Time,s,80,0.08608,0.08782,0.09337,0.06041
Time,s,80,0.08875,0.09467,0.09068,0.06709
Time,s,80,0.08861,0.093,0.09984,0.06011
Time,s,80,0.08653,0.09239,0.09207,0.06147
Time,s,80,0.09371,0.09143,0.09748,0.06239
Time,s,80,0.0874,0.08807,0.09847,0.06024
Time,s,80,0.08867,0.09039,0.09064,0.05833
Time,s,80,0.08957,0.08811,0.08974,0.06393
Time,s,80,0.09125,0.09101,0.09602,0.059
Time,s,80,0.09211,0.09084,0.09034,0.06109
Time,s,80,0.09039,0.09566,0.08871,0.05948
Time,s,80,0.09277,0.08988,0.09086,0.06115
Time,s,80,0.08915,0.09679,0.09238,0.06257
Time,s,80,0.09113,0.09333,0.09336,0.0648
Time,s,80,0.09002,0.09153,0.09753,0.06105
Time,s,80,0.09097,0.08898,0.09856,0.0614
Time,s,80,0.09554,0.08919,0.09114,0.06431
Time,s,80,0.08731,0.08946,0.09131,0.05963
Time,s,80,0.09009,0.09188,0.09546,0.06316
Time,s,80,0.09122,0.09194,0.09396,0.06442
Time,s,80,0.08883,0.09468,0.09286,0.06178
Time,s,80,0.08721,0.10141,0.09412,0.06205
Time,s,80,0.09428,0.09228,0.09595,0.06059
Time,s,80,0.09113,0.0946,0.08915,0.05977
Time,s,80,0.09073,0.09462,0.088,0.05997
Time,s,80,0.08979,0.08989,0.08773,0.0646
Time,s,80,0.09156,0.09062,0.09568,0.05962
Time,s,80,0.08803,0.08929,0.09241,0.06338
Time,s,80,0.08736,0.0909,0.09177,0.05884
Time,s,80,0.08939,0.09542,0.08887,0.06129
Time,s,80,0.0885,0.09077,0.09087,0.06404
Time,s,80,0.09,0.08944,0.09069,0.06337
Time,s,80,0.08842,0.09417,0.09896,0.05925
Time,s,80,0.08974,0.09607,0.09692,0.06752
Time,s,80,0.09253,0.09397,0.09213,0.05976
Time,s,80,0.09103,0.09185,0.09512,0.05911
Time,s,80,0.09052,0.09305,0.09281,0.06552
Time,s,80,0.09356,0.09676,0.09127,0.05898
Time,s,80,0.08816,0.08945,0.09177,0.05927
Time,s,80,0.09289,0.08833,0.08952,0.06061
Time,s,80,0.09489,0.089,0.09555,0.06107
Time,s,80,0.08823,0.09205,0.09255,0.06379
Time,s,80,0.09207,0.08871,0.0927,0.06345
Time,s,80,0.08996,0.09173,0.08975,0.06606
Time,s,80,0.09144,0.09117,0.09497,0.06087
Time,s,80,0.08957,0.09036,0.09504,0.058
Time,s,80,0.09462,0.09195,0.09066,0.06339
Time,s,80,0.08777,0.09149,0.09359,0.06105
Time,s,80,0.08687,0.08904,0.09286,0.06517
Time,s,81,0.03663,0.03833,0.04045,0.03651
Time,s,81,0.03503,0.03793,0.03606,0.03947
Time,s,81,0.0359,0.03571,0.03702,0.03904
Time,s,81,0.03491,0.03773,0.04099,0.0342
Time,s,81,0.03488,0.03648,0.03963,0.03393
Time,s,81,0.03494,0.03577,0.03734,0.03432
Time,s,81,0.03729,0.0342,0.03632,0.03346
Time,s,81,0.03518,0.03549,0.0397,0.03533
Time,s,81,0.03667,0.03554,0.03544,0.03533
Time,s,81,0.03513,0.03843,0.0369,0.0349
Time,s,81,0.03747,0.03454,0.03659,0.03399
Time,s,81,0.03879,0.03708,0.03919,0.03685
Time,s,81,0.03692,0.03757,0.0341,0.03495
Time,s,81,0.03941,0.03547,0.03654,0.03604
Time,s,81,0.03601,0.03664,0.03467,0.03368
Time,s,81,0.03524,0.03569,0.03443,0.03328
Time,s,81,0.03538,0.03637,0.03448,0.03717
Time,s,81,0.03691,0.03593,0.03587,0.03538
Time,s,81,0.03679,0.03851,0.03735,0.03769
Time,s,81,0.03783,0.0354,0.03466,0.03416
Time,s,81,0.03552,0.03477,0.03454,0.03724
Time,s,81,0.03407,0.03685,0.03712,0.03741
Time,s,81,0.03533,0.03687,0.03918,0.03441
Time,s,81,0.04024,0.0372,0.03893,0.03716
Time,s,81,0.03424,0.03792,0.03725,0.03566
Time,s,81,0.03604,0.03469,0.0354,0.03297
Time,s,81,0.03646,0.03828,0.03676,0.03465
Time,s,81,0.0366,0.03426,0.03517,0.03621
Time,s,81,0.03613,0.03888,0.03789,0.0367
Time,s,81,0.03514,0.03741,0.03545,0.03674
Time,s,81,0.03504,0.03564,0.03846,0.03528
Time,s,81,0.03433,0.03692,0.03881,0.03511
Time,s,81,0.03584,0.03478,0.03584,0.03571
Time,s,81,0.03414,0.03821,0.03618,0.0371
Time,s,81,0.03712,0.03752,0.03669,0.03625
Time,s,81,0.03384,0.03857,0.035,0.03626
Time,s,81,0.03625,0.03649,0.03582,0.03603
Time,s,81,0.03891,0.03777,0.03625,0.03694
Time,s,81,0.03529,0.03564,0.03709,0.036
Time,s,81,0.03611,0.03442,0.03514,0.03635
Time,s,81,0.03684,0.03592,0.03882,0.03448
Time,s,81,0.03475,0.0359,0.0367,0.032
Time,s,81,0.03526,0.03694,0.03719,0.03589
Time,s,81,0.0387,0.03681,0.03949,0.03359
Time,s,81,0.03374,0.03816,0.03655,0.03648
Time,s,81,0.03427,0.03626,0.03763,0.03533
Time,s,81,0.03347,0.03588,0.03691,0.03184
Time,s,81,0.03594,0.03755,0.0364,0.03501
Time,s,81,0.03732,0.03598,0.03787,0.03326
Time,s,81,0.03459,0.03765,0.03699,0.03335
Time,s,81,0.03472,0.03468,0.03694,0.03395
Time,s,81,0.03407,0.03554,0.03931,0.03612
Time,s,81,0.03622,0.03548,0.03925,0.03857
Time,s,81,0.03482,0.03537,0.0374,0.03547
Time,s,81,0.03587,0.03732,0.0351,0.03473
Time,s,81,0.0346,0.0383,0.03614,0.03765
Time,s,81,0.03656,0.04077,0.03672,0.03592
Time,s,81,0.03409,0.03514,0.03646,0.03306
Time,s,81,0.03414,0.03784,0.03704,0.03701
Time,s,81,0.03352,0.03445,0.03842,0.03387
Time,s,81,0.03376,0.03653,0.03641,0.03705
Time,s,81,0.03653,0.03342,0.03887,0.0351
Time,s,81,0.03461,0.0357,0.0388,0.03701
Time,s,81,0.03416,0.03693,0.03643,0.03516
Time,s,81,0.03648,0.03763,0.03648,0.03436
Time,s,81,0.03495,0.0365,0.03806,0.03559
Time,s,81,0.03541,0.03558,0.03821,0.03595
Time,s,81,0.03592,0.03345,0.03589,0.03473
Time,s,81,0.03743,0.03498,0.03548,0.03693
Time,s,81,0.03399,0.03682,0.03737,0.03415
Time,s,81,0.0382,0.03349,0.03707,0.0351
Time,s,81,0.03927,0.03654,0.03849,0.03482
Time,s,81,0.0372,0.03732,0.03775,0.03464
Time,s,81,0.03499,0.03603,0.03908,0.0382
Time,s,81,0.03623,0.0383,0.03769,0.03404
Time,s,81,0.03578,0.03751,0.03578,0.03426
Time,s,81,0.03317,0.0367,0.03959,0.03436
Time,s,81,0.03373,0.03593,0.03553,0.03622
Time,s,81,0.03576,0.03599,0.03861,0.03303
Time,s,81,0.03751,0.03795,0.03554,0.03584
Time,s,81,0.03719,0.03761,0.03952,0.03747
Time,s,81,0.03473,0.03398,0.03577,0.03611
Time,s,81,0.0362,0.03659,0.03721,0.03512
Time,s,81,0.03443,0.03893,0.03948,0.03407
Time,s,81,0.03543,0.03763,0.03722,0.03547
Time,s,81,0.03429,0.0348,0.03855,0.03475
Time,s,81,0.03503,0.04064,0.03771,0.03856
Time,s,81,0.03424,0.03492,0.03548,0.03382
Time,s,81,0.03504,0.03785,0.03629,0.03891
Time,s,81,0.0334,0.0376,0.03673,0.03622
Time,s,81,0.03443,0.03503,0.03847,0.03543
Time,s,81,0.03556,0.03673,0.03641,0.03464
Time,s,81,0.03625,0.03573,0.03893,0.03865
Time,s,81,0.03669,0.03918,0.03619,0.03556
Time,s,81,0.03413,0.03701,0.03684,0.03793
Time,s,81,0.03444,0.0368,0.03533,0.0384
Time,s,81,0.03532,0.03861,0.03654,0.03512
Time,s,81,0.0361,0.03583,0.03629,0.03532
Time,s,81,0.03487,0.03624,0.03598,0.03258
Time,s,81,0.03698,0.03599,0.03684,0.03659
Time,s,82,0.02486,0.02647,0.02936,0.02645
Time,s,82,0.02495,0.02431,0.02607,0.02657
Time,s,82,0.0258,0.02488,0.02588,0.02579
Time,s,82,0.0235,0.02464,0.0251,0.02436
Time,s,82,0.02298,0.02333,0.02512,0.02379
Time,s,82,0.02331,0.02343,0.0244,0.0234
Time,s,82,0.02358,0.02389,0.02418,0.02327
Time,s,82,0.02287,0.02278,0.02332,0.02312
Time,s,82,0.02265,0.02235,0.02333,0.02232
Time,s,82,0.02209,0.02486,0.02324,0.02334
Time,s,82,0.02162,0.02461,0.02403,0.02555
Time,s,82,0.0225,0.02285,0.02299,0.02373
Time,s,82,0.02308,0.02414,0.02385,0.02291
Time,s,82,0.02388,0.02294,0.02358,0.02297
Time,s,82,0.0258,0.02212,0.02376,0.02355
Time,s,82,0.0229,0.02259,0.02428,0.02243
Time,s,82,0.02211,0.02229,0.02312,0.02221
Time,s,82,0.02165,0.02198,0.02321,0.02208
Time,s,82,0.02107,0.02187,0.02355,0.02154
Time,s,82,0.0213,0.02149,0.02347,0.0211
Time,s,82,0.02165,0.02179,0.02295,0.02172
Time,s,82,0.02122,0.0222,0.0241,0.02109
Time,s,82,0.02271,0.02185,0.0251,0.0222
Time,s,82,0.0227,0.02157,0.02517,0.02155
Time,s,82,0.02273,0.02299,0.02334,0.0218
Time,s,82,0.02173,0.02277,0.02397,0.02174
Time,s,82,0.02176,0.02249,0.02331,0.02146
Time,s,82,0.02274,0.02145,0.02299,0.0223
Time,s,82,0.02141,0.02312,0.02356,0.02095
Time,s,82,0.0227,0.0214,0.023,0.02282
Time,s,82,0.02251,0.02222,0.02344,0.02167
Time,s,82,0.02308,0.02176,0.02348,0.02159
Time,s,82,0.02186,0.02225,0.02345,0.02133
Time,s,82,0.02122,0.02144,0.02271,0.0224
Time,s,82,0.02192,0.02151,0.02303,0.02237
Time,s,82,0.02146,0.02115,0.02372,0.02248
Time,s,82,0.02135,0.02202,0.02352,0.02229
Time,s,82,0.02118,0.02259,0.02356,0.02181
Time,s,82,0.02142,0.02473,0.02372,0.02151
Time,s,82,0.02114,0.02371,0.0234,0.02178
Time,s,82,0.02108,0.02204,0.0234,0.02164
Time,s,82,0.02116,0.02154,0.02321,0.02678
Time,s,82,0.02102,0.0216,0.02286,0.02332
Time,s,82,0.02136,0.02194,0.02321,0.02182
Time,s,82,0.02147,0.02141,0.02499,0.0222
Time,s,82,0.02222,0.02101,0.02729,0.02157
Time,s,82,0.021,0.02152,0.02324,0.02117
Time,s,82,0.02201,0.02142,0.02301,0.0211
Time,s,82,0.02706,0.02089,0.02298,0.02208
Time,s,82,0.02239,0.0221,0.02296,0.0216
Time,s,82,0.02242,0.02188,0.0235,0.02104
Time,s,82,0.02144,0.02169,0.02296,0.02177
Time,s,82,0.0217,0.02134,0.02289,0.02121
Time,s,82,0.02162,0.02267,0.02286,0.02166
Time,s,82,0.02114,0.02198,0.02247,0.02172
Time,s,82,0.02202,0.02369,0.02266,0.0218
Time,s,82,0.0214,0.02302,0.02189,0.02204
Time,s,82,0.02209,0.02188,0.02259,0.02159
Time,s,82,0.02196,0.02099,0.02257,0.02161
Time,s,82,0.02143,0.02257,0.02294,0.02252
Time,s,82,0.02181,0.02217,0.02324,0.02302
Time,s,82,0.02129,0.02207,0.0226,0.02174
Time,s,82,0.02181,0.02267,0.0225,0.02185
Time,s,82,0.02141,0.02164,0.02272,0.02181
Time,s,82,0.02203,0.02258,0.02258,0.02123
Time,s,82,0.02105,0.02112,0.02256,0.02121
Time,s,82,0.02155,0.02203,0.02258,0.02118
Time,s,82,0.02076,0.0212,0.02225,0.02204
Time,s,82,0.02113,0.02138,0.02219,0.02153
Time,s,82,0.02147,0.0229,0.02425,0.0208
Time,s,82,0.02288,0.02199,0.02363,0.0211
Time,s,82,0.02156,0.02151,0.02281,0.02176
Time,s,82,0.02312,0.02187,0.02319,0.02087
Time,s,82,0.02165,0.02187,0.02387,0.02272
Time,s,82,0.02171,0.02222,0.02309,0.0222
Time,s,82,0.02173,0.02149,0.02347,0.02318
Time,s,82,0.02185,0.02236,0.02323,0.02234
Time,s,82,0.02146,0.02167,0.02325,0.02156
Time,s,82,0.02128,0.02168,0.02303,0.02171
Time,s,82,0.02138,0.02255,0.02392,0.02236
Time,s,82,0.02134,0.02178,0.02383,0.02128
Time,s,82,0.02119,0.02159,0.02304,0.02377
Time,s,82,0.02165,0.02163,0.02322,0.02509
Time,s,82,0.02058,0.02147,0.02308,0.02294
Time,s,82,0.02116,0.02138,0.02402,0.02176
Time,s,82,0.02289,0.02187,0.02396,0.02165
Time,s,82,0.0237,0.02211,0.02304,0.02129
Time,s,82,0.02329,0.02179,0.02324,0.02089
Time,s,82,0.02133,0.02217,0.02323,0.02169
Time,s,82,0.02149,0.02154,0.023,0.02387
Time,s,82,0.02112,0.02191,0.02295,0.02268
Time,s,82,0.02141,0.0213,0.02279,0.02111
Time,s,82,0.02088,0.02182,0.02311,0.02124
Time,s,82,0.02123,0.02131,0.02303,0.02087
Time,s,82,0.02096,0.02131,0.02286,0.02106
Time,s,82,0.02095,0.02166,0.02614,0.02142
Time,s,82,0.02102,0.0219,0.02488,0.02114
Time,s,82,0.02222,0.02858,0.02318,0.02156
Time,s,82,0.02156,0.02205,0.02321,0.02189
Time,s,82,0.02112,0.02181,0.02312,0.02149
Time,s,83,0.02039,0.02,0.02067,0.01778
Time,s,83,0.01776,0.01826,0.02038,0.01758
Time,s,83,0.01864,0.01863,0.01855,0.01982
Time,s,83,0.01912,0.01682,0.02026,0.01765
Time,s,83,0.01753,0.01759,0.02088,0.01695
Time,s,83,0.01738,0.01785,0.01796,0.01715
Time,s,83,0.02085,0.01788,0.01925,0.01729
Time,s,83,0.01775,0.01758,0.01779,0.01721
Time,s,83,0.01754,0.01745,0.01922,0.0177
Time,s,83,0.01794,0.01858,0.03046,0.01789
Time,s,83,0.01725,0.01756,0.01857,0.01622
Time,s,83,0.01975,0.01831,0.01779,0.01634
Time,s,83,0.01747,0.01835,0.01842,0.01673
Time,s,83,0.0182,0.01903,0.01909,0.01764
Time,s,83,0.01868,0.01964,0.02436,0.01701
Time,s,83,0.01757,0.01813,0.01898,0.0166
Time,s,83,0.02025,0.01849,0.01806,0.01677
Time,s,83,0.01632,0.01838,0.01852,0.01677
Time,s,83,0.01856,0.01816,0.01694,0.01784
Time,s,83,0.01902,0.01791,0.02118,0.01697
Time,s,83,0.01814,0.01755,0.0174,0.01766
Time,s,83,0.01927,0.01724,0.01781,0.01712
Time,s,83,0.01783,0.01736,0.01635,0.01665
Time,s,83,0.01773,0.01798,0.01873,0.01626
Time,s,83,0.01771,0.01882,0.0169,0.01657
Time,s,83,0.02013,0.01735,0.01911,0.01744
Time,s,83,0.01692,0.01772,0.01922,0.01634
Time,s,83,0.01688,0.01786,0.0176,0.01651
Time,s,83,0.01776,0.01812,0.01815,0.01731
Time,s,83,0.01874,0.01864,0.01816,0.01704
Time,s,83,0.0201,0.01801,0.01848,0.01825
Time,s,83,0.01765,0.01718,0.01768,0.01704
Time,s,83,0.01702,0.01731,0.01854,0.01656
Time,s,83,0.01817,0.01857,0.01877,0.01696
Time,s,83,0.01773,0.01787,0.01828,0.01572
Time,s,83,0.02056,0.0177,0.01791,0.01603
Time,s,83,0.01759,0.019,0.01983,0.01916
Time,s,83,0.01842,0.01745,0.01786,0.01716
Time,s,83,0.0182,0.01759,0.01849,0.01716
Time,s,83,0.01732,0.01686,0.01789,0.01739
Time,s,83,0.02204,0.0176,0.01757,0.01758
Time,s,83,0.01833,0.01758,0.01844,0.01689
Time,s,83,0.01802,0.01771,0.01759,0.0169
Time,s,83,0.01778,0.01786,0.01765,0.01732
Time,s,83,0.0186,0.01738,0.01873,0.0168
Time,s,83,0.01905,0.01694,0.01925,0.0164
Time,s,83,0.01873,0.01784,0.01735,0.02718
Time,s,83,0.01822,0.01715,0.01951,0.01705
Time,s,83,0.01773,0.01729,0.01806,0.01713
Time,s,83,0.02054,0.01793,0.01731,0.01592
Time,s,83,0.01685,0.01724,0.01791,0.01665
Time,s,83,0.01936,0.01847,0.01726,0.01704
Time,s,83,0.01717,0.01746,0.01805,0.01654
Time,s,83,0.01836,0.01745,0.01678,0.01678
Time,s,83,0.02087,0.01677,0.01726,0.01745
Time,s,83,0.01853,0.01767,0.01786,0.01703
Time,s,83,0.01721,0.01781,0.01852,0.01708
Time,s,83,0.01765,0.01814,0.01761,0.01647
Time,s,83,0.01733,0.01782,0.01841,0.01719
Time,s,83,0.02059,0.01768,0.01823,0.01541
Time,s,83,0.01755,0.01752,0.01839,0.01732
Time,s,83,0.01665,0.01778,0.01808,0.01699
Time,s,83,0.01808,0.01881,0.01835,0.01731
Time,s,83,0.01962,0.01694,0.01803,0.01687
Time,s,83,0.01931,0.01793,0.01768,0.01748
Time,s,83,0.01703,0.01888,0.01794,0.01773
Time,s,83,0.01856,0.01683,0.01873,0.01673
Time,s,83,0.01888,0.0178,0.02005,0.01639
Time,s,83,0.01816,0.01776,0.01791,0.01676
Time,s,83,0.02064,0.01774,0.01832,0.01757
Time,s,83,0.01806,0.01806,0.01928,0.0159
Time,s,83,0.01734,0.01757,0.0196,0.01713
Time,s,83,0.01782,0.01745,0.01835,0.0156
Time,s,83,0.02141,0.0182,0.01732,0.0165
Time,s,83,0.0173,0.01784,0.01711,0.01694
Time,s,83,0.01777,0.0179,0.01756,0.01696
Time,s,83,0.01705,0.01917,0.01821,0.01772
Time,s,83,0.01759,0.01783,0.0177,0.01593
Time,s,83,0.02146,0.01715,0.01773,0.01599
Time,s,83,0.01733,0.01763,0.01847,0.01646
Time,s,83,0.01683,0.01829,0.01789,0.016
Time,s,83,0.01856,0.01924,0.0182,0.01679
Time,s,83,0.01759,0.01752,0.0191,0.01734
Time,s,83,0.01932,0.01663,0.01708,0.01679
Time,s,83,0.01737,0.0179,0.01799,0.01659
Time,s,83,0.01887,0.01714,0.02019,0.01588
Time,s,83,0.01897,0.01745,0.01703,0.0167
Time,s,83,0.0177,0.01829,0.0171,0.01782
Time,s,83,0.02091,0.01719,0.01819,0.01683
Time,s,83,0.01715,0.01921,0.01862,0.01653
Time,s,83,0.01771,0.01731,0.01755,0.01743
Time,s,83,0.0167,0.01835,0.01805,0.01715
Time,s,83,0.01824,0.01805,0.01761,0.01627
Time,s,83,0.01894,0.01749,0.01869,0.01729
Time,s,83,0.01843,0.01684,0.01852,0.01608
Time,s,83,0.01876,0.01738,0.0182,0.01658
Time,s,83,0.01888,0.01778,0.01744,0.01705
Time,s,83,0.02143,0.01752,0.018,0.01575
Time,s,83,0.01791,0.01828,0.01757,0.01719
Time,s,83,0.01795,0.01794,0.01852,0.01686
Time,s,84,0.01126,0.01231,0.01195,0.00756
Time,s,84,0.01102,0.01178,0.01223,0.00723
Time,s,84,0.01053,0.01145,0.01118,0.00729
Time,s,84,0.01075,0.0112,0.01172,0.00695
Time,s,84,0.01365,0.01122,0.01264,0.00712
Time,s,84,0.01078,0.01048,0.01095,0.00702
Time,s,84,0.01076,0.01211,0.01154,0.00686
Time,s,84,0.01166,0.01134,0.01137,0.0071
Time,s,84,0.01094,0.01175,0.01079,0.00699
Time,s,84,0.01092,0.01144,0.0108,0.00712
Time,s,84,0.01112,0.01137,0.01216,0.00686
Time,s,84,0.01318,0.01115,0.01111,0.00728
Time,s,84,0.01065,0.01141,0.01074,0.00714
Time,s,84,0.01113,0.01113,0.0108,0.00792
Time,s,84,0.01077,0.01069,0.01157,0.00736
Time,s,84,0.01084,0.01115,0.01093,0.00691
Time,s,84,0.01152,0.01116,0.01156,0.00746
Time,s,84,0.01199,0.01086,0.01081,0.00745
Time,s,84,0.01294,0.01087,0.01089,0.00677
Time,s,84,0.01078,0.01095,0.01131,0.00696
Time,s,84,0.01188,0.01103,0.01096,0.00697
Time,s,84,0.01093,0.01206,0.01085,0.00679
Time,s,84,0.011,0.01166,0.01116,0.0071
Time,s,84,0.0117,0.01174,0.0122,0.00738
Time,s,84,0.0115,0.01228,0.01121,0.00692
Time,s,84,0.01087,0.01218,0.01091,0.00682
Time,s,84,0.01264,0.01147,0.011,0.00706
Time,s,84,0.01118,0.01133,0.01118,0.00716
Time,s,84,0.01103,0.01136,0.01111,0.00719
Time,s,84,0.01102,0.01097,0.01109,0.00719
Time,s,84,0.01132,0.01152,0.01191,0.00689
Time,s,84,0.01066,0.0107,0.01112,0.00717
Time,s,84,0.01077,0.01088,0.01146,0.00692
Time,s,84,0.01434,0.01097,0.01191,0.007
Time,s,84,0.0107,0.01301,0.01087,0.00672
Time,s,84,0.01094,0.01109,0.01164,0.00669
Time,s,84,0.01096,0.01127,0.01199,0.00686
Time,s,84,0.01094,0.01094,0.01113,0.00682
Time,s,84,0.01088,0.01129,0.01138,0.00744
Time,s,84,0.01031,0.01095,0.01127,0.00675
Time,s,84,0.01032,0.01105,0.011,0.00696
Time,s,84,0.01116,0.01105,0.01086,0.00702
Time,s,84,0.0108,0.01108,0.01156,0.00705
Time,s,84,0.01147,0.01138,0.01055,0.00679
Time,s,84,0.01107,0.01105,0.01115,0.00704
Time,s,84,0.01121,0.01153,0.01111,0.00697
Time,s,84,0.01122,0.01124,0.0111,0.00691
Time,s,84,0.01092,0.01181,0.01159,0.00682
Time,s,84,0.01201,0.01232,0.01112,0.00669
Time,s,84,0.01175,0.01122,0.01189,0.00704
Time,s,84,0.01065,0.0112,0.01158,0.00681
Time,s,84,0.01083,0.01161,0.01149,0.00744
Time,s,84,0.01128,0.01116,0.01106,0.00732
Time,s,84,0.01101,0.01133,0.01192,0.00683
Time,s,84,0.01081,0.011,0.01109,0.00692
Time,s,84,0.01103,0.01108,0.01217,0.00674
Time,s,84,0.01065,0.01083,0.01344,0.00699
Time,s,84,0.01054,0.01128,0.01274,0.00676
Time,s,84,0.01183,0.01189,0.0112,0.00679
Time,s,84,0.01168,0.01083,0.01148,0.00743
Time,s,84,0.01085,0.0126,0.01117,0.00748
Time,s,84,0.0111,0.01097,0.01099,0.00687
Time,s,84,0.01069,0.01071,0.01165,0.00736
Time,s,84,0.01104,0.01088,0.01112,0.00712
Time,s,84,0.01102,0.01135,0.01144,0.00666
Time,s,84,0.01058,0.01172,0.01131,0.00681
Time,s,84,0.01094,0.01104,0.01087,0.007
Time,s,84,0.01065,0.01073,0.01166,0.00685
Time,s,84,0.01212,0.01122,0.01121,0.0068
Time,s,84,0.01077,0.01108,0.0111,0.007
Time,s,84,0.01101,0.01112,0.01104,0.00709
Time,s,84,0.0112,0.01093,0.01125,0.00726
Time,s,84,0.01174,0.01211,0.01134,0.00682
Time,s,84,0.01072,0.01117,0.01072,0.00689
Time,s,84,0.01065,0.0123,0.01078,0.00683
Time,s,84,0.01184,0.01085,0.0118,0.00797
Time,s,84,0.01146,0.01104,0.01141,0.00701
Time,s,84,0.0112,0.01116,0.01137,0.00681
Time,s,84,0.01083,0.01101,0.01124,0.00691
Time,s,84,0.01078,0.01066,0.01114,0.00697
Time,s,84,0.01081,0.01115,0.0113,0.00721
Time,s,84,0.01111,0.01136,0.01133,0.00766
Time,s,84,0.01116,0.0112,0.01241,0.00695
Time,s,84,0.01088,0.01144,0.01126,0.00686
Time,s,84,0.01054,0.01079,0.01138,0.0071
Time,s,84,0.01182,0.012,0.01125,0.0071
Time,s,84,0.01127,0.01111,0.01106,0.00713
Time,s,84,0.01101,0.01096,0.0116,0.00694
Time,s,84,0.01166,0.01078,0.01172,0.00695
Time,s,84,0.01195,0.0113,0.01098,0.0069
Time,s,84,0.011,0.01101,0.01132,0.00714
Time,s,84,0.01103,0.01094,0.01104,0.00677
Time,s,84,0.01085,0.01076,0.0114,0.00682
Time,s,84,0.01112,0.01074,0.01122,0.00755
Time,s,84,0.01104,0.01101,0.01162,0.00695
Time,s,84,0.01068,0.01067,0.01119,0.00673
Time,s,84,0.01092,0.01083,0.01112,0.00691
Time,s,84,0.01104,0.0111,0.01154,0.00738
Time,s,84,0.01212,0.0121,0.01086,0.00682
Time,s,84,0.01084,0.0112,0.01083,0.00757
Time,s,85,0.02821,0.02811,0.02836,0.02144
Time,s,85,0.02769,0.0295,0.02851,0.02229
Time,s,85,0.02938,0.02861,0.02826,0.02176
Time,s,85,0.03001,0.02949,0.03106,0.02045
Time,s,85,0.02965,0.02813,0.02839,0.02021
Time,s,85,0.02745,0.03058,0.02906,0.0208
Time,s,85,0.0278,0.02852,0.02901,0.02103
Time,s,85,0.02757,0.02744,0.02824,0.02228
Time,s,85,0.02777,0.02746,0.03019,0.02222
Time,s,85,0.02888,0.02746,0.02976,0.02148
Time,s,85,0.02701,0.02712,0.03017,0.01993
Time,s,85,0.02682,0.02773,0.02945,0.02189
Time,s,85,0.02686,0.02803,0.02829,0.02034
Time,s,85,0.02677,0.02877,0.03095,0.02054
Time,s,85,0.02818,0.02964,0.02795,0.02033
Time,s,85,0.02849,0.03071,0.02846,0.02109
Time,s,85,0.02706,0.03124,0.03047,0.02213
Time,s,85,0.02743,0.03083,0.02757,0.01951
Time,s,85,0.02795,0.02829,0.0294,0.02029
Time,s,85,0.02713,0.02978,0.02864,0.02117
Time,s,85,0.02788,0.02779,0.03037,0.02022
Time,s,85,0.03037,0.02862,0.0299,0.01988
Time,s,85,0.02659,0.02871,0.02824,0.02045
Time,s,85,0.0322,0.02823,0.02952,0.02162
Time,s,85,0.02787,0.02769,0.02756,0.02139
Time,s,85,0.02781,0.02882,0.02858,0.02181
Time,s,85,0.02681,0.02764,0.03122,0.02067
Time,s,85,0.02894,0.02803,0.02807,0.02219
Time,s,85,0.02705,0.02845,0.02789,0.01965
Time,s,85,0.02674,0.02922,0.03064,0.02231
Time,s,85,0.02722,0.02787,0.0286,0.02254
Time,s,85,0.02702,0.02737,0.02854,0.0235
Time,s,85,0.02784,0.0287,0.02897,0.02205
Time,s,85,0.02853,0.02892,0.02844,0.02189
Time,s,85,0.0288,0.02847,0.02867,0.0196
Time,s,85,0.02713,0.02784,0.02965,0.01954
Time,s,85,0.02911,0.02992,0.02974,0.02204
Time,s,85,0.02919,0.02703,0.02928,0.0201
Time,s,85,0.02721,0.02805,0.0277,0.02087
Time,s,85,0.02814,0.02892,0.02746,0.0223
Time,s,85,0.02862,0.0289,0.02757,0.0208
Time,s,85,0.02815,0.02736,0.02716,0.02111
Time,s,85,0.02923,0.03045,0.02974,0.02022
Time,s,85,0.02896,0.02908,0.02701,0.02006
Time,s,85,0.03036,0.02757,0.02928,0.02087
Time,s,85,0.02743,0.0272,0.02926,0.01991
Time,s,85,0.02748,0.02786,0.02821,0.02119
Time,s,85,0.02845,0.02759,0.03,0.02193
Time,s,85,0.02743,0.02684,0.02865,0.02245
Time,s,85,0.02655,0.02894,0.02834,0.02182
Time,s,85,0.02652,0.02836,0.03031,0.01983
Time,s,85,0.02834,0.02938,0.02986,0.02008
Time,s,85,0.03169,0.02813,0.02943,0.02141
Time,s,85,0.02841,0.03134,0.02922,0.02013
Time,s,85,0.02828,0.02833,0.02853,0.02116
Time,s,85,0.03147,0.0291,0.02815,0.02025
Time,s,85,0.0274,0.03,0.0285,0.02123
Time,s,85,0.02819,0.02866,0.0286,0.02028
Time,s,85,0.02853,0.0289,0.03011,0.01989
Time,s,85,0.02896,0.02894,0.02961,0.0207
Time,s,85,0.02981,0.02804,0.02903,0.02068
Time,s,85,0.02803,0.02835,0.02928,0.01966
Time,s,85,0.02732,0.02879,0.02978,0.02049
Time,s,85,0.02829,0.02866,0.02773,0.0206
Time,s,85,0.02771,0.03078,0.02733,0.02066
Time,s,85,0.02799,0.02837,0.02754,0.02139
Time,s,85,0.02698,0.02766,0.02843,0.0196
Time,s,85,0.02735,0.02936,0.03282,0.02238
Time,s,85,0.02791,0.0274,0.02834,0.01969
Time,s,85,0.02832,0.0271,0.03033,0.01961
Time,s,85,0.02677,0.02971,0.03205,0.02057
Time,s,85,0.02913,0.03207,0.03287,0.02172
Time,s,85,0.02929,0.02949,0.02788,0.01984
Time,s,85,0.02984,0.0288,0.02881,0.02175
Time,s,85,0.02766,0.02752,0.0288,0.02055
Time,s,85,0.02905,0.02958,0.02744,0.02303
Time,s,85,0.02888,0.02784,0.0296,0.02069
Time,s,85,0.02757,0.02862,0.02991,0.0201
Time,s,85,0.03073,0.02799,0.02931,0.02012
Time,s,85,0.03023,0.02959,0.02876,0.02052
Time,s,85,0.0289,0.03156,0.03029,0.02007
Time,s,85,0.02719,0.03117,0.02773,0.02065
Time,s,85,0.0293,0.0287,0.0291,0.01964
Time,s,85,0.02858,0.02917,0.03,0.01942
Time,s,85,0.02724,0.02748,0.02975,0.02055
Time,s,85,0.0281,0.0282,0.03126,0.02166
Time,s,85,0.02717,0.02778,0.02873,0.01954
Time,s,85,0.02714,0.02825,0.02954,0.02114
Time,s,85,0.02794,0.03023,0.03025,0.01983
Time,s,85,0.0288,0.02873,0.02899,0.02174
Time,s,85,0.02924,0.02962,0.02979,0.02008
Time,s,85,0.02755,0.0296,0.02981,0.02105
Time,s,85,0.02835,0.02961,0.02832,0.02062
Time,s,85,0.0278,0.0278,0.03027,0.02108
Time,s,85,0.02761,0.02777,0.02965,0.02167
Time,s,85,0.02844,0.02934,0.02959,0.02134
Time,s,85,0.02717,0.03005,0.02885,0.02028
Time,s,85,0.02826,0.02837,0.02901,0.02197
Time,s,85,0.02698,0.02754,0.0277,0.01937
Time,s,85,0.02724,0.02894,0.02926,0.02161
Time,s,86,0.025,0.02522,0.03001,0.01773
Time,s,86,0.02451,0.02447,0.02592,0.01889
Time,s,86,0.02579,0.02554,0.02472,0.01716
Time,s,86,0.02333,0.02461,0.02526,0.01666
Time,s,86,0.02567,0.02426,0.02477,0.01633
Time,s,86,0.02469,0.02552,0.02449,0.01622
Time,s,86,0.02396,0.02471,0.02483,0.01615
Time,s,86,0.02732,0.02496,0.02504,0.01682
Time,s,86,0.0268,0.02466,0.02595,0.01672
Time,s,86,0.02488,0.02369,0.02468,0.01561
Time,s,86,0.02382,0.02462,0.0247,0.01629
Time,s,86,0.02357,0.0255,0.02558,0.01635
Time,s,86,0.02498,0.02548,0.02557,0.01634
Time,s,86,0.02386,0.02533,0.02518,0.01801
Time,s,86,0.02442,0.02499,0.02512,0.01583
Time,s,86,0.02435,0.0252,0.02502,0.01667
Time,s,86,0.02569,0.02391,0.02681,0.01591
Time,s,86,0.02511,0.02541,0.02455,0.01782
Time,s,86,0.02499,0.02381,0.02648,0.01621
Time,s,86,0.02369,0.02483,0.02578,0.01619
Time,s,86,0.02395,0.02554,0.02611,0.01714
Time,s,86,0.02417,0.02572,0.02491,0.01647
Time,s,86,0.02377,0.02445,0.02488,0.01753
Time,s,86,0.02412,0.02584,0.02524,0.01639
Time,s,86,0.02617,0.02446,0.02526,0.01684
Time,s,86,0.02392,0.02611,0.02609,0.01591
Time,s,86,0.024,0.02429,0.02543,0.01624
Time,s,86,0.02472,0.02453,0.02928,0.01629
Time,s,86,0.02527,0.02516,0.02706,0.01578
Time,s,86,0.0242,0.02727,0.02544,0.01555
Time,s,86,0.02349,0.0243,0.02461,0.01712
Time,s,86,0.02442,0.02428,0.02629,0.01668
Time,s,86,0.02374,0.02452,0.02507,0.0168
Time,s,86,0.02403,0.02595,0.02506,0.01598
Time,s,86,0.02468,0.02516,0.02514,0.01622
Time,s,86,0.02348,0.0241,0.02447,0.01566
Time,s,86,0.02359,0.02399,0.02489,0.01634
Time,s,86,0.02436,0.02423,0.02569,0.01545
Time,s,86,0.02521,0.02468,0.02454,0.01663
Time,s,86,0.02516,0.02539,0.02526,0.01605
Time,s,86,0.02661,0.02516,0.0244,0.01642
Time,s,86,0.02382,0.02417,0.02649,0.0155
Time,s,86,0.02366,0.02466,0.02576,0.0161
Time,s,86,0.02498,0.02402,0.02499,0.01605
Time,s,86,0.02425,0.02538,0.02543,0.01607
Time,s,86,0.02427,0.02529,0.02527,0.01581
Time,s,86,0.02407,0.02505,0.02708,0.01584
Time,s,86,0.02386,0.02484,0.02549,0.01563
Time,s,86,0.02412,0.02381,0.02546,0.0164
Time,s,86,0.02398,0.02478,0.0257,0.0171
Time,s,86,0.02384,0.02479,0.02548,0.01658
Time,s,86,0.02405,0.02451,0.02557,0.01627
Time,s,86,0.02377,0.02553,0.02548,0.01655
Time,s,86,0.02405,0.0242,0.02466,0.01569
Time,s,86,0.02402,0.02497,0.02506,0.01568
Time,s,86,0.02365,0.0239,0.02537,0.01511
Time,s,86,0.02357,0.02452,0.02501,0.01606
Time,s,86,0.02366,0.02488,0.02522,0.01577
Time,s,86,0.02504,0.02543,0.02565,0.01569
Time,s,86,0.02504,0.02549,0.02453,0.01557
Time,s,86,0.02573,0.02449,0.02637,0.01616
Time,s,86,0.02418,0.02417,0.0253,0.01615
Time,s,86,0.02345,0.02466,0.02515,0.01693
Time,s,86,0.02422,0.02523,0.02485,0.01713
Time,s,86,0.02407,0.02493,0.02438,0.01661
Time,s,86,0.02457,0.02498,0.02492,0.01546
Time,s,86,0.02483,0.02591,0.02543,0.01592
Time,s,86,0.02415,0.02467,0.02693,0.01596
Time,s,86,0.02489,0.02471,0.02548,0.01613
Time,s,86,0.02492,0.02419,0.02493,0.01573
Time,s,86,0.02542,0.02556,0.02448,0.01632
Time,s,86,0.02503,0.02475,0.02485,0.01658
Time,s,86,0.02603,0.02473,0.02638,0.01673
Time,s,86,0.02505,0.02437,0.02497,0.01501
Time,s,86,0.02368,0.02519,0.02669,0.01693
Time,s,86,0.02411,0.02371,0.02515,0.01663
Time,s,86,0.02333,0.02542,0.02451,0.01639
Time,s,86,0.025,0.02396,0.02511,0.01622
Time,s,86,0.02412,0.02503,0.02448,0.01584
Time,s,86,0.02465,0.02496,0.02439,0.01619
Time,s,86,0.02384,0.02498,0.02455,0.01526
Time,s,86,0.02481,0.02501,0.02415,0.01642
Time,s,86,0.02425,0.02684,0.0259,0.01568
Time,s,86,0.02398,0.02418,0.02537,0.0156
Time,s,86,0.0238,0.02397,0.02628,0.01576
Time,s,86,0.02383,0.02387,0.02479,0.01568
Time,s,86,0.02349,0.02398,0.0247,0.01757
Time,s,86,0.02487,0.02417,0.02519,0.01661
Time,s,86,0.02529,0.02513,0.02566,0.01606
Time,s,86,0.02345,0.02496,0.02688,0.01593
Time,s,86,0.02358,0.02412,0.02646,0.01663
Time,s,86,0.02441,0.02321,0.02446,0.01652
Time,s,86,0.02498,0.02524,0.02496,0.01618
Time,s,86,0.02531,0.0272,0.02456,0.01588
Time,s,86,0.02351,0.02425,0.02534,0.01574
Time,s,86,0.02405,0.02423,0.02501,0.01586
Time,s,86,0.02401,0.02399,0.02517,0.01577
Time,s,86,0.02542,0.02483,0.02509,0.01537
Time,s,86,0.02416,0.02569,0.02504,0.01673
Time,s,86,0.02492,0.0245,0.02494,0.01626
Time,s,87,0.11532,0.11484,0.12072,0.07343
Time,s,87,0.10828,0.1136,0.11334,0.07026
Time,s,87,0.11179,0.11826,0.11539,0.07029
Time,s,87,0.11038,0.11465,0.11104,0.07148
Time,s,87,0.10821,0.10978,0.10736,0.07237
Time,s,87,0.10768,0.10932,0.10952,0.06883
Time,s,87,0.10695,0.11321,0.11157,0.06391
Time,s,87,0.1093,0.10621,0.11158,0.06881
Time,s,87,0.11271,0.11189,0.1101,0.06424
Time,s,87,0.11304,0.11279,0.11197,0.06696
Time,s,87,0.11067,0.11108,0.11069,0.06993
Time,s,87,0.10864,0.11022,0.12463,0.0688
Time,s,87,0.10908,0.11741,0.11313,0.07062
Time,s,87,0.11477,0.11297,0.11281,0.0677
Time,s,87,0.11065,0.11192,0.11744,0.06977
Time,s,87,0.10887,0.11332,0.11349,0.06776
Time,s,87,0.10978,0.11241,0.11373,0.07058
Time,s,87,0.10344,0.10938,0.11194,0.06821
Time,s,87,0.11015,0.10834,0.11041,0.06763
Time,s,87,0.10901,0.10981,0.1112,0.07504
Time,s,87,0.11145,0.1126,0.11305,0.07
Time,s,87,0.10739,0.11227,0.11652,0.07226
Time,s,87,0.11517,0.10802,0.11277,0.06518
Time,s,87,0.1088,0.11235,0.11334,0.06943
Time,s,87,0.10953,0.11512,0.11405,0.06906
Time,s,87,0.11082,0.11509,0.12594,0.06792
Time,s,87,0.11011,0.11735,0.11075,0.06741
Time,s,87,0.11242,0.11445,0.11317,0.07517
Time,s,87,0.109,0.11111,0.1175,0.06844
Time,s,87,0.11342,0.11114,0.11334,0.06998
Time,s,87,0.11378,0.11159,0.11156,0.07014
Time,s,87,0.1103,0.10777,0.10733,0.07128
Time,s,87,0.10694,0.11412,0.1138,0.07208
Time,s,87,0.10947,0.10786,0.11378,0.06589
Time,s,87,0.1103,0.11847,0.11587,0.06945
Time,s,87,0.10855,0.11004,0.10834,0.07463
Time,s,87,0.11926,0.11231,0.11091,0.07032
Time,s,87,0.11043,0.11295,0.11366,0.06464
Time,s,87,0.11355,0.11861,0.1125,0.06536
Time,s,87,0.10985,0.11297,0.11746,0.07081
Time,s,87,0.11234,0.11642,0.11801,0.06889
Time,s,87,0.11079,0.11082,0.11031,0.07071
Time,s,87,0.1119,0.10845,0.113,0.06978
Time,s,87,0.11076,0.11261,0.12114,0.06805
Time,s,87,0.1115,0.10808,0.11626,0.07778
Time,s,87,0.11478,0.11228,0.11523,0.07031
Time,s,87,0.1097,0.11044,0.11674,0.07007
Time,s,87,0.11168,0.11527,0.11102,0.07245
Time,s,87,0.10563,0.10998,0.11056,0.06799
Time,s,87,0.1119,0.11073,0.11167,0.07053
Time,s,87,0.11307,0.11354,0.11167,0.06826
Time,s,87,0.11156,0.11116,0.11424,0.06981
Time,s,87,0.11141,0.10948,0.11543,0.06519
Time,s,87,0.11128,0.10896,0.11336,0.07331
Time,s,87,0.1119,0.11621,0.11771,0.06878
Time,s,87,0.11113,0.10716,0.11218,0.06882
Time,s,87,0.11226,0.11099,0.11754,0.06875
Time,s,87,0.10788,0.1173,0.11431,0.07005
Time,s,87,0.11123,0.10849,0.11184,0.06779
Time,s,87,0.10901,0.11316,0.11345,0.06958
Time,s,87,0.1095,0.11115,0.11408,0.06734
Time,s,87,0.11446,0.11324,0.11074,0.0707
Time,s,87,0.11052,0.11032,0.10893,0.06955
Time,s,87,0.10819,0.11081,0.11463,0.06969
Time,s,87,0.10686,0.11288,0.11659,0.07321
Time,s,87,0.11131,0.1131,0.11328,0.07294
Time,s,87,0.11446,0.11297,0.11184,0.0703
Time,s,87,0.10986,0.11603,0.12054,0.07192
Time,s,87,0.10916,0.11895,0.1155,0.07053
Time,s,87,0.11206,0.11195,0.11459,0.07307
Time,s,87,0.11152,0.11704,0.11734,0.06865
Time,s,87,0.10981,0.11205,0.10983,0.06687
Time,s,87,0.11511,0.11306,0.11742,0.0712
Time,s,87,0.1137,0.1102,0.11302,0.07018
Time,s,87,0.10998,0.11006,0.10972,0.07162
Time,s,87,0.11185,0.10678,0.11484,0.07279
Time,s,87,0.11416,0.10942,0.11679,0.07212
Time,s,87,0.10958,0.1148,0.11044,0.06888
Time,s,87,0.1118,0.11153,0.11103,0.0722
Time,s,87,0.11155,0.11015,0.11217,0.07304
Time,s,87,0.1114,0.11418,0.11463,0.06939
Time,s,87,0.10748,0.1083,0.11611,0.06839
Time,s,87,0.11642,0.11874,0.11467,0.07012
Time,s,87,0.11218,0.11344,0.11556,0.069
Time,s,87,0.11531,0.10761,0.1144,0.06883
Time,s,87,0.11398,0.1125,0.10968,0.06681
Time,s,87,0.11239,0.11327,0.11133,0.07272
Time,s,87,0.10853,0.11157,0.11189,0.06905
Time,s,87,0.10825,0.11741,0.11352,0.0702
Time,s,87,0.10826,0.1097,0.11294,0.06701
Time,s,87,0.10753,0.11212,0.11614,0.06984
Time,s,87,0.11063,0.11614,0.11494,0.07015
Time,s,87,0.10798,0.11077,0.11451,0.07117
Time,s,87,0.11466,0.10775,0.1139,0.07353
Time,s,87,0.10909,0.11523,0.11311,0.07316
Time,s,87,0.11395,0.11598,0.11898,0.07008
Time,s,87,0.112,0.11581,0.11086,0.06881
Time,s,87,0.11314,0.10679,0.11668,0.0708
Time,s,87,0.10879,0.11068,0.11651,0.07984
Time,s,87,0.1073,0.11218,0.11155,0.0755
Time,s,88,0.13384,0.12723,0.13181,0.02874
Time,s,88,0.12865,0.12583,0.12851,0.02846
Time,s,88,0.12649,0.12699,0.12938,0.02449
Time,s,88,0.12946,0.12635,0.12723,0.02426
Time,s,88,0.12607,0.12599,0.12764,0.02363
Time,s,88,0.12894,0.12634,0.12779,0.02568
Time,s,88,0.13993,0.12776,0.12958,0.02534
Time,s,88,0.12791,0.12414,0.13127,0.02514
Time,s,88,0.12853,0.12543,0.13803,0.02521
Time,s,88,0.13074,0.13096,0.1322,0.02575
Time,s,88,0.12774,0.12694,0.12972,0.02604
Time,s,88,0.12772,0.12812,0.13079,0.02607
Time,s,88,0.12773,0.13197,0.13321,0.02539
Time,s,88,0.12681,0.12614,0.12628,0.02354
Time,s,88,0.13002,0.12612,0.12822,0.02523
Time,s,88,0.1303,0.12757,0.12621,0.02674
Time,s,88,0.13461,0.12815,0.12715,0.02614
Time,s,88,0.13157,0.12667,0.12755,0.02483
Time,s,88,0.13865,0.12634,0.12563,0.02515
Time,s,88,0.13023,0.12781,0.12651,0.02567
Time,s,88,0.1266,0.12904,0.13517,0.02502
Time,s,88,0.12897,0.12693,0.13457,0.02557
Time,s,88,0.1247,0.12994,0.13076,0.02534
Time,s,88,0.12794,0.12525,0.12972,0.02586
Time,s,88,0.12507,0.12711,0.12798,0.02655
Time,s,88,0.13136,0.1251,0.12705,0.0253
Time,s,88,0.12751,0.12509,0.12817,0.02429
Time,s,88,0.12877,0.13184,0.12757,0.02602
Time,s,88,0.12928,0.12533,0.13123,0.02528
Time,s,88,0.12587,0.13009,0.13053,0.02575
Time,s,88,0.13102,0.12408,0.12773,0.02391
Time,s,88,0.12796,0.12529,0.12812,0.02443
Time,s,88,0.12675,0.12668,0.12639,0.02389
Time,s,88,0.13034,0.12482,0.13416,0.02501
Time,s,88,0.12614,0.13208,0.12689,0.02491
Time,s,88,0.12703,0.12613,0.12996,0.02527
Time,s,88,0.12932,0.12712,0.12624,0.02496
Time,s,88,0.12829,0.12628,0.12705,0.02442
Time,s,88,0.12801,0.12712,0.1249,0.02451
Time,s,88,0.12874,0.12535,0.12979,0.02568
Time,s,88,0.12828,0.12635,0.12534,0.02582
Time,s,88,0.12864,0.12952,0.127,0.02526
Time,s,88,0.12882,0.12412,0.12834,0.02408
Time,s,88,0.13655,0.12761,0.12699,0.02412
Time,s,88,0.12817,0.12422,0.12698,0.0231
Time,s,88,0.12933,0.12771,0.13248,0.02366
Time,s,88,0.12814,0.1277,0.12479,0.02564
Time,s,88,0.12834,0.12463,0.12685,0.02496
Time,s,88,0.12712,0.12658,0.1276,0.02498
Time,s,88,0.12874,0.12819,0.12613,0.02501
Time,s,88,0.12777,0.1255,0.12496,0.02719
Time,s,88,0.12833,0.12472,0.13186,0.02391
Time,s,88,0.1308,0.12674,0.12593,0.02442
Time,s,88,0.12652,0.12605,0.1267,0.02431
Time,s,88,0.12846,0.12517,0.1269,0.02634
Time,s,88,0.13469,0.12425,0.12643,0.02412
Time,s,88,0.12982,0.12536,0.12521,0.02375
Time,s,88,0.1299,0.12402,0.13179,0.025
Time,s,88,0.12715,0.12585,0.13181,0.02413
Time,s,88,0.12636,0.13374,0.12572,0.02364
Time,s,88,0.12765,0.12417,0.12783,0.02452
Time,s,88,0.12526,0.12728,0.12533,0.02453
Time,s,88,0.12576,0.12671,0.12379,0.02454
Time,s,88,0.12699,0.12426,0.12587,0.02555
Time,s,88,0.12829,0.12465,0.12854,0.02646
Time,s,88,0.12721,0.12737,0.13244,0.02556
Time,s,88,0.12951,0.12569,0.12828,0.0237
Time,s,88,0.1346,0.1257,0.13008,0.02516
Time,s,88,0.12885,0.12467,0.1318,0.0253
Time,s,88,0.12736,0.12682,0.13415,0.02459
Time,s,88,0.13109,0.12544,0.13729,0.02368
Time,s,88,0.12732,0.1259,0.13136,0.02526
Time,s,88,0.12577,0.1288,0.13707,0.02441
Time,s,88,0.1261,0.12713,0.12831,0.02493
Time,s,88,0.12979,0.12717,0.12592,0.0255
Time,s,88,0.12821,0.12533,0.12471,0.02675
Time,s,88,0.13168,0.12513,0.12574,0.025
Time,s,88,0.12528,0.12544,0.12622,0.02373
Time,s,88,0.12672,0.12563,0.12788,0.0254
Time,s,88,0.13111,0.12332,0.12714,0.02455
Time,s,88,0.12803,0.12382,0.12757,0.02557
Time,s,88,0.12598,0.12535,0.12582,0.02395
Time,s,88,0.13317,0.12873,0.13455,0.0261
Time,s,88,0.12597,0.12492,0.12706,0.02361
Time,s,88,0.13115,0.13126,0.12819,0.02439
Time,s,88,0.12663,0.12497,0.12589,0.02468
Time,s,88,0.12729,0.1267,0.12533,0.02523
Time,s,88,0.12614,0.12662,0.12781,0.02544
Time,s,88,0.12725,0.1244,0.1295,0.02497
Time,s,88,0.12617,0.1248,0.12557,0.02449
Time,s,88,0.12793,0.12535,0.12736,0.02488
Time,s,88,0.12903,0.12448,0.13152,0.0252
Time,s,88,0.13385,0.12565,0.13029,0.02586
Time,s,88,0.1276,0.12491,0.12741,0.02606
Time,s,88,0.1273,0.126,0.13296,0.02502
Time,s,88,0.12699,0.12703,0.12798,0.02371
Time,s,88,0.12579,0.12358,0.12693,0.02424
Time,s,88,0.12531,0.12937,0.12969,0.02464
Time,s,88,0.12765,0.12409,0.12723,0.02413
Time,s,88,0.12858,0.1295,0.1306,0.02569
Time,s,89,0.03657,0.03965,0.03778,0.02078
Time,s,89,0.03633,0.03688,0.03753,0.01949
Time,s,89,0.03762,0.0367,0.03868,0.02126
Time,s,89,0.03667,0.03635,0.03735,0.02006
Time,s,89,0.03597,0.0368,0.03735,0.01984
Time,s,89,0.03662,0.03591,0.03626,0.02053
Time,s,89,0.03656,0.03553,0.03894,0.02183
Time,s,89,0.03657,0.03493,0.03737,0.02124
Time,s,89,0.03856,0.03628,0.03734,0.01958
Time,s,89,0.03655,0.036,0.03684,0.01908
Time,s,89,0.03598,0.03753,0.03775,0.01921
Time,s,89,0.03507,0.03662,0.03799,0.02052
Time,s,89,0.03647,0.03828,0.03966,0.01919
Time,s,89,0.0361,0.03618,0.03659,0.01915
Time,s,89,0.03579,0.0356,0.03766,0.02115
Time,s,89,0.03888,0.03741,0.03646,0.02048
Time,s,89,0.03867,0.03679,0.03686,0.01926
Time,s,89,0.03522,0.03631,0.03869,0.01983
Time,s,89,0.03538,0.03547,0.03661,0.02054
Time,s,89,0.03552,0.03517,0.03673,0.01965
Time,s,89,0.03641,0.03682,0.03655,0.02016
Time,s,89,0.03533,0.03658,0.03685,0.01987
Time,s,89,0.03573,0.0354,0.03719,0.01861
Time,s,89,0.03742,0.03625,0.0368,0.01903
Time,s,89,0.03627,0.03619,0.04157,0.01975
Time,s,89,0.04304,0.03816,0.03726,0.01864
Time,s,89,0.03902,0.03535,0.03654,0.01855
Time,s,89,0.03666,0.03572,0.03515,0.01873
Time,s,89,0.03562,0.03588,0.03612,0.02118
Time,s,89,0.03458,0.03547,0.03503,0.01982
Time,s,89,0.03588,0.03649,0.03464,0.01963
Time,s,89,0.03655,0.03575,0.03694,0.01907
Time,s,89,0.0357,0.03655,0.03734,0.01938
Time,s,89,0.03714,0.0396,0.03816,0.01963
Time,s,89,0.03639,0.03672,0.0356,0.01878
Time,s,89,0.03737,0.03622,0.03665,0.01934
Time,s,89,0.03572,0.03599,0.03586,0.01982
Time,s,89,0.03664,0.03975,0.04051,0.01985
Time,s,89,0.036,0.03753,0.03565,0.01934
Time,s,89,0.0358,0.03708,0.03572,0.02019
Time,s,89,0.03574,0.03746,0.03638,0.02006
Time,s,89,0.03642,0.03701,0.03702,0.019
Time,s,89,0.03495,0.03653,0.03579,0.02002
Time,s,89,0.03569,0.035,0.03514,0.01901
Time,s,89,0.0376,0.03585,0.03618,0.01944
Time,s,89,0.03631,0.03544,0.03775,0.01872
Time,s,89,0.03652,0.03547,0.03714,0.01891
Time,s,89,0.03809,0.03734,0.03647,0.01991
Time,s,89,0.03617,0.0357,0.03544,0.02126
Time,s,89,0.03619,0.0366,0.03563,0.0245
Time,s,89,0.03565,0.0363,0.03644,0.01943
Time,s,89,0.03604,0.03567,0.03555,0.01928
Time,s,89,0.03576,0.0358,0.03568,0.01969
Time,s,89,0.03553,0.03553,0.03568,0.02009
Time,s,89,0.03633,0.03663,0.03601,0.01961
Time,s,89,0.03723,0.03613,0.03491,0.01936
Time,s,89,0.03465,0.035,0.03705,0.01918
Time,s,89,0.03468,0.03499,0.03583,0.01939
Time,s,89,0.0401,0.03577,0.03633,0.01839
Time,s,89,0.03729,0.03644,0.03733,0.02089
Time,s,89,0.03742,0.03657,0.03558,0.01946
Time,s,89,0.03587,0.03575,0.03523,0.01864
Time,s,89,0.03537,0.03625,0.03553,0.01904
Time,s,89,0.03494,0.0365,0.0362,0.01929
Time,s,89,0.03717,0.0346,0.03622,0.01911
Time,s,89,0.03894,0.03727,0.03607,0.01952
Time,s,89,0.0364,0.0365,0.03747,0.01985
Time,s,89,0.0366,0.03558,0.03806,0.02067
Time,s,89,0.03751,0.03494,0.03453,0.02089
Time,s,89,0.03682,0.0373,0.0386,0.02087
Time,s,89,0.03585,0.0372,0.03594,0.02038
Time,s,89,0.03629,0.03622,0.03612,0.02039
Time,s,89,0.03722,0.03574,0.03548,0.02028
Time,s,89,0.03648,0.0361,0.03775,0.01947
Time,s,89,0.03555,0.03652,0.03784,0.01962
Time,s,89,0.03639,0.03621,0.03892,0.01944
Time,s,89,0.03634,0.039,0.03669,0.01938
Time,s,89,0.03577,0.03844,0.03585,0.0191
Time,s,89,0.03744,0.0372,0.03684,0.01973
Time,s,89,0.03579,0.0451,0.03684,0.01934
Time,s,89,0.03664,0.03685,0.03634,0.02056
Time,s,89,0.03505,0.03553,0.03682,0.01946
Time,s,89,0.03544,0.03528,0.03596,0.01854
Time,s,89,0.03746,0.036,0.03658,0.01882
Time,s,89,0.03787,0.03729,0.03617,0.01858
Time,s,89,0.03627,0.03539,0.036,0.01947
Time,s,89,0.03749,0.03478,0.03461,0.01907
Time,s,89,0.03703,0.03695,0.03506,0.01838
Time,s,89,0.03553,0.0378,0.036,0.02119
Time,s,89,0.03727,0.03586,0.03457,0.01911
Time,s,89,0.03775,0.03586,0.03497,0.02043
Time,s,89,0.03703,0.03553,0.036,0.01885
Time,s,89,0.0375,0.03523,0.03499,0.0191
Time,s,89,0.03856,0.03703,0.03499,0.01929
Time,s,89,0.0357,0.03701,0.03635,0.019
Time,s,89,0.03561,0.03677,0.03573,0.0196
Time,s,89,0.03469,0.03563,0.03494,0.01993
Time,s,89,0.03668,0.03713,0.03472,0.01991
Time,s,89,0.03554,0.03759,0.03634,0.01946
Time,s,89,0.03524,0.0357,0.03582,0.01997
Time,s,90,0.01053,0.01059,0.01052,0.00652
Time,s,90,0.01004,0.0107,0.00946,0.00581
Time,s,90,0.01004,0.00985,0.00947,0.00577
Time,s,90,0.0108,0.01083,0.00976,0.00564
Time,s,90,0.01043,0.01178,0.00936,0.00595
Time,s,90,0.01104,0.00967,0.00937,0.00591
Time,s,90,0.01127,0.01078,0.00958,0.0056
Time,s,90,0.00964,0.00972,0.00942,0.00544
Time,s,90,0.00959,0.01224,0.00961,0.00566
Time,s,90,0.01288,0.00927,0.00963,0.00556
Time,s,90,0.0101,0.01127,0.00954,0.00542
Time,s,90,0.00974,0.01169,0.00918,0.0052
Time,s,90,0.0096,0.00937,0.00924,0.00529
Time,s,90,0.00939,0.01009,0.00911,0.00541
Time,s,90,0.00947,0.0094,0.0095,0.00527
Time,s,90,0.01018,0.01014,0.00951,0.00545
Time,s,90,0.00981,0.00956,0.00947,0.00573
Time,s,90,0.00946,0.0093,0.00945,0.00549
Time,s,90,0.01043,0.0095,0.00952,0.00549
Time,s,90,0.00964,0.00967,0.00962,0.00518
Time,s,90,0.00977,0.00964,0.00961,0.00571
Time,s,90,0.00932,0.00964,0.00915,0.00553
Time,s,90,0.00996,0.00968,0.00983,0.00594
Time,s,90,0.00933,0.00923,0.00923,0.00515
Time,s,90,0.00973,0.00951,0.00938,0.00532
Time,s,90,0.00954,0.00955,0.00918,0.00538
Time,s,90,0.00963,0.00921,0.00921,0.00527
Time,s,90,0.00959,0.00976,0.00945,0.00569
Time,s,90,0.00954,0.00943,0.00928,0.00546
Time,s,90,0.00932,0.00915,0.00962,0.00542
Time,s,90,0.00922,0.00953,0.00925,0.00546
Time,s,90,0.00954,0.00965,0.00948,0.00545
Time,s,90,0.00956,0.00946,0.00971,0.00534
Time,s,90,0.00944,0.00919,0.01011,0.0055
Time,s,90,0.00999,0.00989,0.00989,0.00586
Time,s,90,0.00934,0.0096,0.01022,0.00522
Time,s,90,0.0096,0.00956,0.01056,0.00526
Time,s,90,0.00981,0.00958,0.00967,0.00545
Time,s,90,0.00944,0.00972,0.00955,0.00527
Time,s,90,0.0097,0.0096,0.01035,0.00551
Time,s,90,0.00983,0.00948,0.0093,0.00548
Time,s,90,0.01005,0.0093,0.00925,0.00554
Time,s,90,0.00959,0.00896,0.00932,0.00533
Time,s,90,0.00932,0.00941,0.00926,0.00536
Time,s,90,0.00973,0.01008,0.00975,0.00524
Time,s,90,0.0097,0.00968,0.00962,0.00548
Time,s,90,0.00941,0.01002,0.00987,0.00501
Time,s,90,0.00969,0.00963,0.00955,0.00577
Time,s,90,0.00936,0.00982,0.01024,0.00545
Time,s,90,0.0097,0.00963,0.00923,0.00534
Time,s,90,0.00983,0.00981,0.00909,0.00557
Time,s,90,0.00986,0.00957,0.00917,0.00558
Time,s,90,0.01007,0.00965,0.00914,0.00558
Time,s,90,0.00969,0.0095,0.0096,0.00529
Time,s,90,0.00925,0.0094,0.00944,0.00513
Time,s,90,0.0099,0.00999,0.0095,0.00528
Time,s,90,0.00975,0.00929,0.00949,0.00523
Time,s,90,0.00972,0.00962,0.00913,0.00549
Time,s,90,0.0095,0.00967,0.00998,0.00565
Time,s,90,0.00924,0.00955,0.0092,0.00539
Time,s,90,0.0094,0.00979,0.00922,0.00541
Time,s,90,0.0096,0.00982,0.00914,0.00537
Time,s,90,0.00975,0.00953,0.00955,0.00563
Time,s,90,0.00967,0.01014,0.00937,0.00527
Time,s,90,0.00934,0.00987,0.00943,0.00509
Time,s,90,0.00917,0.00964,0.0092,0.00534
Time,s,90,0.00937,0.00955,0.00989,0.00526
Time,s,90,0.00971,0.00967,0.00983,0.00542
Time,s,90,0.00963,0.00928,0.01004,0.00526
Time,s,90,0.00963,0.0094,0.0097,0.00543
Time,s,90,0.00994,0.00933,0.01001,0.00583
Time,s,90,0.00986,0.01013,0.00945,0.00539
Time,s,90,0.00976,0.00995,0.00935,0.00528
Time,s,90,0.00932,0.00993,0.00945,0.00556
Time,s,90,0.00965,0.00993,0.0093,0.00514
Time,s,90,0.00994,0.00992,0.00939,0.00569
Time,s,90,0.00931,0.01014,0.01089,0.00555
Time,s,90,0.00966,0.00954,0.00904,0.00576
Time,s,90,0.00964,0.00942,0.00922,0.00544
Time,s,90,0.01006,0.00947,0.00928,0.00518
Time,s,90,0.00927,0.00947,0.00943,0.00527
Time,s,90,0.00926,0.00935,0.00963,0.00574
Time,s,90,0.00937,0.00933,0.00938,0.00572
Time,s,90,0.0094,0.00928,0.00932,0.00566
Time,s,90,0.00959,0.00915,0.00938,0.0055
Time,s,90,0.00937,0.00948,0.00923,0.00553
Time,s,90,0.00961,0.00891,0.00929,0.00534
Time,s,90,0.00964,0.00949,0.00933,0.00515
Time,s,90,0.00948,0.00933,0.00935,0.00557
Time,s,90,0.00964,0.00968,0.00932,0.00565
Time,s,90,0.00962,0.00918,0.00968,0.00567
Time,s,90,0.00951,0.01046,0.00936,0.00527
Time,s,90,0.00949,0.00965,0.00923,0.0055
Time,s,90,0.00977,0.00944,0.00937,0.00525
Time,s,90,0.0097,0.00944,0.00921,0.00588
Time,s,90,0.00953,0.00946,0.00939,0.00597
Time,s,90,0.00944,0.00954,0.00952,0.00554
Time,s,90,0.0103,0.00926,0.00919,0.00528
Time,s,90,0.0094,0.00927,0.00981,0.0053
Time,s,90,0.01001,0.0093,0.00936,0.0055
Time,s,91,0.01103,0.01117,0.01111,0.00969
Time,s,91,0.00998,0.01108,0.01032,0.00947
Time,s,91,0.01123,0.01164,0.01106,0.00913
Time,s,91,0.01022,0.01055,0.01032,0.00921
Time,s,91,0.00996,0.01043,0.01026,0.00931
Time,s,91,0.01045,0.01037,0.00994,0.0098
Time,s,91,0.00985,0.01032,0.01023,0.00949
Time,s,91,0.01007,0.01039,0.01032,0.00924
Time,s,91,0.00972,0.0103,0.01017,0.00936
Time,s,91,0.00991,0.01005,0.01007,0.00898
Time,s,91,0.00972,0.01002,0.0099,0.01059
Time,s,91,0.01132,0.01011,0.01072,0.00917
Time,s,91,0.01032,0.00991,0.01074,0.00942
Time,s,91,0.00989,0.01097,0.01,0.0093
Time,s,91,0.01008,0.01006,0.01199,0.00928
Time,s,91,0.00991,0.01019,0.01038,0.00931
Time,s,91,0.01005,0.01023,0.01063,0.00914
Time,s,91,0.00989,0.00971,0.0104,0.00934
Time,s,91,0.00989,0.01014,0.00995,0.00915
Time,s,91,0.00994,0.01118,0.01036,0.00941
Time,s,91,0.01106,0.01109,0.01044,0.00925
Time,s,91,0.01038,0.01013,0.01001,0.00923
Time,s,91,0.01012,0.01007,0.01008,0.00907
Time,s,91,0.00988,0.01019,0.01011,0.00964
Time,s,91,0.00975,0.01014,0.01073,0.00911
Time,s,91,0.01012,0.01011,0.00991,0.00931
Time,s,91,0.01001,0.01012,0.00997,0.00967
Time,s,91,0.00991,0.01029,0.01008,0.00921
Time,s,91,0.00976,0.01019,0.00971,0.01008
Time,s,91,0.00993,0.01005,0.00993,0.0095
Time,s,91,0.00972,0.00986,0.00991,0.00901
Time,s,91,0.01001,0.01137,0.00991,0.00912
Time,s,91,0.00977,0.01012,0.01081,0.00916
Time,s,91,0.01068,0.01086,0.01008,0.00975
Time,s,91,0.0103,0.01039,0.01003,0.00968
Time,s,91,0.00992,0.01025,0.00984,0.00971
Time,s,91,0.01054,0.01024,0.01031,0.0091
Time,s,91,0.01057,0.00986,0.00993,0.0118
Time,s,91,0.00995,0.01097,0.01035,0.00932
Time,s,91,0.01008,0.01025,0.00998,0.00935
Time,s,91,0.00985,0.01009,0.00999,0.00933
Time,s,91,0.00982,0.01007,0.00967,0.00984
Time,s,91,0.00995,0.00991,0.00988,0.0095
Time,s,91,0.01003,0.01025,0.00989,0.00941
Time,s,91,0.0101,0.01005,0.00996,0.00949
Time,s,91,0.00987,0.01015,0.00968,0.01029
Time,s,91,0.01083,0.00989,0.01008,0.00968
Time,s,91,0.01003,0.0099,0.00976,0.01062
Time,s,91,0.00962,0.00997,0.0094,0.00942
Time,s,91,0.00968,0.00984,0.00971,0.00908
Time,s,91,0.0099,0.01002,0.01118,0.00946
Time,s,91,0.00969,0.00985,0.01028,0.0093
Time,s,91,0.00966,0.01034,0.01017,0.00933
Time,s,91,0.00997,0.01021,0.00954,0.00951
Time,s,91,0.00971,0.0104,0.00977,0.0099
Time,s,91,0.01072,0.01023,0.00999,0.00926
Time,s,91,0.00975,0.01163,0.00963,0.00967
Time,s,91,0.00989,0.01009,0.00987,0.00926
Time,s,91,0.0098,0.01017,0.00992,0.00938
Time,s,91,0.00998,0.01008,0.00965,0.00915
Time,s,91,0.00962,0.01031,0.00953,0.00945
Time,s,91,0.00992,0.01014,0.00974,0.00942
Time,s,91,0.01001,0.01014,0.00979,0.00932
Time,s,91,0.01017,0.01002,0.01125,0.00917
Time,s,91,0.01021,0.01031,0.01003,0.00955
Time,s,91,0.00987,0.00997,0.01015,0.01035
Time,s,91,0.01047,0.01071,0.00972,0.00921
Time,s,91,0.00986,0.00991,0.01022,0.00916
Time,s,91,0.00997,0.01017,0.01127,0.00967
Time,s,91,0.00976,0.00961,0.01048,0.00923
Time,s,91,0.01012,0.00974,0.00996,0.00908
Time,s,91,0.01079,0.00978,0.01012,0.00909
Time,s,91,0.00985,0.01,0.01023,0.00897
Time,s,91,0.01131,0.00997,0.00979,0.0093
Time,s,91,0.01014,0.01082,0.0101,0.00909
Time,s,91,0.0098,0.01016,0.01007,0.00902
Time,s,91,0.0101,0.00993,0.00985,0.00939
Time,s,91,0.00966,0.00999,0.00991,0.00909
Time,s,91,0.00979,0.00984,0.00987,0.00925
Time,s,91,0.01039,0.01006,0.01012,0.00898
Time,s,91,0.00956,0.0101,0.00984,0.00893
Time,s,91,0.00971,0.01058,0.01001,0.00903
Time,s,91,0.00997,0.00985,0.00975,0.00883
Time,s,91,0.00963,0.01003,0.0103,0.00895
Time,s,91,0.01018,0.00984,0.00977,0.00967
Time,s,91,0.00982,0.01007,0.00957,0.00903
Time,s,91,0.00996,0.01019,0.01105,0.00925
Time,s,91,0.00995,0.01049,0.00975,0.00895
Time,s,91,0.00968,0.01017,0.00999,0.00898
Time,s,91,0.00986,0.00999,0.01092,0.00891
Time,s,91,0.00984,0.01118,0.01078,0.00981
Time,s,91,0.01058,0.01041,0.00998,0.00917
Time,s,91,0.00976,0.0106,0.01046,0.00917
Time,s,91,0.00965,0.00984,0.01054,0.00919
Time,s,91,0.00966,0.01026,0.00977,0.00907
Time,s,91,0.00992,0.01006,0.0097,0.00913
Time,s,91,0.00997,0.01117,0.00977,0.00883
Time,s,91,0.00966,0.01029,0.00991,0.00957
Time,s,91,0.00976,0.01013,0.00993,0.00898
Time,s,91,0.00988,0.01042,0.01013,0.00906
Time,s,92,0.0136,0.01307,0.01306,0.01076
Time,s,92,0.01244,0.01259,0.01199,0.01006
Time,s,92,0.01216,0.01225,0.01197,0.00958
Time,s,92,0.01236,0.01278,0.01325,0.01
Time,s,92,0.01258,0.01258,0.01252,0.0099
Time,s,92,0.0123,0.01366,0.01266,0.01006
Time,s,92,0.01255,0.01274,0.01267,0.01132
Time,s,92,0.01199,0.01255,0.01227,0.01088
Time,s,92,0.01212,0.01239,0.01344,0.00966
Time,s,92,0.01242,0.01208,0.01272,0.00987
Time,s,92,0.01271,0.01236,0.0126,0.01007
Time,s,92,0.01327,0.01223,0.01275,0.01008
Time,s,92,0.01251,0.0122,0.0135,0.01016
Time,s,92,0.01274,0.01285,0.01287,0.00974
Time,s,92,0.01201,0.01223,0.01263,0.0098
Time,s,92,0.01205,0.01241,0.01236,0.00963
Time,s,92,0.01263,0.01218,0.01266,0.00955
Time,s,92,0.01249,0.0125,0.01249,0.00989
Time,s,92,0.01407,0.0125,0.01238,0.00948
Time,s,92,0.01257,0.01323,0.01274,0.00995
Time,s,92,0.01233,0.01262,0.01201,0.01003
Time,s,92,0.0136,0.01281,0.01225,0.00964
Time,s,92,0.01251,0.01286,0.01204,0.01003
Time,s,92,0.01289,0.01324,0.01209,0.00995
Time,s,92,0.01238,0.01341,0.01707,0.00963
Time,s,92,0.01284,0.01314,0.01264,0.01001
Time,s,92,0.01271,0.01223,0.01219,0.00979
Time,s,92,0.01261,0.01211,0.01203,0.00969
Time,s,92,0.0127,0.01275,0.01222,0.00991
Time,s,92,0.01241,0.01225,0.01219,0.00955
Time,s,92,0.01246,0.01233,0.0123,0.00959
Time,s,92,0.01253,0.01225,0.01249,0.00967
Time,s,92,0.01298,0.01237,0.01228,0.00969
Time,s,92,0.01329,0.0126,0.01204,0.0095
Time,s,92,0.01311,0.01215,0.01352,0.01023
Time,s,92,0.01224,0.01209,0.01253,0.00987
Time,s,92,0.01224,0.01207,0.0123,0.00999
Time,s,92,0.01218,0.01218,0.01251,0.00941
Time,s,92,0.01256,0.01172,0.01231,0.00983
Time,s,92,0.01234,0.01198,0.01239,0.00966
Time,s,92,0.01287,0.01221,0.01239,0.01066
Time,s,92,0.01192,0.01224,0.01371,0.00984
Time,s,92,0.01235,0.01226,0.01297,0.00948
Time,s,92,0.01241,0.01263,0.01203,0.00946
Time,s,92,0.0123,0.01228,0.0125,0.00982
Time,s,92,0.01239,0.01225,0.01268,0.00989
Time,s,92,0.01212,0.01323,0.01279,0.01064
Time,s,92,0.01207,0.01314,0.01246,0.0109
Time,s,92,0.01305,0.01256,0.01258,0.00981
Time,s,92,0.01236,0.0125,0.01255,0.0098
Time,s,92,0.01207,0.01217,0.01218,0.00994
Time,s,92,0.01343,0.01437,0.01214,0.00971
Time,s,92,0.01275,0.01361,0.01215,0.00989
Time,s,92,0.01254,0.01247,0.01204,0.00963
Time,s,92,0.01256,0.01305,0.01214,0.00981
Time,s,92,0.01302,0.01329,0.012,0.00995
Time,s,92,0.01216,0.01281,0.01232,0.00979
Time,s,92,0.0127,0.01233,0.01192,0.0095
Time,s,92,0.01269,0.01332,0.01185,0.00973
Time,s,92,0.01262,0.01356,0.01197,0.01004
Time,s,92,0.01195,0.0131,0.01236,0.01049
Time,s,92,0.01188,0.01321,0.01242,0.00959
Time,s,92,0.01341,0.01329,0.01244,0.00962
Time,s,92,0.01265,0.01283,0.012,0.00995
Time,s,92,0.01243,0.01281,0.01223,0.00933
Time,s,92,0.01256,0.01309,0.01305,0.00993
Time,s,92,0.01223,0.01318,0.01236,0.00973
Time,s,92,0.02013,0.01278,0.01192,0.00981
Time,s,92,0.01322,0.01278,0.01255,0.00965
Time,s,92,0.01243,0.01261,0.01225,0.01041
Time,s,92,0.01273,0.01285,0.0134,0.00994
Time,s,92,0.01294,0.0127,0.01256,0.00968
Time,s,92,0.01253,0.01201,0.0125,0.01051
Time,s,92,0.01246,0.01225,0.01223,0.01058
Time,s,92,0.01239,0.0136,0.01349,0.0098
Time,s,92,0.0125,0.013,0.01293,0.00998
Time,s,92,0.01217,0.01276,0.01261,0.0098
Time,s,92,0.01213,0.01252,0.01287,0.01002
Time,s,92,0.01229,0.01258,0.0125,0.01004
Time,s,92,0.01229,0.01233,0.01236,0.00984
Time,s,92,0.01216,0.01233,0.01266,0.01105
Time,s,92,0.01218,0.01244,0.0126,0.0096
Time,s,92,0.01215,0.01247,0.01238,0.00979
Time,s,92,0.0131,0.01234,0.01297,0.00984
Time,s,92,0.01208,0.01234,0.0128,0.00958
Time,s,92,0.01344,0.01367,0.01302,0.00992
Time,s,92,0.01238,0.01303,0.01276,0.01092
Time,s,92,0.01225,0.01267,0.01256,0.00999
Time,s,92,0.01249,0.01296,0.01255,0.00961
Time,s,92,0.01232,0.01298,0.01269,0.00951
Time,s,92,0.01236,0.0126,0.01266,0.0097
Time,s,92,0.01234,0.01233,0.01382,0.00991
Time,s,92,0.01239,0.01212,0.01319,0.00962
Time,s,92,0.01273,0.01228,0.0131,0.00981
Time,s,92,0.01307,0.01223,0.01349,0.00981
Time,s,92,0.0137,0.01231,0.01263,0.01009
Time,s,92,0.01352,0.01232,0.01258,0.00984
Time,s,92,0.01312,0.01197,0.01238,0.01013
Time,s,92,0.01313,0.01247,0.01242,0.00962
Time,s,92,0.01223,0.012,0.01256,0.0094
Time,s,93,0.07569,0.07604,0.08008,0.07543
Time,s,93,0.07529,0.0777,0.08165,0.08227
Time,s,93,0.07428,0.07765,0.08523,0.07656
Time,s,93,0.07388,0.07857,0.07965,0.07878
Time,s,93,0.07601,0.07951,0.08493,0.07713
Time,s,93,0.07844,0.07685,0.07852,0.08208
Time,s,93,0.07986,0.07639,0.08685,0.07456
Time,s,93,0.07676,0.08364,0.08104,0.07483
Time,s,93,0.08076,0.07841,0.08276,0.07981
Time,s,93,0.07506,0.08137,0.08186,0.08009
Time,s,93,0.07541,0.078,0.08072,0.07435
Time,s,93,0.07692,0.08477,0.08144,0.08009
Time,s,93,0.07902,0.0791,0.0858,0.07524
Time,s,93,0.07609,0.07561,0.08204,0.07689
Time,s,93,0.07415,0.07796,0.08168,0.07832
Time,s,93,0.07831,0.08161,0.08256,0.08245
Time,s,93,0.07736,0.08019,0.07555,0.07658
Time,s,93,0.07744,0.08205,0.08317,0.07696
Time,s,93,0.07883,0.07982,0.07829,0.08046
Time,s,93,0.08251,0.07863,0.07739,0.07574
Time,s,93,0.07746,0.07925,0.07584,0.07695
Time,s,93,0.07683,0.08136,0.08009,0.08346
Time,s,93,0.08098,0.08076,0.08408,0.07847
Time,s,93,0.07515,0.07835,0.0814,0.07742
Time,s,93,0.07685,0.08071,0.08281,0.0774
Time,s,93,0.08063,0.07931,0.08317,0.07488
Time,s,93,0.07723,0.07895,0.08461,0.08211
Time,s,93,0.07554,0.08572,0.07899,0.0775
Time,s,93,0.0747,0.08604,0.08335,0.08045
Time,s,93,0.07813,0.07761,0.07874,0.07404
Time,s,93,0.07833,0.08393,0.081,0.07403
Time,s,93,0.08164,0.07752,0.08142,0.07957
Time,s,93,0.07798,0.0796,0.0848,0.07893
Time,s,93,0.08017,0.0805,0.07915,0.0735
Time,s,93,0.07799,0.07867,0.08204,0.0756
Time,s,93,0.07702,0.08031,0.08121,0.0831
Time,s,93,0.08096,0.07992,0.07625,0.07633
Time,s,93,0.08319,0.08012,0.07981,0.07568
Time,s,93,0.07544,0.08245,0.08044,0.07908
Time,s,93,0.08314,0.07858,0.07756,0.07956
Time,s,93,0.08523,0.08104,0.07642,0.08297
Time,s,93,0.07734,0.07846,0.08867,0.07921
Time,s,93,0.07662,0.07776,0.08035,0.078
Time,s,93,0.07794,0.07976,0.07696,0.07564
Time,s,93,0.07856,0.08079,0.08097,0.07873
Time,s,93,0.07662,0.08024,0.08296,0.0795
Time,s,93,0.0756,0.07845,0.07713,0.07417
Time,s,93,0.08116,0.08189,0.07907,0.07457
Time,s,93,0.07455,0.07849,0.08063,0.07811
Time,s,93,0.07757,0.08287,0.08246,0.0796
Time,s,93,0.08068,0.08141,0.0854,0.07457
Time,s,93,0.07477,0.08131,0.07835,0.07859
Time,s,93,0.07651,0.07683,0.08089,0.08122
Time,s,93,0.07724,0.07834,0.0777,0.07488
Time,s,93,0.07722,0.07835,0.07793,0.07602
Time,s,93,0.07628,0.0793,0.0839,0.07859
Time,s,93,0.07809,0.07985,0.07916,0.0753
Time,s,93,0.08505,0.07803,0.07879,0.08221
Time,s,93,0.07697,0.08216,0.07699,0.07497
Time,s,93,0.08053,0.08163,0.08371,0.07754
Time,s,93,0.07764,0.07992,0.08408,0.08035
Time,s,93,0.07929,0.08424,0.08249,0.07684
Time,s,93,0.07697,0.07887,0.08151,0.085
Time,s,93,0.07532,0.0839,0.08321,0.08019
Time,s,93,0.07826,0.07751,0.08143,0.07649
Time,s,93,0.07626,0.07997,0.08018,0.0763
Time,s,93,0.07521,0.08664,0.07822,0.08406
Time,s,93,0.07563,0.07801,0.08197,0.076
Time,s,93,0.07739,0.08025,0.07906,0.0871
Time,s,93,0.07661,0.07773,0.08219,0.08092
Time,s,93,0.07475,0.08526,0.08171,0.07605
Time,s,93,0.0801,0.0764,0.08317,0.07661
Time,s,93,0.07508,0.07507,0.081,0.07583
Time,s,93,0.07431,0.07956,0.08386,0.07533
Time,s,93,0.07556,0.07602,0.08295,0.07486
Time,s,93,0.07939,0.07874,0.08521,0.07959
Time,s,93,0.08132,0.07983,0.08171,0.07791
Time,s,93,0.07687,0.08003,0.07921,0.07522
Time,s,93,0.07654,0.07784,0.07968,0.07689
Time,s,93,0.07918,0.0761,0.08046,0.08009
Time,s,93,0.08264,0.08233,0.08763,0.07536
Time,s,93,0.07477,0.08032,0.08062,0.07653
Time,s,93,0.07763,0.07871,0.07716,0.08386
Time,s,93,0.07565,0.07688,0.07659,0.07884
Time,s,93,0.08216,0.07917,0.08099,0.08078
Time,s,93,0.07762,0.08103,0.07806,0.07811
Time,s,93,0.07955,0.08226,0.0788,0.07634
Time,s,93,0.07539,0.07837,0.08442,0.0768
Time,s,93,0.07527,0.07893,0.08225,0.07872
Time,s,93,0.07823,0.07835,0.08482,0.08437
Time,s,93,0.07584,0.08305,0.07946,0.07531
Time,s,93,0.07398,0.07748,0.08059,0.07833
Time,s,93,0.07965,0.07662,0.07719,0.07427
Time,s,93,0.08257,0.08085,0.07929,0.07459
Time,s,93,0.07643,0.0835,0.0809,0.08014
Time,s,93,0.07738,0.07893,0.07965,0.07711
Time,s,93,0.08096,0.07978,0.07947,0.07732
Time,s,93,0.08134,0.08373,0.08039,0.07595
Time,s,93,0.07442,0.08152,0.07946,0.07433
Time,s,93,0.07844,0.08534,0.08496,0.07588
Time,s,94,0.01954,0.02261,0.02617,0.01893
Time,s,94,0.01846,0.02082,0.01831,0.01695
Time,s,94,0.02216,0.01895,0.01863,0.01886
Time,s,94,0.0171,0.01786,0.01971,0.0167
Time,s,94,0.01663,0.01739,0.01946,0.01653
Time,s,94,0.01723,0.01716,0.01814,0.01789
Time,s,94,0.01709,0.01716,0.01734,0.01847
Time,s,94,0.01767,0.01721,0.02038,0.0154
Time,s,94,0.01685,0.01703,0.01909,0.01586
Time,s,94,0.01635,0.01703,0.01869,0.01591
Time,s,94,0.01769,0.01715,0.01805,0.01606
Time,s,94,0.01661,0.01741,0.0198,0.01589
Time,s,94,0.01761,0.01698,0.01962,0.01646
Time,s,94,0.01862,0.01685,0.01682,0.0156
Time,s,94,0.01645,0.01769,0.01807,0.01514
Time,s,94,0.01663,0.01769,0.02016,0.01839
Time,s,94,0.01664,0.01704,0.0198,0.01529
Time,s,94,0.01672,0.01723,0.01736,0.01562
Time,s,94,0.01635,0.01657,0.01768,0.01587
Time,s,94,0.01656,0.0163,0.01909,0.01508
Time,s,94,0.01683,0.01648,0.01943,0.01499
Time,s,94,0.01678,0.01716,0.01673,0.0155
Time,s,94,0.01668,0.01725,0.01744,0.0154
Time,s,94,0.01617,0.01669,0.01916,0.01537
Time,s,94,0.01627,0.01681,0.02093,0.01505
Time,s,94,0.01653,0.01668,0.01698,0.01578
Time,s,94,0.01617,0.01588,0.0184,0.01556
Time,s,94,0.01688,0.01674,0.01945,0.01523
Time,s,94,0.01612,0.01823,0.01915,0.01527
Time,s,94,0.01792,0.0186,0.01674,0.01518
Time,s,94,0.01686,0.01753,0.01832,0.01499
Time,s,94,0.01858,0.01641,0.01901,0.01714
Time,s,94,0.01702,0.01629,0.0201,0.01497
Time,s,94,0.01616,0.0164,0.01716,0.0159
Time,s,94,0.01608,0.01641,0.01916,0.01567
Time,s,94,0.01627,0.01648,0.02004,0.01551
Time,s,94,0.01653,0.01695,0.02075,0.01625
Time,s,94,0.01668,0.01764,0.01871,0.01552
Time,s,94,0.01629,0.01668,0.01917,0.01538
Time,s,94,0.01621,0.01777,0.02239,0.01595
Time,s,94,0.01581,0.01663,0.02056,0.01551
Time,s,94,0.01609,0.01721,0.01779,0.01519
Time,s,94,0.01699,0.01676,0.01944,0.01545
Time,s,94,0.0163,0.01663,0.02005,0.01514
Time,s,94,0.01833,0.01658,0.01873,0.01522
Time,s,94,0.01669,0.01665,0.01802,0.01515
Time,s,94,0.01629,0.01663,0.01931,0.0152
Time,s,94,0.01647,0.01806,0.0195,0.01675
Time,s,94,0.01776,0.01685,0.0174,0.0161
Time,s,94,0.01687,0.01645,0.01829,0.01579
Time,s,94,0.01616,0.01632,0.01947,0.01622
Time,s,94,0.01694,0.01675,0.0196,0.01513
Time,s,94,0.01625,0.0177,0.01905,0.01478
Time,s,94,0.01607,0.01801,0.01853,0.01535
Time,s,94,0.01665,0.01691,0.01798,0.01518
Time,s,94,0.01641,0.01638,0.01825,0.01589
Time,s,94,0.01757,0.01665,0.01732,0.01553
Time,s,94,0.01727,0.01663,0.01701,0.01521
Time,s,94,0.01657,0.01795,0.01697,0.01522
Time,s,94,0.01659,0.01761,0.01786,0.01534
Time,s,94,0.01808,0.01688,0.01714,0.01547
Time,s,94,0.01739,0.0166,0.01732,0.01587
Time,s,94,0.0179,0.01722,0.01739,0.01651
Time,s,94,0.01636,0.01653,0.01695,0.01539
Time,s,94,0.01701,0.01681,0.01746,0.01559
Time,s,94,0.01682,0.01713,0.01716,0.01514
Time,s,94,0.01605,0.01624,0.01694,0.0149
Time,s,94,0.01649,0.01721,0.01704,0.01739
Time,s,94,0.0165,0.01781,0.01871,0.01565
Time,s,94,0.01655,0.017,0.01723,0.01486
Time,s,94,0.01645,0.01696,0.0185,0.01608
Time,s,94,0.01688,0.01678,0.01776,0.01472
Time,s,94,0.0163,0.01716,0.01707,0.01511
Time,s,94,0.01756,0.01727,0.01717,0.01529
Time,s,94,0.01681,0.01692,0.01777,0.01532
Time,s,94,0.01866,0.01726,0.01713,0.01527
Time,s,94,0.0176,0.01674,0.01692,0.01542
Time,s,94,0.0162,0.01733,0.01678,0.0152
Time,s,94,0.01684,0.01788,0.01716,0.01612
Time,s,94,0.01629,0.01655,0.01747,0.01526
Time,s,94,0.01711,0.01673,0.01669,0.01474
Time,s,94,0.01596,0.0168,0.01697,0.01533
Time,s,94,0.01613,0.01657,0.01692,0.01616
Time,s,94,0.01646,0.01769,0.0181,0.01532
Time,s,94,0.01622,0.01763,0.01881,0.01496
Time,s,94,0.01638,0.01673,0.01838,0.0155
Time,s,94,0.01663,0.0168,0.01749,0.01621
Time,s,94,0.01577,0.01684,0.01718,0.01595
Time,s,94,0.0165,0.01667,0.01725,0.01553
Time,s,94,0.01589,0.01673,0.01698,0.01504
Time,s,94,0.0161,0.01776,0.01664,0.01549
Time,s,94,0.01777,0.01628,0.01682,0.01515
Time,s,94,0.01649,0.0171,0.01708,0.01604
Time,s,94,0.01657,0.01699,0.01663,0.01614
Time,s,94,0.01623,0.01636,0.01671,0.01605
Time,s,94,0.01664,0.01637,0.01687,0.01584
Time,s,94,0.01818,0.01647,0.01707,0.01557
Time,s,94,0.01639,0.01663,0.01599,0.0154
Time,s,94,0.01628,0.01648,0.01724,0.01554
Time,s,94,0.01641,0.01735,0.01803,0.01648
Time,s,95,0.26126,0.27201,0.27948,0.27141
Time,s,95,0.26258,0.27479,0.27183,0.26014
Time,s,95,0.26116,0.26833,0.26537,0.26027
Time,s,95,0.26194,0.27313,0.26964,0.26161
Time,s,95,0.26281,0.28028,0.27795,0.26684
Time,s,95,0.27218,0.26716,0.28106,0.26577
Time,s,95,0.26389,0.27969,0.27522,0.26677
Time,s,95,0.27046,0.27542,0.26886,0.2594
Time,s,95,0.26208,0.28264,0.27739,0.26101
Time,s,95,0.27139,0.26847,0.27649,0.26197
Time,s,95,0.26475,0.26993,0.28034,0.26273
Time,s,95,0.26452,0.27139,0.2755,0.25854
Time,s,95,0.26908,0.27523,0.28376,0.26905
Time,s,95,0.26715,0.2774,0.27671,0.25824
Time,s,95,0.26321,0.28123,0.27353,0.26173
Time,s,95,0.27044,0.28143,0.28429,0.26463
Time,s,95,0.26246,0.28472,0.28043,0.26392
Time,s,95,0.26816,0.27915,0.28107,0.26727
Time,s,95,0.2608,0.27812,0.27407,0.26232
Time,s,95,0.26381,0.2679,0.28392,0.26363
Time,s,95,0.26676,0.28907,0.27988,0.27326
Time,s,95,0.27663,0.27956,0.28234,0.2599
Time,s,95,0.27756,0.27355,0.28064,0.26624
Time,s,95,0.2675,0.27336,0.27764,0.26099
Time,s,95,0.27047,0.27555,0.28531,0.27447
Time,s,95,0.26544,0.27599,0.27228,0.26627
Time,s,95,0.26521,0.27209,0.27073,0.25575
Time,s,95,0.25935,0.27148,0.2933,0.25907
Time,s,95,0.25966,0.28046,0.27708,0.26186
Time,s,95,0.26935,0.26835,0.27353,0.26727
Time,s,95,0.27142,0.28094,0.27549,0.27273
Time,s,95,0.26754,0.27504,0.27629,0.2582
Time,s,95,0.25976,0.27748,0.28151,0.28004
Time,s,95,0.26051,0.27537,0.27906,0.26147
Time,s,95,0.26706,0.27231,0.27597,0.26821
Time,s,95,0.27758,0.27975,0.27022,0.27071
Time,s,95,0.26808,0.28291,0.27207,0.27581
Time,s,95,0.26,0.27013,0.27932,0.25935
Time,s,95,0.26747,0.27541,0.27904,0.26138
Time,s,95,0.2747,0.27282,0.27728,0.26282
Time,s,95,0.26496,0.27323,0.28099,0.26555
Time,s,95,0.27108,0.27559,0.26683,0.2672
Time,s,95,0.26408,0.27515,0.27531,0.27136
Time,s,95,0.26699,0.26842,0.27922,0.25673
Time,s,95,0.26405,0.27696,0.28206,0.26296
Time,s,95,0.27011,0.27019,0.27679,0.26502
Time,s,95,0.2709,0.27211,0.27583,0.2712
Time,s,95,0.2694,0.27708,0.2768,0.26247
Time,s,95,0.26515,0.27788,0.26791,0.27149
Time,s,95,0.2702,0.27157,0.27358,0.26169
Time,s,95,0.27186,0.26973,0.29073,0.26219
Time,s,95,0.26248,0.27267,0.27388,0.26902
Time,s,95,0.27623,0.27561,0.27813,0.26733
Time,s,95,0.26437,0.28185,0.27946,0.26235
Time,s,95,0.26582,0.27885,0.26834,0.26791
Time,s,95,0.25774,0.27175,0.27151,0.26413
Time,s,95,0.26951,0.27746,0.27896,0.26637
Time,s,95,0.26401,0.27298,0.27814,0.27052
Time,s,95,0.27092,0.27732,0.2811,0.26371
Time,s,95,0.27195,0.28115,0.27418,0.26205
Time,s,95,0.26499,0.2645,0.28323,0.27623
Time,s,95,0.26221,0.26777,0.27659,0.27124
Time,s,95,0.26912,0.27405,0.27639,0.2661
Time,s,95,0.26909,0.26887,0.27139,0.26069
Time,s,95,0.27222,0.27975,0.27082,0.27473
Time,s,95,0.26543,0.27473,0.26995,0.26056
Time,s,95,0.26614,0.26687,0.27068,0.27009
Time,s,95,0.25955,0.28716,0.28062,0.26206
Time,s,95,0.26244,0.27099,0.27029,0.26563
Time,s,95,0.26335,0.27781,0.27558,0.26188
Time,s,95,0.28029,0.27875,0.27556,0.26335
Time,s,95,0.26763,0.27679,0.2804,0.26401
Time,s,95,0.26936,0.26687,0.27462,0.27322
Time,s,95,0.26482,0.27547,0.28389,0.26195
Time,s,95,0.26484,0.27854,0.27352,0.26731
Time,s,95,0.26206,0.27867,0.28117,0.26244
Time,s,95,0.26792,0.27966,0.27093,0.26271
Time,s,95,0.26684,0.27365,0.273,0.26744
Time,s,95,0.26382,0.27529,0.27868,0.26513
Time,s,95,0.27168,0.27196,0.27697,0.26375
Time,s,95,0.2706,0.26904,0.2752,0.2766
Time,s,95,0.2622,0.28326,0.27875,0.26404
Time,s,95,0.2748,0.27033,0.27341,0.26356
Time,s,95,0.26378,0.27541,0.27666,0.26578
Time,s,95,0.26805,0.27238,0.28484,0.26534
Time,s,95,0.26524,0.27904,0.27875,0.25611
Time,s,95,0.267,0.28036,0.27443,0.26735
Time,s,95,0.26567,0.27693,0.27455,0.26279
Time,s,95,0.27413,0.27788,0.27592,0.26119
Time,s,95,0.26694,0.26887,0.27593,0.25854
Time,s,95,0.26349,0.27946,0.28319,0.27258
Time,s,95,0.27447,0.27806,0.27574,0.26837
Time,s,95,0.26608,0.27418,0.27202,0.26112
Time,s,95,0.26629,0.28648,0.27757,0.26541
Time,s,95,0.27716,0.27807,0.27371,0.25932
Time,s,95,0.25989,0.2695,0.28389,0.26357
Time,s,95,0.26588,0.27729,0.28701,0.27094
Time,s,95,0.27259,0.28378,0.28605,0.26492
Time,s,95,0.2605,0.27303,0.2698,0.26688
Time,s,95,0.28568,0.28002,0.27238,0.26197
Time,s,96,0.01571,0.01633,0.01534,0.00601
Time,s,96,0.01509,0.01539,0.01579,0.0043
Time,s,96,0.01507,0.01436,0.01746,0.00365
Time,s,96,0.01482,0.01427,0.01437,0.00397
Time,s,96,0.01468,0.0145,0.01394,0.00503
Time,s,96,0.01592,0.0142,0.01449,0.00372
Time,s,96,0.01473,0.01407,0.01475,0.00349
Time,s,96,0.0146,0.01423,0.01401,0.0035
Time,s,96,0.01444,0.01412,0.01488,0.00487
Time,s,96,0.01419,0.01394,0.01419,0.00345
Time,s,96,0.01452,0.01379,0.01399,0.00355
Time,s,96,0.01429,0.01462,0.01406,0.00365
Time,s,96,0.01481,0.01532,0.01373,0.00347
Time,s,96,0.01462,0.01418,0.01395,0.00326
Time,s,96,0.01449,0.0139,0.0138,0.00353
Time,s,96,0.01428,0.01404,0.01563,0.00345
Time,s,96,0.01419,0.01387,0.01399,0.00385
Time,s,96,0.01441,0.01378,0.01414,0.00607
Time,s,96,0.01437,0.01401,0.01524,0.00476
Time,s,96,0.01457,0.01413,0.01376,0.00658
Time,s,96,0.01422,0.0137,0.01382,0.00348
Time,s,96,0.01433,0.01438,0.01411,0.00356
Time,s,96,0.01504,0.01394,0.01411,0.0059
Time,s,96,0.01573,0.01782,0.01378,0.00335
Time,s,96,0.01418,0.01545,0.0141,0.00376
Time,s,96,0.01449,0.01444,0.01399,0.00336
Time,s,96,0.01411,0.01397,0.01368,0.00364
Time,s,96,0.01452,0.01398,0.01419,0.00345
Time,s,96,0.01454,0.01456,0.01419,0.0036
Time,s,96,0.01456,0.01496,0.01405,0.00357
Time,s,96,0.01442,0.01416,0.01425,0.00336
Time,s,96,0.01426,0.01414,0.01435,0.0033
Time,s,96,0.01414,0.0137,0.01451,0.00345
Time,s,96,0.01415,0.01388,0.01985,0.00348
Time,s,96,0.01408,0.01376,0.01734,0.00332
Time,s,96,0.01418,0.01387,0.01437,0.00371
Time,s,96,0.01402,0.01391,0.01409,0.00349
Time,s,96,0.01434,0.01809,0.014,0.00347
Time,s,96,0.01411,0.01372,0.01403,0.00362
Time,s,96,0.01413,0.01389,0.0139,0.00347
Time,s,96,0.01413,0.01397,0.01422,0.00337
Time,s,96,0.01404,0.01374,0.01386,0.00351
Time,s,96,0.01408,0.01377,0.01377,0.00363
Time,s,96,0.01444,0.01423,0.01412,0.00357
Time,s,96,0.01455,0.014,0.01405,0.00351
Time,s,96,0.01409,0.01399,0.01403,0.00361
Time,s,96,0.0142,0.01386,0.0138,0.00344
Time,s,96,0.014,0.01369,0.01359,0.00343
Time,s,96,0.01445,0.01434,0.01378,0.00338
Time,s,96,0.01427,0.01404,0.014,0.00377
Time,s,96,0.0143,0.01363,0.01361,0.00337
Time,s,96,0.01847,0.01413,0.01366,0.00354
Time,s,96,0.01447,0.0139,0.01448,0.00328
Time,s,96,0.01422,0.01377,0.01375,0.00353
Time,s,96,0.01445,0.01466,0.01383,0.00348
Time,s,96,0.01454,0.01408,0.0144,0.00343
Time,s,96,0.01722,0.01381,0.01528,0.00333
Time,s,96,0.01574,0.01403,0.0139,0.00751
Time,s,96,0.01529,0.01411,0.01428,0.00351
Time,s,96,0.01435,0.01396,0.01369,0.00328
Time,s,96,0.0142,0.01398,0.01397,0.0034
Time,s,96,0.01411,0.01397,0.01377,0.00328
Time,s,96,0.01423,0.01398,0.01399,0.00353
Time,s,96,0.01475,0.01413,0.01422,0.00352
Time,s,96,0.01396,0.01436,0.01406,0.00333
Time,s,96,0.01432,0.01367,0.01387,0.00322
Time,s,96,0.01453,0.01396,0.01367,0.00329
Time,s,96,0.01455,0.01457,0.01396,0.00363
Time,s,96,0.01567,0.01407,0.01439,0.00339
Time,s,96,0.01488,0.01431,0.01701,0.00334
Time,s,96,0.01455,0.01389,0.0137,0.0034
Time,s,96,0.01396,0.01384,0.01366,0.00357
Time,s,96,0.01394,0.01386,0.0147,0.00332
Time,s,96,0.01422,0.01406,0.01404,0.00331
Time,s,96,0.01459,0.01382,0.01395,0.00363
Time,s,96,0.01417,0.01382,0.01396,0.0034
Time,s,96,0.01402,0.01436,0.01412,0.00365
Time,s,96,0.015,0.0143,0.01359,0.00336
Time,s,96,0.01432,0.01395,0.01388,0.0035
Time,s,96,0.0141,0.0142,0.01373,0.00346
Time,s,96,0.01411,0.01377,0.01368,0.00338
Time,s,96,0.01456,0.0143,0.01355,0.00339
Time,s,96,0.014,0.01427,0.01403,0.00339
Time,s,96,0.01433,0.0138,0.01379,0.00355
Time,s,96,0.01432,0.01364,0.01396,0.00341
Time,s,96,0.01406,0.01402,0.01389,0.00339
Time,s,96,0.01425,0.01367,0.01374,0.0034
Time,s,96,0.01406,0.01492,0.01401,0.00339
Time,s,96,0.01383,0.01407,0.01391,0.0032
Time,s,96,0.01427,0.01403,0.01438,0.00339
Time,s,96,0.01429,0.0144,0.01394,0.00322
Time,s,96,0.01416,0.015,0.0139,0.00334
Time,s,96,0.0142,0.01698,0.01373,0.00349
Time,s,96,0.01414,0.01576,0.01392,0.00332
Time,s,96,0.01408,0.01405,0.01395,0.0034
Time,s,96,0.01393,0.01384,0.01386,0.00351
Time,s,96,0.01414,0.0142,0.01417,0.00379
Time,s,96,0.01392,0.01435,0.01382,0.00327
Time,s,96,0.01451,0.01418,0.01391,0.00347
Time,s,96,0.01426,0.01405,0.01404,0.00343
Time,s,97,0.09942,0.09905,0.1007,0.05665
Time,s,97,0.09786,0.09963,0.09721,0.05703
Time,s,97,0.09239,0.09535,0.09706,0.06006
Time,s,97,0.09556,0.09556,0.09463,0.06407
Time,s,97,0.10016,0.09831,0.09744,0.05928
Time,s,97,0.09518,0.09641,0.10184,0.05455
Time,s,97,0.09434,0.09598,0.10182,0.05606
Time,s,97,0.09567,0.09679,0.09683,0.06105
Time,s,97,0.09303,0.1003,0.09647,0.05605
Time,s,97,0.09605,0.09564,0.0965,0.05398
Time,s,97,0.09545,0.10009,0.09612,0.0562
Time,s,97,0.09476,0.09755,0.09513,0.06151
Time,s,97,0.09385,0.09926,0.10046,0.05948
Time,s,97,0.09337,0.09718,0.09553,0.05745
Time,s,97,0.09387,0.10036,0.09462,0.0573
Time,s,97,0.09549,0.10316,0.09653,0.05726
Time,s,97,0.09253,0.09831,0.09734,0.05591
Time,s,97,0.10136,0.09526,0.09722,0.0559
Time,s,97,0.09507,0.09631,0.10077,0.05435
Time,s,97,0.09955,0.09806,0.09623,0.05783
Time,s,97,0.09812,0.09574,0.09666,0.05656
Time,s,97,0.09865,0.10255,0.09491,0.05506
Time,s,97,0.09362,0.09682,0.1004,0.05868
Time,s,97,0.0953,0.09564,0.09479,0.0585
Time,s,97,0.09521,0.09473,0.09746,0.06053
Time,s,97,0.09351,0.097,0.09911,0.05904
Time,s,97,0.10407,0.09539,0.09739,0.05642
Time,s,97,0.09311,0.09718,0.09446,0.05523
Time,s,97,0.09471,0.09678,0.09644,0.05787
Time,s,97,0.09522,0.09687,0.09784,0.05639
Time,s,97,0.09487,0.10002,0.09541,0.06102
Time,s,97,0.09893,0.10304,0.0975,0.05995
Time,s,97,0.09522,0.09672,0.09614,0.05807
Time,s,97,0.09834,0.09585,0.09825,0.05564
Time,s,97,0.09588,0.10209,0.09711,0.05428
Time,s,97,0.09372,0.0965,0.09568,0.05381
Time,s,97,0.09623,0.09588,0.09892,0.05557
Time,s,97,0.09524,0.09492,0.09443,0.05435
Time,s,97,0.09354,0.09556,0.09645,0.05861
Time,s,97,0.09569,0.09779,0.10136,0.05669
Time,s,97,0.09342,0.09777,0.09943,0.05725
Time,s,97,0.09411,0.1042,0.09488,0.05806
Time,s,97,0.09379,0.10289,0.09782,0.05913
Time,s,97,0.09443,0.09557,0.09534,0.06012
Time,s,97,0.09927,0.09473,0.09862,0.05661
Time,s,97,0.09271,0.09568,0.09468,0.05446
Time,s,97,0.09578,0.09785,0.09799,0.05787
Time,s,97,0.09527,0.10506,0.09883,0.0591
Time,s,97,0.09663,0.09859,0.0959,0.0563
Time,s,97,0.09186,0.09546,0.09722,0.05903
Time,s,97,0.10256,0.10003,0.09647,0.05512
Time,s,97,0.09551,0.10118,0.10004,0.05769
Time,s,97,0.09678,0.09794,0.09993,0.05663
Time,s,97,0.09336,0.09876,0.09601,0.06172
Time,s,97,0.09965,0.09519,0.09654,0.05505
Time,s,97,0.09514,0.09711,0.10367,0.05799
Time,s,97,0.09368,0.09569,0.09942,0.05641
Time,s,97,0.0975,0.09558,0.09449,0.06006
Time,s,97,0.09375,0.0951,0.09818,0.06096
Time,s,97,0.09441,0.09804,0.09588,0.06362
Time,s,97,0.09443,0.09416,0.09981,0.05585
Time,s,97,0.0958,0.09646,0.09471,0.05992
Time,s,97,0.09426,0.09757,0.09359,0.0566
Time,s,97,0.09527,0.10077,0.09654,0.05684
Time,s,97,0.09443,0.09658,0.0972,0.05956
Time,s,97,0.09737,0.09722,0.09636,0.05604
Time,s,97,0.10178,0.09959,0.09586,0.05504
Time,s,97,0.0943,0.09483,0.09726,0.0624
Time,s,97,0.09262,0.09991,0.09448,0.05729
Time,s,97,0.09431,0.09732,0.09612,0.058
Time,s,97,0.09746,0.0946,0.09541,0.05938
Time,s,97,0.09554,0.09583,0.10596,0.05873
Time,s,97,0.09503,0.0983,0.0975,0.05897
Time,s,97,0.09551,0.09823,0.09596,0.05589
Time,s,97,0.09634,0.09705,0.10016,0.06076
Time,s,97,0.09296,0.09448,0.09699,0.05554
Time,s,97,0.09355,0.09511,0.09716,0.05562
Time,s,97,0.09592,0.09784,0.09419,0.06334
Time,s,97,0.09502,0.09796,0.09793,0.05794
Time,s,97,0.09415,0.10168,0.09728,0.06153
Time,s,97,0.09358,0.09742,0.10424,0.05587
Time,s,97,0.09291,0.09917,0.09756,0.05523
Time,s,97,0.0971,0.09688,0.09664,0.05445
Time,s,97,0.10069,0.09976,0.09417,0.06131
Time,s,97,0.09573,0.09928,0.09601,0.05676
Time,s,97,0.09501,0.09899,0.10133,0.05736
Time,s,97,0.0941,0.09716,0.09821,0.06378
Time,s,97,0.09812,0.09544,0.10126,0.0556
Time,s,97,0.09393,0.09696,0.09805,0.05909
Time,s,97,0.09405,0.09951,0.0963,0.05663
Time,s,97,0.09574,0.09909,0.09699,0.05409
Time,s,97,0.10031,0.09466,0.09713,0.05795
Time,s,97,0.09759,0.09588,0.09465,0.05567
Time,s,97,0.09389,0.09524,0.09628,0.05596
Time,s,97,0.09614,0.0956,0.09415,0.05932
Time,s,97,0.09679,0.10254,0.09683,0.05566
Time,s,97,0.09327,0.09987,0.09794,0.056
Time,s,97,0.09354,0.09574,0.09846,0.05783
Time,s,97,0.09689,0.09715,0.0963,0.05701
Time,s,97,0.10193,0.0975,0.09499,0.05798
Time,s,98,0.04224,0.04034,0.04667,0.02835
Time,s,98,0.03936,0.03805,0.03904,0.02303
Time,s,98,0.0377,0.03798,0.04001,0.0233
Time,s,98,0.03711,0.03878,0.03889,0.02174
Time,s,98,0.03905,0.03973,0.03961,0.0222
Time,s,98,0.0402,0.03823,0.04006,0.0213
Time,s,98,0.03853,0.04013,0.03915,0.02181
Time,s,98,0.03992,0.03864,0.03866,0.02266
Time,s,98,0.0384,0.03866,0.03914,0.02149
Time,s,98,0.03939,0.03625,0.04201,0.02169
Time,s,98,0.04022,0.03802,0.04029,0.02008
Time,s,98,0.03902,0.03883,0.03872,0.02279
Time,s,98,0.03744,0.03836,0.03888,0.02079
Time,s,98,0.03906,0.03773,0.04001,0.02058
Time,s,98,0.03693,0.03625,0.04038,0.02075
Time,s,98,0.03869,0.03789,0.03993,0.02083
Time,s,98,0.0403,0.03819,0.03806,0.02111
Time,s,98,0.03782,0.03843,0.03897,0.02014
Time,s,98,0.04052,0.04011,0.03963,0.02154
Time,s,98,0.03972,0.0379,0.0385,0.02062
Time,s,98,0.03739,0.03722,0.03914,0.02215
Time,s,98,0.03833,0.03889,0.03973,0.01968
Time,s,98,0.03983,0.03835,0.03856,0.02103
Time,s,98,0.03823,0.03757,0.03883,0.02012
Time,s,98,0.03859,0.0379,0.039,0.02016
Time,s,98,0.03863,0.03748,0.03838,0.02062
Time,s,98,0.03717,0.03831,0.03966,0.02027
Time,s,98,0.03756,0.03825,0.03657,0.01996
Time,s,98,0.03925,0.03872,0.03905,0.0206
Time,s,98,0.03685,0.03748,0.03914,0.02036
Time,s,98,0.03726,0.0393,0.03738,0.02079
Time,s,98,0.0371,0.03854,0.0378,0.01985
Time,s,98,0.03805,0.03888,0.03909,0.02018
Time,s,98,0.03725,0.03695,0.03757,0.02027
Time,s,98,0.03769,0.03759,0.04005,0.0202
Time,s,98,0.03718,0.0382,0.04044,0.02029
Time,s,98,0.03857,0.03757,0.03893,0.02042
Time,s,98,0.03791,0.03722,0.0389,0.0205
Time,s,98,0.03748,0.03798,0.03845,0.02058
Time,s,98,0.04077,0.03832,0.03816,0.02032
Time,s,98,0.03813,0.0379,0.03823,0.01959
Time,s,98,0.03639,0.03626,0.03752,0.02148
Time,s,98,0.03816,0.0387,0.03829,0.02099
Time,s,98,0.03809,0.03885,0.03962,0.01994
Time,s,98,0.03692,0.0396,0.03967,0.02058
Time,s,98,0.03762,0.03853,0.03792,0.02116
Time,s,98,0.03867,0.03927,0.03855,0.0204
Time,s,98,0.03755,0.03958,0.03838,0.02118
Time,s,98,0.03754,0.03846,0.03752,0.02015
Time,s,98,0.03756,0.03823,0.04012,0.0208
Time,s,98,0.03883,0.03899,0.03923,0.02096
Time,s,98,0.0372,0.0372,0.03634,0.01951
Time,s,98,0.03815,0.03844,0.03907,0.02098
Time,s,98,0.03716,0.03755,0.03873,0.01971
Time,s,98,0.03731,0.03557,0.03911,0.01982
Time,s,98,0.03777,0.03808,0.04035,0.02123
Time,s,98,0.0376,0.03822,0.03945,0.02041
Time,s,98,0.03778,0.03911,0.0384,0.02052
Time,s,98,0.03659,0.03703,0.03934,0.01978
Time,s,98,0.03728,0.03671,0.03833,0.01985
Time,s,98,0.03673,0.03891,0.03827,0.02082
Time,s,98,0.03733,0.03752,0.03891,0.01922
Time,s,98,0.03755,0.03904,0.04129,0.02034
Time,s,98,0.03663,0.03788,0.03872,0.01941
Time,s,98,0.03741,0.03756,0.03902,0.02025
Time,s,98,0.03734,0.03879,0.03933,0.02058
Time,s,98,0.03686,0.039,0.03776,0.02071
Time,s,98,0.03839,0.03766,0.03826,0.01949
Time,s,98,0.03696,0.03795,0.03927,0.02173
Time,s,98,0.03725,0.03714,0.03877,0.0202
Time,s,98,0.03668,0.03718,0.03887,0.02068
Time,s,98,0.03665,0.03751,0.03934,0.02078
Time,s,98,0.03644,0.0423,0.03889,0.01966
Time,s,98,0.03958,0.03929,0.0382,0.02068
Time,s,98,0.03728,0.03852,0.03944,0.0211
Time,s,98,0.03789,0.03882,0.04059,0.0198
Time,s,98,0.03827,0.03944,0.03855,0.01999
Time,s,98,0.03845,0.03923,0.0396,0.02118
Time,s,98,0.04567,0.03774,0.03854,0.01923
Time,s,98,0.03709,0.03744,0.03864,0.01935
Time,s,98,0.03787,0.03876,0.03944,0.02126
Time,s,98,0.03992,0.03754,0.0387,0.02079
Time,s,98,0.0377,0.0377,0.03986,0.02088
Time,s,98,0.03704,0.03857,0.03922,0.02115
Time,s,98,0.03673,0.03852,0.03815,0.02011
Time,s,98,0.0389,0.03664,0.03943,0.02008
Time,s,98,0.03636,0.03847,0.03929,0.01985
Time,s,98,0.03843,0.04038,0.03903,0.02077
Time,s,98,0.03798,0.03847,0.03938,0.01888
Time,s,98,0.0371,0.03848,0.03885,0.02008
Time,s,98,0.03749,0.03725,0.04229,0.02018
Time,s,98,0.03792,0.03723,0.03921,0.02011
Time,s,98,0.03808,0.03766,0.03807,0.01994
Time,s,98,0.03721,0.03775,0.03968,0.02072
Time,s,98,0.03841,0.03782,0.03749,0.02158
Time,s,98,0.03749,0.03825,0.0385,0.02062
Time,s,98,0.03775,0.03751,0.04131,0.02163
Time,s,98,0.03794,0.03771,0.03896,0.02188
Time,s,98,0.03628,0.03845,0.04017,0.01996
Time,s,98,0.0379,0.03727,0.03968,0.01998
Time,s,99,0.02778,0.02887,0.02732,0.02725
Time,s,99,0.02869,0.02809,0.0267,0.02581
Time,s,99,0.02656,0.02709,0.02681,0.02624
Time,s,99,0.02632,0.02729,0.02708,0.02603
Time,s,99,0.0275,0.02685,0.02754,0.02611
Time,s,99,0.02643,0.02632,0.02659,0.02638
Time,s,99,0.02648,0.02688,0.02734,0.02697
Time,s,99,0.02648,0.02656,0.02703,0.02602
Time,s,99,0.02673,0.02649,0.02807,0.0297
Time,s,99,0.02696,0.02623,0.02678,0.02661
Time,s,99,0.02652,0.02664,0.02682,0.0265
Time,s,99,0.0265,0.02657,0.02886,0.02765
Time,s,99,0.02645,0.02678,0.02633,0.02913
Time,s,99,0.026,0.02654,0.02754,0.02609
Time,s,99,0.02726,0.02653,0.02736,0.02598
Time,s,99,0.02655,0.02658,0.02649,0.0259
Time,s,99,0.02728,0.02769,0.02661,0.02657
Time,s,99,0.02663,0.02665,0.02665,0.02579
Time,s,99,0.02656,0.02779,0.02647,0.02608
Time,s,99,0.02667,0.02985,0.02704,0.02628
Time,s,99,0.02662,0.02668,0.02713,0.02581
Time,s,99,0.02618,0.02664,0.02651,0.0262
Time,s,99,0.0268,0.02661,0.02732,0.02612
Time,s,99,0.02657,0.02605,0.02636,0.02719
Time,s,99,0.02656,0.02711,0.0273,0.02628
Time,s,99,0.02619,0.02691,0.02689,0.026
Time,s,99,0.02609,0.0269,0.02732,0.02647
Time,s,99,0.02673,0.02699,0.02678,0.02758
Time,s,99,0.0269,0.02662,0.02645,0.02633
Time,s,99,0.02678,0.02675,0.02627,0.02623
Time,s,99,0.02727,0.02888,0.02658,0.0273
Time,s,99,0.0312,0.02799,0.02691,0.02618
Time,s,99,0.02815,0.02772,0.02643,0.02651
Time,s,99,0.02688,0.02672,0.02645,0.02748
Time,s,99,0.02635,0.02673,0.02761,0.02716
Time,s,99,0.02657,0.02669,0.02705,0.02629
Time,s,99,0.02671,0.02704,0.02746,0.02647
Time,s,99,0.02707,0.02655,0.02711,0.02655
Time,s,99,0.02755,0.02825,0.02673,0.02757
Time,s,99,0.02731,0.02757,0.02789,0.02589
Time,s,99,0.02659,0.0269,0.02671,0.02649
Time,s,99,0.02798,0.02707,0.02739,0.02581
Time,s,99,0.02657,0.02815,0.02714,0.02602
Time,s,99,0.02676,0.02817,0.02828,0.02598
Time,s,99,0.02676,0.027,0.02972,0.02594
Time,s,99,0.02684,0.02729,0.02662,0.02578
Time,s,99,0.02681,0.02716,0.02674,0.02613
Time,s,99,0.02837,0.02683,0.02686,0.02635
Time,s,99,0.02678,0.02674,0.02692,0.02658
Time,s,99,0.02692,0.02698,0.02671,0.02709
Time,s,99,0.02728,0.02738,0.02672,0.02593
Time,s,99,0.02842,0.02675,0.02696,0.02571
Time,s,99,0.02681,0.02681,0.02725,0.02577
Time,s,99,0.02692,0.02675,0.02802,0.0263
Time,s,99,0.02684,0.02695,0.02678,0.02594
Time,s,99,0.02673,0.0266,0.02662,0.02595
Time,s,99,0.02681,0.02695,0.02728,0.02631
Time,s,99,0.03038,0.02689,0.02834,0.02694
Time,s,99,0.02747,0.02667,0.02695,0.02686
Time,s,99,0.02719,0.02679,0.02645,0.02637
Time,s,99,0.02661,0.0271,0.02666,0.02637
Time,s,99,0.02725,0.02739,0.0269,0.0263
Time,s,99,0.02745,0.02676,0.02652,0.02721
Time,s,99,0.02701,0.02655,0.02781,0.0265
Time,s,99,0.0265,0.02728,0.02747,0.02591
Time,s,99,0.0266,0.02663,0.02646,0.02643
Time,s,99,0.02714,0.0268,0.02658,0.02636
Time,s,99,0.02675,0.02666,0.02642,0.02783
Time,s,99,0.02723,0.02665,0.02651,0.02808
Time,s,99,0.0272,0.027,0.02662,0.02628
Time,s,99,0.02693,0.02671,0.02669,0.027
Time,s,99,0.02622,0.02639,0.02738,0.03024
Time,s,99,0.02671,0.0267,0.02673,0.0273
Time,s,99,0.02672,0.02666,0.0269,0.02656
Time,s,99,0.02656,0.0266,0.02626,0.02632
Time,s,99,0.02683,0.0269,0.02668,0.0259
Time,s,99,0.02693,0.0279,0.02684,0.02642
Time,s,99,0.02743,0.03202,0.02776,0.02631
Time,s,99,0.02677,0.02885,0.02663,0.02609
Time,s,99,0.02677,0.02665,0.02649,0.0263
Time,s,99,0.02644,0.02634,0.02671,0.02599
Time,s,99,0.02663,0.02721,0.02631,0.02578
Time,s,99,0.02699,0.02644,0.02675,0.02639
Time,s,99,0.0268,0.02668,0.02604,0.02669
Time,s,99,0.0266,0.02774,0.02804,0.02612
Time,s,99,0.02639,0.02682,0.0314,0.02642
Time,s,99,0.02649,0.02704,0.0276,0.02588
Time,s,99,0.02667,0.02663,0.0268,0.02669
Time,s,99,0.02639,0.02707,0.0273,0.02754
Time,s,99,0.02957,0.02798,0.02702,0.0269
Time,s,99,0.02847,0.02677,0.02757,0.02628
Time,s,99,0.02732,0.02698,0.02662,0.02633
Time,s,99,0.02689,0.02753,0.0267,0.02903
Time,s,99,0.02763,0.02685,0.02669,0.02606
Time,s,99,0.02698,0.02683,0.02624,0.0265
Time,s,99,0.02747,0.02912,0.02649,0.0268
Time,s,99,0.02659,0.02666,0.02768,0.02663
Time,s,99,0.02648,0.0264,0.0286,0.02599
Time,s,99,0.02678,0.02651,0.02699,0.02742
Time,s,99,0.02597,0.0263,0.02685,0.02666
