Name,Unit,Query,Min/max,Min/max clusters,Bloom filter
Time,s,1,0.03383,0.02775,0.02582
Time,s,1,0.02389,0.024,0.01985
Time,s,1,0.02217,0.02073,0.02017
Time,s,1,0.02182,0.0211,0.01655
Time,s,1,0.02165,0.01851,0.01698
Time,s,1,0.02247,0.01745,0.01616
Time,s,1,0.02078,0.01691,0.01713
Time,s,1,0.02261,0.0206,0.02032
Time,s,1,0.0233,0.0203,0.02078
Time,s,1,0.02496,0.01721,0.01733
Time,s,1,0.02399,0.01901,0.01709
Time,s,1,0.02183,0.01823,0.01768
Time,s,1,0.02286,0.01704,0.01799
Time,s,1,0.02169,0.01665,0.0169
Time,s,1,0.02218,0.01661,0.01701
Time,s,1,0.02124,0.01767,0.0182
Time,s,1,0.02193,0.01965,0.01987
Time,s,1,0.02298,0.01696,0.01914
Time,s,1,0.02189,0.01694,0.01729
Time,s,1,0.02223,0.01908,0.01662
Time,s,1,0.02385,0.0191,0.01772
Time,s,1,0.01897,0.01843,0.01684
Time,s,1,0.01697,0.01721,0.01643
Time,s,1,0.01804,0.0169,0.0175
Time,s,1,0.01694,0.01693,0.0165
Time,s,1,0.01754,0.01733,0.01734
Time,s,1,0.01683,0.01792,0.01653
Time,s,1,0.01774,0.01784,0.01755
Time,s,1,0.01835,0.01824,0.01606
Time,s,1,0.01758,0.01846,0.01696
Time,s,1,0.01762,0.02017,0.01707
Time,s,1,0.0175,0.01727,0.01595
Time,s,1,0.01641,0.01638,0.01705
Time,s,1,0.01664,0.01734,0.01724
Time,s,1,0.01688,0.01723,0.01778
Time,s,1,0.01743,0.01884,0.01691
Time,s,1,0.01771,0.01716,0.01582
Time,s,1,0.01787,0.01697,0.0174
Time,s,1,0.01703,0.01781,0.01726
Time,s,1,0.01715,0.01912,0.01809
Time,s,1,0.01653,0.01836,0.01765
Time,s,1,0.0176,0.01861,0.01738
Time,s,1,0.0174,0.02399,0.01638
Time,s,1,0.01725,0.01636,0.01655
Time,s,1,0.01726,0.01761,0.01708
Time,s,1,0.01699,0.01681,0.01795
Time,s,1,0.0176,0.01773,0.01672
Time,s,1,0.01776,0.01668,0.01667
Time,s,1,0.01692,0.01759,0.01651
Time,s,1,0.0171,0.01767,0.01687
Time,s,1,0.01714,0.01653,0.01707
Time,s,1,0.01659,0.01725,0.01712
Time,s,1,0.01619,0.0174,0.01697
Time,s,1,0.01782,0.01791,0.01708
Time,s,1,0.02113,0.0171,0.01668
Time,s,1,0.01676,0.0171,0.01761
Time,s,1,0.0186,0.01747,0.01776
Time,s,1,0.01771,0.0174,0.01601
Time,s,1,0.01779,0.01818,0.01746
Time,s,1,0.01756,0.01749,0.01802
Time,s,1,0.01668,0.01742,0.01626
Time,s,1,0.01679,0.01688,0.01655
Time,s,1,0.0166,0.01679,0.01672
Time,s,1,0.01727,0.01703,0.01704
Time,s,1,0.01666,0.01723,0.01798
Time,s,1,0.01806,0.01798,0.01635
Time,s,1,0.01731,0.01734,0.0167
Time,s,1,0.017,0.01729,0.01634
Time,s,1,0.01695,0.01698,0.01669
Time,s,1,0.01725,0.01683,0.01686
Time,s,1,0.01768,0.01732,0.01731
Time,s,1,0.01716,0.01785,0.01669
Time,s,1,0.01702,0.01696,0.01594
Time,s,1,0.01616,0.01677,0.01653
Time,s,1,0.01681,0.0185,0.0173
Time,s,1,0.01653,0.01731,0.01738
Time,s,1,0.017,0.01698,0.01702
Time,s,1,0.01704,0.01649,0.01677
Time,s,1,0.01688,0.0177,0.01669
Time,s,1,0.01749,0.01796,0.01677
Time,s,2,0.03945,0.03988,0.04679
Time,s,2,0.03868,0.0401,0.04021
Time,s,2,0.03916,0.04001,0.03914
Time,s,2,0.03912,0.04085,0.03917
Time,s,2,0.03889,0.04201,0.03969
Time,s,2,0.03957,0.041,0.042
Time,s,2,0.03864,0.04054,0.04071
Time,s,2,0.04095,0.04014,0.03936
Time,s,2,0.03931,0.03967,0.0393
Time,s,2,0.04341,0.03955,0.03957
Time,s,2,0.03872,0.03947,0.03944
Time,s,2,0.03941,0.03973,0.03918
Time,s,2,0.04043,0.0402,0.04031
Time,s,2,0.03855,0.03952,0.03988
Time,s,2,0.03875,0.04067,0.03977
Time,s,2,0.03873,0.04089,0.03995
Time,s,2,0.03975,0.04401,0.03915
Time,s,2,0.03886,0.04571,0.03972
Time,s,2,0.03964,0.0453,0.04056
Time,s,2,0.03899,0.04154,0.04408
Time,s,2,0.03945,0.03963,0.04413
Time,s,2,0.03861,0.03961,0.04457
Time,s,2,0.03851,0.04108,0.03914
Time,s,2,0.04077,0.03984,0.03927
Time,s,2,0.0437,0.04002,0.0391
Time,s,2,0.04171,0.03938,0.03957
Time,s,2,0.03875,0.04002,0.03952
Time,s,2,0.03827,0.03978,0.03979
Time,s,2,0.03885,0.03973,0.03928
Time,s,2,0.03907,0.03959,0.03916
Time,s,2,0.04149,0.04074,0.03926
Time,s,2,0.03875,0.04229,0.03988
Time,s,2,0.03883,0.04052,0.03904
Time,s,2,0.03863,0.03976,0.03966
Time,s,2,0.03896,0.03933,0.03964
Time,s,2,0.03919,0.03949,0.03946
Time,s,2,0.03923,0.04033,0.03956
Time,s,2,0.03995,0.03936,0.03891
Time,s,2,0.04096,0.04099,0.04003
Time,s,2,0.03873,0.03979,0.03982
Time,s,2,0.03885,0.03977,0.03895
Time,s,2,0.0388,0.03959,0.04003
Time,s,2,0.03846,0.04146,0.03918
Time,s,2,0.03959,0.03948,0.03886
Time,s,2,0.0387,0.03985,0.03927
Time,s,2,0.03894,0.04019,0.03909
Time,s,2,0.03938,0.03963,0.03904
Time,s,2,0.03947,0.03977,0.03925
Time,s,2,0.0437,0.0396,0.0399
Time,s,2,0.03892,0.0394,0.03898
Time,s,2,0.03859,0.03969,0.0393
Time,s,2,0.03957,0.04017,0.03943
Time,s,2,0.03916,0.04008,0.03935
Time,s,2,0.03912,0.04013,0.03955
Time,s,2,0.03915,0.04541,0.04038
Time,s,2,0.03886,0.0408,0.03985
Time,s,2,0.03949,0.04026,0.03939
Time,s,2,0.03885,0.04044,0.04158
Time,s,2,0.03906,0.04054,0.04522
Time,s,2,0.03988,0.04089,0.03944
Time,s,2,0.03907,0.04,0.03978
Time,s,2,0.03896,0.03967,0.03965
Time,s,2,0.03877,0.0451,0.04223
Time,s,2,0.03935,0.04257,0.04001
Time,s,2,0.03969,0.03987,0.03996
Time,s,2,0.03889,0.04129,0.03938
Time,s,2,0.03861,0.04,0.0393
Time,s,2,0.03897,0.03963,0.0409
Time,s,2,0.03876,0.0461,0.04022
Time,s,2,0.04097,0.03992,0.03924
Time,s,2,0.03909,0.04116,0.03979
Time,s,2,0.03885,0.04,0.03943
Time,s,2,0.03875,0.03977,0.03886
Time,s,2,0.039,0.04016,0.03952
Time,s,2,0.0392,0.03957,0.03931
Time,s,2,0.03922,0.04074,0.04023
Time,s,2,0.04026,0.04001,0.03968
Time,s,2,0.03939,0.03939,0.03975
Time,s,2,0.03899,0.04,0.03926
Time,s,2,0.03893,0.03958,0.0395
Time,s,3,0.01301,0.01111,0.01094
Time,s,3,0.01011,0.01065,0.01055
Time,s,3,0.01013,0.01078,0.01022
Time,s,3,0.01042,0.01149,0.01041
Time,s,3,0.01089,0.01014,0.01294
Time,s,3,0.00985,0.01031,0.01053
Time,s,3,0.01021,0.01012,0.01046
Time,s,3,0.01015,0.01045,0.01026
Time,s,3,0.01032,0.01044,0.01002
Time,s,3,0.01074,0.01048,0.01091
Time,s,3,0.01126,0.01023,0.01026
Time,s,3,0.01028,0.01015,0.01004
Time,s,3,0.01016,0.0102,0.01056
Time,s,3,0.01143,0.01096,0.01098
Time,s,3,0.01022,0.01134,0.01035
Time,s,3,0.01034,0.01077,0.01017
Time,s,3,0.01034,0.01066,0.0105
Time,s,3,0.01054,0.01031,0.01014
Time,s,3,0.01033,0.01031,0.01035
Time,s,3,0.01035,0.01012,0.01004
Time,s,3,0.01042,0.01046,0.01038
Time,s,3,0.01006,0.01043,0.01043
Time,s,3,0.01025,0.01023,0.01019
Time,s,3,0.01023,0.00982,0.01057
Time,s,3,0.01005,0.01,0.01045
Time,s,3,0.01025,0.01021,0.011
Time,s,3,0.01052,0.01024,0.01051
Time,s,3,0.01111,0.01047,0.01021
Time,s,3,0.01102,0.01014,0.01027
Time,s,3,0.0122,0.01044,0.01038
Time,s,3,0.01247,0.01018,0.01043
Time,s,3,0.01021,0.01009,0.0103
Time,s,3,0.01063,0.00989,0.01085
Time,s,3,0.01124,0.00996,0.0104
Time,s,3,0.01094,0.00992,0.01054
Time,s,3,0.01122,0.00999,0.01027
Time,s,3,0.01065,0.01041,0.01027
Time,s,3,0.01135,0.01045,0.01054
Time,s,3,0.01048,0.01093,0.01107
Time,s,3,0.01094,0.01001,0.01148
Time,s,3,0.0099,0.01007,0.01031
Time,s,3,0.01053,0.01016,0.01087
Time,s,3,0.01006,0.0117,0.01055
Time,s,3,0.00989,0.01313,0.01088
Time,s,3,0.01026,0.01049,0.01055
Time,s,3,0.01096,0.01125,0.01102
Time,s,3,0.01039,0.0107,0.01026
Time,s,3,0.01513,0.01166,0.01027
Time,s,3,0.01394,0.0114,0.00999
Time,s,3,0.01105,0.01057,0.01002
Time,s,3,0.01007,0.01023,0.01018
Time,s,3,0.01,0.0099,0.01088
Time,s,3,0.01004,0.01026,0.01128
Time,s,3,0.01039,0.01013,0.01102
Time,s,3,0.01056,0.01055,0.01077
Time,s,3,0.0104,0.01033,0.01139
Time,s,3,0.01006,0.01075,0.0107
Time,s,3,0.01021,0.01006,0.01019
Time,s,3,0.0099,0.0102,0.01537
Time,s,3,0.01038,0.01023,0.01106
Time,s,3,0.01022,0.01037,0.01007
Time,s,3,0.01051,0.01028,0.01148
Time,s,3,0.01042,0.01035,0.01087
Time,s,3,0.01473,0.01014,0.01206
Time,s,3,0.01336,0.01567,0.01204
Time,s,3,0.01113,0.01152,0.01143
Time,s,3,0.01031,0.01057,0.01021
Time,s,3,0.01059,0.0104,0.01053
Time,s,3,0.01028,0.0102,0.01101
Time,s,3,0.0101,0.01018,0.01138
Time,s,3,0.01113,0.01006,0.01073
Time,s,3,0.01054,0.01046,0.01203
Time,s,3,0.0102,0.01627,0.01121
Time,s,3,0.01029,0.0112,0.01075
Time,s,3,0.01025,0.01028,0.01076
Time,s,3,0.01051,0.00992,0.01076
Time,s,3,0.01044,0.01006,0.01216
Time,s,3,0.01036,0.01015,0.01118
Time,s,3,0.00998,0.01362,0.01138
Time,s,3,0.01026,0.01614,0.01114
Time,s,4,0.29439,0.30007,0.3221
Time,s,4,0.34437,0.28087,0.36168
Time,s,4,0.27601,0.3577,0.27782
Time,s,4,0.29522,0.27276,0.2656
Time,s,4,0.2785,0.28249,0.26717
Time,s,4,0.27225,0.26407,0.26242
Time,s,4,0.27265,0.28639,0.268
Time,s,4,0.26343,0.2731,0.28506
Time,s,4,0.27013,0.26669,0.30162
Time,s,4,0.28226,0.28554,0.26857
Time,s,4,0.28948,0.27602,0.27431
Time,s,4,0.30811,0.28119,0.26834
Time,s,4,0.27435,0.26805,0.27281
Time,s,4,0.27225,0.28587,0.27044
Time,s,4,0.28627,0.27451,0.26881
Time,s,4,0.28843,0.26981,0.28208
Time,s,4,0.28474,0.26921,0.27897
Time,s,4,0.26462,0.28446,0.28246
Time,s,4,0.28561,0.26993,0.27659
Time,s,4,0.27593,0.27362,0.28778
Time,s,4,0.27368,0.28435,0.27414
Time,s,4,0.27517,0.27217,0.27799
Time,s,4,0.27274,0.27343,0.27283
Time,s,4,0.28288,0.29984,0.28919
Time,s,4,0.26936,0.27732,0.27814
Time,s,4,0.2846,0.28779,0.28252
Time,s,4,0.27228,0.27545,0.2895
Time,s,4,0.27613,0.2763,0.26962
Time,s,4,0.27215,0.26773,0.29534
Time,s,4,0.27665,0.27836,0.32126
Time,s,4,0.27545,0.27912,0.31496
Time,s,4,0.29006,0.272,0.28164
Time,s,4,0.2682,0.27673,0.28459
Time,s,4,0.28003,0.27567,0.27651
Time,s,4,0.27429,0.27004,0.27047
Time,s,4,0.2828,0.27705,0.27112
Time,s,4,0.27669,0.2679,0.28349
Time,s,4,0.28184,0.2995,0.27986
Time,s,4,0.2827,0.26396,0.26766
Time,s,4,0.28135,0.27995,0.2893
Time,s,4,0.287,0.28436,0.28111
Time,s,4,0.28202,0.27738,0.27829
Time,s,4,0.30483,0.28512,0.2759
Time,s,4,0.27823,0.27779,0.27626
Time,s,4,0.28397,0.27881,0.27447
Time,s,4,0.26792,0.27582,0.26659
Time,s,4,0.30354,0.28224,0.30703
Time,s,4,0.28652,0.28993,0.27886
Time,s,4,0.27851,0.29433,0.28358
Time,s,4,0.28712,0.27487,0.27663
Time,s,4,0.28089,0.2736,0.28204
Time,s,4,0.27967,0.27772,0.27113
Time,s,4,0.29084,0.28324,0.29245
Time,s,4,0.27879,0.2725,0.28105
Time,s,4,0.27927,0.28816,0.26833
Time,s,4,0.27587,0.27585,0.27308
Time,s,4,0.28286,0.27391,0.279
Time,s,4,0.28223,0.28593,0.27954
Time,s,4,0.28532,0.27374,0.29434
Time,s,4,0.28064,0.28342,0.29829
Time,s,4,0.27947,0.269,0.29459
Time,s,4,0.27774,0.27301,0.29532
Time,s,4,0.27478,0.2851,0.29182
Time,s,4,0.28218,0.27274,0.28032
Time,s,4,0.28436,0.2768,0.27536
Time,s,4,0.28332,0.28493,0.27723
Time,s,4,0.28602,0.27761,0.2806
Time,s,4,0.28174,0.27534,0.27994
Time,s,4,0.27734,0.28248,0.29632
Time,s,4,0.29191,0.29056,0.27956
Time,s,4,0.28496,0.28662,0.28373
Time,s,4,0.27849,0.27886,0.28625
Time,s,4,0.2873,0.27571,0.27632
Time,s,4,0.27715,0.27452,0.27818
Time,s,4,0.28924,0.27844,0.28343
Time,s,4,0.28949,0.2806,0.2831
Time,s,4,0.28104,0.28773,0.28537
Time,s,4,0.28472,0.27901,0.27845
Time,s,4,0.27451,0.26775,0.28071
Time,s,4,0.29049,0.28694,0.27558
Time,s,5,0.0471,0.0454,0.04605
Time,s,5,0.03693,0.03701,0.03568
Time,s,5,0.03785,0.03462,0.03448
Time,s,5,0.03473,0.03749,0.03508
Time,s,5,0.03429,0.03588,0.03538
Time,s,5,0.03467,0.03516,0.03444
Time,s,5,0.03399,0.0346,0.03449
Time,s,5,0.03681,0.0342,0.03403
Time,s,5,0.05323,0.03448,0.03583
Time,s,5,0.03817,0.03512,0.03318
Time,s,5,0.03761,0.03395,0.03446
Time,s,5,0.03444,0.03373,0.03489
Time,s,5,0.03428,0.03589,0.03453
Time,s,5,0.03526,0.03461,0.03744
Time,s,5,0.03654,0.03528,0.03887
Time,s,5,0.03464,0.03624,0.03441
Time,s,5,0.03496,0.03435,0.03515
Time,s,5,0.03434,0.03474,0.03333
Time,s,5,0.03529,0.03439,0.03622
Time,s,5,0.0357,0.03381,0.034
Time,s,5,0.03746,0.03512,0.03437
Time,s,5,0.03505,0.03295,0.03412
Time,s,5,0.03304,0.0349,0.03572
Time,s,5,0.04566,0.03395,0.03785
Time,s,5,0.0391,0.03301,0.03575
Time,s,5,0.03565,0.03401,0.0336
Time,s,5,0.03427,0.03693,0.03397
Time,s,5,0.03737,0.03496,0.03497
Time,s,5,0.03383,0.03528,0.03486
Time,s,5,0.03435,0.03564,0.03394
Time,s,5,0.03435,0.03435,0.03518
Time,s,5,0.03307,0.03572,0.04284
Time,s,5,0.03488,0.03678,0.03478
Time,s,5,0.03546,0.03424,0.03393
Time,s,5,0.03483,0.03565,0.03415
Time,s,5,0.03369,0.04332,0.03568
Time,s,5,0.03495,0.0384,0.03526
Time,s,5,0.03438,0.03736,0.03475
Time,s,5,0.03273,0.03777,0.03454
Time,s,5,0.03365,0.03481,0.03505
Time,s,5,0.03307,0.03456,0.03481
Time,s,5,0.03454,0.03532,0.03508
Time,s,5,0.03383,0.03505,0.03405
Time,s,5,0.03371,0.03484,0.03331
Time,s,5,0.03493,0.03314,0.03313
Time,s,5,0.03695,0.03658,0.03368
Time,s,5,0.03464,0.03452,0.03414
Time,s,5,0.03499,0.03344,0.03394
Time,s,5,0.03562,0.03378,0.03396
Time,s,5,0.03435,0.03378,0.03303
Time,s,5,0.03361,0.03447,0.03452
Time,s,5,0.03263,0.03508,0.03375
Time,s,5,0.0356,0.03593,0.03456
Time,s,5,0.03403,0.03387,0.03621
Time,s,5,0.03476,0.03311,0.0345
Time,s,5,0.03392,0.03372,0.03341
Time,s,5,0.03363,0.03355,0.03446
Time,s,5,0.03332,0.03463,0.03625
Time,s,5,0.03288,0.03501,0.03539
Time,s,5,0.03447,0.03393,0.0339
Time,s,5,0.03326,0.03569,0.03347
Time,s,5,0.03532,0.03526,0.03355
Time,s,5,0.03534,0.03408,0.03366
Time,s,5,0.0339,0.03409,0.03282
Time,s,5,0.03583,0.03551,0.03342
Time,s,5,0.03552,0.0341,0.03314
Time,s,5,0.03318,0.03503,0.03396
Time,s,5,0.03562,0.0349,0.03366
Time,s,5,0.0327,0.03305,0.03247
Time,s,5,0.03522,0.03444,0.03477
Time,s,5,0.03516,0.03493,0.03371
Time,s,5,0.03459,0.03439,0.0341
Time,s,5,0.03395,0.03395,0.03358
Time,s,5,0.03328,0.03396,0.03384
Time,s,5,0.03374,0.03413,0.03378
Time,s,5,0.03437,0.03445,0.03448
Time,s,5,0.03419,0.0345,0.03451
Time,s,5,0.03677,0.03727,0.03564
Time,s,5,0.03415,0.03485,0.0367
Time,s,5,0.03753,0.03397,0.03466
Time,s,6,0.02582,0.02615,0.02755
Time,s,6,0.02527,0.02694,0.02444
Time,s,6,0.02554,0.02472,0.0256
Time,s,6,0.02463,0.02473,0.02454
Time,s,6,0.02475,0.0236,0.0255
Time,s,6,0.02529,0.02465,0.02602
Time,s,6,0.0258,0.02497,0.0233
Time,s,6,0.02594,0.02479,0.02412
Time,s,6,0.02569,0.02431,0.02537
Time,s,6,0.0246,0.02406,0.02465
Time,s,6,0.02413,0.02475,0.0251
Time,s,6,0.02614,0.02618,0.02653
Time,s,6,0.02432,0.02441,0.02546
Time,s,6,0.02383,0.02519,0.02432
Time,s,6,0.02459,0.02775,0.02467
Time,s,6,0.02561,0.02732,0.02501
Time,s,6,0.02562,0.0246,0.02535
Time,s,6,0.02455,0.02683,0.02462
Time,s,6,0.02572,0.02631,0.02538
Time,s,6,0.02508,0.03481,0.02474
Time,s,6,0.02668,0.02615,0.02515
Time,s,6,0.02475,0.0261,0.0242
Time,s,6,0.02398,0.02497,0.02466
Time,s,6,0.02444,0.0257,0.02501
Time,s,6,0.02561,0.02324,0.0251
Time,s,6,0.02497,0.02446,0.02503
Time,s,6,0.02506,0.02375,0.02476
Time,s,6,0.02576,0.0266,0.0257
Time,s,6,0.02533,0.02617,0.02399
Time,s,6,0.02603,0.02612,0.02761
Time,s,6,0.02572,0.02611,0.02467
Time,s,6,0.02544,0.02599,0.02523
Time,s,6,0.02524,0.02451,0.02537
Time,s,6,0.02512,0.02658,0.02452
Time,s,6,0.02561,0.02708,0.02469
Time,s,6,0.02547,0.02628,0.02395
Time,s,6,0.02685,0.02525,0.02549
Time,s,6,0.02465,0.0259,0.02583
Time,s,6,0.02572,0.02523,0.02524
Time,s,6,0.02522,0.02585,0.02526
Time,s,6,0.0252,0.02499,0.02366
Time,s,6,0.02506,0.02681,0.02513
Time,s,6,0.02485,0.02593,0.02487
Time,s,6,0.02454,0.02653,0.02497
Time,s,6,0.02521,0.02596,0.02412
Time,s,6,0.02543,0.02657,0.02512
Time,s,6,0.02679,0.02438,0.02732
Time,s,6,0.02499,0.02511,0.02692
Time,s,6,0.02611,0.02433,0.02578
Time,s,6,0.02572,0.02457,0.02489
Time,s,6,0.02463,0.02556,0.0246
Time,s,6,0.02544,0.02616,0.02541
Time,s,6,0.02503,0.02438,0.02505
Time,s,6,0.02519,0.02586,0.0255
Time,s,6,0.02535,0.02607,0.02538
Time,s,6,0.02548,0.02567,0.02481
Time,s,6,0.0259,0.02653,0.02546
Time,s,6,0.02633,0.02522,0.0265
Time,s,6,0.02492,0.02474,0.02606
Time,s,6,0.02417,0.02529,0.0257
Time,s,6,0.02486,0.02484,0.02493
Time,s,6,0.02451,0.02471,0.02541
Time,s,6,0.02561,0.02495,0.02428
Time,s,6,0.02527,0.02411,0.02452
Time,s,6,0.02415,0.02411,0.0242
Time,s,6,0.02527,0.02495,0.02577
Time,s,6,0.02476,0.02459,0.0245
Time,s,6,0.02411,0.02534,0.02545
Time,s,6,0.02511,0.02464,0.02434
Time,s,6,0.02506,0.02487,0.02555
Time,s,6,0.02566,0.02503,0.02479
Time,s,6,0.02587,0.02609,0.0249
Time,s,6,0.02471,0.02537,0.0248
Time,s,6,0.0248,0.02488,0.02774
Time,s,6,0.02452,0.02577,0.02495
Time,s,6,0.02528,0.02591,0.02591
Time,s,6,0.02535,0.0236,0.02481
Time,s,6,0.02581,0.02582,0.03066
Time,s,6,0.02399,0.0252,0.02585
Time,s,6,0.02506,0.02457,0.02491
Time,s,7,0.04443,0.04172,0.04437
Time,s,7,0.04559,0.04061,0.04104
Time,s,7,0.04232,0.03996,0.04179
Time,s,7,0.04248,0.04406,0.04628
Time,s,7,0.0441,0.04205,0.04411
Time,s,7,0.04763,0.0414,0.04395
Time,s,7,0.05071,0.04172,0.04614
Time,s,7,0.05573,0.04144,0.04753
Time,s,7,0.05192,0.04723,0.04766
Time,s,7,0.06264,0.04584,0.04271
Time,s,7,0.05454,0.04181,0.04036
Time,s,7,0.05445,0.04169,0.0415
Time,s,7,0.04675,0.05451,0.04449
Time,s,7,0.04728,0.05359,0.04008
Time,s,7,0.04787,0.04474,0.0466
Time,s,7,0.04147,0.04099,0.04151
Time,s,7,0.04254,0.049,0.04175
Time,s,7,0.0417,0.04487,0.04168
Time,s,7,0.04238,0.04342,0.05011
Time,s,7,0.04682,0.04202,0.04109
Time,s,7,0.04314,0.04213,0.04318
Time,s,7,0.04386,0.04032,0.04665
Time,s,7,0.04244,0.04172,0.04791
Time,s,7,0.04737,0.04077,0.04344
Time,s,7,0.042,0.04393,0.04107
Time,s,7,0.04797,0.04421,0.04168
Time,s,7,0.04074,0.04111,0.04284
Time,s,7,0.04291,0.04308,0.04291
Time,s,7,0.04513,0.0435,0.04534
Time,s,7,0.04152,0.04476,0.04129
Time,s,7,0.04296,0.0412,0.04175
Time,s,7,0.04429,0.04007,0.0448
Time,s,7,0.04273,0.04298,0.0405
Time,s,7,0.04336,0.28346,0.046
Time,s,7,0.52225,0.29001,0.04094
Time,s,7,0.29688,0.28124,0.04085
Time,s,7,0.52204,0.27727,0.0415
Time,s,7,0.5154,0.53853,0.04493
Time,s,7,0.04704,0.53364,0.04056
Time,s,7,0.28699,0.04335,0.04239
Time,s,7,0.2739,0.54079,0.28774
Time,s,7,0.27295,0.53905,0.04363
Time,s,7,0.28977,0.53581,0.04197
Time,s,7,0.28106,0.04281,0.52218
Time,s,7,0.27265,0.04561,0.2768
Time,s,7,0.52385,0.28713,0.04709
Time,s,7,0.53124,0.28147,0.52878
Time,s,7,0.5213,0.04498,0.52234
Time,s,7,0.53062,0.27882,0.5289
Time,s,7,0.52955,0.04582,0.04094
Time,s,7,0.28674,0.54422,0.04286
Time,s,7,0.0433,0.28885,0.27216
Time,s,7,0.04817,0.04189,0.27966
Time,s,7,0.28687,0.04009,0.2898
Time,s,7,0.27633,0.53706,0.27342
Time,s,7,0.28059,0.2914,0.54103
Time,s,7,0.28666,0.55264,0.53071
Time,s,7,0.04934,0.53519,0.52561
Time,s,7,0.52062,0.28169,0.52351
Time,s,7,0.04546,0.29279,0.52279
Time,s,7,0.5315,0.28922,0.04395
Time,s,7,0.5443,0.27692,0.54804
Time,s,7,0.29964,0.28753,0.53178
Time,s,7,0.04393,0.28038,0.27468
Time,s,7,0.288,0.53271,0.28221
Time,s,7,0.04429,0.04129,0.28825
Time,s,7,0.52962,0.32139,0.04526
Time,s,7,0.28995,0.54563,0.28994
Time,s,7,0.28439,0.54505,0.04053
Time,s,7,0.28246,0.54328,0.53242
Time,s,7,0.04224,0.54462,0.28454
Time,s,7,0.2773,0.53633,0.54996
Time,s,7,0.04355,0.04212,0.5298
Time,s,7,0.53263,0.2808,0.28052
Time,s,7,0.04278,0.29061,0.28838
Time,s,7,0.29238,0.28674,0.04612
Time,s,7,0.04326,0.04394,0.54125
Time,s,7,0.29079,0.28939,0.27923
Time,s,7,0.288,0.53817,0.28366
Time,s,7,0.53606,0.55046,0.28171
Time,s,8,0.29828,0.30046,0.04114
Time,s,8,0.29512,0.29673,0.04155
Time,s,8,0.29538,0.29848,0.04169
Time,s,8,0.04624,0.29837,0.04109
Time,s,8,0.04116,0.04674,0.0401
Time,s,8,0.04229,0.04263,0.039
Time,s,8,0.0449,0.04085,0.04087
Time,s,8,0.041,0.04125,0.04044
Time,s,8,0.0421,0.04067,0.03891
Time,s,8,0.04125,0.0397,0.03997
Time,s,8,0.04205,0.04134,0.04101
Time,s,8,0.04267,0.04005,0.04053
Time,s,8,0.04199,0.04021,0.03925
Time,s,8,0.0408,0.0396,0.03858
Time,s,8,0.04115,0.03986,0.04062
Time,s,8,0.04024,0.04124,0.0391
Time,s,8,0.04145,0.04067,0.03938
Time,s,8,0.04432,0.03994,0.04031
Time,s,8,0.03972,0.0402,0.03982
Time,s,8,0.04092,0.04045,0.04029
Time,s,8,0.0405,0.04089,0.04145
Time,s,8,0.04123,0.04047,0.04052
Time,s,8,0.04016,0.04053,0.04045
Time,s,8,0.04174,0.04068,0.03995
Time,s,8,0.04141,0.04246,0.04032
Time,s,8,0.04133,0.04066,0.0403
Time,s,8,0.04071,0.04053,0.03998
Time,s,8,0.04044,0.04065,0.03916
Time,s,8,0.04076,0.29587,0.0403
Time,s,8,0.04117,0.29834,0.03897
Time,s,8,0.04159,0.04186,0.0399
Time,s,8,0.04076,0.05242,0.04059
Time,s,8,0.04073,0.05958,0.04158
Time,s,8,0.04031,0.05875,0.03908
Time,s,8,0.04201,0.06194,0.03966
Time,s,8,0.04094,0.05934,0.03941
Time,s,8,0.04077,0.05898,0.04083
Time,s,8,0.0413,0.0625,0.03944
Time,s,8,0.03974,0.061,0.03973
Time,s,8,0.03997,0.05922,0.03923
Time,s,8,0.04052,0.04225,0.03978
Time,s,8,0.03975,0.04046,0.04044
Time,s,8,0.04014,0.04067,0.03999
Time,s,8,0.04103,0.04111,0.0399
Time,s,8,0.04135,0.04152,0.0397
Time,s,8,0.03984,0.04148,0.03922
Time,s,8,0.04083,0.04112,0.04072
Time,s,8,0.04033,0.04114,0.03974
Time,s,8,0.04007,0.04138,0.03935
Time,s,8,0.03921,0.04128,0.04005
Time,s,8,0.04143,0.0409,0.03986
Time,s,8,0.04037,0.03999,0.03938
Time,s,8,0.04045,0.03992,0.03919
Time,s,8,0.04014,0.04072,0.0395
Time,s,8,0.04009,0.0403,0.03973
Time,s,8,0.04382,0.04035,0.03922
Time,s,8,0.04053,0.03984,0.03965
Time,s,8,0.03984,0.03961,0.04049
Time,s,8,0.04064,0.04137,0.04062
Time,s,8,0.04186,0.04096,0.0392
Time,s,8,0.04019,0.03983,0.03951
Time,s,8,0.04089,0.03976,0.0429
Time,s,8,0.04295,0.04086,0.03977
Time,s,8,0.04044,0.04101,0.03973
Time,s,8,0.04005,0.04164,0.03976
Time,s,8,0.04046,0.0412,0.0398
Time,s,8,0.0406,0.03911,0.04013
Time,s,8,0.04029,0.04095,0.04076
Time,s,8,0.04063,0.03977,0.04
Time,s,8,0.04109,0.04036,0.03909
Time,s,8,0.04078,0.04024,0.04121
Time,s,8,0.04114,0.04044,0.04046
Time,s,8,0.04024,0.03965,0.03972
Time,s,8,0.03977,0.04004,0.04032
Time,s,8,0.04037,0.03981,0.03918
Time,s,8,0.04161,0.04079,0.04017
Time,s,8,0.03984,0.04072,0.04026
Time,s,8,0.0402,0.04088,0.04052
Time,s,8,0.04004,0.04012,0.04026
Time,s,8,0.04037,0.04082,0.03986
Time,s,9,0.06489,1.13027,1.12565
Time,s,9,0.94214,1.9104,1.3806
Time,s,9,0.92416,0.85949,0.06384
Time,s,9,3.8493,0.59777,0.29025
Time,s,9,1.17567,1.66307,1.35228
Time,s,9,1.90934,0.06511,1.36012
Time,s,9,1.37658,0.06187,0.32259
Time,s,9,1.22942,1.3999,0.49124
Time,s,9,1.62688,1.66971,2.03658
Time,s,9,0.5938,1.65328,1.10414
Time,s,9,2.02605,1.40702,2.41088
Time,s,9,0.59134,0.85907,2.23116
Time,s,9,1.08815,2.17106,0.83877
Time,s,9,0.62914,0.59859,2.92449
Time,s,9,2.16991,0.88304,2.64783
Time,s,9,1.90669,1.39323,2.20709
Time,s,9,2.70312,0.32531,2.65979
Time,s,9,1.91869,1.37761,2.38586
Time,s,9,0.84906,1.91363,1.3533
Time,s,9,1.38779,2.97852,1.09553
Time,s,9,2.44286,1.38586,1.36023
Time,s,9,1.6337,3.5329,3.02306
Time,s,9,3.75274,2.72034,1.09317
Time,s,9,2.69554,2.18609,0.34167
Time,s,9,3.21492,1.92896,0.84111
Time,s,9,2.72024,2.29325,2.13588
Time,s,9,0.85161,1.11918,1.09647
Time,s,9,3.7909,4.06131,1.64418
Time,s,9,0.32814,1.9949,0.32412
Time,s,9,1.11612,0.85662,1.39262
Time,s,9,0.58751,0.85299,2.14372
Time,s,9,2.74187,2.98702,0.06328
Time,s,9,2.174,2.48964,1.62466
Time,s,9,0.84774,2.18279,1.00129
Time,s,9,2.69471,0.60465,2.67372
Time,s,9,0.59018,1.65042,1.88381
Time,s,9,1.91433,1.91759,1.10405
Time,s,9,0.58964,0.59105,2.1533
Time,s,9,1.69041,1.74199,2.66985
Time,s,9,2.54431,2.19975,1.10925
Time,s,9,1.64399,2.72174,1.37061
Time,s,9,1.38628,2.74111,2.4164
Time,s,9,0.58784,2.98551,0.8744
Time,s,9,2.70916,1.6584,2.71374
Time,s,9,2.18235,2.44264,0.57858
Time,s,9,0.84593,0.8331,2.96036
Time,s,9,2.95098,0.32723,2.92151
Time,s,9,1.37846,1.39188,0.8513
Time,s,9,0.59344,1.38614,1.61929
Time,s,9,2.43771,1.00841,0.28835
Time,s,9,2.22723,2.49055,2.67925
Time,s,9,0.57936,1.39617,1.87492
Time,s,9,2.45874,2.20625,1.63671
Time,s,9,1.9761,1.96533,2.65647
Time,s,9,1.90754,2.97989,1.10669
Time,s,9,0.58772,2.46172,0.84806
Time,s,9,0.84925,2.18311,1.42081
Time,s,9,1.90616,3.52871,0.58531
Time,s,9,1.12176,2.18397,3.50644
Time,s,9,2.72332,1.93389,2.16301
Time,s,9,2.16477,1.38724,1.88376
Time,s,9,2.16054,4.0608,1.35762
Time,s,9,1.91539,4.05371,1.35543
Time,s,9,0.58631,2.46871,1.09995
Time,s,9,1.62878,1.91463,2.92386
Time,s,9,1.64222,0.85815,1.35949
Time,s,9,1.64221,0.85411,1.62112
Time,s,9,1.10752,0.32859,4.046
Time,s,9,1.37612,2.44326,2.49945
Time,s,9,1.13445,0.59637,0.59186
Time,s,9,1.92479,2.71482,1.12409
Time,s,9,0.59194,2.01237,1.89461
Time,s,9,2.19309,2.48101,1.66837
Time,s,9,3.228,1.09397,1.64278
Time,s,9,3.8273,2.20894,1.89739
Time,s,9,1.90199,1.92713,2.66953
Time,s,9,1.12381,1.94901,1.63047
Time,s,9,4.118,1.6616,2.17479
Time,s,9,1.42817,0.32686,1.64362
Time,s,9,2.45088,1.92255,1.93878
Time,s,10,0.03313,0.57024,0.81275
Time,s,10,0.55998,0.30455,0.0304
Time,s,10,0.02968,0.8479,0.02808
Time,s,10,0.02998,0.57448,0.02898
Time,s,10,0.02889,0.86344,0.58134
Time,s,10,0.02819,0.83389,0.02895
Time,s,10,0.02934,0.56374,0.02844
Time,s,10,0.02627,0.02857,0.29066
Time,s,10,0.29057,0.02805,0.28947
Time,s,10,0.02723,0.02739,0.27584
Time,s,10,0.02593,0.02693,0.02736
Time,s,10,0.02697,0.02727,0.29779
Time,s,10,0.02541,0.02778,0.02762
Time,s,10,0.02824,0.0264,0.29255
Time,s,10,0.55776,0.0276,0.02768
Time,s,10,0.02847,0.02766,0.0271
Time,s,10,0.29893,0.29238,0.0276
Time,s,10,0.8255,0.28995,0.02555
Time,s,10,0.02829,0.56044,0.02681
Time,s,10,0.028,0.02812,0.02795
Time,s,10,0.29669,0.02809,0.02599
Time,s,10,0.02844,0.0272,0.02719
Time,s,10,0.02643,0.02856,0.29228
Time,s,10,0.02677,0.02615,0.8808
Time,s,10,0.02577,0.02653,0.56058
Time,s,10,0.0254,0.57771,0.828
Time,s,10,0.02697,0.57604,0.02732
Time,s,10,0.02576,0.02978,0.29444
Time,s,10,0.56398,0.02934,0.02814
Time,s,10,0.57235,0.0278,0.02931
Time,s,10,0.83153,0.02729,0.02732
Time,s,10,0.02926,0.02624,0.02775
Time,s,10,0.02817,0.02666,0.02623
Time,s,10,0.29488,0.02674,0.02726
Time,s,10,0.02792,0.02598,0.56039
Time,s,10,0.02718,0.29888,0.02943
Time,s,10,0.02673,0.3057,0.02793
Time,s,10,0.0261,0.30483,0.29474
Time,s,10,0.02705,0.85824,0.84121
Time,s,10,0.29678,0.62793,0.29542
Time,s,10,0.29508,0.03142,0.02744
Time,s,10,0.02733,0.03136,0.02891
Time,s,10,0.02873,0.02792,0.02876
Time,s,10,0.02773,0.02719,0.02721
Time,s,10,0.02706,0.30327,0.02644
Time,s,10,0.02618,0.85359,0.56931
Time,s,10,0.02578,0.02912,0.84169
Time,s,10,0.02604,0.02867,0.57481
Time,s,10,0.02591,0.57773,0.84493
Time,s,10,0.02578,0.30769,0.57022
Time,s,10,0.02516,0.02804,0.0282
Time,s,10,0.0252,0.02678,0.02952
Time,s,10,0.02596,0.02632,0.02617
Time,s,10,0.02495,0.02749,0.29942
Time,s,10,0.02553,0.02698,0.02702
Time,s,10,0.29831,0.02641,0.02843
Time,s,10,0.02925,0.02711,0.02866
Time,s,10,0.02785,0.02554,0.02632
Time,s,10,0.02808,0.58761,0.02754
Time,s,10,0.29823,0.02826,0.29806
Time,s,10,0.85635,0.59442,0.02746
Time,s,10,0.3094,0.30853,0.3033
Time,s,10,0.02917,0.02788,0.86739
Time,s,10,0.02748,0.02784,0.02896
Time,s,10,0.02623,0.58613,0.02772
Time,s,10,0.02768,0.30402,0.02733
Time,s,10,0.30626,0.58535,0.56675
Time,s,10,0.30548,0.0287,0.02892
Time,s,10,0.02896,0.03039,0.02899
Time,s,10,0.02788,0.02784,0.57787
Time,s,10,0.58012,0.02648,0.30193
Time,s,10,0.58124,0.6566,0.02961
Time,s,10,0.02953,0.029,0.02738
Time,s,10,0.02846,0.30832,0.02692
Time,s,10,0.02711,0.31309,0.02763
Time,s,10,0.02714,0.0278,0.57501
Time,s,10,0.57753,0.02818,0.57383
Time,s,10,0.30301,0.02692,0.30235
Time,s,10,0.02881,0.02642,0.30251
Time,s,10,0.02862,0.31029,0.33084
Time,s,11,1.02474,0.48256,1.3031
Time,s,11,0.20239,0.74663,1.57933
Time,s,11,0.19064,0.19037,0.46684
Time,s,11,1.02447,0.50131,0.46633
Time,s,11,0.19152,0.76554,0.18506
Time,s,11,0.75899,0.75701,0.19449
Time,s,11,0.47575,0.48204,0.18135
Time,s,11,0.18696,0.46594,0.18406
Time,s,11,0.21141,0.17889,0.17243
Time,s,11,0.2313,0.79741,0.1818
Time,s,11,0.76748,0.18747,1.08572
Time,s,11,0.18987,0.18687,0.19191
Time,s,11,0.47346,0.19464,0.18278
Time,s,11,0.49828,0.18397,0.17947
Time,s,11,0.19077,0.18392,0.18805
Time,s,11,0.19363,0.18166,0.18927
Time,s,11,0.1879,0.18748,0.18345
Time,s,11,0.21241,0.1822,0.18881
Time,s,11,0.18982,0.18077,0.18992
Time,s,11,0.1914,0.18101,0.18342
Time,s,11,0.19579,0.18375,0.18387
Time,s,11,0.18205,0.19059,0.1873
Time,s,11,0.21289,0.18795,0.18921
Time,s,11,0.19431,0.20258,0.17668
Time,s,11,0.19077,0.18606,0.19066
Time,s,11,0.19357,0.19388,0.18476
Time,s,11,0.4954,0.18559,0.19122
Time,s,11,0.18768,0.18194,0.18001
Time,s,11,0.19123,1.10369,0.18401
Time,s,11,0.19292,0.50451,0.22007
Time,s,11,0.49561,0.19433,0.18339
Time,s,11,0.1904,0.18255,0.18631
Time,s,11,0.19718,0.1871,0.1983
Time,s,11,0.56031,0.18737,0.17916
Time,s,11,0.80941,0.18433,0.18356
Time,s,11,0.19158,1.1242,0.17904
Time,s,11,0.19443,1.74855,0.18455
Time,s,11,0.18581,0.49981,0.18645
Time,s,11,0.1837,0.1911,0.18551
Time,s,11,0.18728,0.18055,1.11235
Time,s,11,0.19119,0.18377,0.81443
Time,s,11,0.19117,0.18221,0.18824
Time,s,11,0.18476,0.18119,0.50715
Time,s,11,0.18956,0.18845,0.50374
Time,s,11,0.18481,0.19184,0.19363
Time,s,11,0.18779,0.18974,0.19741
Time,s,11,0.18618,0.18683,0.18975
Time,s,11,0.18962,0.18542,0.50362
Time,s,11,0.19839,0.18024,0.18898
Time,s,11,0.19131,0.1824,0.19337
Time,s,11,0.19211,0.1875,0.18297
Time,s,11,0.19623,0.1796,1.14547
Time,s,11,0.20059,0.18708,0.52671
Time,s,11,0.18664,0.18691,0.1853
Time,s,11,0.19408,0.1903,0.1854
Time,s,11,0.188,0.18532,0.18379
Time,s,11,0.19254,0.1881,0.19198
Time,s,11,0.19412,0.21217,0.17845
Time,s,11,0.20009,0.18944,0.18529
Time,s,11,0.19262,0.18518,0.19035
Time,s,11,0.19054,0.18541,0.19327
Time,s,11,0.18774,0.51576,0.18396
Time,s,11,0.18343,0.19219,0.18798
Time,s,11,0.18959,0.18541,0.1834
Time,s,11,0.19503,0.18733,0.20375
Time,s,11,0.19195,0.52504,0.18417
Time,s,11,0.1874,0.18578,0.19237
Time,s,11,0.18965,0.53359,0.18016
Time,s,11,0.19288,0.52998,0.1724
Time,s,11,0.19831,0.18635,0.18805
Time,s,11,0.18632,0.18511,0.19048
Time,s,11,0.1885,0.19414,0.19132
Time,s,11,0.19131,0.18459,0.18666
Time,s,11,0.19166,0.18597,0.1955
Time,s,11,0.18642,0.1868,0.17884
Time,s,11,0.19189,0.18813,0.19274
Time,s,11,0.18471,0.19086,0.17876
Time,s,11,0.19457,0.8723,0.19132
Time,s,11,0.18706,0.19117,0.18867
Time,s,11,0.19019,0.17338,0.18975
Time,s,12,0.03203,0.03067,0.01833
Time,s,12,0.01576,0.01522,0.01414
Time,s,12,0.01312,0.01372,0.01371
Time,s,12,0.01633,0.01406,0.01572
Time,s,12,0.01492,0.01483,0.01737
Time,s,12,0.01372,0.01388,0.01379
Time,s,12,0.0135,0.01377,0.01562
Time,s,12,0.01348,0.01529,0.01345
Time,s,12,0.01274,0.01438,0.01401
Time,s,12,0.0139,0.014,0.01362
Time,s,12,0.01495,0.01378,0.01393
Time,s,12,0.01321,0.01542,0.0141
Time,s,12,0.01414,0.01672,0.01425
Time,s,12,0.01513,0.01465,0.01386
Time,s,12,0.01394,0.01338,0.01454
Time,s,12,0.01578,0.01441,0.01519
Time,s,12,0.01574,0.01331,0.01323
Time,s,12,0.014,0.01377,0.01242
Time,s,12,0.01459,0.01528,0.01361
Time,s,12,0.01319,0.01462,0.01277
Time,s,12,0.01322,0.01344,0.01332
Time,s,12,0.01625,0.01439,0.01282
Time,s,12,0.01457,0.01329,0.01554
Time,s,12,0.01338,0.01313,0.01346
Time,s,12,0.01339,0.01464,0.01404
Time,s,12,0.01386,0.01369,0.01481
Time,s,12,0.01428,0.01427,0.01392
Time,s,12,0.0132,0.01375,0.01461
Time,s,12,0.01357,0.01249,0.01287
Time,s,12,0.01282,0.01371,0.01267
Time,s,12,0.01329,0.01209,0.01371
Time,s,12,0.01282,0.01299,0.01283
Time,s,12,0.01323,0.01278,0.0136
Time,s,12,0.01267,0.01327,0.0138
Time,s,12,0.01341,0.01322,0.01359
Time,s,12,0.01385,0.01286,0.01322
Time,s,12,0.01315,0.01409,0.01477
Time,s,12,0.01327,0.01371,0.01351
Time,s,12,0.01346,0.01353,0.01349
Time,s,12,0.01357,0.01307,0.0144
Time,s,12,0.01297,0.01323,0.01297
Time,s,12,0.0132,0.01361,0.01384
Time,s,12,0.01311,0.01322,0.013
Time,s,12,0.01307,0.01338,0.01286
Time,s,12,0.01452,0.01319,0.01447
Time,s,12,0.01392,0.0134,0.0148
Time,s,12,0.0135,0.01401,0.01327
Time,s,12,0.0151,0.01246,0.01568
Time,s,12,0.01309,0.01359,0.01353
Time,s,12,0.01257,0.01264,0.01359
Time,s,12,0.01317,0.01407,0.01386
Time,s,12,0.01402,0.01284,0.01279
Time,s,12,0.0134,0.01434,0.01317
Time,s,12,0.01388,0.01279,0.01391
Time,s,12,0.01352,0.01276,0.01284
Time,s,12,0.01355,0.0142,0.01325
Time,s,12,0.01323,0.01269,0.01367
Time,s,12,0.01396,0.01307,0.01344
Time,s,12,0.01337,0.01305,0.01332
Time,s,12,0.01223,0.0135,0.01271
Time,s,12,0.01377,0.01346,0.01306
Time,s,12,0.01354,0.01333,0.0139
Time,s,12,0.01499,0.01313,0.01379
Time,s,12,0.01445,0.01355,0.01323
Time,s,12,0.01496,0.01293,0.01287
Time,s,12,0.0133,0.0144,0.01274
Time,s,12,0.01437,0.01257,0.01425
Time,s,12,0.01336,0.0141,0.01599
Time,s,12,0.01593,0.01336,0.01334
Time,s,12,0.01393,0.01278,0.01262
Time,s,12,0.01358,0.01214,0.01326
Time,s,12,0.01328,0.01358,0.01265
Time,s,12,0.0136,0.01278,0.01363
Time,s,12,0.01357,0.01268,0.0133
Time,s,12,0.01379,0.01235,0.01275
Time,s,12,0.01285,0.01305,0.01449
Time,s,12,0.01415,0.01425,0.01382
Time,s,12,0.01335,0.0127,0.01448
Time,s,12,0.01339,0.01324,0.01387
Time,s,12,0.01248,0.01297,0.01298
Time,s,13,0.03399,0.03345,0.0322
Time,s,13,0.03231,0.0313,0.03443
Time,s,13,0.03095,0.03132,0.03135
Time,s,13,0.03061,0.03049,0.03026
Time,s,13,0.03046,0.0319,0.03023
Time,s,13,0.03031,0.03078,0.03074
Time,s,13,0.0312,0.03088,0.02982
Time,s,13,0.03059,0.02957,0.03102
Time,s,13,0.03183,0.03085,0.03128
Time,s,13,0.03004,0.03111,0.03092
Time,s,13,0.03093,0.03036,0.03009
Time,s,13,0.03174,0.03003,0.03111
Time,s,13,0.03008,0.02995,0.03065
Time,s,13,0.03103,0.03125,0.03085
Time,s,13,0.0305,0.03093,0.03049
Time,s,13,0.03279,0.03049,0.03122
Time,s,13,0.03104,0.03098,0.03123
Time,s,13,0.03031,0.03341,0.03076
Time,s,13,0.03172,0.03526,0.03228
Time,s,13,0.03041,0.03667,0.03112
Time,s,13,0.03244,0.03596,0.03126
Time,s,13,0.03067,0.03028,0.03066
Time,s,13,0.03106,0.03109,0.03173
Time,s,13,0.03179,0.03118,0.03125
Time,s,13,0.0352,0.03127,0.03059
Time,s,13,0.03101,0.03013,0.03127
Time,s,13,0.0312,0.0311,0.03112
Time,s,13,0.03181,0.03077,0.03048
Time,s,13,0.03171,0.03101,0.03059
Time,s,13,0.03082,0.03135,0.03057
Time,s,13,0.03146,0.03169,0.03085
Time,s,13,0.03162,0.03148,0.03089
Time,s,13,0.03264,0.03045,0.03099
Time,s,13,0.03045,0.03135,0.03056
Time,s,13,0.031,0.03189,0.03251
Time,s,13,0.03153,0.03025,0.03098
Time,s,13,0.03156,0.03476,0.03156
Time,s,13,0.0316,0.03395,0.03056
Time,s,13,0.03077,0.03163,0.0303
Time,s,13,0.03245,0.03123,0.03076
Time,s,13,0.03117,0.0311,0.03047
Time,s,13,0.03178,0.03033,0.03095
Time,s,13,0.03425,0.03109,0.03229
Time,s,13,0.03056,0.03099,0.03147
Time,s,13,0.0313,0.03055,0.03075
Time,s,13,0.03156,0.0313,0.0303
Time,s,13,0.03147,0.03092,0.03161
Time,s,13,0.03089,0.03151,0.03152
Time,s,13,0.03291,0.03089,0.03589
Time,s,13,0.03127,0.03188,0.0307
Time,s,13,0.03163,0.0309,0.03078
Time,s,13,0.79281,0.40395,0.40321
Time,s,13,0.03661,0.79607,0.78654
Time,s,13,0.78089,0.40322,0.40391
Time,s,13,0.4103,0.03387,0.41804
Time,s,13,0.78397,0.41137,0.40717
Time,s,13,0.40568,0.41001,0.78366
Time,s,13,0.78595,0.40559,0.40968
Time,s,13,0.40586,0.78923,0.40154
Time,s,13,0.78561,0.40587,0.82328
Time,s,13,0.41055,0.81052,0.41207
Time,s,13,0.80286,0.41735,0.03207
Time,s,13,0.40548,0.78807,0.40945
Time,s,13,0.41589,0.4238,0.03366
Time,s,13,0.40629,0.41572,0.40395
Time,s,13,0.78762,0.40909,0.4106
Time,s,13,0.41305,0.79854,0.44893
Time,s,13,0.39848,0.4138,0.78359
Time,s,13,0.40624,0.79529,0.03335
Time,s,13,0.40352,0.40963,0.4142
Time,s,13,0.40449,0.41045,0.41212
Time,s,13,0.40305,0.42618,0.41618
Time,s,13,0.41089,0.03244,0.41166
Time,s,13,0.42268,0.42197,0.79029
Time,s,13,0.40135,0.81065,0.40929
Time,s,13,0.79166,0.40717,0.7958
Time,s,13,0.03397,0.8075,0.4058
Time,s,13,0.40582,0.41706,0.80977
Time,s,13,0.41914,0.80338,0.03348
Time,s,13,0.40075,0.41127,0.81043
Time,s,14,0.24802,2.16599,1.69188
Time,s,14,0.16444,0.4895,1.67529
Time,s,14,0.17377,0.16034,0.54809
Time,s,14,0.243,0.17392,0.53178
Time,s,14,0.16183,0.53466,0.15656
Time,s,14,0.55335,0.16118,0.55336
Time,s,14,0.15438,0.15431,0.48259
Time,s,14,1.67261,0.9273,1.69198
Time,s,14,0.15829,0.50408,0.15914
Time,s,14,0.15357,1.34547,1.73539
Time,s,14,0.50015,1.43331,0.47854
Time,s,14,0.89691,0.95263,0.55517
Time,s,14,0.15689,0.50874,0.56346
Time,s,14,0.90886,0.9272,0.89395
Time,s,14,0.16836,1.74834,0.53839
Time,s,14,1.29568,1.35173,0.54424
Time,s,14,1.69044,0.15535,0.50094
Time,s,14,0.48796,0.97358,0.55698
Time,s,14,1.84356,0.50162,0.89417
Time,s,14,0.49218,0.92512,0.48882
Time,s,14,0.5591,1.35851,0.50585
Time,s,14,0.57052,0.58434,0.57003
Time,s,14,0.51286,0.93941,0.49128
Time,s,14,0.50315,0.15818,0.88897
Time,s,14,0.15734,0.1561,1.31297
Time,s,14,0.15422,0.16929,0.15892
Time,s,14,0.15943,0.17063,0.15406
Time,s,14,0.93188,0.15577,0.16281
Time,s,14,0.94366,0.15226,0.16257
Time,s,14,1.33111,0.52934,0.16486
Time,s,14,0.50967,0.52669,0.57519
Time,s,14,0.93818,1.82207,0.16605
Time,s,14,1.98978,0.52212,0.9894
Time,s,14,0.50064,0.16054,0.50574
Time,s,14,0.60175,0.15736,0.51001
Time,s,14,0.94678,0.56495,0.51472
Time,s,14,0.51873,0.16041,1.77289
Time,s,14,0.527,0.15943,0.93569
Time,s,14,0.57984,0.15083,0.5583
Time,s,14,0.5203,0.15322,0.51331
Time,s,14,0.16503,0.55532,0.15714
Time,s,14,0.51157,0.96044,0.15709
Time,s,14,1.47739,0.53099,0.15383
Time,s,14,0.15471,0.15402,0.16206
Time,s,14,0.16002,0.15241,0.94792
Time,s,14,0.96447,0.15817,0.5779
Time,s,14,0.97993,0.15816,1.34427
Time,s,14,0.51808,0.15593,0.50909
Time,s,14,0.51677,0.15125,0.15867
Time,s,14,0.15804,0.15155,1.03869
Time,s,14,0.15781,0.60946,0.51292
Time,s,14,0.59388,0.15887,0.94483
Time,s,14,0.53601,0.15728,0.53849
Time,s,14,0.15698,0.16076,1.80733
Time,s,14,0.57878,0.17755,0.94898
Time,s,14,0.54789,0.55085,0.1552
Time,s,14,1.91046,0.51126,0.15858
Time,s,14,0.18173,1.43831,0.15568
Time,s,14,0.5454,0.58979,0.52928
Time,s,14,0.97174,0.53619,0.95229
Time,s,14,0.61976,0.59629,0.94475
Time,s,14,0.54974,0.55509,0.16441
Time,s,14,0.5326,0.56058,0.59594
Time,s,14,0.15815,0.55067,1.85463
Time,s,14,0.99308,0.15612,1.39712
Time,s,14,0.5207,0.53981,0.15774
Time,s,14,0.54763,1.00774,0.15752
Time,s,14,1.42757,1.46158,0.58866
Time,s,14,1.45274,0.16688,1.3928
Time,s,14,0.16276,0.16036,1.41348
Time,s,14,0.56233,1.06232,0.97977
Time,s,14,0.15739,0.55299,0.98617
Time,s,14,0.60029,1.01167,0.54091
Time,s,14,0.15614,0.68734,1.43584
Time,s,14,0.97991,1.01812,0.59759
Time,s,14,0.16223,0.58165,0.53522
Time,s,14,0.15489,0.56608,0.53052
Time,s,14,0.99083,0.16254,0.59502
Time,s,14,1.9391,0.16076,0.60115
Time,s,14,0.16406,0.15792,0.59683
Time,s,15,0.01926,0.02667,0.01804
Time,s,15,0.01746,0.01782,0.01734
Time,s,15,0.01733,0.01598,0.01766
Time,s,15,0.01627,0.016,0.01851
Time,s,15,0.01642,0.01605,0.01927
Time,s,15,0.01866,0.01643,0.01699
Time,s,15,0.01587,0.01547,0.01623
Time,s,15,0.01725,0.01655,0.01555
Time,s,15,0.01606,0.01737,0.01674
Time,s,15,0.0156,0.01787,0.01716
Time,s,15,0.01682,0.01608,0.01588
Time,s,15,0.01665,0.01708,0.01598
Time,s,15,0.01714,0.01713,0.01578
Time,s,15,0.01633,0.01678,0.01628
Time,s,15,0.01648,0.01596,0.01747
Time,s,15,0.01694,0.01665,0.01606
Time,s,15,0.01554,0.01693,0.01587
Time,s,15,0.01793,0.01563,0.0157
Time,s,15,0.01541,0.0175,0.01781
Time,s,15,0.01708,0.01706,0.01537
Time,s,15,0.01628,0.01637,0.01552
Time,s,15,0.01759,0.01686,0.01601
Time,s,15,0.01681,0.01707,0.01799
Time,s,15,0.01587,0.01589,0.01578
Time,s,15,0.01738,0.01683,0.0159
Time,s,15,0.01586,0.01625,0.01658
Time,s,15,0.01576,0.01714,0.01579
Time,s,15,0.01686,0.01819,0.01574
Time,s,15,0.01843,0.01706,0.01602
Time,s,15,0.01616,0.017,0.01652
Time,s,15,0.01726,0.01669,0.01562
Time,s,15,0.01607,0.01697,0.01632
Time,s,15,0.01602,0.01795,0.01774
Time,s,15,0.01654,0.01714,0.01594
Time,s,15,0.01728,0.01603,0.01757
Time,s,15,0.01695,0.01635,0.01684
Time,s,15,0.01659,0.01724,0.01655
Time,s,15,0.01714,0.01813,0.01573
Time,s,15,0.01678,0.01642,0.01767
Time,s,15,0.01697,0.0189,0.01666
Time,s,15,0.01865,0.01943,0.01677
Time,s,15,0.01656,0.0157,0.01751
Time,s,15,0.01792,0.01886,0.01692
Time,s,15,0.01762,0.01563,0.01721
Time,s,15,0.01775,0.01778,0.01787
Time,s,15,0.01629,0.0188,0.01849
Time,s,15,0.01661,0.01852,0.01728
Time,s,15,0.01809,0.01609,0.01686
Time,s,15,0.01796,0.01699,0.01734
Time,s,15,0.01732,0.01682,0.01912
Time,s,15,0.01723,0.01574,0.01792
Time,s,15,0.01715,0.01685,0.01724
Time,s,15,0.01776,0.017,0.01556
Time,s,15,0.0175,0.01652,0.01653
Time,s,15,0.01742,0.0176,0.01751
Time,s,15,0.01787,0.01663,0.01865
Time,s,15,0.01583,0.01771,0.01587
Time,s,15,0.01796,0.01669,0.01777
Time,s,15,0.01766,0.01699,0.01726
Time,s,15,0.01654,0.01802,0.01841
Time,s,15,0.01768,0.01782,0.01582
Time,s,15,0.01689,0.01673,0.016
Time,s,15,0.01676,0.01709,0.0169
Time,s,15,0.01664,0.01736,0.01539
Time,s,15,0.01737,0.017,0.01813
Time,s,15,0.01751,0.01673,0.01751
Time,s,15,0.01733,0.01762,0.01645
Time,s,15,0.01687,0.01657,0.01683
Time,s,15,0.01808,0.01641,0.01836
Time,s,15,0.01751,0.01634,0.01662
Time,s,15,0.01678,0.01713,0.01719
Time,s,15,0.01618,0.01726,0.01609
Time,s,15,0.01716,0.01823,0.01796
Time,s,15,0.01649,0.0179,0.01675
Time,s,15,0.01793,0.01572,0.01579
Time,s,15,0.01709,0.01747,0.01784
Time,s,15,0.01694,0.0163,0.01554
Time,s,15,0.01765,0.01706,0.017
Time,s,15,0.01687,0.01726,0.0176
Time,s,15,0.01679,0.01753,0.01742
Time,s,16,0.02035,0.02121,0.02108
Time,s,16,0.01262,0.01163,0.01195
Time,s,16,0.01142,0.0132,0.01198
Time,s,16,0.01206,0.01128,0.01207
Time,s,16,0.01124,0.01163,0.0113
Time,s,16,0.01224,0.01162,0.01254
Time,s,16,0.01226,0.01156,0.0115
Time,s,16,0.01191,0.01131,0.01093
Time,s,16,0.0115,0.01103,0.01107
Time,s,16,0.01184,0.01135,0.01245
Time,s,16,0.01223,0.0115,0.01084
Time,s,16,0.01185,0.01142,0.01069
Time,s,16,0.01249,0.01149,0.01215
Time,s,16,0.0116,0.01235,0.01145
Time,s,16,0.0118,0.01256,0.01116
Time,s,16,0.01148,0.01119,0.01101
Time,s,16,0.01237,0.01168,0.01298
Time,s,16,0.01233,0.0111,0.01099
Time,s,16,0.01242,0.01172,0.01132
Time,s,16,0.01225,0.01091,0.01059
Time,s,16,0.01144,0.01097,0.01077
Time,s,16,0.01146,0.01117,0.01092
Time,s,16,0.0119,0.01227,0.01167
Time,s,16,0.012,0.01252,0.01128
Time,s,16,0.01095,0.01106,0.01209
Time,s,16,0.01168,0.01162,0.01205
Time,s,16,0.01193,0.01201,0.01088
Time,s,16,0.01174,0.01354,0.01129
Time,s,16,0.0115,0.01125,0.0106
Time,s,16,0.0114,0.01215,0.0111
Time,s,16,0.01068,0.01194,0.01167
Time,s,16,0.01145,0.01138,0.01087
Time,s,16,0.01148,0.01084,0.01058
Time,s,16,0.01054,0.0116,0.01068
Time,s,16,0.01124,0.01157,0.01103
Time,s,16,0.01209,0.01135,0.01171
Time,s,16,0.01138,0.01102,0.01056
Time,s,16,0.01133,0.0116,0.0115
Time,s,16,0.01108,0.01147,0.01118
Time,s,16,0.0109,0.01177,0.01083
Time,s,16,0.01142,0.01165,0.01141
Time,s,16,0.01077,0.01206,0.01067
Time,s,16,0.01122,0.01194,0.01072
Time,s,16,0.01119,0.01079,0.01129
Time,s,16,0.01197,0.01057,0.01068
Time,s,16,0.01098,0.01082,0.01121
Time,s,16,0.0108,0.01136,0.01073
Time,s,16,0.01114,0.01069,0.01124
Time,s,16,0.01219,0.01103,0.01099
Time,s,16,0.01105,0.01124,0.01094
Time,s,16,0.01106,0.0111,0.01064
Time,s,16,0.01155,0.01184,0.01089
Time,s,16,0.01103,0.01105,0.01097
Time,s,16,0.01142,0.01328,0.01082
Time,s,16,0.01148,0.01128,0.01133
Time,s,16,0.01118,0.01199,0.02115
Time,s,16,0.01254,0.01139,0.01273
Time,s,16,0.01075,0.01139,0.01159
Time,s,16,0.01153,0.01101,0.01085
Time,s,16,0.01143,0.01122,0.01116
Time,s,16,0.01023,0.01127,0.0114
Time,s,16,0.01237,0.01157,0.01105
Time,s,16,0.01101,0.01105,0.0112
Time,s,16,0.01072,0.01119,0.01129
Time,s,16,0.01112,0.01186,0.01078
Time,s,16,0.01158,0.01152,0.01056
Time,s,16,0.01139,0.01187,0.01063
Time,s,16,0.01161,0.01101,0.01076
Time,s,16,0.01108,0.01173,0.01147
Time,s,16,0.01105,0.01112,0.01129
Time,s,16,0.01186,0.01126,0.0114
Time,s,16,0.01086,0.01123,0.01082
Time,s,16,0.01148,0.01126,0.0106
Time,s,16,0.01137,0.01121,0.01131
Time,s,16,0.01147,0.01162,0.01091
Time,s,16,0.01129,0.01139,0.01081
Time,s,16,0.01145,0.0112,0.01201
Time,s,16,0.01086,0.01166,0.01124
Time,s,16,0.01226,0.01133,0.01143
Time,s,16,0.01102,0.01155,0.01146
Time,s,17,0.03898,0.02873,0.02743
Time,s,17,0.02812,0.02694,0.02708
Time,s,17,0.02782,0.02725,0.0274
Time,s,17,0.02717,0.02653,0.02633
Time,s,17,0.02742,0.02687,0.02732
Time,s,17,0.02718,0.02697,0.02641
Time,s,17,0.02751,0.0265,0.0273
Time,s,17,0.02687,0.02656,0.0268
Time,s,17,0.0273,0.0271,0.02711
Time,s,17,0.028,0.02582,0.027
Time,s,17,0.02803,0.02649,0.02661
Time,s,17,0.02687,0.02757,0.02776
Time,s,17,0.02682,0.02606,0.0268
Time,s,17,0.02669,0.02619,0.02625
Time,s,17,0.02719,0.02556,0.0261
Time,s,17,0.02629,0.02734,0.02672
Time,s,17,0.02692,0.02711,0.02791
Time,s,17,0.02593,0.02612,0.02616
Time,s,17,0.02687,0.0271,0.02729
Time,s,17,0.02652,0.028,0.02641
Time,s,17,0.02654,0.02872,0.02578
Time,s,17,0.02653,0.02868,0.02647
Time,s,17,0.02648,0.02721,0.02728
Time,s,17,0.02573,0.0269,0.02779
Time,s,17,0.0265,0.02606,0.02658
Time,s,17,0.02883,0.02646,0.02708
Time,s,17,0.02613,0.0271,0.02872
Time,s,17,0.02748,0.02628,0.02638
Time,s,17,0.0265,0.0259,0.02686
Time,s,17,0.02614,0.02679,0.0264
Time,s,17,0.02628,0.02674,0.02716
Time,s,17,0.0274,0.02776,0.02709
Time,s,17,0.02653,0.0274,0.02654
Time,s,17,0.02745,0.0262,0.02642
Time,s,17,0.02559,0.02645,0.02708
Time,s,17,0.02705,0.02802,0.02683
Time,s,17,0.02693,0.027,0.02708
Time,s,17,0.0266,0.0268,0.0259
Time,s,17,0.02766,0.02622,0.02701
Time,s,17,0.02579,0.02818,0.02632
Time,s,17,0.02596,0.02659,0.02709
Time,s,17,0.02719,0.0267,0.02594
Time,s,17,0.02731,0.02713,0.02676
Time,s,17,0.02694,0.02642,0.02823
Time,s,17,0.02881,0.02738,0.02714
Time,s,17,0.0292,0.02753,0.02663
Time,s,17,0.02967,0.02656,0.02649
Time,s,17,0.02685,0.02558,0.02575
Time,s,17,0.02646,0.02623,0.02546
Time,s,17,0.02723,0.02736,0.02978
Time,s,17,0.02691,0.02766,0.02725
Time,s,17,0.02822,0.02579,0.02669
Time,s,17,0.02826,0.02782,0.02691
Time,s,17,0.02714,0.02747,0.02731
Time,s,17,0.02739,0.02754,0.02651
Time,s,17,0.028,0.02822,0.02752
Time,s,17,0.02705,0.02648,0.02637
Time,s,17,0.02686,0.02758,0.02705
Time,s,17,0.02765,0.02659,0.02731
Time,s,17,0.02811,0.0269,0.02672
Time,s,17,0.02762,0.02742,0.98554
Time,s,17,0.02701,0.02761,0.50422
Time,s,17,0.027,0.02821,0.50534
Time,s,17,0.02785,0.02635,0.50558
Time,s,17,0.02801,0.02684,0.5103
Time,s,17,0.02929,0.02657,1.01852
Time,s,17,0.02837,0.02766,0.02819
Time,s,17,0.02781,0.02667,0.99135
Time,s,17,0.02874,0.02731,0.50252
Time,s,17,0.02755,0.51767,0.51299
Time,s,17,1.01175,1.11801,0.98458
Time,s,17,1.01226,0.50835,1.05428
Time,s,17,1.03204,0.02991,1.02508
Time,s,17,1.01852,1.02038,1.02628
Time,s,17,0.5098,0.50654,0.50267
Time,s,17,0.02961,0.99311,0.98802
Time,s,17,0.52305,1.02894,0.98516
Time,s,17,1.00549,1.01542,0.51378
Time,s,17,0.5102,0.51483,0.02725
Time,s,17,0.51236,0.51269,0.50847
Time,s,18,0.03496,0.041,1.00019
Time,s,18,0.03234,0.03529,0.03289
Time,s,18,0.03217,0.03485,0.03172
Time,s,18,0.03131,0.02979,0.02789
Time,s,18,0.03237,0.03064,0.03118
Time,s,18,0.02964,0.02896,0.02927
Time,s,18,0.03464,0.03031,0.03134
Time,s,18,0.03711,0.031,0.03063
Time,s,18,0.04004,0.03104,0.03167
Time,s,18,0.04145,0.03373,0.03047
Time,s,18,0.03049,0.03446,0.03012
Time,s,18,0.03359,0.03833,0.03043
Time,s,18,0.03047,0.03603,0.0292
Time,s,18,0.03378,0.02758,0.02802
Time,s,18,0.03055,0.03165,0.03296
Time,s,18,0.03371,0.02793,0.0287
Time,s,18,0.03232,0.03055,0.02942
Time,s,18,0.03074,0.03045,0.03532
Time,s,18,0.03464,0.0358,0.03074
Time,s,18,0.02982,0.03491,0.03134
Time,s,18,0.04426,0.037,0.03
Time,s,18,0.03901,0.02969,0.03159
Time,s,18,0.04366,0.02853,0.02941
Time,s,18,0.03587,0.02894,0.02987
Time,s,18,0.03054,0.03181,0.02999
Time,s,18,0.031,0.02997,0.02923
Time,s,18,0.02762,0.03132,0.0281
Time,s,18,0.02853,0.03031,0.02905
Time,s,18,0.03132,0.02881,0.0315
Time,s,18,0.02987,0.02963,0.03074
Time,s,18,0.03047,0.03121,0.02918
Time,s,18,0.03139,0.02827,0.02957
Time,s,18,0.03081,0.02968,0.02905
Time,s,18,0.03125,0.0297,0.03059
Time,s,18,0.03128,0.02952,0.02765
Time,s,18,0.02978,0.02928,0.03221
Time,s,18,0.02882,0.03149,0.03493
Time,s,18,0.03013,0.03008,0.02881
Time,s,18,0.03033,0.02977,0.03247
Time,s,18,0.03118,0.03034,0.03167
Time,s,18,0.03026,0.02925,0.03028
Time,s,18,0.03042,0.02975,0.02977
Time,s,18,0.02961,0.03022,0.02916
Time,s,18,0.02883,0.03073,0.02928
Time,s,18,0.03134,0.0296,0.0288
Time,s,18,0.03004,0.03102,0.02849
Time,s,18,0.03165,0.03978,0.02712
Time,s,18,0.03528,0.02873,0.02915
Time,s,18,0.02988,0.03007,0.03015
Time,s,18,0.03059,0.0285,0.02915
Time,s,18,0.03009,0.03003,0.02779
Time,s,18,0.02983,0.028,0.02883
Time,s,18,0.02925,0.03279,0.03044
Time,s,18,0.03082,0.02937,0.02975
Time,s,18,0.02987,0.03083,0.02893
Time,s,18,0.03044,0.03207,0.02875
Time,s,18,0.02926,0.03209,0.02813
Time,s,18,0.02908,0.03364,0.02902
Time,s,18,0.03126,0.03566,0.02851
Time,s,18,0.0299,0.03939,0.02942
Time,s,18,0.02903,0.03755,0.03096
Time,s,18,0.03158,0.04484,0.03082
Time,s,18,0.0307,0.0334,0.0288
Time,s,18,0.03073,0.03111,0.02922
Time,s,18,0.02852,0.02948,0.02994
Time,s,18,0.03212,0.02973,0.02977
Time,s,18,0.03051,0.02886,0.02813
Time,s,18,0.02885,0.03299,0.03003
Time,s,18,0.03061,0.03341,0.02782
Time,s,18,0.02967,0.04435,0.02733
Time,s,18,0.03,0.02818,0.03908
Time,s,18,0.02872,0.03067,0.0303
Time,s,18,0.03034,0.02704,0.03329
Time,s,18,0.03346,0.03054,0.02944
Time,s,18,0.03036,0.02965,0.03145
Time,s,18,0.03106,0.02959,0.02833
Time,s,18,0.03062,0.03468,0.02935
Time,s,18,0.0407,0.03073,0.03024
Time,s,18,0.03067,0.03286,0.03068
Time,s,18,0.03184,0.02812,0.03203
Time,s,19,0.02814,0.01898,0.02095
Time,s,19,0.01854,0.01681,0.01784
Time,s,19,0.01865,0.01791,0.01679
Time,s,19,0.01808,0.017,0.0162
Time,s,19,0.01841,0.01773,0.01727
Time,s,19,0.01629,0.01923,0.01668
Time,s,19,0.01724,0.01626,0.01616
Time,s,19,0.01677,0.01694,0.0159
Time,s,19,0.01714,0.0172,0.01585
Time,s,19,0.01573,0.01743,0.01644
Time,s,19,0.01701,0.01822,0.0177
Time,s,19,0.01687,0.01677,0.01594
Time,s,19,0.01672,0.02065,0.01597
Time,s,19,0.01615,0.01733,0.01595
Time,s,19,0.01632,0.01621,0.0158
Time,s,19,0.0159,0.01613,0.01593
Time,s,19,0.01594,0.01614,0.01644
Time,s,19,0.01741,0.01705,0.01847
Time,s,19,0.01706,0.01606,0.01683
Time,s,19,0.01591,0.017,0.01635
Time,s,19,0.0161,0.01757,0.01618
Time,s,19,0.01604,0.01646,0.01622
Time,s,19,0.01561,0.01579,0.01582
Time,s,19,0.01702,0.01763,0.01764
Time,s,19,0.01765,0.01744,0.01908
Time,s,19,0.01798,0.01707,0.01625
Time,s,19,0.01727,0.01548,0.01566
Time,s,19,0.01647,0.01671,0.01665
Time,s,19,0.01689,0.01671,0.01656
Time,s,19,0.01691,0.01757,0.0175
Time,s,19,0.01804,0.01657,0.01651
Time,s,19,0.01917,0.01711,0.01654
Time,s,19,0.0181,0.01632,0.01632
Time,s,19,0.01868,0.01657,0.01751
Time,s,19,0.0171,0.01828,0.0176
Time,s,19,0.01613,0.01667,0.01626
Time,s,19,0.01661,0.01604,0.01623
Time,s,19,0.01685,0.01682,0.0177
Time,s,19,0.01697,0.01586,0.01777
Time,s,19,0.01769,0.01569,0.01774
Time,s,19,0.01737,0.01654,0.01599
Time,s,19,0.0167,0.01603,0.0177
Time,s,19,0.01662,0.01699,0.01727
Time,s,19,0.01777,0.01655,0.01757
Time,s,19,0.01696,0.01609,0.01715
Time,s,19,0.01634,0.01733,0.01641
Time,s,19,0.0171,0.01638,0.01567
Time,s,19,0.0172,0.01609,0.0163
Time,s,19,0.01623,0.01589,0.01612
Time,s,19,0.01696,0.01609,0.01594
Time,s,19,0.01653,0.0154,0.0166
Time,s,19,0.01642,0.01559,0.01605
Time,s,19,0.01836,0.0176,0.0166
Time,s,19,0.01852,0.01641,0.0173
Time,s,19,0.01634,0.01619,0.016
Time,s,19,0.01829,0.01769,0.01648
Time,s,19,0.01932,0.01699,0.016
Time,s,19,0.01693,0.01837,0.01667
Time,s,19,0.01636,0.01654,0.01714
Time,s,19,0.01753,0.01649,0.01607
Time,s,19,0.01696,0.01643,0.01746
Time,s,19,0.01692,0.01588,0.01628
Time,s,19,0.02999,0.01579,0.01646
Time,s,19,0.02022,0.01687,0.01804
Time,s,19,0.0166,0.01608,0.01592
Time,s,19,0.01623,0.01661,0.01693
Time,s,19,0.01593,0.01734,0.01656
Time,s,19,0.01672,0.01666,0.01756
Time,s,19,0.01651,0.01621,0.01599
Time,s,19,0.01692,0.01638,0.01749
Time,s,19,0.01649,0.01659,0.01653
Time,s,19,0.01651,0.0163,0.01615
Time,s,19,0.01622,0.01668,0.01579
Time,s,19,0.01786,0.01683,0.01729
Time,s,19,0.01843,0.01761,0.01684
Time,s,19,0.01671,0.01589,0.01587
Time,s,19,0.01757,0.01565,0.01566
Time,s,19,0.01725,0.01559,0.01629
Time,s,19,0.01627,0.01551,0.01572
Time,s,19,0.01601,0.01596,0.01646
Time,s,20,0.05279,0.04382,0.04773
Time,s,20,0.01537,0.01558,0.0145
Time,s,20,0.01492,0.01666,0.01455
Time,s,20,0.01518,0.01428,0.01509
Time,s,20,0.01396,0.01547,0.01437
Time,s,20,0.01502,0.01583,0.01376
Time,s,20,0.01449,0.01614,0.01431
Time,s,20,0.01366,0.01481,0.0146
Time,s,20,0.01394,0.01452,0.01451
Time,s,20,0.0144,0.01392,0.01398
Time,s,20,0.01504,0.0152,0.01413
Time,s,20,0.01451,0.01468,0.01451
Time,s,20,0.01414,0.01439,0.01493
Time,s,20,0.016,0.01497,0.01394
Time,s,20,0.01548,0.01606,0.01447
Time,s,20,0.01452,0.01589,0.01485
Time,s,20,0.01514,0.01575,0.01471
Time,s,20,0.01591,0.01548,0.01354
Time,s,20,0.01555,0.01686,0.01424
Time,s,20,0.01333,0.02192,0.0148
Time,s,20,0.01552,0.02212,0.01472
Time,s,20,0.0158,0.01581,0.01452
Time,s,20,0.02119,0.01536,0.01555
Time,s,20,0.02096,0.01418,0.01494
Time,s,20,0.0154,0.01473,0.01462
Time,s,20,0.01553,0.01525,0.01496
Time,s,20,0.01557,0.01528,0.01446
Time,s,20,0.01452,0.01459,0.01588
Time,s,20,0.01479,0.01849,0.01516
Time,s,20,0.0154,0.01597,0.01384
Time,s,20,0.01424,0.01477,0.01414
Time,s,20,0.01445,0.01439,0.0153
Time,s,20,0.01348,0.01514,0.01375
Time,s,20,0.01473,0.01507,0.01378
Time,s,20,0.01405,0.01565,0.01378
Time,s,20,0.01561,0.0146,0.01407
Time,s,20,0.01474,0.0142,0.01457
Time,s,20,0.01529,0.01362,0.014
Time,s,20,0.01456,0.01391,0.01442
Time,s,20,0.01427,0.01486,0.01421
Time,s,20,0.01448,0.01419,0.0143
Time,s,20,0.01452,0.01449,0.01581
Time,s,20,0.01414,0.01551,0.01405
Time,s,20,0.01651,0.01423,0.01311
Time,s,20,0.0155,0.01407,0.01526
Time,s,20,0.01489,0.01454,0.01524
Time,s,20,0.01558,0.01394,0.01398
Time,s,20,0.01446,0.01453,0.01331
Time,s,20,0.01409,0.01364,0.01529
Time,s,20,0.01357,0.01415,0.01459
Time,s,20,0.01488,0.01284,0.01358
Time,s,20,0.01463,0.01401,0.01389
Time,s,20,0.0147,0.01339,0.01443
Time,s,20,0.01458,0.01442,0.01339
Time,s,20,0.01443,0.01428,0.01423
Time,s,20,0.01504,0.01495,0.01407
Time,s,20,0.01465,0.01491,0.0133
Time,s,20,0.01445,0.015,0.01362
Time,s,20,0.01422,0.01635,0.01398
Time,s,20,0.01387,0.01486,0.01404
Time,s,20,0.01379,0.01355,0.01503
Time,s,20,0.01522,0.01517,0.01439
Time,s,20,0.01507,0.0137,0.01492
Time,s,20,0.01472,0.01445,0.01388
Time,s,20,0.01337,0.01501,0.01422
Time,s,20,0.01455,0.014,0.01507
Time,s,20,0.01505,0.01392,0.01334
Time,s,20,0.01476,0.01474,0.01442
Time,s,20,0.01331,0.01513,0.01582
Time,s,20,0.01555,0.01442,0.01437
Time,s,20,0.01445,0.01454,0.01421
Time,s,20,0.01448,0.01516,0.01344
Time,s,20,0.0135,0.01401,0.01311
Time,s,20,0.0151,0.01404,0.01336
Time,s,20,0.01326,0.01424,0.01515
Time,s,20,0.01361,0.01538,0.01406
Time,s,20,0.01596,0.0153,0.01592
Time,s,20,0.0173,0.01555,0.01436
Time,s,20,0.01517,0.01346,0.01497
Time,s,20,0.01506,0.01397,0.01565
Time,s,21,0.01424,0.0221,0.0127
Time,s,21,0.00981,0.01021,0.0095
Time,s,21,0.00959,0.00917,0.00846
Time,s,21,0.00949,0.00895,0.00893
Time,s,21,0.00931,0.00893,0.00981
Time,s,21,0.00877,0.00902,0.00926
Time,s,21,0.00848,0.00884,0.00869
Time,s,21,0.0089,0.00844,0.00933
Time,s,21,0.00869,0.00882,0.01322
Time,s,21,0.0088,0.00847,0.00861
Time,s,21,0.0085,0.00902,0.00869
Time,s,21,0.00864,0.01008,0.0087
Time,s,21,0.00861,0.00831,0.0101
Time,s,21,0.00968,0.00868,0.00807
Time,s,21,0.0089,0.00847,0.00896
Time,s,21,0.00861,0.00811,0.00907
Time,s,21,0.00896,0.00915,0.0077
Time,s,21,0.0088,0.00848,0.00795
Time,s,21,0.00838,0.00853,0.00843
Time,s,21,0.00853,0.00866,0.00959
Time,s,21,0.00986,0.0088,0.00826
Time,s,21,0.0084,0.00822,0.00809
Time,s,21,0.0085,0.00872,0.00799
Time,s,21,0.00823,0.00882,0.00819
Time,s,21,0.00863,0.00938,0.00859
Time,s,21,0.00827,0.00829,0.00816
Time,s,21,0.00829,0.00828,0.00803
Time,s,21,0.0085,0.00858,0.009
Time,s,21,0.00836,0.00857,0.00787
Time,s,21,0.00833,0.00804,0.00783
Time,s,21,0.00826,0.0088,0.00807
Time,s,21,0.00821,0.00864,0.00901
Time,s,21,0.00843,0.0089,0.0103
Time,s,21,0.00802,0.00809,0.00855
Time,s,21,0.00856,0.00856,0.00829
Time,s,21,0.00848,0.00874,0.00772
Time,s,21,0.00799,0.00859,0.00788
Time,s,21,0.00841,0.00855,0.00806
Time,s,21,0.00798,0.00888,0.00786
Time,s,21,0.00863,0.00855,0.00803
Time,s,21,0.00819,0.00867,0.00821
Time,s,21,0.0085,0.00871,0.00779
Time,s,21,0.00831,0.00836,0.00816
Time,s,21,0.00814,0.00813,0.00804
Time,s,21,0.00859,0.00909,0.00791
Time,s,21,0.00973,0.00854,0.00819
Time,s,21,0.00864,0.00814,0.00834
Time,s,21,0.00982,0.00866,0.00786
Time,s,21,0.00828,0.00823,0.00808
Time,s,21,0.0081,0.00953,0.00801
Time,s,21,0.00828,0.00865,0.00949
Time,s,21,0.00826,0.00886,0.00807
Time,s,21,0.00808,0.00841,0.00813
Time,s,21,0.00995,0.00827,0.0091
Time,s,21,0.00852,0.00974,0.00838
Time,s,21,0.00876,0.0085,0.0092
Time,s,21,0.00866,0.00881,0.00847
Time,s,21,0.00946,0.00842,0.00794
Time,s,21,0.00872,0.00847,0.00957
Time,s,21,0.00967,0.00875,0.00934
Time,s,21,0.00949,0.00841,0.00851
Time,s,21,0.00923,0.00908,0.00792
Time,s,21,0.00829,0.00799,0.00783
Time,s,21,0.00844,0.00823,0.00793
Time,s,21,0.00819,0.00876,0.00787
Time,s,21,0.00897,0.00993,0.00846
Time,s,21,0.00799,0.009,0.00851
Time,s,21,0.00836,0.00838,0.00814
Time,s,21,0.00873,0.00916,0.0082
Time,s,21,0.00878,0.00912,0.00932
Time,s,21,0.00812,0.00955,0.00793
Time,s,21,0.00804,0.00961,0.008
Time,s,21,0.00794,0.00861,0.00809
Time,s,21,0.00822,0.00836,0.00888
Time,s,21,0.01019,0.00833,0.00817
Time,s,21,0.00795,0.00878,0.00792
Time,s,21,0.00856,0.00849,0.00807
Time,s,21,0.00814,0.00885,0.00773
Time,s,21,0.00839,0.00888,0.0085
Time,s,21,0.00815,0.00922,0.00793
Time,s,22,1.58913,2.09612,1.65936
Time,s,22,1.62457,1.43367,1.64241
Time,s,22,0.61992,0.49833,0.56839
Time,s,22,0.70138,0.61642,0.58174
Time,s,22,0.53572,0.57524,0.6848
Time,s,22,0.66535,0.53099,0.57381
Time,s,22,0.53844,0.59586,0.68022
Time,s,22,0.545,0.51332,0.62887
Time,s,22,0.51245,0.7262,0.63415
Time,s,22,0.52749,0.55295,0.78
Time,s,22,0.53776,0.53671,0.81641
Time,s,22,0.52821,0.54029,0.63931
Time,s,22,0.72159,0.59696,0.55871
Time,s,22,0.53779,0.52192,0.65832
Time,s,22,0.54798,0.60016,0.54661
Time,s,22,0.66456,0.51525,0.68962
Time,s,22,0.54312,0.56345,0.59958
Time,s,22,0.52869,0.5865,0.5794
Time,s,22,0.56817,0.53899,0.59331
Time,s,22,0.5202,0.5737,0.54399
Time,s,22,0.51051,0.64695,0.56709
Time,s,22,0.53508,0.57344,0.52297
Time,s,22,0.56607,0.53431,0.80012
Time,s,22,0.53561,0.59471,0.54229
Time,s,22,0.52068,0.57925,0.67355
Time,s,22,0.53209,0.53762,0.5099
Time,s,22,0.5207,0.53957,0.55009
Time,s,22,0.53817,0.51647,0.53798
Time,s,22,0.50318,0.55576,0.60975
Time,s,22,0.53513,0.5351,0.53468
Time,s,22,0.57725,0.57589,0.63744
Time,s,22,0.52691,0.56284,0.63321
Time,s,22,0.5282,0.53802,0.54318
Time,s,22,0.53802,0.5361,0.53489
Time,s,22,0.55331,0.63775,0.5382
Time,s,22,0.51615,0.55199,0.54505
Time,s,22,0.5456,0.62456,0.59535
Time,s,22,0.52432,0.56867,0.50946
Time,s,22,0.54388,0.52419,0.55922
Time,s,22,0.54939,0.54534,0.59645
Time,s,22,0.53202,0.5234,0.59199
Time,s,22,0.55151,0.53773,0.56582
Time,s,22,0.52804,0.72442,0.54409
Time,s,22,0.54132,0.58148,0.51165
Time,s,22,0.54955,0.56525,0.55069
Time,s,22,0.53285,0.52155,0.53931
Time,s,22,0.5418,0.52173,0.52751
Time,s,22,0.51052,0.53195,0.55638
Time,s,22,0.51757,0.51214,0.66715
Time,s,22,0.52689,0.52296,0.53376
Time,s,22,0.54395,0.53606,0.52306
Time,s,22,0.51561,0.53056,0.5714
Time,s,22,0.51639,0.54874,0.56558
Time,s,22,0.57887,0.53195,0.51532
Time,s,22,0.52816,0.53423,0.53773
Time,s,22,0.52459,0.54002,0.52158
Time,s,22,0.53952,0.57216,0.53843
Time,s,22,0.52259,0.51674,0.50496
Time,s,22,0.5361,0.51333,0.54404
Time,s,22,0.53797,0.54179,0.52429
Time,s,22,0.57513,0.53434,0.54808
Time,s,22,0.63561,0.51015,0.53765
Time,s,22,0.65314,0.53367,0.54008
Time,s,22,0.62824,0.55441,0.51755
Time,s,22,0.65403,0.5307,0.53361
Time,s,22,0.61346,0.53168,0.52526
Time,s,22,0.63635,0.52834,0.61377
Time,s,22,0.64378,0.53455,0.55489
Time,s,22,0.60948,0.55245,0.53412
Time,s,22,0.6043,0.53542,0.52544
Time,s,22,0.59825,0.54214,0.55716
Time,s,22,0.59926,0.52236,0.53669
Time,s,22,0.58391,0.53117,0.52664
Time,s,22,0.55305,0.56013,0.54947
Time,s,22,0.56343,0.52447,0.59015
Time,s,22,0.5964,0.53874,0.55457
Time,s,22,0.5457,0.54611,0.52737
Time,s,22,0.55404,0.52008,0.53236
Time,s,22,0.55495,0.52299,0.52362
Time,s,22,0.5162,0.55056,0.5381
Time,s,23,0.30651,0.31466,0.28382
Time,s,23,0.26692,0.24806,0.23886
Time,s,23,0.28665,0.24026,0.23461
Time,s,23,0.26094,0.23309,0.23812
Time,s,23,0.25516,0.24127,0.23822
Time,s,23,0.24863,0.24929,0.23128
Time,s,23,0.23639,0.2421,0.23528
Time,s,23,0.24465,0.23818,0.24937
Time,s,23,0.25601,0.24196,0.23527
Time,s,23,0.24704,0.23817,0.23855
Time,s,23,0.23525,0.24219,0.23912
Time,s,23,0.25435,0.24604,0.23328
Time,s,23,0.28512,0.25009,0.23548
Time,s,23,0.26435,0.2379,0.23366
Time,s,23,0.25381,0.24222,0.24085
Time,s,23,0.24132,0.23444,0.23533
Time,s,23,0.25436,0.23866,0.25178
Time,s,23,0.24526,0.23384,0.23854
Time,s,23,0.23518,0.24115,0.24005
Time,s,23,0.23641,0.24973,0.23506
Time,s,23,0.24218,0.23357,0.24111
Time,s,23,0.24474,0.24042,0.24018
Time,s,23,0.24658,0.24255,0.24386
Time,s,23,0.23514,0.23701,0.24001
Time,s,23,0.24323,0.24211,0.2484
Time,s,23,0.25357,0.25177,0.24256
Time,s,23,0.2399,0.24684,0.24459
Time,s,23,0.23682,0.2604,0.23791
Time,s,23,0.2402,0.23723,0.24037
Time,s,23,0.24289,0.24118,0.2443
Time,s,23,0.23847,0.24017,0.24082
Time,s,23,0.24347,0.25395,0.2395
Time,s,23,0.24287,0.23912,0.23585
Time,s,23,0.25724,0.24756,0.25425
Time,s,23,0.24751,0.24042,0.23829
Time,s,23,0.24197,0.23844,0.23637
Time,s,23,0.255,0.26061,0.2389
Time,s,23,0.2352,0.24429,0.27522
Time,s,23,0.24117,0.27941,0.23642
Time,s,23,0.2354,0.25972,0.23882
Time,s,23,0.23813,0.2389,0.24302
Time,s,23,0.24587,0.24179,0.26239
Time,s,23,0.24185,0.24435,0.24719
Time,s,23,0.24089,0.2491,0.2407
Time,s,23,0.23143,0.26312,0.23343
Time,s,23,0.23604,0.27627,0.23654
Time,s,23,0.24254,0.26724,0.24789
Time,s,23,0.24599,0.24369,0.23743
Time,s,23,0.23971,0.23667,0.24222
Time,s,23,0.24895,0.24364,0.23629
Time,s,23,0.24007,0.25524,0.25187
Time,s,23,0.24288,0.23293,0.24127
Time,s,23,0.23765,0.26631,0.24464
Time,s,23,0.24156,0.27996,0.23744
Time,s,23,0.24,0.28609,0.24442
Time,s,23,0.24629,0.25336,0.23482
Time,s,23,0.23605,0.23925,0.24483
Time,s,23,0.24296,0.23722,0.23744
Time,s,23,0.23657,0.24885,0.25239
Time,s,23,0.24075,0.23673,0.26257
Time,s,23,0.24004,0.25966,0.2441
Time,s,23,0.252,0.25818,0.23549
Time,s,23,0.23606,0.26166,0.2452
Time,s,23,0.23725,0.23351,0.24603
Time,s,23,0.23787,0.24299,0.2644
Time,s,23,0.23674,0.23682,0.31203
Time,s,23,0.23746,0.24626,0.26414
Time,s,23,0.23836,0.23821,0.23379
Time,s,23,0.24443,0.26288,0.23628
Time,s,23,0.24647,0.25053,0.2405
Time,s,23,0.23609,0.24221,0.24661
Time,s,23,0.23259,0.23804,0.24607
Time,s,23,0.2494,0.24124,0.24789
Time,s,23,0.24438,0.24644,0.2429
Time,s,23,0.23545,0.23586,0.24886
Time,s,23,0.23986,0.25113,0.26924
Time,s,23,0.25536,0.23834,0.27004
Time,s,23,0.24424,0.263,0.24978
Time,s,23,0.24255,0.24095,0.24156
Time,s,23,0.24684,0.23822,0.25814
Time,s,24,0.03627,0.03714,0.03857
Time,s,24,0.0254,0.03126,0.02258
Time,s,24,0.02312,0.02111,0.01934
Time,s,24,0.02442,0.02758,0.02099
Time,s,24,0.02115,0.02158,0.0205
Time,s,24,0.02193,0.01916,0.02046
Time,s,24,0.01896,0.01893,0.01976
Time,s,24,0.0194,0.02033,0.02283
Time,s,24,0.01919,0.01978,0.01963
Time,s,24,0.01957,0.01878,0.02184
Time,s,24,0.02226,0.0204,0.02383
Time,s,24,0.01904,0.02208,0.0192
Time,s,24,0.01963,0.01894,0.01892
Time,s,24,0.0187,0.01973,0.01951
Time,s,24,0.01897,0.0195,0.02174
Time,s,24,0.01875,0.02039,0.01857
Time,s,24,0.01876,0.01936,0.02216
Time,s,24,0.02154,0.0204,0.01849
Time,s,24,0.02076,0.01902,0.01838
Time,s,24,0.01938,0.01956,0.0194
Time,s,24,0.01944,0.01852,0.01858
Time,s,24,0.02263,0.01916,0.0187
Time,s,24,0.01955,0.01826,0.01801
Time,s,24,0.01864,0.01855,0.02001
Time,s,24,0.01854,0.02207,0.0204
Time,s,24,0.02071,0.01959,0.0203
Time,s,24,0.0209,0.0201,0.01853
Time,s,24,0.01953,0.01919,0.01875
Time,s,24,0.01873,0.0181,0.0187
Time,s,24,0.01975,0.0185,0.02033
Time,s,24,0.01836,0.01882,0.01924
Time,s,24,0.0194,0.02083,0.01892
Time,s,24,0.01892,0.01908,0.01847
Time,s,24,0.01935,0.01879,0.01834
Time,s,24,0.01991,0.01883,0.01897
Time,s,24,0.01898,0.02029,0.01985
Time,s,24,0.01905,0.01906,0.02027
Time,s,24,0.01902,0.01848,0.019
Time,s,24,0.0187,0.01914,0.02195
Time,s,24,0.01858,0.01831,0.02103
Time,s,24,0.01928,0.0183,0.02001
Time,s,24,0.01877,0.01833,0.02047
Time,s,24,0.01951,0.01828,0.02006
Time,s,24,0.02067,0.01903,0.02138
Time,s,24,0.019,0.02145,0.02018
Time,s,24,0.01866,0.01977,0.02032
Time,s,24,0.01883,0.01945,0.0209
Time,s,24,0.01882,0.01843,0.02007
Time,s,24,0.01905,0.0191,0.02039
Time,s,24,0.02015,0.02012,0.02006
Time,s,24,0.0193,0.01871,0.02106
Time,s,24,0.0185,0.02036,0.02022
Time,s,24,0.01896,0.01896,0.02108
Time,s,24,0.01932,0.01914,0.01995
Time,s,24,0.01836,0.01853,0.02136
Time,s,24,0.01844,0.01892,0.02008
Time,s,24,0.01838,0.01881,0.0205
Time,s,24,0.0185,0.01879,0.01974
Time,s,24,0.01986,0.01848,0.01895
Time,s,24,0.02019,0.0186,0.01854
Time,s,24,0.01895,0.01845,0.01823
Time,s,24,0.01975,0.01878,0.01884
Time,s,24,0.01894,0.01896,0.01963
Time,s,24,0.01923,0.01903,0.01914
Time,s,24,0.01857,0.01926,0.0191
Time,s,24,0.01918,0.02076,0.01883
Time,s,24,0.02022,0.0189,0.01866
Time,s,24,0.02051,0.01926,0.01905
Time,s,24,0.01906,0.01855,0.01932
Time,s,24,0.01839,0.02031,0.01945
Time,s,24,0.01873,0.02111,0.02007
Time,s,24,0.01858,0.02065,0.01971
Time,s,24,0.01899,0.0205,0.0192
Time,s,24,0.01895,0.02087,0.01852
Time,s,24,0.01881,0.02023,0.01892
Time,s,24,0.01962,0.01992,0.0184
Time,s,24,0.02017,0.01944,0.01839
Time,s,24,0.01886,0.01868,0.01886
Time,s,24,0.01842,0.01846,0.02026
Time,s,24,0.01825,0.0185,0.01813
Time,s,25,0.02484,0.02194,0.02374
Time,s,25,0.01337,0.01299,0.01351
Time,s,25,0.01361,0.01286,0.01405
Time,s,25,0.01286,0.01268,0.01305
Time,s,25,0.01298,0.01325,0.01312
Time,s,25,0.01305,0.01254,0.01298
Time,s,25,0.01388,0.01287,0.01297
Time,s,25,0.01258,0.0129,0.01328
Time,s,25,0.01287,0.01303,0.01322
Time,s,25,0.01255,0.01317,0.01301
Time,s,25,0.01191,0.01258,0.01308
Time,s,25,0.01282,0.01275,0.01304
Time,s,25,0.01245,0.01288,0.01342
Time,s,25,0.01283,0.01288,0.01274
Time,s,25,0.01242,0.01264,0.01316
Time,s,25,0.01258,0.0129,0.01333
Time,s,25,0.01317,0.01222,0.01213
Time,s,25,0.01266,0.01303,0.01254
Time,s,25,0.01293,0.0129,0.01292
Time,s,25,0.01319,0.01346,0.01278
Time,s,25,0.01306,0.01304,0.01259
Time,s,25,0.01257,0.01295,0.01241
Time,s,25,0.01263,0.01269,0.01289
Time,s,25,0.01286,0.01322,0.0124
Time,s,25,0.01271,0.01316,0.01244
Time,s,25,0.01272,0.01297,0.01276
Time,s,25,0.01308,0.01391,0.01273
Time,s,25,0.01286,0.01247,0.01221
Time,s,25,0.01259,0.01264,0.01251
Time,s,25,0.01294,0.0124,0.01281
Time,s,25,0.01235,0.01351,0.01304
Time,s,25,0.01342,0.0126,0.01263
Time,s,25,0.01256,0.01215,0.01243
Time,s,25,0.01379,0.01322,0.01267
Time,s,25,0.01333,0.01314,0.0141
Time,s,25,0.01291,0.01367,0.01663
Time,s,25,0.01215,0.01213,0.01294
Time,s,25,0.01291,0.01305,0.01284
Time,s,25,0.01314,0.013,0.01335
Time,s,25,0.0129,0.01218,0.01227
Time,s,25,0.01305,0.01306,0.01267
Time,s,25,0.01218,0.01346,0.01265
Time,s,25,0.01303,0.01265,0.01229
Time,s,25,0.01282,0.0126,0.0134
Time,s,25,0.0122,0.01258,0.01227
Time,s,25,0.01302,0.01259,0.0125
Time,s,25,0.01299,0.01265,0.0133
Time,s,25,0.01281,0.01225,0.01264
Time,s,25,0.01283,0.01267,0.01301
Time,s,25,0.01286,0.01262,0.01375
Time,s,25,0.01329,0.01205,0.01307
Time,s,25,0.01273,0.01401,0.01191
Time,s,25,0.01271,0.01273,0.01293
Time,s,25,0.01432,0.01244,0.01221
Time,s,25,0.01355,0.01228,0.0126
Time,s,25,0.01256,0.01254,0.01242
Time,s,25,0.01244,0.01291,0.01254
Time,s,25,0.01298,0.0126,0.01239
Time,s,25,0.01253,0.01238,0.01294
Time,s,25,0.01271,0.01254,0.01251
Time,s,25,0.01313,0.01267,0.01239
Time,s,25,0.01262,0.01271,0.01282
Time,s,25,0.01273,0.01221,0.01224
Time,s,25,0.01262,0.01335,0.01311
Time,s,25,0.01294,0.0125,0.0126
Time,s,25,0.01331,0.01268,0.01313
Time,s,25,0.01189,0.01279,0.0123
Time,s,25,0.01359,0.01317,0.01337
Time,s,25,0.01291,0.01244,0.01194
Time,s,25,0.01235,0.01263,0.01251
Time,s,25,0.0123,0.01204,0.01252
Time,s,25,0.01285,0.01298,0.01304
Time,s,25,0.01261,0.01294,0.01254
Time,s,25,0.01271,0.01193,0.01269
Time,s,25,0.01377,0.01269,0.01299
Time,s,25,0.01269,0.01289,0.01274
Time,s,25,0.01294,0.01275,0.01285
Time,s,25,0.0118,0.01259,0.01262
Time,s,25,0.01301,0.01267,0.01291
Time,s,25,0.01293,0.01235,0.01321
Time,s,26,0.02702,0.02884,0.02107
Time,s,26,0.02018,0.01956,0.02017
Time,s,26,0.0225,0.02104,0.02266
Time,s,26,0.0203,0.02007,0.01973
Time,s,26,0.02129,0.02122,0.02009
Time,s,26,0.02174,0.02048,0.02091
Time,s,26,0.01932,0.01981,0.02212
Time,s,26,0.02103,0.01949,0.02208
Time,s,26,0.02153,0.02101,0.02282
Time,s,26,0.02276,0.0221,0.02324
Time,s,26,0.02017,0.01947,0.02267
Time,s,26,0.02071,0.02119,0.02177
Time,s,26,0.02107,0.01997,0.02182
Time,s,26,0.0212,0.0246,0.02438
Time,s,26,0.02275,0.02124,0.02302
Time,s,26,0.02206,0.02016,0.02544
Time,s,26,0.02013,0.02466,0.02333
Time,s,26,0.02315,0.02239,0.02221
Time,s,26,0.01987,0.02019,0.02245
Time,s,26,0.02355,0.01987,0.02218
Time,s,26,0.02397,0.02181,0.02362
Time,s,26,0.02098,0.01948,0.02158
Time,s,26,0.01981,0.02032,0.02279
Time,s,26,0.02008,0.02209,0.02181
Time,s,26,0.02205,0.02192,0.02346
Time,s,26,0.01964,0.01969,0.02181
Time,s,26,0.01963,0.0199,0.02072
Time,s,26,0.01989,0.01986,0.02202
Time,s,26,0.01972,0.02371,0.01975
Time,s,26,0.02381,0.02336,0.02032
Time,s,26,0.02144,0.02183,0.02251
Time,s,26,0.02011,0.0209,0.01955
Time,s,26,0.02069,0.02104,0.01975
Time,s,26,0.02371,0.02328,0.01898
Time,s,26,0.0222,0.02185,0.022
Time,s,26,0.02018,0.02029,0.02271
Time,s,26,0.03674,0.02007,0.02064
Time,s,26,0.02025,0.02226,0.01981
Time,s,26,0.02058,0.02393,0.02301
Time,s,26,0.02311,0.02463,0.02021
Time,s,26,0.02071,0.02135,0.01982
Time,s,26,0.02467,0.02278,0.02123
Time,s,26,0.02104,0.02092,0.02098
Time,s,26,0.02017,0.02399,0.0195
Time,s,26,0.02127,0.02407,0.02178
Time,s,26,0.02328,0.02008,0.02077
Time,s,26,0.02075,0.02001,0.02115
Time,s,26,0.02252,0.02058,0.0206
Time,s,26,0.02092,0.02222,0.02037
Time,s,26,0.01994,0.02122,0.01999
Time,s,26,0.02339,0.0207,0.0214
Time,s,26,0.02366,0.02202,0.0221
Time,s,26,0.02081,0.02053,0.01993
Time,s,26,0.0206,0.02019,0.02218
Time,s,26,0.02051,0.0218,0.02476
Time,s,26,0.02343,0.02245,0.02202
Time,s,26,0.0211,0.02002,0.02041
Time,s,26,0.02095,0.02249,0.02023
Time,s,26,0.02319,0.01966,0.02022
Time,s,26,0.02197,0.01996,0.02015
Time,s,26,0.02264,0.0203,0.02318
Time,s,26,0.02133,0.02046,0.02117
Time,s,26,0.0197,0.02191,0.02007
Time,s,26,0.0225,0.02011,0.02126
Time,s,26,0.02075,0.0215,0.02148
Time,s,26,0.02224,0.02113,0.02261
Time,s,26,0.01972,0.02007,0.02063
Time,s,26,0.02284,0.0202,0.02228
Time,s,26,0.02045,0.02065,0.0211
Time,s,26,0.02168,0.02029,0.02284
Time,s,26,0.02175,0.01987,0.02063
Time,s,26,0.01983,0.02042,0.02028
Time,s,26,0.02233,0.02216,0.02004
Time,s,26,0.02078,0.01998,0.02057
Time,s,26,0.02149,0.02237,0.02319
Time,s,26,0.01952,0.02446,0.01942
Time,s,26,0.02048,0.02401,0.02077
Time,s,26,0.02156,0.02425,0.02158
Time,s,26,0.02044,0.02861,0.02118
Time,s,26,0.01981,0.02282,0.02017
Time,s,27,0.12943,0.13917,0.13657
Time,s,27,0.12225,0.12861,0.12106
Time,s,27,0.12415,0.1343,0.11511
Time,s,27,0.12385,0.13197,0.12657
Time,s,27,0.11987,0.14114,0.13248
Time,s,27,0.12402,0.12179,0.12907
Time,s,27,0.11544,0.12463,0.11896
Time,s,27,0.11769,0.11704,0.11502
Time,s,27,0.11624,0.12385,0.11651
Time,s,27,0.13002,0.11572,0.11815
Time,s,27,0.12075,0.12242,0.12021
Time,s,27,0.12031,0.11782,0.11751
Time,s,27,0.11821,0.12019,0.12179
Time,s,27,0.12446,0.12244,0.1244
Time,s,27,0.11872,0.12972,0.11716
Time,s,27,0.12127,0.12621,0.12251
Time,s,27,0.1172,0.12568,0.11398
Time,s,27,0.11878,0.13095,0.11941
Time,s,27,0.11846,0.12267,0.11933
Time,s,27,0.11951,0.11568,0.11562
Time,s,27,0.11819,0.1193,0.1258
Time,s,27,0.12481,0.11912,0.13537
Time,s,27,0.11527,0.12806,0.12291
Time,s,27,0.12403,0.12538,0.11968
Time,s,27,0.12483,0.12403,0.11919
Time,s,27,0.11871,0.12991,0.12015
Time,s,27,0.12388,0.1229,0.12599
Time,s,27,0.12114,0.12227,0.1178
Time,s,27,0.12122,0.12657,0.11902
Time,s,27,0.12254,0.12113,0.11216
Time,s,27,0.122,0.12085,0.11949
Time,s,27,0.12834,0.12043,0.11893
Time,s,27,0.12861,0.12014,0.12547
Time,s,27,0.12457,0.11951,0.11967
Time,s,27,0.1203,0.12102,0.12173
Time,s,27,0.11916,0.1206,0.12178
Time,s,27,0.12333,0.11654,0.11679
Time,s,27,0.12454,0.12239,0.12551
Time,s,27,0.11934,0.12251,0.13106
Time,s,27,0.11883,0.12117,0.12518
Time,s,27,0.12324,0.11654,0.11553
Time,s,27,0.11595,0.13085,0.11863
Time,s,27,0.11655,0.1329,0.1165
Time,s,27,0.12612,0.13926,0.12004
Time,s,27,0.12642,0.12761,0.1235
Time,s,27,0.12371,0.1195,0.11672
Time,s,27,0.12103,0.11648,0.1188
Time,s,27,0.1233,0.11467,0.12352
Time,s,27,0.12298,0.12183,0.1186
Time,s,27,0.12398,0.1167,0.12618
Time,s,27,0.11817,0.12173,0.12763
Time,s,27,0.11706,0.12249,0.12712
Time,s,27,0.11885,0.11534,0.12407
Time,s,27,0.11763,0.12063,0.11675
Time,s,27,0.12187,0.12621,0.12355
Time,s,27,0.11953,0.12847,0.14283
Time,s,27,0.13347,0.12275,0.15137
Time,s,27,0.12205,0.12505,0.12952
Time,s,27,0.12565,0.11469,0.13735
Time,s,27,0.12557,0.12126,0.13573
Time,s,27,0.12558,0.12057,0.1287
Time,s,27,0.11855,0.11918,0.12599
Time,s,27,0.12021,0.11882,0.13381
Time,s,27,0.12661,0.13001,0.13607
Time,s,27,0.11876,0.11855,0.12292
Time,s,27,0.12706,0.1236,0.12197
Time,s,27,0.12329,0.1179,0.11868
Time,s,27,0.12222,0.12554,0.11631
Time,s,27,0.12145,0.12067,0.12473
Time,s,27,0.12379,0.11733,0.12403
Time,s,27,0.12151,0.12158,0.12008
Time,s,27,0.12535,0.11648,0.12705
Time,s,27,0.11732,0.12264,0.12561
Time,s,27,0.11925,0.11964,0.12282
Time,s,27,0.12148,0.1213,0.11447
Time,s,27,0.12106,0.12547,0.12321
Time,s,27,0.1198,0.12935,0.12387
Time,s,27,0.12381,0.12717,0.11649
Time,s,27,0.12156,0.11559,0.11652
Time,s,27,0.12348,0.12377,0.12197
Time,s,28,0.08964,0.07256,0.07686
Time,s,28,0.07695,0.07109,0.06415
Time,s,28,0.07054,0.06174,0.06202
Time,s,28,0.07657,0.06213,0.0616
Time,s,28,0.07334,0.06352,0.07261
Time,s,28,0.07347,0.06144,0.06364
Time,s,28,0.07496,0.06222,0.0626
Time,s,28,0.07321,0.06371,0.06332
Time,s,28,0.07304,0.06592,0.065
Time,s,28,0.07454,0.06198,0.06569
Time,s,28,0.07512,0.0627,0.06579
Time,s,28,0.07366,0.06402,0.06595
Time,s,28,0.07471,0.06346,0.064
Time,s,28,0.07615,0.06335,0.06468
Time,s,28,0.07445,0.06363,0.06439
Time,s,28,0.07337,0.06453,0.06487
Time,s,28,0.07578,0.06424,0.06636
Time,s,28,0.06863,0.06251,0.07155
Time,s,28,0.06527,0.06241,0.06524
Time,s,28,0.06395,0.06629,0.06484
Time,s,28,0.06664,0.06338,0.06505
Time,s,28,0.06659,0.06247,0.06342
Time,s,28,0.06524,0.06311,0.0635
Time,s,28,0.06636,0.06307,0.06548
Time,s,28,0.07362,0.06574,0.06565
Time,s,28,0.06936,0.06804,0.06498
Time,s,28,0.06452,0.06306,0.06502
Time,s,28,0.06575,0.06321,0.0645
Time,s,28,0.06563,0.06348,0.06451
Time,s,28,0.0652,0.0625,0.06529
Time,s,28,0.06398,0.06312,0.06446
Time,s,28,0.06593,0.06382,0.0642
Time,s,28,0.06518,0.06481,0.06712
Time,s,28,0.06407,0.06358,0.06713
Time,s,28,0.06515,0.06285,0.06338
Time,s,28,0.06443,0.06529,0.06624
Time,s,28,0.06757,0.064,0.07317
Time,s,28,0.06467,0.06325,0.06733
Time,s,28,0.06567,0.06245,0.0632
Time,s,28,0.06521,0.06295,0.06458
Time,s,28,0.06441,0.06484,0.0674
Time,s,28,0.06651,0.06436,0.06934
Time,s,28,0.06491,0.06394,0.06548
Time,s,28,0.06545,0.06358,0.06467
Time,s,28,0.06534,0.06281,0.07108
Time,s,28,0.06471,0.06297,0.0655
Time,s,28,0.06723,0.06394,0.06453
Time,s,28,0.06651,0.06345,0.06457
Time,s,28,0.06875,0.06467,0.06735
Time,s,28,0.06384,0.07055,0.06417
Time,s,28,0.06518,0.06259,0.06642
Time,s,28,0.06538,0.06398,0.06584
Time,s,28,0.06589,0.06561,0.0641
Time,s,28,0.06452,0.06324,0.06415
Time,s,28,0.06402,0.0629,0.06443
Time,s,28,0.06537,0.06468,0.06539
Time,s,28,0.06809,0.06961,0.06814
Time,s,28,0.06486,0.06526,0.06486
Time,s,28,0.06605,0.06424,0.06598
Time,s,28,0.06407,0.06439,0.06649
Time,s,28,0.06701,0.06562,0.06543
Time,s,28,0.06544,0.06575,0.06439
Time,s,28,0.06512,0.06547,0.06531
Time,s,28,0.06341,0.06502,0.06401
Time,s,28,0.06555,0.06679,0.07114
Time,s,28,0.0662,0.06843,0.06733
Time,s,28,0.06614,0.0655,0.0665
Time,s,28,0.06809,0.06827,0.06643
Time,s,28,0.06734,0.06565,0.06688
Time,s,28,0.06538,0.06425,0.06384
Time,s,28,0.06508,0.06551,0.06316
Time,s,28,0.0663,0.06415,0.06432
Time,s,28,0.07014,0.06757,0.0634
Time,s,28,0.06469,0.07013,0.0643
Time,s,28,0.06543,0.06528,0.06575
Time,s,28,0.06425,0.06537,0.06657
Time,s,28,0.06685,0.06523,0.07302
Time,s,28,0.0644,0.06478,0.07413
Time,s,28,0.06607,0.06543,0.07376
Time,s,28,0.06471,0.06493,0.07684
Time,s,29,0.02939,0.0309,0.03249
Time,s,29,0.02694,0.02713,0.02907
Time,s,29,0.02567,0.02734,0.02951
Time,s,29,0.02636,0.02675,0.0293
Time,s,29,0.02544,0.0265,0.02727
Time,s,29,0.02662,0.02648,0.02654
Time,s,29,0.02913,0.02712,0.02648
Time,s,29,0.02982,0.02612,0.02651
Time,s,29,0.02955,0.02652,0.02537
Time,s,29,0.02911,0.02723,0.02525
Time,s,29,0.02937,0.02642,0.02547
Time,s,29,0.02791,0.02671,0.02588
Time,s,29,0.0291,0.0263,0.02475
Time,s,29,0.02804,0.02754,0.02686
Time,s,29,0.02771,0.02535,0.02537
Time,s,29,0.0272,0.02616,0.02604
Time,s,29,0.02644,0.0273,0.02597
Time,s,29,0.02749,0.02673,0.02612
Time,s,29,0.02831,0.02602,0.02665
Time,s,29,0.02592,0.02517,0.02682
Time,s,29,0.02592,0.02563,0.02529
Time,s,29,0.026,0.02575,0.02621
Time,s,29,0.02541,0.02585,0.02519
Time,s,29,0.02586,0.02541,0.02642
Time,s,29,0.02619,0.02624,0.02583
Time,s,29,0.02521,0.0261,0.0258
Time,s,29,0.02578,0.02602,0.02707
Time,s,29,0.02678,0.02637,0.0259
Time,s,29,0.03977,0.02608,0.0247
Time,s,29,0.02865,0.02529,0.02591
Time,s,29,0.02638,0.0255,0.02505
Time,s,29,0.02576,0.02605,0.02581
Time,s,29,0.02522,0.02607,0.02635
Time,s,29,0.02493,0.02572,0.02626
Time,s,29,0.02459,0.02634,0.02549
Time,s,29,0.02538,0.02603,0.02549
Time,s,29,0.02514,0.0266,0.02566
Time,s,29,0.02921,0.02667,0.02586
Time,s,29,0.02717,0.02618,0.02572
Time,s,29,0.02567,0.02619,0.02544
Time,s,29,0.02551,0.0258,0.02463
Time,s,29,0.0256,0.02767,0.02502
Time,s,29,0.02587,0.02847,0.02469
Time,s,29,0.0257,0.02681,0.02557
Time,s,29,0.02554,0.0259,0.02488
Time,s,29,0.02555,0.02628,0.02451
Time,s,29,0.02593,0.02646,0.02569
Time,s,29,0.02572,0.02621,0.02553
Time,s,29,0.02592,0.02591,0.02721
Time,s,29,0.02487,0.02601,0.02544
Time,s,29,0.02615,0.02532,0.02597
Time,s,29,0.02767,0.02646,0.02476
Time,s,29,0.02578,0.02629,0.02612
Time,s,29,0.02531,0.02589,0.02622
Time,s,29,0.02518,0.02613,0.0259
Time,s,29,0.02463,0.02526,0.02708
Time,s,29,0.02514,0.02701,0.02672
Time,s,29,0.02843,0.02541,0.02517
Time,s,29,0.02645,0.02589,0.02476
Time,s,29,0.02574,0.0255,0.02491
Time,s,29,0.02577,0.02529,0.02547
Time,s,29,0.0265,0.02596,0.02494
Time,s,29,0.02758,0.02628,0.02536
Time,s,29,0.02538,0.02674,0.02476
Time,s,29,0.02515,0.02563,0.02497
Time,s,29,0.02533,0.0266,0.02584
Time,s,29,0.02551,0.02573,0.02561
Time,s,29,0.02561,0.02614,0.02621
Time,s,29,0.02591,0.02543,0.02528
Time,s,29,0.02565,0.02569,0.0247
Time,s,29,0.02648,0.02537,0.02566
Time,s,29,0.02586,0.0258,0.02667
Time,s,29,0.02655,0.0257,0.02737
Time,s,29,0.02535,0.02633,0.02688
Time,s,29,0.02503,0.02636,0.02612
Time,s,29,0.02566,0.02596,0.02596
Time,s,29,0.02528,0.02738,0.02609
Time,s,29,0.02627,0.02674,0.02552
Time,s,29,0.02495,0.02652,0.02748
Time,s,29,0.02508,0.02567,0.02761
Time,s,30,0.03214,0.03215,0.03145
Time,s,30,0.01797,0.01846,0.01793
Time,s,30,0.01878,0.01908,0.01864
Time,s,30,0.01807,0.02003,0.01824
Time,s,30,0.01795,0.01966,0.01736
Time,s,30,0.01782,0.02041,0.01764
Time,s,30,0.01859,0.01854,0.01784
Time,s,30,0.01815,0.01898,0.01883
Time,s,30,0.0178,0.02055,0.01838
Time,s,30,0.0185,0.01759,0.01851
Time,s,30,0.01829,0.01799,0.01799
Time,s,30,0.01883,0.01877,0.01779
Time,s,30,0.01842,0.01894,0.01797
Time,s,30,0.01764,0.01819,0.01664
Time,s,30,0.01805,0.01782,0.0178
Time,s,30,0.01744,0.01886,0.01743
Time,s,30,0.01818,0.01898,0.01813
Time,s,30,0.01964,0.01834,0.01769
Time,s,30,0.01827,0.01843,0.01823
Time,s,30,0.01714,0.01903,0.01781
Time,s,30,0.01749,0.01926,0.01742
Time,s,30,0.01745,0.01863,0.01786
Time,s,30,0.01863,0.01968,0.01717
Time,s,30,0.01795,0.01858,0.0173
Time,s,30,0.01961,0.01873,0.01781
Time,s,30,0.01947,0.01914,0.0178
Time,s,30,0.01788,0.01849,0.01696
Time,s,30,0.01824,0.01923,0.01738
Time,s,30,0.01793,0.0189,0.01784
Time,s,30,0.01793,0.0186,0.0176
Time,s,30,0.01824,0.01962,0.01758
Time,s,30,0.01815,0.01887,0.01806
Time,s,30,0.01808,0.01843,0.01857
Time,s,30,0.01765,0.01813,0.01824
Time,s,30,0.01958,0.01889,0.01803
Time,s,30,0.01757,0.01891,0.01741
Time,s,30,0.01825,0.01829,0.01707
Time,s,30,0.01791,0.01913,0.01713
Time,s,30,0.01744,0.01891,0.01862
Time,s,30,0.01703,0.01813,0.017
Time,s,30,0.01896,0.01911,0.01706
Time,s,30,0.01777,0.01934,0.01693
Time,s,30,0.01977,0.01869,0.01782
Time,s,30,0.01804,0.0176,0.01927
Time,s,30,0.01925,0.01873,0.01717
Time,s,30,0.01747,0.01867,0.01737
Time,s,30,0.01822,0.01807,0.01776
Time,s,30,0.0187,0.01892,0.01718
Time,s,30,0.01764,0.01863,0.01787
Time,s,30,0.0177,0.01778,0.01755
Time,s,30,0.018,0.01963,0.01826
Time,s,30,0.01824,0.01954,0.01649
Time,s,30,0.01873,0.01944,0.0178
Time,s,30,0.01768,0.01864,0.01764
Time,s,30,0.01761,0.01947,0.01753
Time,s,30,0.0179,0.01804,0.01804
Time,s,30,0.0182,0.01868,0.0185
Time,s,30,0.01813,0.0186,0.01766
Time,s,30,0.01922,0.01772,0.01799
Time,s,30,0.01778,0.01784,0.018
Time,s,30,0.01789,0.01902,0.01709
Time,s,30,0.01796,0.01881,0.01806
Time,s,30,0.01787,0.01852,0.01759
Time,s,30,0.01844,0.01909,0.01854
Time,s,30,0.01744,0.01853,0.01727
Time,s,30,0.01792,0.0186,0.01673
Time,s,30,0.01799,0.01917,0.01727
Time,s,30,0.01759,0.01803,0.01906
Time,s,30,0.01809,0.01834,0.01794
Time,s,30,0.0196,0.01778,0.01836
Time,s,30,0.01883,0.01859,0.0177
Time,s,30,0.01767,0.01826,0.01778
Time,s,30,0.01771,0.0183,0.01808
Time,s,30,0.01752,0.01748,0.01742
Time,s,30,0.0188,0.01946,0.01733
Time,s,30,0.01799,0.01864,0.01852
Time,s,30,0.01723,0.01749,0.01779
Time,s,30,0.01781,0.01827,0.01732
Time,s,30,0.01829,0.02011,0.0189
Time,s,30,0.01826,0.0183,0.01691
Time,s,31,0.04624,0.04733,0.0471
Time,s,31,0.03342,0.03399,0.03431
Time,s,31,0.03324,0.03713,0.03587
Time,s,31,0.03495,0.03501,0.03485
Time,s,31,0.03337,0.03335,0.03378
Time,s,31,0.03304,0.03421,0.03195
Time,s,31,0.03425,0.03402,0.03258
Time,s,31,0.033,0.03677,0.03343
Time,s,31,0.03405,0.03301,0.03167
Time,s,31,0.03474,0.03315,0.03264
Time,s,31,0.03403,0.03434,0.03155
Time,s,31,0.03369,0.03439,0.03221
Time,s,31,0.03185,0.03442,0.03214
Time,s,31,0.0317,0.03332,0.03268
Time,s,31,0.03545,0.03337,0.03277
Time,s,31,0.03355,0.03304,0.03249
Time,s,31,0.03541,0.03437,0.03313
Time,s,31,0.03735,0.03521,0.03299
Time,s,31,0.03561,0.03511,0.03334
Time,s,31,0.03399,0.0381,0.03168
Time,s,31,0.03518,0.03345,0.03258
Time,s,31,0.03475,0.03383,0.03201
Time,s,31,0.03412,0.03299,0.03184
Time,s,31,0.03231,0.03212,0.03193
Time,s,31,0.03499,0.03291,0.03366
Time,s,31,0.03281,0.03417,0.03312
Time,s,31,0.03411,0.03339,0.03243
Time,s,31,0.03352,0.03204,0.03327
Time,s,31,0.03456,0.03322,0.03241
Time,s,31,0.03426,0.03251,0.0327
Time,s,31,0.03334,0.0315,0.03242
Time,s,31,0.0325,0.03405,0.03224
Time,s,31,0.03303,0.03164,0.03119
Time,s,31,0.03247,0.03158,0.03353
Time,s,31,0.0331,0.03219,0.03309
Time,s,31,0.03394,0.03177,0.0312
Time,s,31,0.03268,0.03319,0.03116
Time,s,31,0.03486,0.03218,0.03291
Time,s,31,0.03702,0.03326,0.03292
Time,s,31,0.03326,0.03417,0.03222
Time,s,31,0.03298,0.0332,0.03245
Time,s,31,0.03319,0.03223,0.0318
Time,s,31,0.0326,0.03147,0.033
Time,s,31,0.03442,0.03259,0.0331
Time,s,31,0.03091,0.0347,0.03238
Time,s,31,0.03214,0.03315,0.03147
Time,s,31,0.0339,0.03346,0.03365
Time,s,31,0.03547,0.03166,0.03419
Time,s,31,0.03357,0.03449,0.03306
Time,s,31,0.03161,0.03289,0.03339
Time,s,31,0.03169,0.03344,0.03477
Time,s,31,0.03368,0.03311,0.03286
Time,s,31,0.03528,0.03233,0.03266
Time,s,31,0.03265,0.03278,0.03288
Time,s,31,0.0326,0.03219,0.03164
Time,s,31,0.0331,0.03468,0.03073
Time,s,31,0.03463,0.03357,0.03209
Time,s,31,0.03449,0.03232,0.03338
Time,s,31,0.03391,0.03357,0.03396
Time,s,31,0.03226,0.03282,0.03141
Time,s,31,0.03331,0.03337,0.03205
Time,s,31,0.03462,0.03224,0.03188
Time,s,31,0.0335,0.03371,0.0326
Time,s,31,0.03361,0.03399,0.03168
Time,s,31,0.03347,0.03283,0.03102
Time,s,31,0.03165,0.03482,0.03223
Time,s,31,0.0331,0.0352,0.03179
Time,s,31,0.03256,0.03453,0.03197
Time,s,31,0.03417,0.03174,0.03139
Time,s,31,0.03642,0.03373,0.03283
Time,s,31,0.0327,0.03311,0.03165
Time,s,31,0.03322,0.03308,0.03266
Time,s,31,0.03226,0.03283,0.03195
Time,s,31,0.03345,0.03211,0.03173
Time,s,31,0.03494,0.03205,0.03201
Time,s,31,0.03373,0.03272,0.03379
Time,s,31,0.03352,0.03378,0.03105
Time,s,31,0.03403,0.03317,0.03226
Time,s,31,0.03483,0.03302,0.03316
Time,s,31,0.03318,0.03204,0.03353
Time,s,32,0.02283,0.01866,0.01968
Time,s,32,0.00907,0.01005,0.00878
Time,s,32,0.00871,0.00852,0.00884
Time,s,32,0.00844,0.0088,0.00868
Time,s,32,0.00875,0.00856,0.00902
Time,s,32,0.00844,0.00834,0.00917
Time,s,32,0.00841,0.00844,0.00826
Time,s,32,0.00947,0.00865,0.00835
Time,s,32,0.00892,0.00838,0.00834
Time,s,32,0.00859,0.00873,0.00817
Time,s,32,0.00859,0.00825,0.00883
Time,s,32,0.00874,0.00864,0.0084
Time,s,32,0.00842,0.00832,0.00854
Time,s,32,0.00841,0.00835,0.00884
Time,s,32,0.00818,0.00937,0.00835
Time,s,32,0.00895,0.00808,0.00847
Time,s,32,0.00894,0.00821,0.00837
Time,s,32,0.00863,0.00909,0.0083
Time,s,32,0.00925,0.00847,0.00826
Time,s,32,0.00859,0.0094,0.00832
Time,s,32,0.00878,0.0086,0.00908
Time,s,32,0.00861,0.00945,0.00895
Time,s,32,0.00923,0.00861,0.0093
Time,s,32,0.00849,0.00864,0.00851
Time,s,32,0.00908,0.00843,0.0089
Time,s,32,0.00973,0.00968,0.00842
Time,s,32,0.0084,0.00881,0.00827
Time,s,32,0.00873,0.00831,0.00879
Time,s,32,0.00826,0.0086,0.00836
Time,s,32,0.00844,0.00871,0.00834
Time,s,32,0.00938,0.00846,0.00865
Time,s,32,0.00865,0.00843,0.00827
Time,s,32,0.00819,0.00868,0.00867
Time,s,32,0.00917,0.00915,0.00852
Time,s,32,0.00828,0.00853,0.00804
Time,s,32,0.00839,0.00924,0.00817
Time,s,32,0.00878,0.00835,0.00969
Time,s,32,0.00838,0.00825,0.00835
Time,s,32,0.00862,0.00865,0.00925
Time,s,32,0.00838,0.00843,0.01007
Time,s,32,0.00827,0.00837,0.00854
Time,s,32,0.00905,0.00844,0.00834
Time,s,32,0.00891,0.00831,0.00833
Time,s,32,0.00843,0.00819,0.00838
Time,s,32,0.00885,0.00834,0.00924
Time,s,32,0.00832,0.00828,0.00948
Time,s,32,0.00831,0.0084,0.00971
Time,s,32,0.00967,0.00828,0.00852
Time,s,32,0.00938,0.00834,0.00823
Time,s,32,0.00863,0.00898,0.00858
Time,s,32,0.00861,0.00793,0.00966
Time,s,32,0.0085,0.00851,0.0083
Time,s,32,0.00895,0.00818,0.00824
Time,s,32,0.00844,0.00817,0.00882
Time,s,32,0.00902,0.00827,0.00811
Time,s,32,0.00871,0.00805,0.00844
Time,s,32,0.00822,0.00827,0.0089
Time,s,32,0.00894,0.00883,0.0084
Time,s,32,0.00847,0.00853,0.0088
Time,s,32,0.0082,0.00933,0.00858
Time,s,32,0.00916,0.00893,0.00836
Time,s,32,0.00864,0.00852,0.00867
Time,s,32,0.00875,0.00849,0.00838
Time,s,32,0.00836,0.00851,0.00883
Time,s,32,0.0084,0.00857,0.00927
Time,s,32,0.00815,0.00857,0.00853
Time,s,32,0.00852,0.00819,0.00827
Time,s,32,0.0081,0.008,0.00861
Time,s,32,0.00823,0.00858,0.00821
Time,s,32,0.00868,0.00826,0.00842
Time,s,32,0.00871,0.00838,0.00834
Time,s,32,0.00821,0.00888,0.00787
Time,s,32,0.00856,0.00867,0.00838
Time,s,32,0.00839,0.00831,0.00897
Time,s,32,0.00852,0.00844,0.00831
Time,s,32,0.00873,0.00975,0.00865
Time,s,32,0.00844,0.00836,0.00832
Time,s,32,0.00841,0.00932,0.00904
Time,s,32,0.00917,0.00819,0.00858
Time,s,32,0.00857,0.00918,0.00788
Time,s,33,0.02761,0.02437,0.03603
Time,s,33,0.02535,0.02239,0.02247
Time,s,33,0.02282,0.02216,0.02132
Time,s,33,0.02175,0.02175,0.02142
Time,s,33,0.02301,0.02084,0.0219
Time,s,33,0.022,0.02075,0.02047
Time,s,33,0.02161,0.02077,0.02114
Time,s,33,0.02036,0.0211,0.02034
Time,s,33,0.02039,0.02144,0.02097
Time,s,33,0.02266,0.02034,0.02071
Time,s,33,0.02238,0.02135,0.01974
Time,s,33,0.02162,0.02162,0.02187
Time,s,33,0.02025,0.0214,0.01961
Time,s,33,0.02089,0.02028,0.02015
Time,s,33,0.02149,0.02054,0.02154
Time,s,33,0.02242,0.02082,0.0221
Time,s,33,0.02075,0.02145,0.02028
Time,s,33,0.0215,0.02145,0.02046
Time,s,33,0.02081,0.02338,0.02081
Time,s,33,0.02146,0.02224,0.02017
Time,s,33,0.02177,0.02083,0.02011
Time,s,33,0.02196,0.02165,0.02083
Time,s,33,0.02066,0.02025,0.02035
Time,s,33,0.02136,0.02074,0.01981
Time,s,33,0.02048,0.02037,0.02008
Time,s,33,0.02135,0.02086,0.02017
Time,s,33,0.02227,0.02012,0.0216
Time,s,33,0.02112,0.02094,0.02085
Time,s,33,0.02106,0.02036,0.02079
Time,s,33,0.02068,0.02025,0.02108
Time,s,33,0.02095,0.02111,0.02048
Time,s,33,0.02022,0.01998,0.02019
Time,s,33,0.02065,0.02129,0.02102
Time,s,33,0.02032,0.02098,0.02153
Time,s,33,0.02079,0.02092,0.02077
Time,s,33,0.02137,0.02164,0.02013
Time,s,33,0.0207,0.02069,0.02111
Time,s,33,0.02193,0.02089,0.02152
Time,s,33,0.02023,0.02067,0.02128
Time,s,33,0.02079,0.02141,0.0208
Time,s,33,0.02033,0.02107,0.02019
Time,s,33,0.02051,0.02102,0.02208
Time,s,33,0.02067,0.02012,0.02105
Time,s,33,0.02173,0.02168,0.01991
Time,s,33,0.0204,0.02049,0.02091
Time,s,33,0.02071,0.02008,0.02054
Time,s,33,0.02098,0.02068,0.02041
Time,s,33,0.01985,0.02072,0.02076
Time,s,33,0.02155,0.02011,0.02144
Time,s,33,0.02066,0.02051,0.02094
Time,s,33,0.02043,0.02122,0.0206
Time,s,33,0.02088,0.02148,0.02275
Time,s,33,0.02067,0.02147,0.02201
Time,s,33,0.02114,0.02031,0.02067
Time,s,33,0.02007,0.02174,0.0214
Time,s,33,0.02099,0.02052,0.02102
Time,s,33,0.02068,0.02194,0.02024
Time,s,33,0.02107,0.02106,0.02052
Time,s,33,0.01994,0.02092,0.02059
Time,s,33,0.02199,0.02207,0.02095
Time,s,33,0.02287,0.02025,0.02046
Time,s,33,0.02036,0.02115,0.02088
Time,s,33,0.02079,0.0204,0.0209
Time,s,33,0.02104,0.02071,0.02175
Time,s,33,0.02168,0.02087,0.02053
Time,s,33,0.02005,0.02168,0.02104
Time,s,33,0.01971,0.02092,0.0215
Time,s,33,0.02155,0.02048,0.0212
Time,s,33,0.02125,0.02064,0.02202
Time,s,33,0.02052,0.02069,0.02002
Time,s,33,0.02033,0.02274,0.02073
Time,s,33,0.02071,0.02087,0.0213
Time,s,33,0.02035,0.02038,0.0212
Time,s,33,0.02093,0.02114,0.02007
Time,s,33,0.02014,0.02089,0.01978
Time,s,33,0.02093,0.02055,0.02088
Time,s,33,0.02211,0.02173,0.02133
Time,s,33,0.01992,0.02185,0.02054
Time,s,33,0.02061,0.02081,0.02037
Time,s,33,0.0207,0.02087,0.02051
Time,s,34,0.0213,0.02845,0.02952
Time,s,34,0.01773,0.0175,0.01863
Time,s,34,0.01868,0.01821,0.01843
Time,s,34,0.01892,0.0178,0.01754
Time,s,34,0.01906,0.01783,0.01828
Time,s,34,0.01823,0.01737,0.01761
Time,s,34,0.01809,0.01749,0.01789
Time,s,34,0.01797,0.02098,0.01735
Time,s,34,0.01769,0.01949,0.01796
Time,s,34,0.01752,0.01792,0.01817
Time,s,34,0.0174,0.01804,0.0173
Time,s,34,0.01743,0.01831,0.01822
Time,s,34,0.01779,0.01858,0.01739
Time,s,34,0.01741,0.01918,0.01775
Time,s,34,0.01744,0.02205,0.01731
Time,s,34,0.01767,0.01773,0.01792
Time,s,34,0.01876,0.01756,0.01801
Time,s,34,0.01789,0.01742,0.01745
Time,s,34,0.01804,0.01768,0.01814
Time,s,34,0.01786,0.01767,0.01705
Time,s,34,0.01954,0.01774,0.0179
Time,s,34,0.01985,0.01756,0.01731
Time,s,34,0.01823,0.01785,0.01787
Time,s,34,0.02163,0.01825,0.01871
Time,s,34,0.01961,0.01863,0.01745
Time,s,34,0.01871,0.01803,0.01766
Time,s,34,0.01888,0.01806,0.01732
Time,s,34,0.01865,0.01752,0.01778
Time,s,34,0.01968,0.01772,0.01737
Time,s,34,0.01931,0.01774,0.01781
Time,s,34,0.01926,0.01799,0.01775
Time,s,34,0.01944,0.01804,0.01771
Time,s,34,0.01872,0.01844,0.01818
Time,s,34,0.01844,0.01788,0.01772
Time,s,34,0.01831,0.018,0.01796
Time,s,34,0.01872,0.0185,0.01837
Time,s,34,0.01759,0.0177,0.01777
Time,s,34,0.01797,0.01828,0.01757
Time,s,34,0.01787,0.01823,0.01796
Time,s,34,0.01785,0.01767,0.01924
Time,s,34,0.01911,0.01799,0.01788
Time,s,34,0.02082,0.01742,0.01794
Time,s,34,0.02036,0.01744,0.01749
Time,s,34,0.02021,0.01848,0.01846
Time,s,34,0.01884,0.01754,0.01915
Time,s,34,0.01917,0.01735,0.01773
Time,s,34,0.01806,0.01767,0.01803
Time,s,34,0.01838,0.01776,0.01816
Time,s,34,0.01881,0.01913,0.01827
Time,s,34,0.01804,0.0179,0.01716
Time,s,34,0.0181,0.01709,0.01906
Time,s,34,0.01849,0.01885,0.01791
Time,s,34,0.02042,0.01755,0.01829
Time,s,34,0.01765,0.01724,0.01797
Time,s,34,0.0179,0.01783,0.01813
Time,s,34,0.01789,0.01834,0.01806
Time,s,34,0.01836,0.01834,0.01829
Time,s,34,0.01869,0.0177,0.0177
Time,s,34,0.01874,0.01762,0.01756
Time,s,34,0.01786,0.01757,0.01744
Time,s,34,0.01724,0.01824,0.01801
Time,s,34,0.01836,0.01744,0.01708
Time,s,34,0.01889,0.01729,0.01771
Time,s,34,0.01802,0.01772,0.01834
Time,s,34,0.01907,0.01811,0.01847
Time,s,34,0.01807,0.01771,0.01705
Time,s,34,0.0177,0.01777,0.01742
Time,s,34,0.01711,0.01742,0.01787
Time,s,34,0.0181,0.01768,0.0173
Time,s,34,0.01749,0.01787,0.01816
Time,s,34,0.01791,0.01745,0.01853
Time,s,34,0.01783,0.01784,0.01957
Time,s,34,0.01796,0.01781,0.01944
Time,s,34,0.01765,0.01775,0.01717
Time,s,34,0.01788,0.01723,0.0178
Time,s,34,0.0179,0.01765,0.01738
Time,s,34,0.01801,0.01846,0.01901
Time,s,34,0.01914,0.01814,0.0179
Time,s,34,0.01758,0.01748,0.01823
Time,s,34,0.01805,0.01742,0.01802
Time,s,35,0.08355,0.08037,0.0847
Time,s,35,0.06054,0.0571,0.05884
Time,s,35,0.05801,0.062,0.05892
Time,s,35,0.05732,0.05848,0.05948
Time,s,35,0.05767,0.05753,0.06059
Time,s,35,0.06038,0.06557,0.05628
Time,s,35,0.05855,0.05619,0.05709
Time,s,35,0.05717,0.06084,0.06007
Time,s,35,0.05881,0.05829,0.05634
Time,s,35,0.05632,0.05674,0.05853
Time,s,35,0.05868,0.05815,0.05563
Time,s,35,0.05976,0.05769,0.05679
Time,s,35,0.0623,0.05585,0.05914
Time,s,35,0.05595,0.06106,0.05647
Time,s,35,0.05679,0.05869,0.0571
Time,s,35,0.05797,0.0634,0.05523
Time,s,35,0.05592,0.0598,0.05613
Time,s,35,0.05613,0.05988,0.05704
Time,s,35,0.06002,0.0563,0.05696
Time,s,35,0.05842,0.05811,0.05797
Time,s,35,0.05805,0.05809,0.0564
Time,s,35,0.06332,0.05971,0.05584
Time,s,35,0.05806,0.06293,0.05945
Time,s,35,0.05651,0.05622,0.05767
Time,s,35,0.05943,0.05686,0.0619
Time,s,35,0.05838,0.0573,0.06063
Time,s,35,0.05733,0.0555,0.05711
Time,s,35,0.06703,0.05815,0.05876
Time,s,35,0.0594,0.06035,0.05819
Time,s,35,0.05673,0.05961,0.0541
Time,s,35,0.05982,0.05695,0.05601
Time,s,35,0.05958,0.06166,0.05676
Time,s,35,0.05995,0.05636,0.05609
Time,s,35,0.05931,0.05922,0.05485
Time,s,35,0.05573,0.05794,0.05658
Time,s,35,0.059,0.0584,0.05673
Time,s,35,0.05664,0.05478,0.0539
Time,s,35,0.05593,0.0599,0.05748
Time,s,35,0.05734,0.05665,0.05791
Time,s,35,0.05967,0.05855,0.05567
Time,s,35,0.05894,0.05969,0.05848
Time,s,35,0.06009,0.05912,0.05831
Time,s,35,0.05518,0.05841,0.05787
Time,s,35,0.05796,0.05832,0.05447
Time,s,35,0.05967,0.05979,0.05967
Time,s,35,0.05941,0.05621,0.05752
Time,s,35,0.06332,0.0546,0.05585
Time,s,35,0.05898,0.05882,0.05578
Time,s,35,0.05681,0.0561,0.05858
Time,s,35,0.05603,0.05928,0.05543
Time,s,35,0.05842,0.05627,0.0591
Time,s,35,0.05986,0.05929,0.06022
Time,s,35,0.05826,0.0572,0.06142
Time,s,35,0.05851,0.06046,0.05677
Time,s,35,0.0566,0.05833,0.05698
Time,s,35,0.05881,0.06046,0.05437
Time,s,35,0.0585,0.05858,0.06064
Time,s,35,0.05941,0.06011,0.05587
Time,s,35,0.06016,0.05515,0.06106
Time,s,35,0.05682,0.06061,0.06264
Time,s,35,0.05825,0.05681,0.05624
Time,s,35,0.05467,0.05707,0.06106
Time,s,35,0.06136,0.0611,0.05659
Time,s,35,0.05641,0.05546,0.05639
Time,s,35,0.05726,0.05897,0.0588
Time,s,35,0.05561,0.05983,0.05563
Time,s,35,0.05634,0.05896,0.05831
Time,s,35,0.05723,0.05558,0.05768
Time,s,35,0.05547,0.05795,0.05761
Time,s,35,0.0603,0.0614,0.0634
Time,s,35,0.0623,0.05728,0.05653
Time,s,35,0.05693,0.05732,0.05634
Time,s,35,0.05967,0.06036,0.05614
Time,s,35,0.05637,0.06255,0.05686
Time,s,35,0.06051,0.05699,0.05796
Time,s,35,0.05803,0.05504,0.05714
Time,s,35,0.05636,0.05915,0.06114
Time,s,35,0.05773,0.05778,0.0602
Time,s,35,0.05694,0.05933,0.0599
Time,s,35,0.05965,0.05667,0.05816
Time,s,36,0.06184,0.0717,0.0613
Time,s,36,0.07241,0.06544,0.05426
Time,s,36,0.06952,0.06529,0.06613
Time,s,36,0.06887,0.05848,0.06624
Time,s,36,0.07176,0.06669,0.0698
Time,s,36,0.06975,0.06655,0.06417
Time,s,36,0.06524,0.05886,0.06509
Time,s,36,0.06391,0.06767,0.0625
Time,s,36,0.05434,0.07191,0.05953
Time,s,36,0.06935,0.0611,0.063
Time,s,36,0.07134,0.06197,0.0682
Time,s,36,0.066,0.05937,0.06182
Time,s,36,0.06312,0.06601,0.06757
Time,s,36,0.06353,0.05377,0.06738
Time,s,36,0.06676,0.05911,0.06164
Time,s,36,0.0769,0.06554,0.06238
Time,s,36,0.06586,0.06417,0.06077
Time,s,36,0.07218,0.06804,0.06867
Time,s,36,0.06515,0.06754,0.06003
Time,s,36,0.0647,0.06149,0.06017
Time,s,36,0.06915,0.06567,0.0636
Time,s,36,0.06013,0.06467,0.05487
Time,s,36,0.05992,0.07297,0.06429
Time,s,36,0.06685,0.06204,0.06406
Time,s,36,0.07136,0.06779,0.06537
Time,s,36,0.07107,0.0659,0.06365
Time,s,36,0.06533,0.06108,0.06787
Time,s,36,0.06819,0.06614,0.06296
Time,s,36,0.06361,0.06397,0.06393
Time,s,36,0.07177,0.06564,0.06322
Time,s,36,0.06874,0.0594,0.06405
Time,s,36,0.06029,0.0671,0.06809
Time,s,36,0.07201,0.06818,0.07282
Time,s,36,0.06653,0.06206,0.07121
Time,s,36,0.05413,0.06151,0.0732
Time,s,36,0.07178,0.06814,0.07199
Time,s,36,0.06935,0.06642,0.06288
Time,s,36,0.07172,0.06299,0.05587
Time,s,36,0.06026,0.05987,0.05501
Time,s,36,0.06554,0.06229,0.05644
Time,s,36,0.07156,0.06613,0.0621
Time,s,36,0.0627,0.07125,0.06554
Time,s,36,0.06353,0.06614,0.06562
Time,s,36,0.05557,0.06843,0.05703
Time,s,36,0.06276,0.06479,0.05943
Time,s,36,0.06756,0.05771,0.06584
Time,s,36,0.06536,0.06322,0.06011
Time,s,36,0.07139,0.0679,0.0631
Time,s,36,0.06711,0.05805,0.05912
Time,s,36,0.0626,0.06897,0.06129
Time,s,36,0.062,0.06589,0.0592
Time,s,36,0.0677,0.06355,0.06267
Time,s,36,0.06006,0.06353,0.0669
Time,s,36,0.07157,0.06814,0.05288
Time,s,36,0.06632,0.06582,0.06843
Time,s,36,0.06963,0.06334,0.05825
Time,s,36,0.05498,0.06675,0.0685
Time,s,36,0.06754,0.07212,0.06068
Time,s,36,0.06499,0.06765,0.05751
Time,s,36,0.06415,0.07175,0.07275
Time,s,36,0.06095,0.06714,0.06389
Time,s,36,0.07586,0.06045,0.06636
Time,s,36,0.06377,0.06014,0.06212
Time,s,36,0.0718,0.06908,0.06375
Time,s,36,0.06908,0.06357,0.05368
Time,s,36,0.06579,0.0596,0.06537
Time,s,36,0.06722,0.06663,0.06587
Time,s,36,0.06757,0.06343,0.06294
Time,s,36,0.0664,0.06653,0.06486
Time,s,36,0.06611,0.0583,0.07277
Time,s,36,0.06897,0.06198,0.06724
Time,s,36,0.06595,0.06304,0.06361
Time,s,36,0.06303,0.06801,0.06133
Time,s,36,0.06408,0.05968,0.06342
Time,s,36,0.06376,0.06175,0.05349
Time,s,36,0.0554,0.0593,0.06384
Time,s,36,0.0646,0.06496,0.0704
Time,s,36,0.06215,0.0644,0.06668
Time,s,36,0.06598,0.06411,0.06089
Time,s,36,0.06105,0.06144,0.06808
Time,s,37,0.00898,0.01038,0.01745
Time,s,37,0.00863,0.00826,0.00885
Time,s,37,0.00785,0.01122,0.00796
Time,s,37,0.00857,0.00716,0.00725
Time,s,37,0.00774,0.0074,0.0069
Time,s,37,0.00754,0.0073,0.00674
Time,s,37,0.00767,0.00748,0.0075
Time,s,37,0.0075,0.00806,0.00673
Time,s,37,0.00732,0.00741,0.00662
Time,s,37,0.0086,0.00699,0.0072
Time,s,37,0.00738,0.00718,0.0072
Time,s,37,0.00744,0.00709,0.00724
Time,s,37,0.00779,0.00766,0.00647
Time,s,37,0.00725,0.00685,0.00669
Time,s,37,0.00728,0.00753,0.00648
Time,s,37,0.00742,0.00715,0.00629
Time,s,37,0.00744,0.00709,0.0064
Time,s,37,0.00753,0.00756,0.0064
Time,s,37,0.00709,0.00721,0.0068
Time,s,37,0.00747,0.00692,0.0068
Time,s,37,0.00726,0.00681,0.0081
Time,s,37,0.01007,0.00748,0.00676
Time,s,37,0.00752,0.00749,0.00726
Time,s,37,0.00739,0.00877,0.00648
Time,s,37,0.00667,0.00815,0.00811
Time,s,37,0.00738,0.00735,0.00757
Time,s,37,0.00711,0.00702,0.00654
Time,s,37,0.00746,0.0067,0.00641
Time,s,37,0.00701,0.0069,0.00657
Time,s,37,0.00773,0.00773,0.00644
Time,s,37,0.00713,0.00705,0.00672
Time,s,37,0.00699,0.00761,0.00678
Time,s,37,0.007,0.00685,0.00625
Time,s,37,0.0081,0.00753,0.00738
Time,s,37,0.00704,0.00677,0.00645
Time,s,37,0.00782,0.00671,0.00654
Time,s,37,0.00714,0.00704,0.00657
Time,s,37,0.00714,0.00714,0.00672
Time,s,37,0.00758,0.00699,0.00592
Time,s,37,0.00703,0.00725,0.0061
Time,s,37,0.00689,0.00701,0.00604
Time,s,37,0.00728,0.00736,0.00647
Time,s,37,0.00687,0.00709,0.00715
Time,s,37,0.00725,0.00724,0.00702
Time,s,37,0.0077,0.00696,0.00693
Time,s,37,0.00746,0.00752,0.00654
Time,s,37,0.00691,0.00739,0.00714
Time,s,37,0.00718,0.00715,0.00633
Time,s,37,0.00707,0.00728,0.00676
Time,s,37,0.00734,0.00703,0.00677
Time,s,37,0.00672,0.00699,0.00646
Time,s,37,0.00767,0.00664,0.00649
Time,s,37,0.00689,0.00708,0.00616
Time,s,37,0.00676,0.00743,0.00704
Time,s,37,0.00718,0.00739,0.00631
Time,s,37,0.00657,0.00726,0.00674
Time,s,37,0.00709,0.00687,0.00644
Time,s,37,0.00721,0.00693,0.00662
Time,s,37,0.00748,0.00733,0.00674
Time,s,37,0.00705,0.00686,0.00678
Time,s,37,0.00734,0.0068,0.00629
Time,s,37,0.00678,0.00687,0.00742
Time,s,37,0.00681,0.00694,0.00649
Time,s,37,0.00705,0.00723,0.00616
Time,s,37,0.0073,0.00749,0.00673
Time,s,37,0.0071,0.00752,0.00659
Time,s,37,0.00711,0.00757,0.00664
Time,s,37,0.00741,0.00669,0.00661
Time,s,37,0.00735,0.00677,0.00679
Time,s,37,0.00693,0.00728,0.00691
Time,s,37,0.00722,0.00752,0.00649
Time,s,37,0.00691,0.0067,0.0064
Time,s,37,0.00726,0.00702,0.00635
Time,s,37,0.00707,0.00773,0.00672
Time,s,37,0.0069,0.00681,0.00654
Time,s,37,0.00718,0.00691,0.00678
Time,s,37,0.00684,0.00656,0.00643
Time,s,37,0.00684,0.00697,0.00647
Time,s,37,0.00724,0.0069,0.00636
Time,s,37,0.00743,0.00679,0.00646
Time,s,38,0.05479,0.05471,0.05472
Time,s,38,0.05597,0.0552,0.05426
Time,s,38,0.0555,0.05492,0.05847
Time,s,38,0.05384,0.05521,0.05413
Time,s,38,0.05764,0.05319,0.05588
Time,s,38,0.05393,0.05231,0.05238
Time,s,38,0.05347,0.05189,0.05836
Time,s,38,0.05786,0.05323,0.06264
Time,s,38,0.05642,0.05077,0.06035
Time,s,38,0.0553,0.05039,0.05947
Time,s,38,0.05491,0.05137,0.06044
Time,s,38,0.05368,0.05041,0.05886
Time,s,38,0.05316,0.05356,0.06043
Time,s,38,0.05624,0.05392,0.05767
Time,s,38,0.05419,0.05345,0.05754
Time,s,38,0.05232,0.05203,0.05719
Time,s,38,0.0534,0.05277,0.05871
Time,s,38,0.05287,0.05198,0.05859
Time,s,38,0.05409,0.05262,0.05762
Time,s,38,0.05723,0.05489,0.05441
Time,s,38,0.05816,0.05133,0.05533
Time,s,38,0.0545,0.05213,0.05579
Time,s,38,0.05271,0.05389,0.05876
Time,s,38,0.05569,0.05184,0.06151
Time,s,38,0.05339,0.05278,0.05875
Time,s,38,0.0533,0.05309,0.05618
Time,s,38,0.05397,0.05455,0.05592
Time,s,38,0.0554,0.05251,0.05586
Time,s,38,0.05457,0.05172,0.05772
Time,s,38,0.05476,0.05067,0.05857
Time,s,38,0.05618,0.05181,0.0558
Time,s,38,0.05235,0.05367,0.05583
Time,s,38,0.0527,0.05147,0.05763
Time,s,38,0.05507,0.05286,0.05593
Time,s,38,0.05342,0.05099,0.05793
Time,s,38,0.05581,0.05381,0.0539
Time,s,38,0.05228,0.05217,0.05537
Time,s,38,0.05491,0.05219,0.05281
Time,s,38,0.05378,0.05288,0.05325
Time,s,38,0.05499,0.05434,0.05354
Time,s,38,0.05281,0.05261,0.05408
Time,s,38,0.05419,0.05182,0.05311
Time,s,38,0.05059,0.05511,0.05448
Time,s,38,0.05301,0.05335,0.06288
Time,s,38,0.05267,0.05759,0.058
Time,s,38,0.05318,0.05455,0.05994
Time,s,38,0.0542,0.05142,0.053
Time,s,38,0.05538,0.05448,0.05426
Time,s,38,0.05556,0.05256,0.05374
Time,s,38,0.05682,0.05412,0.05452
Time,s,38,0.05006,0.05372,0.05564
Time,s,38,0.05359,0.05115,0.05469
Time,s,38,0.0536,0.05258,0.05722
Time,s,38,0.05299,0.05316,0.05441
Time,s,38,0.0541,0.05173,0.05396
Time,s,38,0.05276,0.05289,0.05436
Time,s,38,0.05431,0.04983,0.05664
Time,s,38,0.05385,0.05273,0.05445
Time,s,38,0.05201,0.05071,0.05285
Time,s,38,0.05461,0.05072,0.05501
Time,s,38,0.05363,0.05042,0.05681
Time,s,38,0.05282,0.05139,0.05474
Time,s,38,0.05142,0.05136,0.0572
Time,s,38,0.0519,0.05372,0.05976
Time,s,38,0.05487,0.05096,0.05712
Time,s,38,0.0523,0.05202,0.05429
Time,s,38,0.05359,0.05233,0.05661
Time,s,38,0.05252,0.05111,0.05342
Time,s,38,0.0541,0.05147,0.05503
Time,s,38,0.05407,0.0531,0.05459
Time,s,38,0.05276,0.05148,0.05192
Time,s,38,0.05372,0.0551,0.05476
Time,s,38,0.05477,0.05157,0.05533
Time,s,38,0.05441,0.05558,0.0519
Time,s,38,0.05278,0.05194,0.05287
Time,s,38,0.05354,0.05109,0.05201
Time,s,38,0.05131,0.05285,0.05269
Time,s,38,0.05205,0.05288,0.05268
Time,s,38,0.05112,0.05302,0.04995
Time,s,38,0.05263,0.05128,0.05363
Time,s,39,0.03495,0.03474,0.0337
Time,s,39,0.03346,0.03426,0.03361
Time,s,39,0.03639,0.03201,0.03267
Time,s,39,0.03496,0.03246,0.03342
Time,s,39,0.03742,0.03564,0.03229
Time,s,39,0.032,0.03375,0.03305
Time,s,39,0.03314,0.03412,0.03454
Time,s,39,0.03257,0.03506,0.03657
Time,s,39,0.03273,0.03136,0.03707
Time,s,39,0.03138,0.03299,0.03329
Time,s,39,0.03182,0.03303,0.03177
Time,s,39,0.03284,0.03236,0.03216
Time,s,39,0.03499,0.03203,0.0321
Time,s,39,0.03237,0.03355,0.03165
Time,s,39,0.03504,0.03598,0.03271
Time,s,39,0.03209,0.03228,0.03303
Time,s,39,0.03467,0.03296,0.03188
Time,s,39,0.03162,0.03644,0.03279
Time,s,39,0.03297,0.0374,0.03708
Time,s,39,0.0355,0.0342,0.03514
Time,s,39,0.03324,0.03339,0.03296
Time,s,39,0.03656,0.03381,0.03277
Time,s,39,0.03969,0.03409,0.03496
Time,s,39,0.04151,0.03488,0.0327
Time,s,39,0.03462,0.03464,0.03391
Time,s,39,0.03551,0.03593,0.03489
Time,s,39,0.03236,0.03332,0.03203
Time,s,39,0.03425,0.03731,0.03223
Time,s,39,0.03153,0.03328,0.03361
Time,s,39,0.03255,0.03252,0.03266
Time,s,39,0.03167,0.03326,0.03312
Time,s,39,0.0337,0.04033,0.03215
Time,s,39,0.03207,0.03258,0.03106
Time,s,39,0.03536,0.0325,0.03407
Time,s,39,0.03348,0.03442,0.0335
Time,s,39,0.03438,0.03945,0.03188
Time,s,39,0.03821,0.0375,0.03339
Time,s,39,0.03271,0.03137,0.0333
Time,s,39,0.03135,0.03474,0.03445
Time,s,39,0.03357,0.03767,0.03214
Time,s,39,0.03319,0.03614,0.03619
Time,s,39,0.03409,0.03279,0.03462
Time,s,39,0.03369,0.03294,0.03206
Time,s,39,0.03275,0.03612,0.03709
Time,s,39,0.0371,0.03158,0.03792
Time,s,39,0.03335,0.03657,0.0327
Time,s,39,0.03228,0.0362,0.03279
Time,s,39,0.03265,0.03267,0.03194
Time,s,39,0.03303,0.03438,0.03254
Time,s,39,0.0333,0.0346,0.03489
Time,s,39,0.03383,0.03559,0.0337
Time,s,39,0.03318,0.03225,0.03448
Time,s,39,0.03457,0.03316,0.0319
Time,s,39,0.03382,0.03152,0.0326
Time,s,39,0.03172,0.03496,0.03704
Time,s,39,0.03384,0.0365,0.03782
Time,s,39,0.03406,0.03312,0.0351
Time,s,39,0.03284,0.0336,0.0319
Time,s,39,0.03478,0.035,0.03273
Time,s,39,0.03304,0.03209,0.03073
Time,s,39,0.03679,0.03353,0.03868
Time,s,39,0.03582,0.03264,0.03665
Time,s,39,0.03174,0.03318,0.03217
Time,s,39,0.03284,0.03164,0.03352
Time,s,39,0.03236,0.0379,0.03342
Time,s,39,0.03482,0.0337,0.03565
Time,s,39,0.03354,0.03361,0.03487
Time,s,39,0.03362,0.03643,0.03352
Time,s,39,0.03415,0.03357,0.03625
Time,s,39,0.03565,0.03435,0.03193
Time,s,39,0.03268,0.03494,0.0334
Time,s,39,0.03308,0.03426,0.0344
Time,s,39,0.03605,0.03301,0.03214
Time,s,39,0.0355,0.03363,0.03515
Time,s,39,0.03451,0.03559,0.03171
Time,s,39,0.03334,0.03372,0.03389
Time,s,39,0.03229,0.03428,0.03432
Time,s,39,0.03285,0.03547,0.03425
Time,s,39,0.03161,0.03264,0.03469
Time,s,39,0.03237,0.03483,0.03356
Time,s,40,0.02247,0.03374,0.01988
Time,s,40,0.02033,0.02117,0.01878
Time,s,40,0.0208,0.02035,0.01976
Time,s,40,0.01996,0.0225,0.01832
Time,s,40,0.01799,0.0176,0.02019
Time,s,40,0.01965,0.01865,0.02117
Time,s,40,0.02005,0.01723,0.01857
Time,s,40,0.01813,0.02028,0.01918
Time,s,40,0.01843,0.01846,0.01858
Time,s,40,0.01895,0.01871,0.01812
Time,s,40,0.01803,0.02015,0.01868
Time,s,40,0.02218,0.01861,0.01727
Time,s,40,0.01839,0.01953,0.02032
Time,s,40,0.02102,0.01701,0.01886
Time,s,40,0.01852,0.01944,0.01844
Time,s,40,0.01872,0.01763,0.01817
Time,s,40,0.02021,0.01792,0.01833
Time,s,40,0.01812,0.01905,0.01799
Time,s,40,0.01896,0.01913,0.01898
Time,s,40,0.01836,0.01958,0.01788
Time,s,40,0.01864,0.01968,0.01886
Time,s,40,0.01882,0.01991,0.01846
Time,s,40,0.01869,0.01826,0.01853
Time,s,40,0.02002,0.02176,0.0191
Time,s,40,0.0192,0.02005,0.01972
Time,s,40,0.02116,0.01992,0.01874
Time,s,40,0.01751,0.01777,0.01785
Time,s,40,0.01952,0.02025,0.01823
Time,s,40,0.01859,0.01938,0.01958
Time,s,40,0.0181,0.01825,0.01863
Time,s,40,0.02017,0.01792,0.01987
Time,s,40,0.01914,0.01819,0.01774
Time,s,40,0.01766,0.01816,0.01696
Time,s,40,0.01978,0.01745,0.01921
Time,s,40,0.01848,0.01844,0.01823
Time,s,40,0.01963,0.01814,0.02041
Time,s,40,0.01959,0.01777,0.02023
Time,s,40,0.01863,0.01693,0.01771
Time,s,40,0.0192,0.01734,0.01948
Time,s,40,0.01844,0.01877,0.01979
Time,s,40,0.01745,0.01888,0.01843
Time,s,40,0.01877,0.01699,0.01806
Time,s,40,0.01973,0.01737,0.01836
Time,s,40,0.01794,0.01694,0.0195
Time,s,40,0.01853,0.01859,0.01739
Time,s,40,0.01817,0.02016,0.01801
Time,s,40,0.01905,0.01888,0.01824
Time,s,40,0.0185,0.01736,0.0176
Time,s,40,0.01867,0.01753,0.01859
Time,s,40,0.01971,0.01835,0.01911
Time,s,40,0.01837,0.01788,0.01816
Time,s,40,0.01733,0.0184,0.01912
Time,s,40,0.01895,0.01785,0.01936
Time,s,40,0.01926,0.01691,0.0184
Time,s,40,0.0183,0.01799,0.01835
Time,s,40,0.01826,0.01923,0.01985
Time,s,40,0.0174,0.01948,0.01956
Time,s,40,0.01859,0.01641,0.01901
Time,s,40,0.01919,0.01934,0.01896
Time,s,40,0.01804,0.01908,0.01766
Time,s,40,0.02172,0.0184,0.01908
Time,s,40,0.01872,0.01748,0.01877
Time,s,40,0.01787,0.01741,0.01752
Time,s,40,0.02097,0.01809,0.01765
Time,s,40,0.01805,0.01741,0.01931
Time,s,40,0.0191,0.02034,0.01838
Time,s,40,0.02042,0.01664,0.01805
Time,s,40,0.01744,0.01959,0.0182
Time,s,40,0.0198,0.0175,0.01882
Time,s,40,0.01778,0.01726,0.01881
Time,s,40,0.01954,0.01743,0.01907
Time,s,40,0.01867,0.01788,0.01772
Time,s,40,0.01803,0.01765,0.01839
Time,s,40,0.01949,0.01853,0.01867
Time,s,40,0.01818,0.01785,0.01865
Time,s,40,0.02071,0.01939,0.01946
Time,s,40,0.01798,0.01776,0.01728
Time,s,40,0.01886,0.01809,0.01869
Time,s,40,0.01741,0.01731,0.01956
Time,s,40,0.01709,0.01827,0.01838
Time,s,41,0.00698,0.00746,0.00797
Time,s,41,0.00926,0.00754,0.0071
Time,s,41,0.00729,0.0086,0.00646
Time,s,41,0.0066,0.00666,0.00725
Time,s,41,0.00731,0.00753,0.01045
Time,s,41,0.00676,0.00729,0.00763
Time,s,41,0.0082,0.00667,0.00641
Time,s,41,0.00721,0.00751,0.00741
Time,s,41,0.00732,0.00627,0.0067
Time,s,41,0.0067,0.00654,0.00639
Time,s,41,0.00637,0.00649,0.00657
Time,s,41,0.00633,0.0071,0.00654
Time,s,41,0.00624,0.00649,0.0077
Time,s,41,0.00648,0.00656,0.0069
Time,s,41,0.00669,0.00605,0.00749
Time,s,41,0.00707,0.00693,0.00662
Time,s,41,0.00708,0.00621,0.00602
Time,s,41,0.00789,0.0074,0.00715
Time,s,41,0.00712,0.00814,0.00621
Time,s,41,0.00688,0.00655,0.00605
Time,s,41,0.00624,0.00707,0.00688
Time,s,41,0.00708,0.00632,0.00725
Time,s,41,0.00684,0.00659,0.0064
Time,s,41,0.00669,0.0074,0.00689
Time,s,41,0.00674,0.00732,0.00631
Time,s,41,0.0075,0.00714,0.00631
Time,s,41,0.0071,0.00615,0.0062
Time,s,41,0.0072,0.00633,0.00651
Time,s,41,0.00644,0.00612,0.0087
Time,s,41,0.00668,0.00666,0.00661
Time,s,41,0.00703,0.00594,0.00675
Time,s,41,0.00629,0.00613,0.0064
Time,s,41,0.00756,0.00647,0.00751
Time,s,41,0.00622,0.00627,0.00655
Time,s,41,0.00664,0.00746,0.00647
Time,s,41,0.00638,0.00622,0.00774
Time,s,41,0.00697,0.00768,0.00619
Time,s,41,0.00681,0.00627,0.00626
Time,s,41,0.00663,0.00578,0.00652
Time,s,41,0.00685,0.00692,0.00621
Time,s,41,0.00628,0.00689,0.00657
Time,s,41,0.00724,0.00716,0.00621
Time,s,41,0.00667,0.00672,0.00684
Time,s,41,0.00677,0.00689,0.00623
Time,s,41,0.00691,0.00646,0.00671
Time,s,41,0.00664,0.00683,0.00652
Time,s,41,0.00632,0.00605,0.00639
Time,s,41,0.00774,0.00729,0.00683
Time,s,41,0.00784,0.00709,0.00658
Time,s,41,0.00644,0.00689,0.0066
Time,s,41,0.00632,0.0061,0.00757
Time,s,41,0.00668,0.00686,0.00632
Time,s,41,0.00605,0.00684,0.00631
Time,s,41,0.00636,0.00651,0.00662
Time,s,41,0.00692,0.00737,0.00612
Time,s,41,0.00629,0.00653,0.00672
Time,s,41,0.00663,0.00644,0.0061
Time,s,41,0.00634,0.00668,0.00698
Time,s,41,0.00673,0.00664,0.00615
Time,s,41,0.0075,0.00646,0.00632
Time,s,41,0.00639,0.00652,0.00601
Time,s,41,0.00741,0.00684,0.00698
Time,s,41,0.00675,0.00624,0.00636
Time,s,41,0.00657,0.00701,0.00638
Time,s,41,0.00675,0.0065,0.00676
Time,s,41,0.00731,0.0065,0.00667
Time,s,41,0.00752,0.00602,0.00684
Time,s,41,0.00675,0.00672,0.00669
Time,s,41,0.00661,0.00686,0.00656
Time,s,41,0.00666,0.00655,0.0064
Time,s,41,0.00755,0.0069,0.00647
Time,s,41,0.00695,0.00678,0.00662
Time,s,41,0.00682,0.00624,0.00695
Time,s,41,0.0065,0.00633,0.00645
Time,s,41,0.00693,0.00638,0.00624
Time,s,41,0.00688,0.00613,0.00648
Time,s,41,0.00706,0.00626,0.00628
Time,s,41,0.00674,0.0062,0.00704
Time,s,41,0.00669,0.00706,0.00693
Time,s,41,0.00673,0.00661,0.00698
Time,s,42,0.0093,0.00915,0.00899
Time,s,42,0.00941,0.00887,0.0086
Time,s,42,0.00913,0.0087,0.00842
Time,s,42,0.00881,0.00864,0.00871
Time,s,42,0.00909,0.00941,0.00903
Time,s,42,0.0086,0.00856,0.00942
Time,s,42,0.00873,0.00904,0.00825
Time,s,42,0.00893,0.00868,0.00839
Time,s,42,0.00837,0.00845,0.00839
Time,s,42,0.00923,0.0084,0.00852
Time,s,42,0.00878,0.0083,0.00866
Time,s,42,0.00965,0.00869,0.00874
Time,s,42,0.00859,0.00843,0.00872
Time,s,42,0.00873,0.00834,0.00886
Time,s,42,0.00877,0.00857,0.00847
Time,s,42,0.00872,0.00819,0.00818
Time,s,42,0.00838,0.00873,0.00817
Time,s,42,0.00877,0.00852,0.00823
Time,s,42,0.0096,0.00814,0.00892
Time,s,42,0.0084,0.00818,0.00858
Time,s,42,0.00945,0.00893,0.00849
Time,s,42,0.00868,0.00885,0.0086
Time,s,42,0.00963,0.00886,0.00844
Time,s,42,0.00915,0.00885,0.00906
Time,s,42,0.00994,0.01052,0.0086
Time,s,42,0.00892,0.00828,0.00867
Time,s,42,0.00888,0.00861,0.00844
Time,s,42,0.00878,0.00829,0.00855
Time,s,42,0.0098,0.00836,0.0091
Time,s,42,0.00962,0.00849,0.0085
Time,s,42,0.00914,0.00828,0.00876
Time,s,42,0.00893,0.00906,0.00957
Time,s,42,0.00883,0.00871,0.0084
Time,s,42,0.00872,0.00853,0.00863
Time,s,42,0.00853,0.00844,0.00846
Time,s,42,0.00857,0.00843,0.00817
Time,s,42,0.00847,0.00817,0.00891
Time,s,42,0.00864,0.00851,0.00838
Time,s,42,0.0085,0.00871,0.00946
Time,s,42,0.00858,0.00951,0.00863
Time,s,42,0.0085,0.00857,0.00903
Time,s,42,0.00855,0.00862,0.0086
Time,s,42,0.00846,0.00857,0.00867
Time,s,42,0.00851,0.00856,0.00843
Time,s,42,0.00909,0.00856,0.0083
Time,s,42,0.00867,0.00858,0.00856
Time,s,42,0.00872,0.00899,0.00923
Time,s,42,0.00872,0.00858,0.00874
Time,s,42,0.0087,0.00849,0.00864
Time,s,42,0.00917,0.01659,0.00851
Time,s,42,0.0096,0.00864,0.00866
Time,s,42,0.00875,0.00835,0.00849
Time,s,42,0.0087,0.00853,0.00867
Time,s,42,0.00975,0.00869,0.00846
Time,s,42,0.00868,0.00851,0.00901
Time,s,42,0.00957,0.0083,0.00876
Time,s,42,0.00946,0.00839,0.00916
Time,s,42,0.00964,0.00846,0.0089
Time,s,42,0.00895,0.00917,0.00876
Time,s,42,0.01087,0.0085,0.00936
Time,s,42,0.00932,0.00913,0.00921
Time,s,42,0.00867,0.00925,0.00924
Time,s,42,0.00936,0.00955,0.00974
Time,s,42,0.00861,0.00912,0.00936
Time,s,42,0.00933,0.00827,0.00986
Time,s,42,0.00941,0.00883,0.00828
Time,s,42,0.00925,0.00851,0.00854
Time,s,42,0.00942,0.0086,0.00864
Time,s,42,0.00906,0.00856,0.00889
Time,s,42,0.0092,0.00846,0.0081
Time,s,42,0.00879,0.00846,0.01017
Time,s,42,0.00835,0.00898,0.00832
Time,s,42,0.00907,0.00872,0.00865
Time,s,42,0.00852,0.00973,0.00842
Time,s,42,0.00874,0.00856,0.0082
Time,s,42,0.00851,0.00877,0.00963
Time,s,42,0.0084,0.00878,0.00863
Time,s,42,0.00842,0.00871,0.00846
Time,s,42,0.00853,0.00857,0.00852
Time,s,42,0.00835,0.00865,0.00873
Time,s,43,0.02597,0.02464,0.02516
Time,s,43,0.02491,0.02479,0.02448
Time,s,43,0.02458,0.0246,0.02426
Time,s,43,0.02532,0.02451,0.02474
Time,s,43,0.02507,0.02435,0.025
Time,s,43,0.02549,0.02435,0.02473
Time,s,43,0.02419,0.02579,0.02577
Time,s,43,0.02414,0.02479,0.02384
Time,s,43,0.02418,0.02404,0.02536
Time,s,43,0.02436,0.02634,0.02406
Time,s,43,0.02578,0.02463,0.02459
Time,s,43,0.02415,0.0241,0.02463
Time,s,43,0.02512,0.02588,0.02382
Time,s,43,0.02391,0.02838,0.02431
Time,s,43,0.02417,0.02417,0.024
Time,s,43,0.02431,0.02514,0.02442
Time,s,43,0.02492,0.02555,0.02411
Time,s,43,0.02457,0.02437,0.02391
Time,s,43,0.02529,0.02415,0.0247
Time,s,43,0.02491,0.02407,0.02372
Time,s,43,0.02475,0.02414,0.02441
Time,s,43,0.02427,0.02565,0.024
Time,s,43,0.02523,0.02413,0.02443
Time,s,43,0.02392,0.02427,0.02475
Time,s,43,0.02445,0.02457,0.02385
Time,s,43,0.02491,0.02446,0.02436
Time,s,43,0.02546,0.02462,0.02476
Time,s,43,0.02428,0.02484,0.02424
Time,s,43,0.02413,0.02414,0.02518
Time,s,43,0.02414,0.02421,0.02471
Time,s,43,0.02369,0.02448,0.02446
Time,s,43,0.02472,0.02422,0.02384
Time,s,43,0.02457,0.0245,0.0244
Time,s,43,0.0237,0.02388,0.02427
Time,s,43,0.02486,0.02427,0.02385
Time,s,43,0.02423,0.02406,0.02577
Time,s,43,0.02404,0.02434,0.0241
Time,s,43,0.02506,0.02592,0.02446
Time,s,43,0.0252,0.02436,0.02571
Time,s,43,0.02448,0.02411,0.02371
Time,s,43,0.02472,0.0241,0.02585
Time,s,43,0.02422,0.024,0.02431
Time,s,43,0.02481,0.02453,0.02439
Time,s,43,0.02413,0.0244,0.02472
Time,s,43,0.02458,0.02432,0.02395
Time,s,43,0.02435,0.02389,0.02437
Time,s,43,0.02488,0.02424,0.02343
Time,s,43,0.02383,0.024,0.02532
Time,s,43,0.02498,0.02469,0.02424
Time,s,43,0.02502,0.02451,0.02408
Time,s,43,0.02496,0.02374,0.02476
Time,s,43,0.02476,0.02557,0.024
Time,s,43,0.02476,0.02489,0.02495
Time,s,43,0.02527,0.0241,0.02416
Time,s,43,0.02575,0.02454,0.02438
Time,s,43,0.02531,0.02405,0.02559
Time,s,43,0.02437,0.02427,0.02674
Time,s,43,0.02692,0.02412,0.02724
Time,s,43,0.02625,0.02439,0.02392
Time,s,43,0.02527,0.02492,0.02457
Time,s,43,0.02406,0.02449,0.02448
Time,s,43,0.02549,0.02488,0.02441
Time,s,43,0.02505,0.02423,0.02466
Time,s,43,0.02443,0.0245,0.02428
Time,s,43,0.02446,0.02541,0.02432
Time,s,43,0.02399,0.02426,0.02453
Time,s,43,0.02431,0.02455,0.02417
Time,s,43,0.02458,0.02429,0.02429
Time,s,43,0.02411,0.02453,0.02405
Time,s,43,0.02452,0.02483,0.02527
Time,s,43,0.02427,0.02524,0.02418
Time,s,43,0.02568,0.02603,0.02503
Time,s,43,0.02427,0.02514,0.02493
Time,s,43,0.02395,0.02443,0.02502
Time,s,43,0.02524,0.02514,0.02446
Time,s,43,0.02444,0.02618,0.02428
Time,s,43,0.02598,0.02893,0.02451
Time,s,43,0.02435,0.02412,0.02475
Time,s,43,0.0246,0.02483,0.02402
Time,s,43,0.02466,0.02402,0.02476
Time,s,44,0.03387,0.04296,0.04176
Time,s,44,0.0318,0.03237,0.03304
Time,s,44,0.03186,0.03443,0.03187
Time,s,44,0.031,0.03306,0.03221
Time,s,44,0.03168,0.03338,0.03281
Time,s,44,0.0319,0.0329,0.03262
Time,s,44,0.03149,0.03167,0.03338
Time,s,44,0.0318,0.0328,0.03331
Time,s,44,0.03163,0.03224,0.03224
Time,s,44,0.03137,0.03288,0.03236
Time,s,44,0.03159,0.03266,0.03152
Time,s,44,0.03203,0.03206,0.03185
Time,s,44,0.03427,0.03314,0.03274
Time,s,44,0.03145,0.03242,0.03156
Time,s,44,0.03134,0.032,0.03195
Time,s,44,0.03408,0.03445,0.03076
Time,s,44,0.03174,0.03216,0.03239
Time,s,44,0.03315,0.03219,0.03186
Time,s,44,0.03286,0.03267,0.03246
Time,s,44,0.03209,0.03234,0.0311
Time,s,44,0.03296,0.03274,0.03192
Time,s,44,0.03267,0.03289,0.03231
Time,s,44,0.03301,0.03413,0.03184
Time,s,44,0.03204,0.03308,0.03306
Time,s,44,0.03197,0.03269,0.03218
Time,s,44,0.03259,0.03258,0.03275
Time,s,44,0.03166,0.03277,0.03386
Time,s,44,0.03274,0.03299,0.03336
Time,s,44,0.03362,0.03307,0.0338
Time,s,44,0.0327,0.03238,0.03232
Time,s,44,0.03617,0.03226,0.03567
Time,s,44,0.03281,0.03217,0.03243
Time,s,44,0.03297,0.03319,0.03278
Time,s,44,0.03256,0.03294,0.03141
Time,s,44,0.03189,0.03229,0.03181
Time,s,44,0.0324,0.03208,0.03256
Time,s,44,0.03207,0.03278,0.03342
Time,s,44,0.03233,0.0334,0.03339
Time,s,44,0.03342,0.03258,0.03243
Time,s,44,0.03534,0.03216,0.03212
Time,s,44,0.03505,0.03383,0.03237
Time,s,44,0.03324,0.03249,0.03285
Time,s,44,0.03184,0.03282,0.0318
Time,s,44,0.03315,0.0354,0.03206
Time,s,44,0.0328,0.0354,0.03253
Time,s,44,0.03385,0.03314,0.03232
Time,s,44,0.03228,0.03197,0.03293
Time,s,44,0.03263,0.03311,0.03289
Time,s,44,0.03447,0.03399,0.0329
Time,s,44,0.03463,0.03265,0.03349
Time,s,44,0.03388,0.03295,0.0321
Time,s,44,0.03513,0.0323,0.03286
Time,s,44,0.04129,0.0325,0.03225
Time,s,44,0.0445,0.03245,0.03191
Time,s,44,0.03468,0.03261,0.03259
Time,s,44,0.03751,0.03253,0.03265
Time,s,44,0.03592,0.03338,0.03309
Time,s,44,0.03487,0.0322,0.03192
Time,s,44,0.03284,0.03203,0.03252
Time,s,44,0.03372,0.0328,0.03257
Time,s,44,0.03494,0.03251,0.03203
Time,s,44,0.03601,0.03308,0.03154
Time,s,44,0.03283,0.03228,0.03188
Time,s,44,0.03509,0.03186,0.03263
Time,s,44,0.03584,0.03353,0.03246
Time,s,44,0.03579,0.03239,0.0319
Time,s,44,0.0368,0.03371,0.03241
Time,s,44,0.03464,0.03301,0.03193
Time,s,44,0.03589,0.03289,0.03205
Time,s,44,0.03334,0.03258,0.03256
Time,s,44,0.03507,0.03281,0.03149
Time,s,44,0.03344,0.03241,0.03188
Time,s,44,0.03379,0.03275,0.03168
Time,s,44,0.03274,0.03257,0.03226
Time,s,44,0.03302,0.03344,0.03152
Time,s,44,0.03836,0.03245,0.03258
Time,s,44,0.03724,0.03315,0.03356
Time,s,44,0.03909,0.03182,0.03275
Time,s,44,0.03772,0.03242,0.03486
Time,s,44,0.0321,0.03356,0.03222
Time,s,45,0.02057,0.01808,0.01776
Time,s,45,0.01687,0.01702,0.01764
Time,s,45,0.0173,0.01665,0.01669
Time,s,45,0.01795,0.0178,0.01759
Time,s,45,0.01715,0.01657,0.01749
Time,s,45,0.01743,0.01693,0.01739
Time,s,45,0.01751,0.01667,0.01666
Time,s,45,0.01644,0.01744,0.01687
Time,s,45,0.0165,0.01605,0.01679
Time,s,45,0.01683,0.01725,0.01673
Time,s,45,0.01778,0.01589,0.01689
Time,s,45,0.01655,0.01723,0.01555
Time,s,45,0.0165,0.01781,0.01703
Time,s,45,0.0175,0.01609,0.01724
Time,s,45,0.01683,0.01728,0.01729
Time,s,45,0.01726,0.01663,0.01663
Time,s,45,0.01679,0.01684,0.01638
Time,s,45,0.01699,0.01656,0.01639
Time,s,45,0.01788,0.01602,0.01697
Time,s,45,0.01739,0.01694,0.01803
Time,s,45,0.01676,0.01663,0.01634
Time,s,45,0.01715,0.01705,0.01651
Time,s,45,0.01688,0.01701,0.01657
Time,s,45,0.01689,0.01689,0.0164
Time,s,45,0.01779,0.01633,0.0165
Time,s,45,0.01854,0.01718,0.01692
Time,s,45,0.01681,0.01687,0.01602
Time,s,45,0.01647,0.0171,0.01616
Time,s,45,0.01604,0.01679,0.01679
Time,s,45,0.01669,0.01658,0.01791
Time,s,45,0.01757,0.01655,0.01698
Time,s,45,0.0161,0.01645,0.01618
Time,s,45,0.0167,0.01593,0.01599
Time,s,45,0.01596,0.01752,0.01649
Time,s,45,0.0176,0.01736,0.01674
Time,s,45,0.01616,0.01634,0.01606
Time,s,45,0.0164,0.0158,0.01615
Time,s,45,0.01625,0.01648,0.01598
Time,s,45,0.0161,0.01669,0.01589
Time,s,45,0.016,0.01592,0.01636
Time,s,45,0.01693,0.01668,0.01632
Time,s,45,0.01614,0.01622,0.01779
Time,s,45,0.0164,0.017,0.01687
Time,s,45,0.01664,0.01721,0.01597
Time,s,45,0.0167,0.0162,0.01745
Time,s,45,0.01595,0.01627,0.01621
Time,s,45,0.01638,0.01762,0.0171
Time,s,45,0.01726,0.01612,0.01659
Time,s,45,0.01692,0.01604,0.01644
Time,s,45,0.01609,0.01644,0.01698
Time,s,45,0.01672,0.01614,0.01742
Time,s,45,0.01639,0.017,0.01652
Time,s,45,0.01543,0.01632,0.01597
Time,s,45,0.01644,0.01704,0.01683
Time,s,45,0.01648,0.0168,0.01697
Time,s,45,0.01813,0.01845,0.01793
Time,s,45,0.01641,0.01648,0.01657
Time,s,45,0.01626,0.0172,0.01583
Time,s,45,0.01661,0.01748,0.01543
Time,s,45,0.0181,0.01681,0.01649
Time,s,45,0.01719,0.01676,0.01624
Time,s,45,0.01677,0.01729,0.01665
Time,s,45,0.01809,0.01689,0.01609
Time,s,45,0.01787,0.01625,0.01665
Time,s,45,0.01748,0.01737,0.01722
Time,s,45,0.01813,0.01624,0.01675
Time,s,45,0.01679,0.01634,0.01705
Time,s,45,0.01643,0.01733,0.01635
Time,s,45,0.01638,0.01635,0.01753
Time,s,45,0.01756,0.01597,0.01584
Time,s,45,0.017,0.01684,0.01639
Time,s,45,0.01701,0.01654,0.01627
Time,s,45,0.01764,0.01699,0.01662
Time,s,45,0.01724,0.01675,0.01625
Time,s,45,0.01643,0.01617,0.0178
Time,s,45,0.0167,0.0169,0.01743
Time,s,45,0.01743,0.01731,0.01647
Time,s,45,0.0177,0.01622,0.01585
Time,s,45,0.01705,0.01749,0.01594
Time,s,45,0.016,0.01717,0.019
Time,s,46,0.04161,0.0393,0.03928
Time,s,46,0.03903,0.03902,0.03873
Time,s,46,0.04029,0.04074,0.0407
Time,s,46,0.03947,0.03986,0.04056
Time,s,46,0.03924,0.03937,0.04233
Time,s,46,0.04096,0.03777,0.03978
Time,s,46,0.03825,0.04056,0.03917
Time,s,46,0.03917,0.03806,0.03916
Time,s,46,0.04044,0.03856,0.0383
Time,s,46,0.03933,0.03897,0.03939
Time,s,46,0.04092,0.03954,0.03821
Time,s,46,0.03921,0.03924,0.03976
Time,s,46,0.03957,0.03863,0.03892
Time,s,46,0.04045,0.03861,0.03869
Time,s,46,0.03936,0.04044,0.03806
Time,s,46,0.03984,0.03825,0.03898
Time,s,46,0.03964,0.03991,0.03895
Time,s,46,0.04017,0.03943,0.0394
Time,s,46,0.04005,0.03926,0.04226
Time,s,46,0.03975,0.03858,0.0382
Time,s,46,0.04021,0.04013,0.03934
Time,s,46,0.03994,0.03856,0.0391
Time,s,46,0.0388,0.03925,0.04014
Time,s,46,0.03945,0.03881,0.03947
Time,s,46,0.03985,0.03944,0.03928
Time,s,46,0.03897,0.0388,0.04135
Time,s,46,0.04039,0.03903,0.04136
Time,s,46,0.03843,0.03892,0.04001
Time,s,46,0.03922,0.03918,0.03951
Time,s,46,0.0386,0.03769,0.039
Time,s,46,0.03908,0.03806,0.03943
Time,s,46,0.04076,0.03889,0.03957
Time,s,46,0.03997,0.03952,0.03859
Time,s,46,0.03826,0.04016,0.03876
Time,s,46,0.03878,0.0391,0.0384
Time,s,46,0.03915,0.03861,0.03778
Time,s,46,0.03794,0.03802,0.03862
Time,s,46,0.03858,0.03897,0.03814
Time,s,46,0.04046,0.03912,0.03822
Time,s,46,0.04073,0.03883,0.0386
Time,s,46,0.0391,0.03859,0.03946
Time,s,46,0.039,0.03871,0.04019
Time,s,46,0.03886,0.03828,0.04181
Time,s,46,0.03747,0.03859,0.04337
Time,s,46,0.0388,0.03985,0.03928
Time,s,46,0.04009,0.04039,0.03835
Time,s,46,0.03851,0.04122,0.03781
Time,s,46,0.03893,0.03879,0.03905
Time,s,46,0.03863,0.03899,0.03879
Time,s,46,0.04025,0.04014,0.03857
Time,s,46,0.04034,0.03922,0.03962
Time,s,46,0.03882,0.04044,0.03852
Time,s,46,0.04123,0.0383,0.03991
Time,s,46,0.03912,0.04009,0.03797
Time,s,46,0.03981,0.04096,0.03993
Time,s,46,0.03838,0.03932,0.03877
Time,s,46,0.03888,0.0393,0.03797
Time,s,46,0.03999,0.03901,0.03921
Time,s,46,0.03913,0.03983,0.03988
Time,s,46,0.03824,0.03951,0.03875
Time,s,46,0.04012,0.04067,0.04084
Time,s,46,0.0392,0.04001,0.03952
Time,s,46,0.03915,0.03935,0.03861
Time,s,46,0.03992,0.03863,0.03931
Time,s,46,0.03795,0.03921,0.0389
Time,s,46,0.03894,0.0381,0.04051
Time,s,46,0.03959,0.03961,0.03943
Time,s,46,0.0386,0.03932,0.0397
Time,s,46,0.03988,0.03688,0.03877
Time,s,46,0.03946,0.03906,0.03812
Time,s,46,0.04144,0.03866,0.04026
Time,s,46,0.03848,0.03784,0.04097
Time,s,46,0.03941,0.0379,0.03885
Time,s,46,0.0395,0.03923,0.0388
Time,s,46,0.03792,0.03952,0.03819
Time,s,46,0.03902,0.03983,0.0387
Time,s,46,0.03894,0.03829,0.03798
Time,s,46,0.04182,0.03866,0.03934
Time,s,46,0.04011,0.03755,0.03979
Time,s,46,0.04179,0.03809,0.03987
Time,s,47,1.25088,1.26074,1.27453
Time,s,47,0.32543,0.3153,0.33445
Time,s,47,0.26489,0.26026,0.32094
Time,s,47,0.26394,0.25764,0.33004
Time,s,47,0.259,0.42522,0.3097
Time,s,47,0.26929,0.4464,0.29364
Time,s,47,0.3347,0.42672,0.27
Time,s,47,0.2677,0.30663,0.27995
Time,s,47,0.2721,0.27578,0.25964
Time,s,47,0.34446,0.27583,0.25268
Time,s,47,0.34452,0.33994,0.27142
Time,s,47,0.26464,0.26284,0.26831
Time,s,47,0.27355,0.27368,0.26756
Time,s,47,0.30799,0.27781,0.27056
Time,s,47,0.26442,0.26372,0.30476
Time,s,47,0.26334,0.25891,0.2585
Time,s,47,0.26973,0.26583,0.25365
Time,s,47,0.26966,0.25244,0.25695
Time,s,47,0.26738,0.26965,0.29828
Time,s,47,0.26498,0.27125,0.2608
Time,s,47,0.26821,0.2742,0.25577
Time,s,47,0.27273,0.28471,0.30135
Time,s,47,0.26897,0.26817,0.25589
Time,s,47,0.258,0.25889,0.25189
Time,s,47,0.27169,0.2605,0.28368
Time,s,47,0.2705,0.25868,0.25941
Time,s,47,0.26691,0.25723,0.2595
Time,s,47,0.26874,0.25778,0.2773
Time,s,47,0.27569,0.26949,0.26219
Time,s,47,0.26991,0.27396,0.28152
Time,s,47,0.26692,0.26434,0.26379
Time,s,47,0.26882,0.255,0.27023
Time,s,47,0.2557,0.25966,0.25353
Time,s,47,0.26065,0.26718,0.25739
Time,s,47,0.26727,0.25656,0.26531
Time,s,47,0.26088,0.25423,0.26851
Time,s,47,0.27735,0.27878,0.25557
Time,s,47,0.27681,0.27505,0.26852
Time,s,47,0.26975,0.26746,0.25934
Time,s,47,0.26807,0.27097,0.26256
Time,s,47,0.26175,0.28299,0.26302
Time,s,47,0.27126,0.26955,0.25526
Time,s,47,0.29643,0.28241,0.26792
Time,s,47,0.26143,0.26754,0.25713
Time,s,47,0.27608,0.26825,0.26483
Time,s,47,0.25832,0.25761,0.26101
Time,s,47,0.27231,0.28227,0.2574
Time,s,47,0.26605,0.26081,0.2571
Time,s,47,0.27559,0.26977,0.25881
Time,s,47,0.26079,0.25966,0.26236
Time,s,47,0.26802,0.26188,0.25964
Time,s,47,0.27339,0.26284,0.25364
Time,s,47,0.28038,0.26724,0.25705
Time,s,47,0.27296,0.26052,0.26719
Time,s,47,0.26232,0.32307,0.26164
Time,s,47,0.25769,0.26156,0.28741
Time,s,47,0.27638,0.25101,0.25493
Time,s,47,0.27155,0.25803,0.25871
Time,s,47,0.28234,0.25873,0.27566
Time,s,47,0.2583,0.26372,0.26527
Time,s,47,0.2651,0.31223,0.25976
Time,s,47,0.26693,0.25535,0.25257
Time,s,47,0.27696,0.25785,0.26016
Time,s,47,0.27268,0.2705,0.28487
Time,s,47,0.27166,0.27298,0.26183
Time,s,47,0.26546,0.26829,0.2525
Time,s,47,0.25652,0.26047,0.28987
Time,s,47,0.27549,0.37783,0.26352
Time,s,47,0.26985,0.27584,0.25349
Time,s,47,0.27269,0.27295,0.25732
Time,s,47,0.26985,0.28123,0.27838
Time,s,47,0.25396,0.28497,0.26313
Time,s,47,0.2794,0.26837,0.25586
Time,s,47,0.26976,0.26001,0.26708
Time,s,47,0.26465,0.26904,0.27806
Time,s,47,0.26859,0.28723,0.26743
Time,s,47,0.26291,0.27794,0.2583
Time,s,47,0.27533,0.26457,0.26402
Time,s,47,0.27058,0.25646,0.25802
Time,s,47,0.25736,0.31508,0.26515
Time,s,48,0.04065,0.04339,0.04282
Time,s,48,0.03558,0.03599,0.03534
Time,s,48,0.03574,0.03502,0.03346
Time,s,48,0.0351,0.03519,0.03773
Time,s,48,0.03528,0.03495,0.03564
Time,s,48,0.03486,0.03555,0.03614
Time,s,48,0.03553,0.03656,0.03627
Time,s,48,0.03606,0.03681,0.03495
Time,s,48,0.0345,0.03739,0.0349
Time,s,48,0.03646,0.03734,0.03474
Time,s,48,0.03664,0.03473,0.03688
Time,s,48,0.03597,0.03445,0.03462
Time,s,48,0.04326,0.03605,0.03476
Time,s,48,0.03589,0.03561,0.03519
Time,s,48,0.03476,0.03506,0.03552
Time,s,48,0.03528,0.03837,0.04155
Time,s,48,0.03426,0.03674,0.03654
Time,s,48,0.03453,0.03495,0.03457
Time,s,48,0.0344,0.03645,0.03561
Time,s,48,0.03535,0.03515,0.03841
Time,s,48,0.04806,0.03474,0.03991
Time,s,48,0.0368,0.03556,0.04025
Time,s,48,0.03512,0.03556,0.03997
Time,s,48,0.03618,0.03543,0.03508
Time,s,48,0.03527,0.04005,0.03505
Time,s,48,0.03403,0.03687,0.03766
Time,s,48,0.03419,0.03571,0.03353
Time,s,48,0.03424,0.03341,0.03389
Time,s,48,0.03302,0.0348,0.03334
Time,s,48,0.0339,0.03387,0.03394
Time,s,48,0.03359,0.03333,0.03306
Time,s,48,0.03439,0.03338,0.03373
Time,s,48,0.03338,0.03275,0.03374
Time,s,48,0.03174,0.03289,0.03317
Time,s,48,0.03365,0.03368,0.03354
Time,s,48,0.03354,0.03388,0.0332
Time,s,48,0.0329,0.03284,0.03284
Time,s,48,0.03297,0.03405,0.03414
Time,s,48,0.03292,0.03329,0.03262
Time,s,48,0.03373,0.03285,0.03279
Time,s,48,0.0351,0.033,0.03175
Time,s,48,0.03601,0.03343,0.03289
Time,s,48,0.03589,0.03287,0.03233
Time,s,48,0.03392,0.03946,0.03304
Time,s,48,0.0334,0.03756,0.033
Time,s,48,0.03305,0.03684,0.03272
Time,s,48,0.03371,0.03606,0.0323
Time,s,48,0.03253,0.03307,0.03295
Time,s,48,0.03334,0.0328,0.03373
Time,s,48,0.03228,0.03253,0.03293
Time,s,48,0.03389,0.03318,0.03281
Time,s,48,0.03322,0.0324,0.0331
Time,s,48,0.03326,0.03371,0.03384
Time,s,48,0.03345,0.03361,0.03232
Time,s,48,0.03217,0.03307,0.03235
Time,s,48,0.03425,0.03339,0.03252
Time,s,48,0.03592,0.03236,0.03356
Time,s,48,0.03318,0.03324,0.03346
Time,s,48,0.033,0.03182,0.03229
Time,s,48,0.03193,0.03208,0.03337
Time,s,48,0.03295,0.03377,0.03318
Time,s,48,0.03297,0.03411,0.03253
Time,s,48,0.03188,0.03578,0.03333
Time,s,48,0.03349,0.03317,0.03167
Time,s,48,0.03289,0.03211,0.03369
Time,s,48,0.03356,0.03281,0.03343
Time,s,48,0.03351,0.03233,0.03274
Time,s,48,0.03315,0.03328,0.03299
Time,s,48,0.03257,0.0322,0.03336
Time,s,48,0.0323,0.0336,0.03386
Time,s,48,0.03262,0.03377,0.03265
Time,s,48,0.03321,0.03286,0.03694
Time,s,48,0.03469,0.03317,0.03293
Time,s,48,0.03567,0.03451,0.03244
Time,s,48,0.03275,0.03348,0.03255
Time,s,48,0.0334,0.03207,0.0332
Time,s,48,0.03247,0.03279,0.04001
Time,s,48,0.03387,0.03371,0.03315
Time,s,48,0.03324,0.03297,0.03344
Time,s,48,0.03349,0.032,0.0375
Time,s,49,0.0309,0.03722,0.0323
Time,s,49,0.02524,0.02558,0.02756
Time,s,49,0.0386,0.02469,0.02826
Time,s,49,0.0264,0.02493,0.02534
Time,s,49,0.02458,0.02467,0.0252
Time,s,49,0.02376,0.02497,0.02424
Time,s,49,0.02421,0.02463,0.02388
Time,s,49,0.02395,0.0291,0.02412
Time,s,49,0.02525,0.02566,0.02385
Time,s,49,0.02557,0.02398,0.02382
Time,s,49,0.02381,0.02507,0.02355
Time,s,49,0.02631,0.02375,0.02328
Time,s,49,0.02491,0.02592,0.02558
Time,s,49,0.02393,0.02377,0.02373
Time,s,49,0.02532,0.02436,0.02585
Time,s,49,0.02405,0.02389,0.02428
Time,s,49,0.0245,0.02377,0.02388
Time,s,49,0.02409,0.02443,0.02421
Time,s,49,0.02369,0.02377,0.02364
Time,s,49,0.02389,0.02393,0.02439
Time,s,49,0.02458,0.02397,0.02428
Time,s,49,0.02344,0.0231,0.02387
Time,s,49,0.02332,0.02438,0.02333
Time,s,49,0.0239,0.02391,0.02458
Time,s,49,0.02379,0.02412,0.02439
Time,s,49,0.02356,0.02421,0.02359
Time,s,49,0.02479,0.02334,0.0239
Time,s,49,0.0234,0.02382,0.02345
Time,s,49,0.02368,0.02398,0.0248
Time,s,49,0.02496,0.02419,0.02424
Time,s,49,0.02607,0.02373,0.02331
Time,s,49,0.02465,0.02394,0.02368
Time,s,49,0.02484,0.02487,0.0236
Time,s,49,0.02412,0.02737,0.02392
Time,s,49,0.02403,0.02817,0.02408
Time,s,49,0.02418,0.0281,0.02362
Time,s,49,0.02404,0.02518,0.02369
Time,s,49,0.02411,0.02568,0.02345
Time,s,49,0.02346,0.02466,0.02419
Time,s,49,0.02354,0.02394,0.02417
Time,s,49,0.02276,0.02448,0.02432
Time,s,49,0.02389,0.02405,0.0245
Time,s,49,0.02391,0.0244,0.02362
Time,s,49,0.0236,0.02517,0.02355
Time,s,49,0.02384,0.02388,0.02387
Time,s,49,0.02399,0.02427,0.02389
Time,s,49,0.02368,0.02403,0.02343
Time,s,49,0.02374,0.02438,0.02378
Time,s,49,0.02361,0.02389,0.02454
Time,s,49,0.02405,0.02344,0.0245
Time,s,49,0.02425,0.02488,0.02512
Time,s,49,0.02381,0.02589,0.02597
Time,s,49,0.02704,0.02374,0.02461
Time,s,49,0.02424,0.02433,0.02431
Time,s,49,0.02408,0.02425,0.02533
Time,s,49,0.02541,0.02445,0.02396
Time,s,49,0.02406,0.02391,0.02506
Time,s,49,0.02405,0.02362,0.02434
Time,s,49,0.02469,0.02327,0.02371
Time,s,49,0.02325,0.0232,0.02381
Time,s,49,0.02401,0.02367,0.0244
Time,s,49,0.02331,0.02373,0.02408
Time,s,49,0.02433,0.02361,0.0252
Time,s,49,0.02414,0.02292,0.02432
Time,s,49,0.02345,0.02354,0.02397
Time,s,49,0.02368,0.02338,0.02384
Time,s,49,0.02354,0.02386,0.02313
Time,s,49,0.02538,0.02335,0.02317
Time,s,49,0.02391,0.02397,0.0233
Time,s,49,0.02323,0.02273,0.02458
Time,s,49,0.02301,0.02423,0.02505
Time,s,49,0.02327,0.025,0.02415
Time,s,49,0.02465,0.02456,0.02427
Time,s,49,0.02465,0.02458,0.02293
Time,s,49,0.02538,0.02551,0.02273
Time,s,49,0.02392,0.03003,0.02395
Time,s,49,0.02372,0.03004,0.02432
Time,s,49,0.02389,0.02885,0.02385
Time,s,49,0.02398,0.0289,0.02466
Time,s,49,0.02355,0.02914,0.03014
Time,s,50,0.03072,0.03845,0.03345
Time,s,50,0.0301,0.03719,0.02981
Time,s,50,0.0304,0.03967,0.03327
Time,s,50,0.02996,0.0384,0.03564
Time,s,50,0.03023,0.03331,0.03504
Time,s,50,0.03343,0.03175,0.03069
Time,s,50,0.0311,0.03208,0.03012
Time,s,50,0.03014,0.03425,0.03044
Time,s,50,0.03049,0.0329,0.03096
Time,s,50,0.02983,0.03134,0.03239
Time,s,50,0.03127,0.03214,0.02994
Time,s,50,0.03468,0.03141,0.0308
Time,s,50,0.03145,0.0319,0.03142
Time,s,50,0.03019,0.03218,0.03016
Time,s,50,0.02986,0.03394,0.03064
Time,s,50,0.02982,0.03252,0.03068
Time,s,50,0.03058,0.03304,0.03116
Time,s,50,0.03017,0.03133,0.03011
Time,s,50,0.0303,0.03143,0.03134
Time,s,50,0.03007,0.0313,0.03174
Time,s,50,0.0313,0.03152,0.03045
Time,s,50,0.02986,0.03142,0.02951
Time,s,50,0.03013,0.03145,0.03067
Time,s,50,0.03065,0.03154,0.03053
Time,s,50,0.02985,0.03086,0.02969
Time,s,50,0.02983,0.03546,0.03293
Time,s,50,0.03013,0.03509,0.03148
Time,s,50,0.03097,0.03769,0.03451
Time,s,50,0.032,0.03158,0.03019
Time,s,50,0.03085,0.03203,0.03025
Time,s,50,0.03111,0.03148,0.03045
Time,s,50,0.03023,0.03126,0.03026
Time,s,50,0.03183,0.03092,0.03088
Time,s,50,0.03079,0.03099,0.03097
Time,s,50,0.03051,0.03127,0.03058
Time,s,50,0.02989,0.03157,0.03079
Time,s,50,0.03009,0.03104,0.03199
Time,s,50,0.03043,0.0312,0.02998
Time,s,50,0.03217,0.03096,0.03036
Time,s,50,0.03,0.03112,0.0306
Time,s,50,0.03025,0.03296,0.03
Time,s,50,0.03053,0.03175,0.03039
Time,s,50,0.03065,0.0321,0.03093
Time,s,50,0.02997,0.03181,0.03056
Time,s,50,0.03192,0.03118,0.03002
Time,s,50,0.03092,0.03127,0.03057
Time,s,50,0.03043,0.03078,0.03073
Time,s,50,0.03048,0.03019,0.02999
Time,s,50,0.03097,0.03129,0.03117
Time,s,50,0.03042,0.031,0.03067
Time,s,50,0.03007,0.03133,0.03106
Time,s,50,0.0313,0.03182,0.02983
Time,s,50,0.03038,0.03162,0.03061
Time,s,50,0.03051,0.03182,0.03163
Time,s,50,0.03056,0.03074,0.03016
Time,s,50,0.02989,0.03085,0.03187
Time,s,50,0.03048,0.03158,0.03012
Time,s,50,0.03058,0.03117,0.03055
Time,s,50,0.03022,0.03224,0.03056
Time,s,50,0.02989,0.03247,0.0296
Time,s,50,0.02989,0.03108,0.0312
Time,s,50,0.03441,0.03168,0.03055
Time,s,50,0.03164,0.03229,0.02977
Time,s,50,0.03103,0.03778,0.0314
Time,s,50,0.03145,0.03154,0.03135
Time,s,50,0.03024,0.0315,0.03033
Time,s,50,0.02998,0.03127,0.03226
Time,s,50,0.03027,0.03131,0.03174
Time,s,50,0.03014,0.03325,0.03266
Time,s,50,0.03034,0.03183,0.04531
Time,s,50,0.03011,0.03116,0.0392
Time,s,50,0.0297,0.0309,0.04099
Time,s,50,0.03069,0.03449,0.03858
Time,s,50,0.03385,0.0311,0.04061
Time,s,50,0.03035,0.03191,0.04198
Time,s,50,0.03121,0.0318,0.04205
Time,s,50,0.03057,0.03109,0.04046
Time,s,50,0.03045,0.03111,0.03218
Time,s,50,0.03026,0.03161,0.03044
Time,s,50,0.03193,0.03073,0.03396
Time,s,51,0.97014,1.02983,1.01113
Time,s,51,0.62267,0.58762,0.60925
Time,s,51,0.56445,0.57318,0.59285
Time,s,51,0.56351,0.56374,0.56635
Time,s,51,0.55643,0.60291,0.56391
Time,s,51,0.5622,0.55557,0.55857
Time,s,51,0.57542,0.60365,0.56641
Time,s,51,0.56271,0.5611,0.57551
Time,s,51,0.5527,0.56719,0.55018
Time,s,51,0.55337,0.56121,0.55963
Time,s,51,0.55477,0.55315,0.56371
Time,s,51,0.5505,0.55551,0.56128
Time,s,51,0.55197,0.55556,0.56061
Time,s,51,0.55269,0.56187,0.54874
Time,s,51,0.55668,0.5539,0.55285
Time,s,51,0.544,0.55549,0.54396
Time,s,51,0.56168,0.55352,0.54993
Time,s,51,0.55631,0.55717,0.54808
Time,s,51,0.55523,0.56497,0.56417
Time,s,51,0.55408,0.58972,0.54425
Time,s,51,0.56706,0.55493,0.54091
Time,s,51,0.55212,0.55389,0.54546
Time,s,51,0.55803,0.55642,0.62457
Time,s,51,0.55039,0.54815,0.54712
Time,s,51,0.55812,0.54891,0.55368
Time,s,51,0.5689,0.54834,0.54903
Time,s,51,0.55303,0.56662,0.56107
Time,s,51,0.56191,0.5584,0.54457
Time,s,51,0.55017,0.55874,0.54402
Time,s,51,0.55721,0.54807,0.55992
Time,s,51,0.54752,0.54418,0.5538
Time,s,51,0.56349,0.56239,0.55117
Time,s,51,0.56106,0.55429,0.55422
Time,s,51,0.55519,0.59594,0.54274
Time,s,51,0.56278,0.5811,0.53753
Time,s,51,0.54409,0.55089,0.59509
Time,s,51,0.55468,0.56564,0.56329
Time,s,51,0.59958,0.57097,0.56989
Time,s,51,0.56527,0.76624,0.55139
Time,s,51,0.55512,0.57967,0.5561
Time,s,51,0.56206,0.56598,0.56911
Time,s,51,0.56035,0.58084,0.5579
Time,s,51,0.56259,0.56018,0.61901
Time,s,51,0.5543,0.56648,0.5985
Time,s,51,0.56023,0.55767,0.57806
Time,s,51,0.55493,0.55938,0.57225
Time,s,51,0.56412,0.55149,0.56323
Time,s,51,0.55359,0.56866,0.57002
Time,s,51,0.55909,0.55719,0.56359
Time,s,51,0.55267,0.5587,0.56735
Time,s,51,0.58507,0.5656,0.56585
Time,s,51,0.56065,0.56472,0.56342
Time,s,51,0.54993,0.5618,0.55955
Time,s,51,0.55898,0.59002,0.55571
Time,s,51,0.55821,0.57173,0.60337
Time,s,51,0.55768,0.59441,0.56672
Time,s,51,0.58883,0.55267,0.5736
Time,s,51,0.5564,0.59309,0.5604
Time,s,51,0.56031,0.57069,0.55135
Time,s,51,0.56443,0.56195,0.55459
Time,s,51,0.55702,0.56354,0.56074
Time,s,51,0.58295,0.56489,0.55761
Time,s,51,0.56045,0.55991,0.56118
Time,s,51,0.57369,0.56915,0.56776
Time,s,51,0.57523,0.55387,0.56622
Time,s,51,0.5816,0.56314,0.5835
Time,s,51,0.56753,0.55856,0.56709
Time,s,51,0.56272,0.57423,0.57163
Time,s,51,0.56557,0.56094,0.56296
Time,s,51,0.5614,0.56654,0.57458
Time,s,51,0.57382,0.58754,0.5712
Time,s,51,0.56249,0.5716,0.56221
Time,s,51,0.57471,0.57058,0.55429
Time,s,51,0.57332,0.56684,0.5641
Time,s,51,0.56868,0.5655,0.55971
Time,s,51,0.5726,0.59992,0.56491
Time,s,51,0.55543,0.56961,0.55078
Time,s,51,0.55397,0.57528,0.55063
Time,s,51,0.56867,0.56586,0.57123
Time,s,51,0.55894,0.557,0.55642
Time,s,52,0.01836,0.02032,0.01584
Time,s,52,0.01153,0.01299,0.01103
Time,s,52,0.01048,0.01263,0.01119
Time,s,52,0.01037,0.01078,0.01212
Time,s,52,0.0112,0.01053,0.01075
Time,s,52,0.01237,0.01058,0.01069
Time,s,52,0.0099,0.0109,0.01062
Time,s,52,0.01167,0.00972,0.01019
Time,s,52,0.0127,0.01107,0.01029
Time,s,52,0.01229,0.01,0.01069
Time,s,52,0.0109,0.01187,0.01001
Time,s,52,0.01005,0.00958,0.01013
Time,s,52,0.01012,0.00971,0.00994
Time,s,52,0.01112,0.00973,0.00975
Time,s,52,0.01104,0.00983,0.01032
Time,s,52,0.01052,0.01005,0.01049
Time,s,52,0.01026,0.01098,0.01054
Time,s,52,0.01084,0.00972,0.01063
Time,s,52,0.01011,0.01052,0.01072
Time,s,52,0.01006,0.01072,0.01069
Time,s,52,0.01087,0.01062,0.01085
Time,s,52,0.01041,0.01118,0.01011
Time,s,52,0.00986,0.01132,0.01015
Time,s,52,0.01157,0.01057,0.01045
Time,s,52,0.01096,0.01004,0.01022
Time,s,52,0.01077,0.01171,0.01062
Time,s,52,0.01048,0.01119,0.00975
Time,s,52,0.01086,0.01032,0.00973
Time,s,52,0.01054,0.01089,0.01044
Time,s,52,0.01108,0.00989,0.01333
Time,s,52,0.0095,0.01122,0.00992
Time,s,52,0.01025,0.01187,0.01101
Time,s,52,0.01026,0.01112,0.00973
Time,s,52,0.01006,0.01372,0.01093
Time,s,52,0.01229,0.01025,0.00967
Time,s,52,0.00982,0.0105,0.01035
Time,s,52,0.0124,0.01192,0.00981
Time,s,52,0.01237,0.01123,0.00931
Time,s,52,0.01056,0.01208,0.01139
Time,s,52,0.01151,0.01008,0.01211
Time,s,52,0.01103,0.00986,0.00959
Time,s,52,0.01062,0.01092,0.00993
Time,s,52,0.01415,0.00997,0.01131
Time,s,52,0.01123,0.01098,0.00993
Time,s,52,0.01191,0.01031,0.0097
Time,s,52,0.01107,0.01272,0.01077
Time,s,52,0.01187,0.01053,0.01144
Time,s,52,0.01198,0.01095,0.01274
Time,s,52,0.01124,0.01246,0.00975
Time,s,52,0.01185,0.01083,0.01087
Time,s,52,0.01078,0.01045,0.01209
Time,s,52,0.00977,0.00967,0.00976
Time,s,52,0.01021,0.0113,0.01079
Time,s,52,0.01155,0.01007,0.01154
Time,s,52,0.01102,0.01259,0.01006
Time,s,52,0.01059,0.01114,0.01182
Time,s,52,0.01165,0.01086,0.0109
Time,s,52,0.01024,0.01245,0.0108
Time,s,52,0.00987,0.01138,0.01059
Time,s,52,0.01085,0.01022,0.01081
Time,s,52,0.01088,0.0126,0.01115
Time,s,52,0.01272,0.01121,0.01066
Time,s,52,0.0121,0.0102,0.00967
Time,s,52,0.01256,0.01051,0.01009
Time,s,52,0.01106,0.01315,0.0104
Time,s,52,0.01105,0.01011,0.01167
Time,s,52,0.01017,0.01103,0.01207
Time,s,52,0.01044,0.01305,0.01088
Time,s,52,0.0109,0.00986,0.01084
Time,s,52,0.01121,0.01062,0.01126
Time,s,52,0.00989,0.01011,0.01167
Time,s,52,0.00915,0.01052,0.00974
Time,s,52,0.01023,0.01169,0.01143
Time,s,52,0.01011,0.01114,0.01192
Time,s,52,0.01178,0.00972,0.01072
Time,s,52,0.01031,0.01098,0.01165
Time,s,52,0.00986,0.00998,0.01153
Time,s,52,0.0129,0.01171,0.01171
Time,s,52,0.01005,0.01155,0.01146
Time,s,52,0.01097,0.00998,0.01074
Time,s,53,0.02135,0.02145,0.02066
Time,s,53,0.01994,0.01985,0.02184
Time,s,53,0.02065,0.02284,0.02234
Time,s,53,0.0221,0.02027,0.02252
Time,s,53,0.01944,0.02037,0.02041
Time,s,53,0.02046,0.01999,0.02141
Time,s,53,0.02003,0.02109,0.01934
Time,s,53,0.02034,0.01957,0.01848
Time,s,53,0.01988,0.01958,0.02004
Time,s,53,0.02094,0.01962,0.01936
Time,s,53,0.02084,0.01915,0.02092
Time,s,53,0.01937,0.02036,0.01938
Time,s,53,0.02297,0.02007,0.01907
Time,s,53,0.02039,0.0191,0.01896
Time,s,53,0.01944,0.01853,0.01828
Time,s,53,0.01996,0.01955,0.01898
Time,s,53,0.01967,0.01896,0.01844
Time,s,53,0.01957,0.02028,0.01975
Time,s,53,0.01999,0.02024,0.01996
Time,s,53,0.01984,0.01927,0.01959
Time,s,53,0.01926,0.01913,0.02166
Time,s,53,0.01861,0.01872,0.01906
Time,s,53,0.01948,0.01954,0.0182
Time,s,53,0.01877,0.01832,0.01851
Time,s,53,0.01927,0.0182,0.01886
Time,s,53,0.02035,0.01906,0.0188
Time,s,53,0.01839,0.01953,0.01849
Time,s,53,0.01898,0.01859,0.01935
Time,s,53,0.01974,0.01938,0.01957
Time,s,53,0.01922,0.01844,0.0187
Time,s,53,0.01855,0.01835,0.01771
Time,s,53,0.01913,0.01819,0.01878
Time,s,53,0.02045,0.01961,0.01818
Time,s,53,0.01934,0.01846,0.01873
Time,s,53,0.01951,0.01937,0.01891
Time,s,53,0.01948,0.01954,0.01842
Time,s,53,0.0187,0.01879,0.01901
Time,s,53,0.01906,0.02037,0.01828
Time,s,53,0.01875,0.01876,0.01798
Time,s,53,0.01812,0.01972,0.01911
Time,s,53,0.01834,0.0182,0.01887
Time,s,53,0.01854,0.01755,0.01859
Time,s,53,0.01882,0.01888,0.01823
Time,s,53,0.01998,0.01915,0.01802
Time,s,53,0.01948,0.01836,0.01839
Time,s,53,0.01854,0.01779,0.01867
Time,s,53,0.01998,0.01903,0.01823
Time,s,53,0.0185,0.01783,0.01844
Time,s,53,0.01903,0.01833,0.01868
Time,s,53,0.01851,0.01835,0.01824
Time,s,53,0.01767,0.01854,0.01795
Time,s,53,0.0186,0.01868,0.0188
Time,s,53,0.01949,0.01855,0.018
Time,s,53,0.01935,0.01803,0.01841
Time,s,53,0.02022,0.01865,0.01839
Time,s,53,0.01871,0.01802,0.01991
Time,s,53,0.01891,0.01889,0.01804
Time,s,53,0.01958,0.01828,0.01775
Time,s,53,0.01992,0.01829,0.01825
Time,s,53,0.01875,0.01995,0.01848
Time,s,53,0.01905,0.01817,0.01929
Time,s,53,0.02062,0.01846,0.01796
Time,s,53,0.01834,0.01843,0.01804
Time,s,53,0.0185,0.02022,0.01823
Time,s,53,0.01868,0.01862,0.01839
Time,s,53,0.01803,0.01809,0.01835
Time,s,53,0.01984,0.01826,0.01923
Time,s,53,0.01862,0.01863,0.01859
Time,s,53,0.01866,0.01775,0.01869
Time,s,53,0.01842,0.01821,0.01798
Time,s,53,0.01854,0.01814,0.01872
Time,s,53,0.02026,0.01802,0.01849
Time,s,53,0.01843,0.01822,0.0187
Time,s,53,0.0185,0.01791,0.01996
Time,s,53,0.01789,0.01815,0.01807
Time,s,53,0.0196,0.01855,0.02006
Time,s,53,0.01812,0.0187,0.01813
Time,s,53,0.01877,0.01795,0.01837
Time,s,53,0.01879,0.02117,0.01907
Time,s,53,0.0188,0.02022,0.01908
Time,s,54,0.03404,0.02619,0.02668
Time,s,54,0.02344,0.02449,0.02289
Time,s,54,0.02514,0.02383,0.02354
Time,s,54,0.02282,0.02312,0.02451
Time,s,54,0.02477,0.02282,0.0245
Time,s,54,0.02403,0.02428,0.02382
Time,s,54,0.02296,0.02312,0.02373
Time,s,54,0.0233,0.02346,0.02246
Time,s,54,0.02367,0.02324,0.02395
Time,s,54,0.02394,0.02434,0.02344
Time,s,54,0.02432,0.02469,0.02277
Time,s,54,0.02364,0.02477,0.02237
Time,s,54,0.02287,0.02345,0.02277
Time,s,54,0.02271,0.02339,0.02356
Time,s,54,0.02313,0.02331,0.0231
Time,s,54,0.02373,0.02348,0.02336
Time,s,54,0.02314,0.02364,0.02286
Time,s,54,0.02471,0.02234,0.02418
Time,s,54,0.02388,0.02275,0.02393
Time,s,54,0.02367,0.02279,0.02441
Time,s,54,0.02583,0.02255,0.02336
Time,s,54,0.0237,0.02285,0.02229
Time,s,54,0.02349,0.02393,0.02167
Time,s,54,0.02348,0.02224,0.0237
Time,s,54,0.0228,0.02429,0.02329
Time,s,54,0.02531,0.02374,0.02258
Time,s,54,0.0237,0.02374,0.02372
Time,s,54,0.02345,0.02336,0.02367
Time,s,54,0.02302,0.02275,0.02401
Time,s,54,0.02293,0.02347,0.02316
Time,s,54,0.02275,0.02604,0.02217
Time,s,54,0.02321,0.02404,0.02376
Time,s,54,0.0244,0.02371,0.02297
Time,s,54,0.02452,0.02447,0.0221
Time,s,54,0.02353,0.02212,0.02326
Time,s,54,0.02363,0.02225,0.02349
Time,s,54,0.02477,0.02234,0.02234
Time,s,54,0.02415,0.02386,0.02285
Time,s,54,0.02319,0.02263,0.02242
Time,s,54,0.02256,0.02306,0.02327
Time,s,54,0.0232,0.02394,0.02256
Time,s,54,0.02422,0.02278,0.02222
Time,s,54,0.02398,0.02358,0.02447
Time,s,54,0.02464,0.02331,0.02541
Time,s,54,0.02344,0.02413,0.02993
Time,s,54,0.02425,0.02309,0.02913
Time,s,54,0.0242,0.02489,0.02886
Time,s,54,0.02461,0.0244,0.02515
Time,s,54,0.02344,0.02361,0.0234
Time,s,54,0.02827,0.02429,0.02389
Time,s,54,0.02356,0.02356,0.02349
Time,s,54,0.02475,0.02287,0.0235
Time,s,54,0.02475,0.02318,0.02424
Time,s,54,0.0243,0.02409,0.02455
Time,s,54,0.02298,0.02322,0.02404
Time,s,54,0.02303,0.02431,0.02312
Time,s,54,0.02329,0.02298,0.02366
Time,s,54,0.02387,0.02322,0.02322
Time,s,54,0.02342,0.02342,0.02394
Time,s,54,0.02357,0.02387,0.02346
Time,s,54,0.02407,0.02323,0.02495
Time,s,54,0.02347,0.02485,0.02384
Time,s,54,0.02274,0.02345,0.02541
Time,s,54,0.0238,0.02386,0.02299
Time,s,54,0.02326,0.02346,0.02273
Time,s,54,0.02273,0.02266,0.0229
Time,s,54,0.0244,0.02381,0.02471
Time,s,54,0.02515,0.02296,0.02341
Time,s,54,0.02489,0.02323,0.02531
Time,s,54,0.02393,0.02275,0.02441
Time,s,54,0.02383,0.02398,0.02417
Time,s,54,0.0278,0.02428,0.02286
Time,s,54,0.02302,0.0227,0.02279
Time,s,54,0.02317,0.02259,0.02303
Time,s,54,0.02356,0.02304,0.02276
Time,s,54,0.02339,0.02443,0.02437
Time,s,54,0.02425,0.02309,0.02335
Time,s,54,0.02417,0.02495,0.02429
Time,s,54,0.02315,0.02423,0.02304
Time,s,54,0.02361,0.02266,0.02349
Time,s,55,0.00972,0.00999,0.01018
Time,s,55,0.00987,0.00964,0.00981
Time,s,55,0.00966,0.00939,0.00956
Time,s,55,0.00947,0.00999,0.00967
Time,s,55,0.00945,0.0092,0.00935
Time,s,55,0.00959,0.00924,0.00924
Time,s,55,0.00961,0.00941,0.00929
Time,s,55,0.01089,0.00923,0.00983
Time,s,55,0.00966,0.00939,0.00954
Time,s,55,0.00957,0.00923,0.00936
Time,s,55,0.00947,0.01049,0.00965
Time,s,55,0.01049,0.00941,0.00916
Time,s,55,0.00941,0.0096,0.00931
Time,s,55,0.00936,0.00948,0.00929
Time,s,55,0.00928,0.00951,0.00966
Time,s,55,0.00944,0.00984,0.00973
Time,s,55,0.00967,0.01067,0.01125
Time,s,55,0.0098,0.00928,0.00997
Time,s,55,0.00972,0.01079,0.01033
Time,s,55,0.00935,0.00925,0.01003
Time,s,55,0.00939,0.01021,0.00979
Time,s,55,0.00933,0.00942,0.00957
Time,s,55,0.011,0.00944,0.00947
Time,s,55,0.00954,0.00957,0.00954
Time,s,55,0.01013,0.00973,0.0112
Time,s,55,0.01003,0.00975,0.00935
Time,s,55,0.00922,0.00975,0.0091
Time,s,55,0.01047,0.00962,0.00973
Time,s,55,0.00957,0.00952,0.0094
Time,s,55,0.00949,0.01,0.00953
Time,s,55,0.00998,0.00927,0.00929
Time,s,55,0.00947,0.00914,0.00972
Time,s,55,0.01065,0.00949,0.01035
Time,s,55,0.00976,0.00941,0.00939
Time,s,55,0.00971,0.01072,0.00979
Time,s,55,0.00988,0.00995,0.00923
Time,s,55,0.00961,0.01135,0.0101
Time,s,55,0.00991,0.01044,0.01153
Time,s,55,0.00985,0.01003,0.00958
Time,s,55,0.00945,0.01057,0.00986
Time,s,55,0.00946,0.01101,0.01124
Time,s,55,0.00938,0.0105,0.00946
Time,s,55,0.00983,0.01038,0.01015
Time,s,55,0.00923,0.01083,0.00897
Time,s,55,0.00924,0.01102,0.0095
Time,s,55,0.00944,0.01088,0.00998
Time,s,55,0.00977,0.00974,0.00955
Time,s,55,0.01003,0.00908,0.00981
Time,s,55,0.01052,0.00912,0.00984
Time,s,55,0.00929,0.00933,0.0108
Time,s,55,0.00951,0.00934,0.00953
Time,s,55,0.01133,0.00928,0.00995
Time,s,55,0.0093,0.0098,0.00937
Time,s,55,0.00914,0.00979,0.00984
Time,s,55,0.01093,0.00976,0.00975
Time,s,55,0.00967,0.00903,0.00995
Time,s,55,0.00952,0.00988,0.00958
Time,s,55,0.00948,0.00949,0.00934
Time,s,55,0.00935,0.00928,0.00965
Time,s,55,0.00905,0.00931,0.01048
Time,s,55,0.00942,0.0098,0.00958
Time,s,55,0.00911,0.00914,0.00935
Time,s,55,0.00938,0.01062,0.0098
Time,s,55,0.01019,0.00954,0.00948
Time,s,55,0.00957,0.00893,0.00935
Time,s,55,0.00948,0.00975,0.00954
Time,s,55,0.00975,0.00962,0.00972
Time,s,55,0.0094,0.009,0.00958
Time,s,55,0.00943,0.00943,0.00947
Time,s,55,0.01014,0.00962,0.00932
Time,s,55,0.00979,0.00947,0.00971
Time,s,55,0.00962,0.00918,0.00997
Time,s,55,0.00977,0.00936,0.00913
Time,s,55,0.00969,0.01062,0.00957
Time,s,55,0.00933,0.01011,0.00966
Time,s,55,0.00941,0.01011,0.01117
Time,s,55,0.01133,0.00989,0.00987
Time,s,55,0.0101,0.00935,0.01031
Time,s,55,0.01134,0.0095,0.00932
Time,s,55,0.01059,0.00948,0.00974
Time,s,56,0.02651,0.02739,0.02759
Time,s,56,0.02697,0.02678,0.02615
Time,s,56,0.02499,0.0252,0.02418
Time,s,56,0.02576,0.02514,0.02593
Time,s,56,0.02653,0.02488,0.02692
Time,s,56,0.02729,0.02358,0.02727
Time,s,56,0.02552,0.02481,0.0294
Time,s,56,0.02505,0.02509,0.02614
Time,s,56,0.02509,0.02538,0.02419
Time,s,56,0.02599,0.02559,0.02515
Time,s,56,0.02445,0.02555,0.02515
Time,s,56,0.02531,0.02412,0.02584
Time,s,56,0.02438,0.02538,0.02449
Time,s,56,0.02577,0.02532,0.02604
Time,s,56,0.02529,0.02425,0.02663
Time,s,56,0.02383,0.02451,0.02461
Time,s,56,0.02775,0.02533,0.02783
Time,s,56,0.0267,0.02482,0.02724
Time,s,56,0.02567,0.02497,0.02641
Time,s,56,0.02563,0.02575,0.02618
Time,s,56,0.02439,0.02307,0.02571
Time,s,56,0.02497,0.0242,0.02505
Time,s,56,0.02415,0.02476,0.02486
Time,s,56,0.02484,0.0243,0.02454
Time,s,56,0.02412,0.02424,0.02502
Time,s,56,0.0241,0.02388,0.02461
Time,s,56,0.02532,0.02592,0.0247
Time,s,56,0.02405,0.02524,0.02584
Time,s,56,0.02388,0.02402,0.02613
Time,s,56,0.02572,0.02439,0.0242
Time,s,56,0.02507,0.02484,0.0265
Time,s,56,0.02584,0.02465,0.02602
Time,s,56,0.02673,0.0238,0.0254
Time,s,56,0.02542,0.02432,0.02757
Time,s,56,0.02451,0.02554,0.026
Time,s,56,0.02437,0.0266,0.02475
Time,s,56,0.02528,0.02447,0.02568
Time,s,56,0.02471,0.02699,0.02474
Time,s,56,0.0246,0.02504,0.0249
Time,s,56,0.02495,0.02499,0.02643
Time,s,56,0.02443,0.02476,0.02455
Time,s,56,0.02643,0.0253,0.02571
Time,s,56,0.02603,0.02561,0.02598
Time,s,56,0.02798,0.0259,0.02427
Time,s,56,0.02534,0.02687,0.02764
Time,s,56,0.02407,0.02658,0.02441
Time,s,56,0.02484,0.02483,0.02556
Time,s,56,0.02555,0.02655,0.02481
Time,s,56,0.02491,0.02416,0.02546
Time,s,56,0.02641,0.02646,0.0251
Time,s,56,0.02321,0.0259,0.02532
Time,s,56,0.02558,0.02434,0.02523
Time,s,56,0.02374,0.02624,0.02496
Time,s,56,0.02435,0.02407,0.02478
Time,s,56,0.02404,0.02747,0.02457
Time,s,56,0.02673,0.02526,0.02592
Time,s,56,0.02535,0.0267,0.02469
Time,s,56,0.02517,0.02902,0.02504
Time,s,56,0.02567,0.02482,0.02678
Time,s,56,0.02479,0.02636,0.02514
Time,s,56,0.02703,0.02674,0.02405
Time,s,56,0.02667,0.0242,0.02602
Time,s,56,0.02491,0.02777,0.02506
Time,s,56,0.02537,0.02481,0.02526
Time,s,56,0.02493,0.02551,0.0241
Time,s,56,0.02571,0.0263,0.02581
Time,s,56,0.0279,0.02741,0.02697
Time,s,56,0.0252,0.02766,0.02671
Time,s,56,0.02613,0.02579,0.02603
Time,s,56,0.02369,0.02588,0.0247
Time,s,56,0.0244,0.02457,0.02534
Time,s,56,0.02427,0.02476,0.02572
Time,s,56,0.02473,0.02426,0.028
Time,s,56,0.02443,0.02507,0.02477
Time,s,56,0.02515,0.02459,0.0255
Time,s,56,0.02501,0.02576,0.02462
Time,s,56,0.02451,0.02447,0.02439
Time,s,56,0.02619,0.02334,0.02594
Time,s,56,0.02478,0.02504,0.0252
Time,s,56,0.02668,0.02603,0.02613
Time,s,57,0.24505,0.2352,0.25958
Time,s,57,0.23979,0.22452,0.30048
Time,s,57,0.26905,0.27296,0.23842
Time,s,57,0.24645,0.23613,0.24001
Time,s,57,0.24058,0.22668,0.23831
Time,s,57,0.22753,0.22267,0.24475
Time,s,57,0.21901,0.2534,0.23928
Time,s,57,0.23313,0.23667,0.24236
Time,s,57,0.25829,0.2596,0.22773
Time,s,57,0.22411,0.22674,0.23624
Time,s,57,0.23005,0.21166,0.27068
Time,s,57,0.25029,0.22089,0.22883
Time,s,57,0.25581,0.22616,0.23453
Time,s,57,0.21975,0.25711,0.23114
Time,s,57,0.30143,0.24194,0.22574
Time,s,57,0.21828,0.22741,0.23378
Time,s,57,0.21909,0.23495,0.28037
Time,s,57,0.23562,0.25617,0.23498
Time,s,57,0.22766,0.22303,0.21235
Time,s,57,0.22045,0.23508,0.22029
Time,s,57,0.22799,0.22076,0.21319
Time,s,57,0.22222,0.22621,0.21604
Time,s,57,0.23917,0.21768,0.22575
Time,s,57,0.22661,0.23402,0.21726
Time,s,57,0.22738,0.28823,0.22829
Time,s,57,0.24132,0.21929,0.21675
Time,s,57,0.22877,0.25334,0.22807
Time,s,57,0.23444,0.22964,0.21944
Time,s,57,0.22239,0.22301,0.21913
Time,s,57,0.23639,0.23795,0.2261
Time,s,57,0.22443,0.2194,0.26312
Time,s,57,0.23951,0.23678,0.2304
Time,s,57,0.22016,0.22871,0.21656
Time,s,57,0.22478,0.22063,0.22905
Time,s,57,0.21985,0.22181,0.24075
Time,s,57,0.22742,0.24969,0.20641
Time,s,57,0.21657,0.21578,0.22507
Time,s,57,0.2445,0.23138,0.22298
Time,s,57,0.21798,0.23244,0.21936
Time,s,57,0.20817,0.23249,0.22381
Time,s,57,0.23575,0.2167,0.219
Time,s,57,0.21803,0.21545,0.21874
Time,s,57,0.21775,0.22736,0.21863
Time,s,57,0.2258,0.21843,0.23417
Time,s,57,0.21949,0.21815,0.26162
Time,s,57,0.21954,0.21937,0.21979
Time,s,57,0.22459,0.21413,0.23128
Time,s,57,0.2189,0.22133,0.22267
Time,s,57,0.22592,0.23966,0.22344
Time,s,57,0.22025,0.21737,0.26351
Time,s,57,0.23638,0.21608,0.22413
Time,s,57,0.2361,0.22365,0.20702
Time,s,57,0.21778,0.21145,0.22053
Time,s,57,0.21942,0.22492,0.24817
Time,s,57,0.21954,0.22507,0.25324
Time,s,57,0.21234,0.22403,0.2145
Time,s,57,0.218,0.22168,0.22023
Time,s,57,0.22608,0.21339,0.21864
Time,s,57,0.22074,0.2109,0.22028
Time,s,57,0.23004,0.2195,0.21386
Time,s,57,0.21934,0.21043,0.21262
Time,s,57,0.22089,0.21887,0.28532
Time,s,57,0.21822,0.22619,0.21571
Time,s,57,0.22115,0.23383,0.215
Time,s,57,0.21273,0.21315,0.22333
Time,s,57,0.21967,0.27551,0.21217
Time,s,57,0.24531,0.2211,0.2161
Time,s,57,0.2134,0.22818,0.21735
Time,s,57,0.22571,0.22664,0.22772
Time,s,57,0.2992,0.22135,0.22532
Time,s,57,0.21857,0.2324,0.23141
Time,s,57,0.21577,0.22217,0.2254
Time,s,57,0.22676,0.22931,0.22736
Time,s,57,0.21653,0.22463,0.2154
Time,s,57,0.22157,0.2183,0.21758
Time,s,57,0.21969,0.22204,0.23418
Time,s,57,0.22719,0.22049,0.2216
Time,s,57,0.23927,0.24913,0.22491
Time,s,57,0.2248,0.22086,0.21507
Time,s,57,0.21782,0.21555,0.2151
Time,s,58,0.03246,0.04001,0.02949
Time,s,58,0.02789,0.02854,0.0264
Time,s,58,0.02497,0.02686,0.02594
Time,s,58,0.02864,0.0284,0.02532
Time,s,58,0.02766,0.02607,0.02655
Time,s,58,0.02632,0.02923,0.0243
Time,s,58,0.02565,0.02906,0.02982
Time,s,58,0.02743,0.02609,0.02758
Time,s,58,0.02662,0.02426,0.02506
Time,s,58,0.02488,0.02403,0.0271
Time,s,58,0.02624,0.02452,0.02558
Time,s,58,0.02763,0.02639,0.02802
Time,s,58,0.0249,0.02826,0.02457
Time,s,58,0.02633,0.02474,0.02685
Time,s,58,0.02807,0.02964,0.02879
Time,s,58,0.02397,0.02495,0.02746
Time,s,58,0.02628,0.02471,0.02894
Time,s,58,0.02686,0.02636,0.02551
Time,s,58,0.0268,0.02557,0.02783
Time,s,58,0.02659,0.02605,0.023
Time,s,58,0.02547,0.02694,0.02403
Time,s,58,0.02485,0.02741,0.02597
Time,s,58,0.02438,0.02519,0.02311
Time,s,58,0.02699,0.02388,0.02557
Time,s,58,0.02537,0.02643,0.0257
Time,s,58,0.02588,0.02613,0.03029
Time,s,58,0.02487,0.0257,0.02987
Time,s,58,0.02934,0.02749,0.0256
Time,s,58,0.02581,0.02735,0.02285
Time,s,58,0.02532,0.02536,0.02473
Time,s,58,0.02578,0.02467,0.02394
Time,s,58,0.02688,0.0266,0.02742
Time,s,58,0.02729,0.02368,0.02505
Time,s,58,0.02451,0.02553,0.02566
Time,s,58,0.0246,0.02884,0.02406
Time,s,58,0.02498,0.02689,0.0249
Time,s,58,0.02339,0.02518,0.02408
Time,s,58,0.02597,0.02372,0.02436
Time,s,58,0.02455,0.02366,0.0256
Time,s,58,0.02465,0.02253,0.02605
Time,s,58,0.0259,0.02438,0.02406
Time,s,58,0.02503,0.02475,0.02358
Time,s,58,0.02534,0.02396,0.02629
Time,s,58,0.02451,0.02495,0.02267
Time,s,58,0.03294,0.02631,0.02246
Time,s,58,0.02637,0.02324,0.02358
Time,s,58,0.02294,0.02381,0.02351
Time,s,58,0.02393,0.02403,0.0249
Time,s,58,0.02571,0.02308,0.02667
Time,s,58,0.02374,0.02427,0.02408
Time,s,58,0.02355,0.02347,0.02424
Time,s,58,0.02457,0.02453,0.02281
Time,s,58,0.0268,0.02314,0.02515
Time,s,58,0.02352,0.02462,0.02469
Time,s,58,0.02254,0.02644,0.02257
Time,s,58,0.02393,0.0241,0.02475
Time,s,58,0.02334,0.02256,0.02512
Time,s,58,0.0232,0.02335,0.02225
Time,s,58,0.02431,0.02329,0.0241
Time,s,58,0.02357,0.02425,0.02526
Time,s,58,0.03631,0.02428,0.02507
Time,s,58,0.02514,0.02472,0.02259
Time,s,58,0.0232,0.02418,0.0225
Time,s,58,0.02418,0.0238,0.0242
Time,s,58,0.02433,0.02239,0.02357
Time,s,58,0.02538,0.02403,0.02474
Time,s,58,0.02281,0.0236,0.02358
Time,s,58,0.0244,0.02445,0.02317
Time,s,58,0.02495,0.02396,0.02372
Time,s,58,0.02367,0.02282,0.02391
Time,s,58,0.02394,0.02341,0.02324
Time,s,58,0.02344,0.0219,0.02268
Time,s,58,0.02481,0.02341,0.02353
Time,s,58,0.02371,0.02426,0.02323
Time,s,58,0.02273,0.0286,0.02352
Time,s,58,0.0219,0.02328,0.0241
Time,s,58,0.02347,0.02296,0.02428
Time,s,58,0.02406,0.02253,0.02411
Time,s,58,0.02493,0.02339,0.02402
Time,s,58,0.02425,0.02614,0.02341
Time,s,59,0.08583,0.08988,0.0937
Time,s,59,0.08629,0.08521,0.0979
Time,s,59,0.08528,0.08563,0.08679
Time,s,59,0.08653,0.0849,0.08541
Time,s,59,0.08793,0.08802,0.08602
Time,s,59,0.08622,0.09295,0.08684
Time,s,59,0.08646,0.08681,0.08712
Time,s,59,0.08741,0.08626,0.08608
Time,s,59,0.0856,0.08563,0.09463
Time,s,59,0.08688,0.08543,0.10854
Time,s,59,0.09153,0.09243,0.1165
Time,s,59,0.08554,0.09512,0.11706
Time,s,59,0.08553,0.09516,0.10298
Time,s,59,0.08689,0.09707,0.08625
Time,s,59,0.08602,0.08945,0.08494
Time,s,59,0.08614,0.08689,0.0911
Time,s,59,0.08592,0.08638,0.08621
Time,s,59,0.08553,0.08608,0.08496
Time,s,59,0.09004,0.0849,0.08445
Time,s,59,0.08658,0.08594,0.08368
Time,s,59,0.0863,0.08704,0.08534
Time,s,59,0.08667,0.0946,0.08463
Time,s,59,0.08584,0.124,0.08585
Time,s,59,0.08552,0.11427,0.08809
Time,s,59,0.08569,0.11453,0.08543
Time,s,59,0.08529,0.09863,0.08449
Time,s,59,0.08491,0.08806,0.08549
Time,s,59,0.08438,0.08828,0.08369
Time,s,59,0.09173,0.08658,0.08644
Time,s,59,0.08521,0.08577,0.08442
Time,s,59,0.0842,0.08697,0.08433
Time,s,59,0.08583,0.08701,0.08344
Time,s,59,0.08523,0.09404,0.08436
Time,s,59,0.08536,0.08601,0.09226
Time,s,59,0.08571,0.08562,0.0845
Time,s,59,0.08508,0.08644,0.08379
Time,s,59,0.08573,0.08603,0.08545
Time,s,59,0.08566,0.08707,0.08402
Time,s,59,0.08464,0.08776,0.0874
Time,s,59,0.08595,0.09149,0.0853
Time,s,59,0.08694,0.08576,0.08762
Time,s,59,0.08815,0.08527,0.08348
Time,s,59,0.08937,0.08663,0.08522
Time,s,59,0.09019,0.08631,0.08445
Time,s,59,0.08541,0.08637,0.08541
Time,s,59,0.087,0.0862,0.08468
Time,s,59,0.09262,0.08704,0.08409
Time,s,59,0.08515,0.08856,0.08507
Time,s,59,0.08664,0.08794,0.0918
Time,s,59,0.08676,0.08727,0.08741
Time,s,59,0.08618,0.08801,0.09006
Time,s,59,0.08537,0.08688,0.09001
Time,s,59,0.08721,0.08581,0.08674
Time,s,59,0.08644,0.0853,0.08517
Time,s,59,0.08522,0.08905,0.08662
Time,s,59,0.08746,0.08718,0.0848
Time,s,59,0.0869,0.0859,0.08603
Time,s,59,0.08586,0.09088,0.08441
Time,s,59,0.08699,0.08661,0.08407
Time,s,59,0.08787,0.08643,0.08432
Time,s,59,0.08531,0.08625,0.08562
Time,s,59,0.08578,0.08726,0.084
Time,s,59,0.08568,0.08635,0.08463
Time,s,59,0.0863,0.08592,0.08444
Time,s,59,0.09357,0.08624,0.08677
Time,s,59,0.08577,0.08696,0.08464
Time,s,59,0.08861,0.08544,0.08412
Time,s,59,0.08808,0.08542,0.08417
Time,s,59,0.0862,0.08665,0.08505
Time,s,59,0.08776,0.08646,0.10083
Time,s,59,0.08798,0.08542,0.08478
Time,s,59,0.08576,0.08604,0.08548
Time,s,59,0.08694,0.08552,0.08476
Time,s,59,0.08608,0.08592,0.08551
Time,s,59,0.0858,0.08735,0.0847
Time,s,59,0.08666,0.09096,0.08529
Time,s,59,0.087,0.08519,0.08642
Time,s,59,0.08543,0.08695,0.08555
Time,s,59,0.08801,0.08598,0.0855
Time,s,59,0.0882,0.09236,0.08452
Time,s,60,0.02926,0.03114,0.0285
Time,s,60,0.0289,0.03005,0.02812
Time,s,60,0.02808,0.02823,0.02947
Time,s,60,0.02872,0.02917,0.02763
Time,s,60,0.02992,0.02765,0.02914
Time,s,60,0.02806,0.02864,0.02717
Time,s,60,0.029,0.03003,0.02761
Time,s,60,0.03242,0.02714,0.02711
Time,s,60,0.02918,0.02996,0.02787
Time,s,60,0.03095,0.02756,0.02677
Time,s,60,0.02855,0.02739,0.02796
Time,s,60,0.02829,0.02734,0.02714
Time,s,60,0.02883,0.02691,0.02648
Time,s,60,0.029,0.02838,0.02712
Time,s,60,0.02887,0.02697,0.02695
Time,s,60,0.02734,0.02733,0.02614
Time,s,60,0.0278,0.02745,0.02693
Time,s,60,0.02971,0.02838,0.02722
Time,s,60,0.02787,0.02944,0.02799
Time,s,60,0.03014,0.02798,0.02742
Time,s,60,0.02783,0.02781,0.02737
Time,s,60,0.02731,0.02848,0.02943
Time,s,60,0.02656,0.02751,0.02651
Time,s,60,0.02672,0.02813,0.02674
Time,s,60,0.03002,0.02824,0.0279
Time,s,60,0.02742,0.02727,0.02851
Time,s,60,0.02781,0.02765,0.0272
Time,s,60,0.02893,0.0273,0.02645
Time,s,60,0.02875,0.02806,0.02786
Time,s,60,0.03094,0.02812,0.02678
Time,s,60,0.02783,0.02869,0.02664
Time,s,60,0.02907,0.02783,0.0274
Time,s,60,0.02818,0.02737,0.02786
Time,s,60,0.02946,0.02819,0.02831
Time,s,60,0.02892,0.02854,0.02934
Time,s,60,0.02814,0.02874,0.02816
Time,s,60,0.0287,0.02939,0.0271
Time,s,60,0.0277,0.02828,0.02852
Time,s,60,0.02642,0.03015,0.02724
Time,s,60,0.02773,0.02902,0.02645
Time,s,60,0.02848,0.02748,0.02807
Time,s,60,0.02955,0.0287,0.02779
Time,s,60,0.02843,0.02957,0.02669
Time,s,60,0.02697,0.02652,0.02792
Time,s,60,0.02679,0.02798,0.02902
Time,s,60,0.02932,0.02742,0.02852
Time,s,60,0.02784,0.02809,0.0289
Time,s,60,0.0283,0.02876,0.02767
Time,s,60,0.02715,0.02852,0.02751
Time,s,60,0.02841,0.02977,0.02727
Time,s,60,0.02843,0.02902,0.02912
Time,s,60,0.02762,0.02732,0.02703
Time,s,60,0.02768,0.02751,0.02816
Time,s,60,0.02859,0.02957,0.02977
Time,s,60,0.02873,0.02898,0.02819
Time,s,60,0.02856,0.02795,0.02733
Time,s,60,0.02762,0.02728,0.02881
Time,s,60,0.02853,0.02822,0.02827
Time,s,60,0.03082,0.02825,0.02776
Time,s,60,0.02764,0.02841,0.03
Time,s,60,0.02782,0.02793,0.02724
Time,s,60,0.02901,0.02873,0.027
Time,s,60,0.02883,0.02678,0.02811
Time,s,60,0.02731,0.02672,0.02729
Time,s,60,0.02832,0.02721,0.0272
Time,s,60,0.02852,0.0272,0.02841
Time,s,60,0.02682,0.02784,0.02832
Time,s,60,0.02764,0.02784,0.02697
Time,s,60,0.0278,0.02733,0.02652
Time,s,60,0.02655,0.02785,0.02884
Time,s,60,0.0299,0.02769,0.02751
Time,s,60,0.02679,0.02847,0.02829
Time,s,60,0.02849,0.02795,0.02845
Time,s,60,0.02975,0.02768,0.02739
Time,s,60,0.02835,0.02841,0.03009
Time,s,60,0.02779,0.02763,0.02742
Time,s,60,0.02963,0.02912,0.02943
Time,s,60,0.02843,0.02808,0.02868
Time,s,60,0.02877,0.02706,0.02752
Time,s,60,0.02693,0.02814,0.02865
Time,s,61,0.04256,0.04176,0.03686
Time,s,61,0.03311,0.03248,0.03285
Time,s,61,0.03254,0.03299,0.0317
Time,s,61,0.0322,0.03133,0.03129
Time,s,61,0.03137,0.03264,0.03144
Time,s,61,0.03265,0.03316,0.03147
Time,s,61,0.03107,0.03155,0.03143
Time,s,61,0.03187,0.03204,0.03053
Time,s,61,0.03097,0.03183,0.03132
Time,s,61,0.03209,0.03533,0.03156
Time,s,61,0.03168,0.04119,0.03264
Time,s,61,0.03157,0.03296,0.03225
Time,s,61,0.03329,0.03417,0.0317
Time,s,61,0.03184,0.03214,0.03132
Time,s,61,0.03274,0.03198,0.03101
Time,s,61,0.03302,0.031,0.03148
Time,s,61,0.031,0.03149,0.03172
Time,s,61,0.03186,0.03278,0.03219
Time,s,61,0.03221,0.03227,0.03338
Time,s,61,0.03142,0.03149,0.03198
Time,s,61,0.03273,0.03167,0.03274
Time,s,61,0.03333,0.03178,0.03239
Time,s,61,0.03136,0.03202,0.03364
Time,s,61,0.03241,0.03118,0.03151
Time,s,61,0.03124,0.03122,0.03186
Time,s,61,0.03231,0.03147,0.03167
Time,s,61,0.03307,0.03135,0.03299
Time,s,61,0.03163,0.03222,0.03188
Time,s,61,0.03291,0.03278,0.03117
Time,s,61,0.03158,0.03272,0.03206
Time,s,61,0.03322,0.03302,0.03103
Time,s,61,0.03223,0.03248,0.03793
Time,s,61,0.03412,0.03114,0.03225
Time,s,61,0.03184,0.03154,0.03141
Time,s,61,0.03253,0.03132,0.03283
Time,s,61,0.0322,0.03125,0.03483
Time,s,61,0.03152,0.03139,0.03241
Time,s,61,0.03252,0.03115,0.03279
Time,s,61,0.03192,0.03186,0.03185
Time,s,61,0.03101,0.03292,0.03172
Time,s,61,0.03123,0.03185,0.03125
Time,s,61,0.03182,0.0323,0.03126
Time,s,61,0.03231,0.03191,0.0323
Time,s,61,0.03176,0.03291,0.03248
Time,s,61,0.03306,0.03265,0.03235
Time,s,61,0.03118,0.03153,0.03333
Time,s,61,0.03353,0.03137,0.0319
Time,s,61,0.0322,0.03149,0.03186
Time,s,61,0.0327,0.0311,0.03363
Time,s,61,0.03213,0.0312,0.03303
Time,s,61,0.03118,0.03154,0.03191
Time,s,61,0.03299,0.03181,0.03077
Time,s,61,0.03189,0.03207,0.03122
Time,s,61,0.03147,0.03212,0.03196
Time,s,61,0.03262,0.03064,0.03145
Time,s,61,0.03306,0.03591,0.03175
Time,s,61,0.03127,0.03534,0.03092
Time,s,61,0.0316,0.03326,0.03132
Time,s,61,0.03249,0.03095,0.03192
Time,s,61,0.03109,0.03196,0.03211
Time,s,61,0.0311,0.0355,0.03262
Time,s,61,0.03186,0.03169,0.03129
Time,s,61,0.03367,0.03274,0.0322
Time,s,61,0.0313,0.03047,0.03251
Time,s,61,0.03161,0.03147,0.03281
Time,s,61,0.0307,0.03753,0.03144
Time,s,61,0.03153,0.03049,0.03152
Time,s,61,0.0325,0.0324,0.03179
Time,s,61,0.03269,0.03195,0.03186
Time,s,61,0.0312,0.03207,0.03128
Time,s,61,0.03238,0.03132,0.03151
Time,s,61,0.03156,0.0314,0.03066
Time,s,61,0.03231,0.0326,0.03214
Time,s,61,0.03596,0.03141,0.03246
Time,s,61,0.03207,0.03193,0.03135
Time,s,61,0.03176,0.03181,0.03176
Time,s,61,0.03332,0.03181,0.03168
Time,s,61,0.03264,0.03265,0.03152
Time,s,61,0.03173,0.03145,0.03055
Time,s,61,0.03166,0.03091,0.03211
Time,s,62,0.02082,0.0163,0.01367
Time,s,62,0.01394,0.01268,0.01289
Time,s,62,0.01295,0.01304,0.01314
Time,s,62,0.01281,0.01306,0.01288
Time,s,62,0.01335,0.01272,0.013
Time,s,62,0.01401,0.01447,0.01268
Time,s,62,0.01307,0.01342,0.01403
Time,s,62,0.0132,0.01255,0.01313
Time,s,62,0.01216,0.01284,0.01398
Time,s,62,0.01379,0.01283,0.01304
Time,s,62,0.01383,0.01314,0.01286
Time,s,62,0.01256,0.01329,0.01263
Time,s,62,0.01311,0.01287,0.01233
Time,s,62,0.01415,0.01259,0.01386
Time,s,62,0.01252,0.01444,0.01279
Time,s,62,0.01314,0.01441,0.01445
Time,s,62,0.01449,0.01344,0.01279
Time,s,62,0.01305,0.01331,0.01263
Time,s,62,0.01309,0.01448,0.01283
Time,s,62,0.01322,0.0132,0.01248
Time,s,62,0.014,0.01303,0.01292
Time,s,62,0.01352,0.01321,0.01247
Time,s,62,0.01345,0.01343,0.0133
Time,s,62,0.01266,0.0131,0.01266
Time,s,62,0.0124,0.01255,0.01314
Time,s,62,0.01263,0.01279,0.01257
Time,s,62,0.0127,0.01292,0.01338
Time,s,62,0.01415,0.01333,0.01274
Time,s,62,0.01301,0.0126,0.01244
Time,s,62,0.01319,0.01264,0.01249
Time,s,62,0.0128,0.0129,0.0126
Time,s,62,0.01352,0.0147,0.0127
Time,s,62,0.0126,0.01356,0.01266
Time,s,62,0.0123,0.01321,0.01316
Time,s,62,0.0126,0.01272,0.01285
Time,s,62,0.01309,0.01262,0.01447
Time,s,62,0.01274,0.01285,0.01462
Time,s,62,0.01301,0.01298,0.01254
Time,s,62,0.01258,0.01389,0.01281
Time,s,62,0.0129,0.01261,0.01279
Time,s,62,0.01252,0.01252,0.01234
Time,s,62,0.01302,0.01267,0.01275
Time,s,62,0.01286,0.01258,0.01348
Time,s,62,0.01426,0.01297,0.01241
Time,s,62,0.01273,0.01273,0.0122
Time,s,62,0.01257,0.01301,0.01247
Time,s,62,0.01264,0.01266,0.01227
Time,s,62,0.01366,0.01336,0.01413
Time,s,62,0.01263,0.01274,0.01242
Time,s,62,0.01266,0.01334,0.01226
Time,s,62,0.0125,0.01352,0.01243
Time,s,62,0.01289,0.01274,0.01264
Time,s,62,0.01282,0.01286,0.0127
Time,s,62,0.01281,0.01263,0.01336
Time,s,62,0.0125,0.01254,0.01284
Time,s,62,0.01271,0.01303,0.01257
Time,s,62,0.01238,0.01243,0.01259
Time,s,62,0.0126,0.01263,0.01302
Time,s,62,0.01289,0.0137,0.01422
Time,s,62,0.01378,0.01498,0.01291
Time,s,62,0.01261,0.0133,0.01241
Time,s,62,0.0123,0.01302,0.01304
Time,s,62,0.01251,0.01372,0.01287
Time,s,62,0.01328,0.01339,0.01269
Time,s,62,0.01284,0.01309,0.01244
Time,s,62,0.01307,0.01281,0.01302
Time,s,62,0.01277,0.01336,0.01268
Time,s,62,0.01283,0.01463,0.01233
Time,s,62,0.01428,0.01328,0.01273
Time,s,62,0.01287,0.01383,0.01248
Time,s,62,0.01297,0.0146,0.01277
Time,s,62,0.01307,0.01463,0.01422
Time,s,62,0.01398,0.01338,0.01283
Time,s,62,0.0126,0.01245,0.01301
Time,s,62,0.0139,0.01305,0.01279
Time,s,62,0.01278,0.01278,0.01341
Time,s,62,0.01274,0.01293,0.01258
Time,s,62,0.01249,0.01349,0.0133
Time,s,62,0.01367,0.01363,0.01269
Time,s,62,0.01286,0.01271,0.01335
Time,s,63,0.01751,0.01671,0.01696
Time,s,63,0.01583,0.01664,0.01554
Time,s,63,0.01591,0.0155,0.01572
Time,s,63,0.01587,0.01573,0.01632
Time,s,63,0.01835,0.01656,0.01587
Time,s,63,0.01941,0.01645,0.01529
Time,s,63,0.01542,0.0159,0.01604
Time,s,63,0.01539,0.01571,0.01572
Time,s,63,0.01568,0.01589,0.01732
Time,s,63,0.01547,0.01535,0.01765
Time,s,63,0.01578,0.01575,0.01726
Time,s,63,0.01542,0.01566,0.0156
Time,s,63,0.01573,0.01569,0.01537
Time,s,63,0.01576,0.01527,0.01583
Time,s,63,0.01512,0.01508,0.01508
Time,s,63,0.01629,0.01549,0.01564
Time,s,63,0.01561,0.01568,0.01561
Time,s,63,0.01522,0.0151,0.01557
Time,s,63,0.01612,0.0151,0.01493
Time,s,63,0.01566,0.01584,0.01551
Time,s,63,0.01512,0.01526,0.01569
Time,s,63,0.01563,0.01658,0.01512
Time,s,63,0.01545,0.01536,0.0151
Time,s,63,0.01584,0.0149,0.01553
Time,s,63,0.0153,0.01529,0.01596
Time,s,63,0.0157,0.01525,0.01541
Time,s,63,0.01617,0.01565,0.01576
Time,s,63,0.01547,0.01572,0.01614
Time,s,63,0.01545,0.0155,0.01615
Time,s,63,0.01579,0.01695,0.01502
Time,s,63,0.01541,0.01533,0.01541
Time,s,63,0.01621,0.01567,0.01601
Time,s,63,0.01624,0.01593,0.01573
Time,s,63,0.0175,0.01537,0.0158
Time,s,63,0.01629,0.0157,0.01583
Time,s,63,0.01567,0.01525,0.01542
Time,s,63,0.01527,0.01534,0.0162
Time,s,63,0.01523,0.01569,0.01544
Time,s,63,0.01579,0.01592,0.0156
Time,s,63,0.01524,0.01573,0.01616
Time,s,63,0.01538,0.0155,0.01549
Time,s,63,0.0161,0.01512,0.01553
Time,s,63,0.01717,0.01539,0.01582
Time,s,63,0.01597,0.01524,0.01611
Time,s,63,0.01672,0.01576,0.01518
Time,s,63,0.0162,0.01612,0.01501
Time,s,63,0.01564,0.0156,0.01573
Time,s,63,0.01608,0.01533,0.01568
Time,s,63,0.0158,0.01588,0.01641
Time,s,63,0.01621,0.0158,0.01529
Time,s,63,0.0166,0.01529,0.0157
Time,s,63,0.01594,0.01569,0.0156
Time,s,63,0.01563,0.0151,0.0151
Time,s,63,0.01637,0.01581,0.01534
Time,s,63,0.01606,0.01505,0.0156
Time,s,63,0.01559,0.01522,0.01502
Time,s,63,0.01488,0.01546,0.01632
Time,s,63,0.01542,0.0151,0.01553
Time,s,63,0.01551,0.01543,0.01556
Time,s,63,0.016,0.01631,0.01627
Time,s,63,0.01561,0.01593,0.01574
Time,s,63,0.01529,0.01612,0.01615
Time,s,63,0.01551,0.01557,0.01706
Time,s,63,0.01548,0.01528,0.0159
Time,s,63,0.01547,0.01529,0.01574
Time,s,63,0.01581,0.01518,0.01496
Time,s,63,0.01576,0.01579,0.01588
Time,s,63,0.01623,0.01603,0.01585
Time,s,63,0.01596,0.01562,0.01646
Time,s,63,0.01625,0.01594,0.01628
Time,s,63,0.01631,0.01511,0.01593
Time,s,63,0.01583,0.01515,0.01574
Time,s,63,0.01662,0.01542,0.01605
Time,s,63,0.01595,0.01506,0.01603
Time,s,63,0.01619,0.01566,0.01471
Time,s,63,0.01658,0.01545,0.01591
Time,s,63,0.01687,0.01523,0.01562
Time,s,63,0.0166,0.01592,0.01605
Time,s,63,0.01588,0.01504,0.01544
Time,s,63,0.01607,0.01575,0.01568
Time,s,64,0.10907,0.10197,0.09745
Time,s,64,0.0966,0.10194,0.09438
Time,s,64,0.09732,0.09777,0.09448
Time,s,64,0.09739,0.09474,0.0972
Time,s,64,0.09407,0.09635,0.09692
Time,s,64,0.09439,0.09664,0.0975
Time,s,64,0.092,0.09403,0.09535
Time,s,64,0.10006,0.09767,0.10105
Time,s,64,0.09199,0.09949,0.09307
Time,s,64,0.09349,0.09713,0.09665
Time,s,64,0.09662,0.10007,0.09339
Time,s,64,0.09594,0.09309,0.09636
Time,s,64,0.09249,0.09199,0.09551
Time,s,64,0.09599,0.09853,0.09635
Time,s,64,0.09521,0.09337,0.09562
Time,s,64,0.09583,0.09524,0.09247
Time,s,64,0.09462,0.09546,0.09587
Time,s,64,0.09715,0.09652,0.09356
Time,s,64,0.09881,0.09632,0.09484
Time,s,64,0.09646,0.09333,0.09468
Time,s,64,0.09594,0.09617,0.0939
Time,s,64,0.09715,0.09559,0.09237
Time,s,64,0.09242,0.09252,0.09603
Time,s,64,0.09546,0.09514,0.0959
Time,s,64,0.09665,0.0949,0.09376
Time,s,64,0.09701,0.09706,0.09296
Time,s,64,0.09673,0.09674,0.09307
Time,s,64,0.09273,0.09932,0.09492
Time,s,64,0.09645,0.09673,0.09359
Time,s,64,0.09421,0.09692,0.09794
Time,s,64,0.09762,0.09597,0.09264
Time,s,64,0.09603,0.09502,0.10136
Time,s,64,0.09249,0.09269,0.10278
Time,s,64,0.09381,0.09793,0.09495
Time,s,64,0.10018,0.09512,0.09319
Time,s,64,0.09234,0.09267,0.09299
Time,s,64,0.09507,0.09352,0.09394
Time,s,64,0.096,0.09459,0.09647
Time,s,64,0.09398,0.09516,0.09199
Time,s,64,0.09386,0.0964,0.09482
Time,s,64,0.09936,0.09292,0.09614
Time,s,64,0.09382,0.09219,0.09397
Time,s,64,0.09707,0.09613,0.0971
Time,s,64,0.09341,0.09784,0.09624
Time,s,64,0.0956,0.09447,0.09442
Time,s,64,0.09607,0.09371,0.09829
Time,s,64,0.09494,0.09809,0.10019
Time,s,64,0.09501,0.09298,0.09853
Time,s,64,0.09674,0.09625,0.09883
Time,s,64,0.09627,0.09401,0.09526
Time,s,64,0.09371,0.09298,0.0943
Time,s,64,0.09353,0.0963,0.09253
Time,s,64,0.09634,0.0955,0.10034
Time,s,64,0.0968,0.09381,0.09402
Time,s,64,0.09409,0.09666,0.10074
Time,s,64,0.09306,0.09613,0.09469
Time,s,64,0.09705,0.09244,0.09532
Time,s,64,0.09632,0.09528,0.09538
Time,s,64,0.09818,0.09379,0.09518
Time,s,64,0.09198,0.09725,0.0962
Time,s,64,0.09422,0.09441,0.09633
Time,s,64,0.09541,0.09517,0.09463
Time,s,64,0.09211,0.0964,0.0993
Time,s,64,0.09517,0.09621,0.09339
Time,s,64,0.09582,0.09634,0.09648
Time,s,64,0.09286,0.09913,0.09244
Time,s,64,0.09264,0.10611,0.09183
Time,s,64,0.09243,0.09644,0.09179
Time,s,64,0.0985,0.09668,0.09384
Time,s,64,0.09441,0.09557,0.09783
Time,s,64,0.095,0.0957,0.09684
Time,s,64,0.095,0.0956,0.09381
Time,s,64,0.09405,0.09431,0.09318
Time,s,64,0.09265,0.09669,0.09654
Time,s,64,0.09339,0.10047,0.09563
Time,s,64,0.09379,0.0963,0.09603
Time,s,64,0.09579,0.09464,0.09524
Time,s,64,0.09596,0.09592,0.09336
Time,s,64,0.09391,0.09415,0.09387
Time,s,64,0.09088,0.09292,0.09538
Time,s,65,0.08277,0.08688,0.08615
Time,s,65,0.08169,0.08585,0.08011
Time,s,65,0.08733,0.08428,0.08515
Time,s,65,0.08681,0.08771,0.08545
Time,s,65,0.08406,0.08002,0.08345
Time,s,65,0.08283,0.08423,0.08457
Time,s,65,0.0851,0.08731,0.0898
Time,s,65,0.08632,0.08688,0.08618
Time,s,65,0.08427,0.08499,0.08765
Time,s,65,0.0824,0.08611,0.08488
Time,s,65,0.0891,0.0867,0.0833
Time,s,65,0.08532,0.0876,0.08462
Time,s,65,0.08575,0.08543,0.08231
Time,s,65,0.08576,0.08394,0.08777
Time,s,65,0.08698,0.08629,0.08765
Time,s,65,0.08386,0.08577,0.08392
Time,s,65,0.08619,0.08497,0.08502
Time,s,65,0.08553,0.08242,0.09237
Time,s,65,0.08795,0.08399,0.09414
Time,s,65,0.08516,0.08494,0.08629
Time,s,65,0.08597,0.08776,0.08801
Time,s,65,0.08626,0.08959,0.08566
Time,s,65,0.0835,0.08531,0.0875
Time,s,65,0.08352,0.08517,0.0834
Time,s,65,0.08249,0.08644,0.08482
Time,s,65,0.08394,0.08578,0.08465
Time,s,65,0.08592,0.0872,0.08591
Time,s,65,0.08466,0.08318,0.08265
Time,s,65,0.08822,0.08162,0.08687
Time,s,65,0.08513,0.08516,0.0844
Time,s,65,0.08669,0.08704,0.08611
Time,s,65,0.08321,0.08425,0.0841
Time,s,65,0.08634,0.08375,0.08628
Time,s,65,0.08342,0.08137,0.08546
Time,s,65,0.08473,0.08102,0.08516
Time,s,65,0.08411,0.08594,0.09222
Time,s,65,0.08557,0.08877,0.08517
Time,s,65,0.08388,0.08615,0.08479
Time,s,65,0.08616,0.08325,0.0864
Time,s,65,0.08698,0.08771,0.08651
Time,s,65,0.08359,0.08603,0.0848
Time,s,65,0.08307,0.08262,0.08509
Time,s,65,0.08595,0.08506,0.08817
Time,s,65,0.08276,0.08523,0.08546
Time,s,65,0.08441,0.08426,0.08436
Time,s,65,0.08255,0.0865,0.08517
Time,s,65,0.08434,0.08427,0.08346
Time,s,65,0.08351,0.08339,0.08426
Time,s,65,0.0836,0.08701,0.08774
Time,s,65,0.08293,0.08602,0.08366
Time,s,65,0.08584,0.08684,0.08474
Time,s,65,0.0829,0.08698,0.08457
Time,s,65,0.08549,0.08419,0.08256
Time,s,65,0.08523,0.08664,0.087
Time,s,65,0.08705,0.08709,0.08645
Time,s,65,0.08556,0.08765,0.0842
Time,s,65,0.08544,0.08406,0.08624
Time,s,65,0.08801,0.08695,0.08552
Time,s,65,0.08523,0.08594,0.08351
Time,s,65,0.08498,0.085,0.0848
Time,s,65,0.08922,0.08523,0.08454
Time,s,65,0.08268,0.09665,0.0852
Time,s,65,0.08467,0.09276,0.08562
Time,s,65,0.08446,0.0854,0.08222
Time,s,65,0.08316,0.08784,0.08161
Time,s,65,0.08914,0.08767,0.08119
Time,s,65,0.08377,0.0847,0.08983
Time,s,65,0.0867,0.08603,0.08443
Time,s,65,0.08531,0.08355,0.08689
Time,s,65,0.08493,0.08676,0.0836
Time,s,65,0.08378,0.08741,0.08664
Time,s,65,0.08294,0.08699,0.08567
Time,s,65,0.08809,0.08744,0.08601
Time,s,65,0.08096,0.08808,0.0866
Time,s,65,0.08229,0.08875,0.0843
Time,s,65,0.08634,0.08793,0.08469
Time,s,65,0.08519,0.08748,0.08658
Time,s,65,0.084,0.088,0.08171
Time,s,65,0.08495,0.08279,0.08247
Time,s,65,0.08218,0.08689,0.08522
Time,s,66,0.0321,0.02999,0.03061
Time,s,66,0.02631,0.02678,0.02916
Time,s,66,0.02668,0.02803,0.02548
Time,s,66,0.02788,0.02742,0.02663
Time,s,66,0.02743,0.02598,0.02757
Time,s,66,0.02659,0.0285,0.02685
Time,s,66,0.02757,0.02728,0.02757
Time,s,66,0.02777,0.02736,0.02668
Time,s,66,0.02588,0.02747,0.02777
Time,s,66,0.0287,0.02768,0.02583
Time,s,66,0.02855,0.02743,0.02611
Time,s,66,0.02729,0.0271,0.02556
Time,s,66,0.02796,0.0272,0.02701
Time,s,66,0.02731,0.02619,0.02707
Time,s,66,0.02793,0.02687,0.02638
Time,s,66,0.02759,0.02743,0.02749
Time,s,66,0.02635,0.02891,0.02642
Time,s,66,0.02768,0.0274,0.02611
Time,s,66,0.02754,0.02792,0.02569
Time,s,66,0.02749,0.02574,0.02593
Time,s,66,0.02681,0.02593,0.02613
Time,s,66,0.02619,0.02814,0.02523
Time,s,66,0.02879,0.02582,0.02586
Time,s,66,0.02734,0.0263,0.02467
Time,s,66,0.02854,0.02756,0.02546
Time,s,66,0.02615,0.02812,0.02598
Time,s,66,0.02807,0.02583,0.02736
Time,s,66,0.02747,0.02597,0.0268
Time,s,66,0.02773,0.02933,0.02639
Time,s,66,0.02701,0.02604,0.02563
Time,s,66,0.02749,0.0269,0.02656
Time,s,66,0.02665,0.02771,0.02625
Time,s,66,0.0283,0.02824,0.02725
Time,s,66,0.02801,0.02748,0.02736
Time,s,66,0.02692,0.02927,0.02828
Time,s,66,0.02792,0.0284,0.02623
Time,s,66,0.02802,0.0273,0.02637
Time,s,66,0.02702,0.02691,0.02614
Time,s,66,0.02739,0.02779,0.02649
Time,s,66,0.02872,0.02854,0.02539
Time,s,66,0.02868,0.02633,0.02695
Time,s,66,0.02835,0.02604,0.02567
Time,s,66,0.02714,0.02711,0.02625
Time,s,66,0.02788,0.02689,0.02605
Time,s,66,0.02604,0.02799,0.02542
Time,s,66,0.0288,0.02723,0.02585
Time,s,66,0.02733,0.0273,0.02531
Time,s,66,0.02675,0.02555,0.02721
Time,s,66,0.02734,0.02576,0.02653
Time,s,66,0.02715,0.02715,0.02672
Time,s,66,0.02789,0.02617,0.02558
Time,s,66,0.0278,0.02576,0.02591
Time,s,66,0.02637,0.02622,0.02473
Time,s,66,0.02706,0.0289,0.02494
Time,s,66,0.02612,0.02917,0.0245
Time,s,66,0.02763,0.02675,0.02533
Time,s,66,0.02715,0.02791,0.02665
Time,s,66,0.02591,0.02731,0.02694
Time,s,66,0.02588,0.02686,0.0257
Time,s,66,0.02666,0.02665,0.02509
Time,s,66,0.02676,0.02674,0.02447
Time,s,66,0.02723,0.02758,0.02603
Time,s,66,0.02801,0.02645,0.02673
Time,s,66,0.02699,0.02776,0.0261
Time,s,66,0.02691,0.0259,0.02624
Time,s,66,0.02712,0.02578,0.02601
Time,s,66,0.02694,0.02614,0.02596
Time,s,66,0.02878,0.02739,0.02645
Time,s,66,0.02663,0.02678,0.02609
Time,s,66,0.02822,0.02715,0.02542
Time,s,66,0.02674,0.02704,0.0263
Time,s,66,0.02537,0.02614,0.02632
Time,s,66,0.02799,0.02756,0.02588
Time,s,66,0.02646,0.02667,0.02582
Time,s,66,0.02674,0.02791,0.02682
Time,s,66,0.02609,0.02669,0.0263
Time,s,66,0.02632,0.02877,0.02586
Time,s,66,0.02679,0.02763,0.0256
Time,s,66,0.02706,0.02718,0.02464
Time,s,66,0.02654,0.02609,0.02635
Time,s,67,0.99689,1.02346,1.03466
Time,s,67,0.67439,0.6573,0.76008
Time,s,67,0.63319,0.62484,0.71539
Time,s,67,0.62357,0.63677,0.63173
Time,s,67,0.61482,0.61631,0.61963
Time,s,67,0.63354,0.61455,0.59962
Time,s,67,0.61555,0.61204,0.61421
Time,s,67,0.64031,0.62489,0.62064
Time,s,67,0.62779,0.61215,0.62577
Time,s,67,0.6259,0.62075,0.61529
Time,s,67,0.62464,0.62805,0.64637
Time,s,67,0.62497,0.6303,0.61853
Time,s,67,0.62815,0.62155,0.62045
Time,s,67,0.6374,0.61354,0.62778
Time,s,67,0.6316,0.63098,0.63292
Time,s,67,0.62768,0.61398,0.61401
Time,s,67,0.65745,0.62319,0.70361
Time,s,67,0.62216,0.64079,0.62399
Time,s,67,0.63761,0.61993,0.77071
Time,s,67,0.63866,0.63389,0.63808
Time,s,67,0.63519,0.64749,0.63016
Time,s,67,0.62979,0.62129,0.6304
Time,s,67,0.63078,0.62781,0.65191
Time,s,67,0.62412,0.64294,0.62708
Time,s,67,0.63374,0.63217,0.62504
Time,s,67,0.6271,0.65891,0.62226
Time,s,67,0.64652,0.64526,0.63208
Time,s,67,0.63317,0.63232,0.60691
Time,s,67,0.64531,0.62323,0.62112
Time,s,67,0.63451,0.62396,0.67783
Time,s,67,0.63247,0.62506,0.62634
Time,s,67,0.64356,0.62899,0.6329
Time,s,67,0.61767,0.62914,0.63565
Time,s,67,0.71249,0.62792,0.63561
Time,s,67,0.6302,0.63541,0.61286
Time,s,67,0.62437,0.6336,0.62288
Time,s,67,0.63417,0.63864,0.64825
Time,s,67,0.63084,0.62746,0.63409
Time,s,67,0.62297,0.61297,0.6254
Time,s,67,0.61616,0.73774,0.63836
Time,s,67,0.61267,0.64441,0.60965
Time,s,67,0.6096,0.63795,0.63997
Time,s,67,0.64326,0.63699,0.62167
Time,s,67,0.62258,0.61989,0.64341
Time,s,67,0.62409,0.63329,0.62457
Time,s,67,0.67138,0.62509,0.64358
Time,s,67,0.6133,0.62492,0.65301
Time,s,67,0.63407,0.62648,0.61958
Time,s,67,0.6555,0.63918,0.65791
Time,s,67,0.62467,0.64319,0.62343
Time,s,67,0.63974,0.63078,0.6196
Time,s,67,0.64479,0.62813,0.6258
Time,s,67,0.63947,0.63176,0.63815
Time,s,67,0.64689,0.63694,0.63925
Time,s,67,0.64344,0.64318,0.63508
Time,s,67,0.66237,0.65375,0.64323
Time,s,67,0.66648,0.6349,0.63901
Time,s,67,0.65056,0.68621,0.62568
Time,s,67,0.64316,0.65073,0.6268
Time,s,67,0.62471,0.73143,0.62751
Time,s,67,0.66525,0.62704,0.62547
Time,s,67,0.63209,0.64537,0.63158
Time,s,67,0.68632,0.62397,0.61791
Time,s,67,0.62969,0.66372,0.62377
Time,s,67,0.6407,0.65046,0.62757
Time,s,67,0.64161,0.62223,0.6357
Time,s,67,0.63281,0.64324,0.63499
Time,s,67,0.63873,0.64527,0.62293
Time,s,67,0.63164,0.62363,0.63911
Time,s,67,0.62031,0.64684,0.6415
Time,s,67,0.62987,0.63873,0.6356
Time,s,67,0.63677,0.63678,0.62027
Time,s,67,0.64207,0.63223,0.6194
Time,s,67,0.63018,0.62868,0.63268
Time,s,67,0.65544,0.64848,0.63422
Time,s,67,0.63478,0.63125,0.63981
Time,s,67,0.61283,0.63574,0.61232
Time,s,67,0.64906,0.63578,0.65393
Time,s,67,0.64189,0.64363,0.6219
Time,s,67,0.65663,0.64445,0.70686
Time,s,68,0.05468,0.05606,0.04784
Time,s,68,0.0515,0.03571,0.03519
Time,s,68,0.0504,0.04717,0.03274
Time,s,68,0.06129,0.0506,0.0383
Time,s,68,0.05392,0.05731,0.03267
Time,s,68,0.05804,0.05952,0.03533
Time,s,68,0.05785,0.04534,0.03694
Time,s,68,0.0483,0.04537,0.03615
Time,s,68,0.05482,0.05589,0.04617
Time,s,68,0.05677,0.04978,0.05446
Time,s,68,0.05743,0.04945,0.05216
Time,s,68,0.03878,0.04972,0.06116
Time,s,68,0.03798,0.03958,0.05237
Time,s,68,0.0391,0.04159,0.0528
Time,s,68,0.0387,0.0378,0.05237
Time,s,68,0.03487,0.03373,0.05445
Time,s,68,0.03563,0.03401,0.05438
Time,s,68,0.03369,0.03338,0.04349
Time,s,68,0.03386,0.03383,0.04756
Time,s,68,0.03288,0.03179,0.03323
Time,s,68,0.03214,0.03524,0.03342
Time,s,68,0.03128,0.03155,0.03195
Time,s,68,0.03624,0.03215,0.0341
Time,s,68,0.03204,0.03194,0.03831
Time,s,68,0.03213,0.03263,0.0377
Time,s,68,0.03172,0.03145,0.0354
Time,s,68,0.03277,0.03183,0.03541
Time,s,68,0.0355,0.03246,0.03651
Time,s,68,0.0334,0.03169,0.03589
Time,s,68,0.03229,0.032,0.03615
Time,s,68,0.03271,0.0323,0.03492
Time,s,68,0.03192,0.03225,0.03586
Time,s,68,0.03321,0.03171,0.0363
Time,s,68,0.03887,0.03259,0.03209
Time,s,68,0.03593,0.03114,0.0315
Time,s,68,0.03154,0.03175,0.032
Time,s,68,0.0332,0.03315,0.03122
Time,s,68,0.03153,0.03176,0.03175
Time,s,68,0.03169,0.03257,0.03174
Time,s,68,0.03173,0.03217,0.03314
Time,s,68,0.03205,0.03303,0.03241
Time,s,68,0.03342,0.03344,0.03121
Time,s,68,0.03245,0.03195,0.03125
Time,s,68,0.03183,0.03208,0.03058
Time,s,68,0.03106,0.0329,0.03227
Time,s,68,0.03133,0.03091,0.03203
Time,s,68,0.03217,0.03202,0.03109
Time,s,68,0.0341,0.03176,0.0312
Time,s,68,0.0324,0.03337,0.03178
Time,s,68,0.033,0.03194,0.03306
Time,s,68,0.03179,0.03246,0.03208
Time,s,68,0.03323,0.03361,0.03358
Time,s,68,0.03258,0.03158,0.0311
Time,s,68,0.03325,0.03527,0.03234
Time,s,68,0.03247,0.03179,0.03187
Time,s,68,0.03244,0.03384,0.03107
Time,s,68,0.03322,0.03331,0.03152
Time,s,68,0.03176,0.03251,0.03207
Time,s,68,0.03169,0.03309,0.03125
Time,s,68,0.0323,0.04738,0.03255
Time,s,68,0.03147,0.03419,0.0328
Time,s,68,0.0328,0.03183,0.03116
Time,s,68,0.03283,0.03174,0.03214
Time,s,68,0.03154,0.03128,0.03186
Time,s,68,0.03395,0.03306,0.03219
Time,s,68,0.0324,0.03084,0.03146
Time,s,68,0.03225,0.03317,0.03163
Time,s,68,0.03315,0.03283,0.03536
Time,s,68,0.03161,0.03131,0.03437
Time,s,68,0.03276,0.03199,0.03233
Time,s,68,0.03353,0.03163,0.0327
Time,s,68,0.03204,0.03163,0.0321
Time,s,68,0.03266,0.03152,0.03298
Time,s,68,0.03277,0.03397,0.03188
Time,s,68,0.03393,0.0313,0.03191
Time,s,68,0.03385,0.03233,0.03082
Time,s,68,0.03271,0.03167,0.03115
Time,s,68,0.03131,0.03183,0.03172
Time,s,68,0.0315,0.03205,0.03136
Time,s,68,0.03261,0.03553,0.0319
Time,s,69,0.0408,0.04651,0.03274
Time,s,69,0.03129,0.03813,0.03239
Time,s,69,0.03116,0.03434,0.03226
Time,s,69,0.0319,0.03618,0.03032
Time,s,69,0.03117,0.03537,0.03126
Time,s,69,0.03119,0.03277,0.03362
Time,s,69,0.03179,0.03451,0.03292
Time,s,69,0.03175,0.03313,0.03349
Time,s,69,0.03071,0.03411,0.03417
Time,s,69,0.03324,0.03326,0.03417
Time,s,69,0.03182,0.03397,0.03352
Time,s,69,0.03211,0.03475,0.03416
Time,s,69,0.03087,0.03486,0.03326
Time,s,69,0.03157,0.03338,0.03338
Time,s,69,0.03215,0.03525,0.03393
Time,s,69,0.03107,0.03421,0.03569
Time,s,69,0.04034,0.03453,0.03252
Time,s,69,0.03634,0.03457,0.03492
Time,s,69,0.03202,0.03368,0.03483
Time,s,69,0.03226,0.03559,0.03374
Time,s,69,0.03512,0.033,0.03492
Time,s,69,0.03039,0.03461,0.03413
Time,s,69,0.03058,0.03137,0.03387
Time,s,69,0.03236,0.03067,0.03204
Time,s,69,0.03179,0.03178,0.03377
Time,s,69,0.03176,0.03075,0.03383
Time,s,69,0.03217,0.03124,0.03464
Time,s,69,0.03184,0.03267,0.03448
Time,s,69,0.03117,0.03076,0.03037
Time,s,69,0.03279,0.03287,0.03085
Time,s,69,0.03226,0.03227,0.03147
Time,s,69,0.03201,0.03196,0.03102
Time,s,69,0.03189,0.03236,0.02928
Time,s,69,0.0317,0.03168,0.03047
Time,s,69,0.03246,0.0304,0.03029
Time,s,69,0.0313,0.03121,0.0314
Time,s,69,0.03133,0.02977,0.03001
Time,s,69,0.03118,0.03162,0.03045
Time,s,69,0.03377,0.03249,0.03165
Time,s,69,0.03278,0.03073,0.03101
Time,s,69,0.03079,0.03201,0.03046
Time,s,69,0.03119,0.03176,0.03121
Time,s,69,0.03602,0.03468,0.03042
Time,s,69,0.03196,0.0336,0.0304
Time,s,69,0.03027,0.0308,0.03312
Time,s,69,0.03184,0.03057,0.03082
Time,s,69,0.03139,0.03204,0.03076
Time,s,69,0.03251,0.03225,0.03012
Time,s,69,0.0313,0.02996,0.03063
Time,s,69,0.03127,0.03102,0.0298
Time,s,69,0.03151,0.03291,0.03046
Time,s,69,0.03204,0.03138,0.03262
Time,s,69,0.0313,0.03171,0.04538
Time,s,69,0.03143,0.03036,0.03134
Time,s,69,0.03105,0.03192,0.03089
Time,s,69,0.03051,0.03104,0.03074
Time,s,69,0.03401,0.0332,0.0316
Time,s,69,0.03132,0.03153,0.03176
Time,s,69,0.03094,0.03186,0.03135
Time,s,69,0.03133,0.03113,0.03185
Time,s,69,0.03331,0.03085,0.0311
Time,s,69,0.0307,0.03262,0.03245
Time,s,69,0.02994,0.03426,0.03077
Time,s,69,0.03025,0.03298,0.0314
Time,s,69,0.03098,0.0342,0.03139
Time,s,69,0.03184,0.0362,0.02977
Time,s,69,0.03132,0.0334,0.03357
Time,s,69,0.03105,0.03691,0.03098
Time,s,69,0.03145,0.0331,0.03103
Time,s,69,0.03261,0.03574,0.03272
Time,s,69,0.03039,0.03327,0.03422
Time,s,69,0.03053,0.03196,0.03209
Time,s,69,0.03108,0.03287,0.03416
Time,s,69,0.03219,0.03401,0.03622
Time,s,69,0.03145,0.03623,0.03323
Time,s,69,0.03131,0.03397,0.03411
Time,s,69,0.03052,0.03376,0.03383
Time,s,69,0.02951,0.03369,0.03371
Time,s,69,0.03151,0.03393,0.0354
Time,s,69,0.02946,0.03025,0.03495
Time,s,70,0.0379,0.03843,0.04371
Time,s,70,0.03795,0.03773,0.04248
Time,s,70,0.03812,0.03749,0.04325
Time,s,70,0.03622,0.03686,0.04272
Time,s,70,0.03825,0.03667,0.0383
Time,s,70,0.03703,0.03849,0.03761
Time,s,70,0.03643,0.03684,0.03788
Time,s,70,0.03657,0.03746,0.03794
Time,s,70,0.03622,0.03677,0.03619
Time,s,70,0.04189,0.03761,0.03685
Time,s,70,0.04439,0.03743,0.03698
Time,s,70,0.04161,0.03783,0.03665
Time,s,70,0.04117,0.03829,0.03706
Time,s,70,0.04156,0.03687,0.03739
Time,s,70,0.04133,0.03629,0.03724
Time,s,70,0.04131,0.03656,0.03748
Time,s,70,0.04179,0.03662,0.03766
Time,s,70,0.04298,0.03735,0.03643
Time,s,70,0.04183,0.03797,0.03711
Time,s,70,0.04199,0.03709,0.03704
Time,s,70,0.04135,0.03722,0.0383
Time,s,70,0.04168,0.03734,0.03685
Time,s,70,0.04146,0.04256,0.03789
Time,s,70,0.04126,0.0373,0.03736
Time,s,70,0.04216,0.03664,0.03738
Time,s,70,0.04142,0.03722,0.03621
Time,s,70,0.04157,0.03769,0.03789
Time,s,70,0.04184,0.03709,0.03706
Time,s,70,0.04201,0.03871,0.03927
Time,s,70,0.0418,0.0385,0.0423
Time,s,70,0.04391,0.04666,0.0391
Time,s,70,0.04655,0.04407,0.03686
Time,s,70,0.04207,0.04465,0.0368
Time,s,70,0.04174,0.04166,0.03701
Time,s,70,0.04207,0.04143,0.03778
Time,s,70,0.0415,0.04238,0.03785
Time,s,70,0.04154,0.04142,0.0368
Time,s,70,0.03716,0.04514,0.03722
Time,s,70,0.03643,0.04321,0.03664
Time,s,70,0.03646,0.03754,0.03689
Time,s,70,0.03703,0.03749,0.0382
Time,s,70,0.03635,0.03749,0.03685
Time,s,70,0.03743,0.03749,0.03729
Time,s,70,0.03644,0.03684,0.03705
Time,s,70,0.03627,0.03662,0.04233
Time,s,70,0.03644,0.0368,0.0422
Time,s,70,0.03685,0.03705,0.04285
Time,s,70,0.04181,0.03703,0.04269
Time,s,70,0.03634,0.03752,0.04313
Time,s,70,0.03777,0.03685,0.04329
Time,s,70,0.03666,0.03727,0.04318
Time,s,70,0.03652,0.03729,0.04306
Time,s,70,0.03653,0.03731,0.04259
Time,s,70,0.03707,0.03717,0.04276
Time,s,70,0.03827,0.03659,0.04028
Time,s,70,0.03668,0.03697,0.03754
Time,s,70,0.03765,0.03752,0.03672
Time,s,70,0.03812,0.03714,0.03717
Time,s,70,0.03652,0.03695,0.03697
Time,s,70,0.03707,0.03881,0.03703
Time,s,70,0.03642,0.03726,0.03712
Time,s,70,0.03706,0.03861,0.03858
Time,s,70,0.03726,0.03714,0.03743
Time,s,70,0.03679,0.0379,0.03681
Time,s,70,0.0366,0.03699,0.03769
Time,s,70,0.0366,0.03659,0.03799
Time,s,70,0.03677,0.0374,0.03814
Time,s,70,0.03653,0.0369,0.03744
Time,s,70,0.03829,0.03923,0.03929
Time,s,70,0.03646,0.03796,0.04
Time,s,70,0.03778,0.03998,0.03818
Time,s,70,0.03713,0.03744,0.03711
Time,s,70,0.03649,0.03702,0.03717
Time,s,70,0.03676,0.03717,0.03684
Time,s,70,0.03681,0.03743,0.03747
Time,s,70,0.03731,0.03721,0.04075
Time,s,70,0.03721,0.03863,0.03847
Time,s,70,0.03709,0.0366,0.03664
Time,s,70,0.03758,0.03686,0.03686
Time,s,70,0.03704,0.0368,0.03742
Time,s,71,0.02334,0.02318,0.02346
Time,s,71,0.02193,0.02184,0.02159
Time,s,71,0.02282,0.02104,0.02245
Time,s,71,0.02081,0.02241,0.02124
Time,s,71,0.02088,0.02126,0.02265
Time,s,71,0.0209,0.02137,0.02219
Time,s,71,0.0226,0.02123,0.02028
Time,s,71,0.02157,0.02121,0.02077
Time,s,71,0.02177,0.02102,0.02022
Time,s,71,0.02058,0.02292,0.02124
Time,s,71,0.02069,0.02201,0.0211
Time,s,71,0.02096,0.0226,0.02116
Time,s,71,0.02073,0.02214,0.02148
Time,s,71,0.02166,0.02172,0.02118
Time,s,71,0.02239,0.02061,0.02053
Time,s,71,0.02224,0.02135,0.02101
Time,s,71,0.02069,0.02234,0.02104
Time,s,71,0.0208,0.02067,0.02098
Time,s,71,0.02044,0.02272,0.02204
Time,s,71,0.02055,0.02164,0.02036
Time,s,71,0.02044,0.02159,0.02203
Time,s,71,0.0203,0.02135,0.02194
Time,s,71,0.02087,0.02055,0.02086
Time,s,71,0.02152,0.0217,0.02086
Time,s,71,0.02249,0.02142,0.02137
Time,s,71,0.0209,0.0207,0.02186
Time,s,71,0.02114,0.02147,0.0216
Time,s,71,0.02167,0.02151,0.02131
Time,s,71,0.02124,0.0204,0.02255
Time,s,71,0.02123,0.02066,0.02133
Time,s,71,0.0221,0.01956,0.02156
Time,s,71,0.02196,0.02106,0.02161
Time,s,71,0.02112,0.02209,0.02192
Time,s,71,0.02098,0.0208,0.02136
Time,s,71,0.02048,0.02083,0.02157
Time,s,71,0.02012,0.02085,0.02183
Time,s,71,0.02113,0.02241,0.02186
Time,s,71,0.02181,0.02073,0.02259
Time,s,71,0.02155,0.02084,0.02169
Time,s,71,0.0218,0.02035,0.02093
Time,s,71,0.02134,0.02111,0.02274
Time,s,71,0.02204,0.02211,0.02176
Time,s,71,0.02348,0.02122,0.02163
Time,s,71,0.02169,0.02343,0.02151
Time,s,71,0.02172,0.02084,0.02176
Time,s,71,0.02152,0.0214,0.02172
Time,s,71,0.02063,0.02063,0.02117
Time,s,71,0.02151,0.02011,0.02338
Time,s,71,0.02162,0.02241,0.022
Time,s,71,0.02124,0.02091,0.02192
Time,s,71,0.02115,0.02047,0.02145
Time,s,71,0.02027,0.0218,0.0215
Time,s,71,0.02185,0.02116,0.02186
Time,s,71,0.02178,0.02244,0.0223
Time,s,71,0.02275,0.02225,0.02078
Time,s,71,0.02146,0.02192,0.02072
Time,s,71,0.02225,0.02219,0.02041
Time,s,71,0.02182,0.02047,0.02097
Time,s,71,0.02224,0.02124,0.02058
Time,s,71,0.02068,0.0226,0.0207
Time,s,71,0.02111,0.02135,0.02102
Time,s,71,0.02125,0.023,0.02023
Time,s,71,0.02168,0.02208,0.02249
Time,s,71,0.02241,0.02124,0.02068
Time,s,71,0.02194,0.02122,0.02128
Time,s,71,0.02135,0.02138,0.02108
Time,s,71,0.02144,0.0213,0.02068
Time,s,71,0.02066,0.02147,0.02071
Time,s,71,0.02857,0.0225,0.02073
Time,s,71,0.02314,0.02054,0.02039
Time,s,71,0.02148,0.02172,0.02239
Time,s,71,0.02052,0.0208,0.02035
Time,s,71,0.0223,0.02099,0.02112
Time,s,71,0.02103,0.02177,0.02054
Time,s,71,0.02152,0.02117,0.02041
Time,s,71,0.01991,0.02076,0.02065
Time,s,71,0.02088,0.02109,0.02064
Time,s,71,0.02097,0.02032,0.02079
Time,s,71,0.02026,0.02099,0.02177
Time,s,71,0.02027,0.02084,0.02207
Time,s,72,0.10006,0.0976,0.09569
Time,s,72,0.08396,0.08497,0.08543
Time,s,72,0.08237,0.08453,0.08156
Time,s,72,0.07883,0.08172,0.07769
Time,s,72,0.08193,0.08315,0.08358
Time,s,72,0.08215,0.08512,0.08411
Time,s,72,0.08264,0.08317,0.0788
Time,s,72,0.07949,0.08351,0.07777
Time,s,72,0.08327,0.08159,0.07767
Time,s,72,0.07855,0.0786,0.08793
Time,s,72,0.08427,0.07835,0.08165
Time,s,72,0.07874,0.07832,0.08242
Time,s,72,0.07554,0.08106,0.08884
Time,s,72,0.08095,0.08306,0.07836
Time,s,72,0.08355,0.08071,0.08212
Time,s,72,0.07838,0.0854,0.08102
Time,s,72,0.08246,0.08624,0.08211
Time,s,72,0.08338,0.08482,0.08135
Time,s,72,0.08422,0.08317,0.08264
Time,s,72,0.07777,0.08211,0.08095
Time,s,72,0.08114,0.07962,0.08039
Time,s,72,0.07476,0.07653,0.07909
Time,s,72,0.08154,0.08435,0.07659
Time,s,72,0.08308,0.08081,0.07882
Time,s,72,0.08097,0.08285,0.08095
Time,s,72,0.0782,0.08091,0.08023
Time,s,72,0.07663,0.0806,0.08387
Time,s,72,0.08287,0.08199,0.0828
Time,s,72,0.07866,0.07989,0.07803
Time,s,72,0.07915,0.08562,0.08182
Time,s,72,0.07827,0.08003,0.08204
Time,s,72,0.08337,0.08012,0.07992
Time,s,72,0.08212,0.0846,0.07833
Time,s,72,0.08306,0.07894,0.07612
Time,s,72,0.08246,0.08703,0.08552
Time,s,72,0.08349,0.08268,0.07814
Time,s,72,0.07852,0.08699,0.08044
Time,s,72,0.07993,0.08285,0.07721
Time,s,72,0.08179,0.08305,0.08305
Time,s,72,0.07628,0.08073,0.07974
Time,s,72,0.08401,0.08292,0.08218
Time,s,72,0.08048,0.08258,0.08219
Time,s,72,0.08002,0.08156,0.07834
Time,s,72,0.08133,0.07927,0.08
Time,s,72,0.08085,0.08174,0.07732
Time,s,72,0.08536,0.07983,0.08138
Time,s,72,0.08416,0.0838,0.08053
Time,s,72,0.08104,0.08547,0.08139
Time,s,72,0.0814,0.08214,0.08002
Time,s,72,0.07497,0.08244,0.07801
Time,s,72,0.08194,0.08198,0.08147
Time,s,72,0.08164,0.0778,0.08059
Time,s,72,0.08488,0.07918,0.07951
Time,s,72,0.08189,0.08232,0.08388
Time,s,72,0.08077,0.07825,0.08086
Time,s,72,0.08008,0.083,0.08296
Time,s,72,0.08297,0.08235,0.07854
Time,s,72,0.07881,0.08657,0.0823
Time,s,72,0.0876,0.07936,0.08092
Time,s,72,0.08057,0.08114,0.07883
Time,s,72,0.08345,0.08894,0.08311
Time,s,72,0.07866,0.08598,0.08052
Time,s,72,0.08155,0.08401,0.07916
Time,s,72,0.07935,0.08096,0.08227
Time,s,72,0.0784,0.08278,0.09477
Time,s,72,0.08096,0.08347,0.08724
Time,s,72,0.08066,0.08471,0.08947
Time,s,72,0.08309,0.08402,0.08561
Time,s,72,0.07637,0.07672,0.08398
Time,s,72,0.08266,0.0824,0.08425
Time,s,72,0.07911,0.08227,0.07888
Time,s,72,0.07679,0.0843,0.07953
Time,s,72,0.08339,0.08268,0.08436
Time,s,72,0.07835,0.07873,0.0799
Time,s,72,0.08202,0.08268,0.08078
Time,s,72,0.08102,0.07999,0.08124
Time,s,72,0.08209,0.0821,0.08522
Time,s,72,0.08406,0.08131,0.07856
Time,s,72,0.07795,0.08109,0.07657
Time,s,72,0.08131,0.07681,0.08268
Time,s,73,0.01851,0.01744,0.01708
Time,s,73,0.01761,0.01794,0.01669
Time,s,73,0.01556,0.01589,0.01602
Time,s,73,0.01578,0.0164,0.01602
Time,s,73,0.01677,0.01543,0.01571
Time,s,73,0.01604,0.0164,0.01646
Time,s,73,0.01511,0.01594,0.0153
Time,s,73,0.01536,0.01533,0.01686
Time,s,73,0.01493,0.01545,0.01685
Time,s,73,0.01746,0.01529,0.01519
Time,s,73,0.01753,0.01635,0.01564
Time,s,73,0.01588,0.01551,0.01529
Time,s,73,0.01556,0.01551,0.0175
Time,s,73,0.01536,0.01534,0.01552
Time,s,73,0.01547,0.01602,0.01531
Time,s,73,0.01917,0.0166,0.01762
Time,s,73,0.01551,0.0162,0.01499
Time,s,73,0.01557,0.01542,0.01546
Time,s,73,0.01544,0.01654,0.01534
Time,s,73,0.01547,0.01516,0.01569
Time,s,73,0.01625,0.01645,0.01528
Time,s,73,0.0157,0.01525,0.01533
Time,s,73,0.0159,0.01554,0.01646
Time,s,73,0.01574,0.01526,0.01533
Time,s,73,0.01566,0.01752,0.01568
Time,s,73,0.01545,0.01672,0.01683
Time,s,73,0.01477,0.01545,0.01528
Time,s,73,0.01602,0.01602,0.01545
Time,s,73,0.01555,0.0157,0.01699
Time,s,73,0.01519,0.01558,0.01538
Time,s,73,0.01541,0.01517,0.01579
Time,s,73,0.01668,0.01556,0.01571
Time,s,73,0.01698,0.01634,0.01515
Time,s,73,0.0159,0.01541,0.01538
Time,s,73,0.01508,0.01625,0.01633
Time,s,73,0.01657,0.01648,0.01702
Time,s,73,0.01529,0.01657,0.01547
Time,s,73,0.01547,0.01551,0.01624
Time,s,73,0.01576,0.01518,0.01552
Time,s,73,0.01547,0.01592,0.01542
Time,s,73,0.01619,0.01521,0.017
Time,s,73,0.01611,0.01531,0.01711
Time,s,73,0.01646,0.01638,0.01678
Time,s,73,0.01651,0.01679,0.01535
Time,s,73,0.01601,0.01753,0.01555
Time,s,73,0.01573,0.01626,0.0154
Time,s,73,0.01564,0.01559,0.01531
Time,s,73,0.01542,0.01526,0.01635
Time,s,73,0.01545,0.01569,0.01551
Time,s,73,0.01565,0.01535,0.0153
Time,s,73,0.01624,0.0153,0.01525
Time,s,73,0.01569,0.01659,0.01549
Time,s,73,0.01512,0.01564,0.01528
Time,s,73,0.01565,0.01499,0.01685
Time,s,73,0.01626,0.01669,0.01575
Time,s,73,0.0158,0.0155,0.01608
Time,s,73,0.01567,0.01528,0.01596
Time,s,73,0.01548,0.01576,0.01536
Time,s,73,0.0156,0.01563,0.0159
Time,s,73,0.01553,0.01665,0.01569
Time,s,73,0.01639,0.01551,0.01513
Time,s,73,0.01511,0.01547,0.01525
Time,s,73,0.01562,0.01533,0.01554
Time,s,73,0.01522,0.01534,0.01521
Time,s,73,0.01587,0.01533,0.01524
Time,s,73,0.01522,0.01592,0.01551
Time,s,73,0.0156,0.01531,0.01523
Time,s,73,0.01534,0.01549,0.01556
Time,s,73,0.01557,0.0157,0.01553
Time,s,73,0.01609,0.01562,0.01565
Time,s,73,0.01685,0.01516,0.01534
Time,s,73,0.01617,0.01604,0.01544
Time,s,73,0.01544,0.0153,0.01545
Time,s,73,0.01605,0.01557,0.01536
Time,s,73,0.01517,0.01501,0.01529
Time,s,73,0.01588,0.01529,0.01568
Time,s,73,0.016,0.01537,0.01649
Time,s,73,0.01526,0.01519,0.01517
Time,s,73,0.01547,0.01552,0.01551
Time,s,73,0.01527,0.01601,0.01528
Time,s,74,0.16902,0.17849,0.16046
Time,s,74,0.16316,0.164,0.16603
Time,s,74,0.16319,0.16623,0.15735
Time,s,74,0.15816,0.15995,0.17497
Time,s,74,0.15903,0.16156,0.1585
Time,s,74,0.17136,0.16566,0.15587
Time,s,74,0.15404,0.15692,0.14763
Time,s,74,0.16887,0.16391,0.15487
Time,s,74,0.17008,0.16313,0.16074
Time,s,74,0.16052,0.17021,0.15438
Time,s,74,0.16255,0.15925,0.15996
Time,s,74,0.16385,0.15723,0.15429
Time,s,74,0.15742,0.1523,0.15762
Time,s,74,0.15818,0.16826,0.15888
Time,s,74,0.16163,0.16943,0.15047
Time,s,74,0.16356,0.16623,0.16402
Time,s,74,0.16744,0.15909,0.15915
Time,s,74,0.16021,0.15899,0.15814
Time,s,74,0.1667,0.17016,0.15821
Time,s,74,0.16922,0.16073,0.15172
Time,s,74,0.16978,0.16066,0.15755
Time,s,74,0.15616,0.1671,0.16091
Time,s,74,0.15106,0.16455,0.15504
Time,s,74,0.15708,0.16216,0.1681
Time,s,74,0.16069,0.16714,0.15424
Time,s,74,0.16402,0.16549,0.15359
Time,s,74,0.16193,0.16643,0.1612
Time,s,74,0.18202,0.15701,0.15437
Time,s,74,0.15207,0.16367,0.16487
Time,s,74,0.17673,0.15409,0.15148
Time,s,74,0.15625,0.15773,0.16036
Time,s,74,0.18491,0.16037,0.1654
Time,s,74,0.15341,0.15939,0.16282
Time,s,74,0.16945,0.1635,0.14613
Time,s,74,0.16136,0.15908,0.16897
Time,s,74,0.15776,0.16323,0.16261
Time,s,74,0.16825,0.16215,0.15615
Time,s,74,0.15927,0.16772,0.16188
Time,s,74,0.17047,0.16175,0.15892
Time,s,74,0.16958,0.1623,0.15863
Time,s,74,0.15726,0.15431,0.15758
Time,s,74,0.16503,0.16209,0.15523
Time,s,74,0.16222,0.16055,0.16131
Time,s,74,0.18029,0.15865,0.15558
Time,s,74,0.16134,0.17973,0.16144
Time,s,74,0.1595,0.16361,0.16262
Time,s,74,0.16855,0.15857,0.15922
Time,s,74,0.15841,0.16474,0.17115
Time,s,74,0.17365,0.15203,0.16211
Time,s,74,0.16502,0.16505,0.15948
Time,s,74,0.14799,0.16224,0.14213
Time,s,74,0.16541,0.16341,0.16479
Time,s,74,0.15998,0.15914,0.16428
Time,s,74,0.1703,0.16098,0.16661
Time,s,74,0.16387,0.16374,0.15995
Time,s,74,0.15827,0.16869,0.15674
Time,s,74,0.1652,0.16012,0.15936
Time,s,74,0.15791,0.15799,0.16819
Time,s,74,0.15657,0.16167,0.15385
Time,s,74,0.16209,0.15595,0.16246
Time,s,74,0.1635,0.15508,0.16298
Time,s,74,0.16933,0.15434,0.15801
Time,s,74,0.15366,0.1658,0.14576
Time,s,74,0.15793,0.16502,0.15512
Time,s,74,0.16259,0.15153,0.16123
Time,s,74,0.15792,0.15865,0.15622
Time,s,74,0.15931,0.16163,0.15371
Time,s,74,0.1688,0.16493,0.1602
Time,s,74,0.15617,0.16118,0.15438
Time,s,74,0.16584,0.15604,0.15716
Time,s,74,0.15527,0.1557,0.15705
Time,s,74,0.16611,0.15814,0.15004
Time,s,74,0.15868,0.15909,0.14955
Time,s,74,0.16729,0.16901,0.15749
Time,s,74,0.16743,0.17028,0.16345
Time,s,74,0.15861,0.16202,0.15478
Time,s,74,0.16675,0.17205,0.14974
Time,s,74,0.15856,0.16756,0.14604
Time,s,74,0.1555,0.15124,0.15378
Time,s,74,0.16052,0.15873,0.16543
Time,s,75,0.10878,0.11414,0.1064
Time,s,75,0.09899,0.09645,0.09649
Time,s,75,0.09907,0.09684,0.09685
Time,s,75,0.09978,0.09495,0.0973
Time,s,75,0.09892,0.10056,0.10058
Time,s,75,0.09652,0.0973,0.09619
Time,s,75,0.09558,0.09805,0.09714
Time,s,75,0.09887,0.09936,0.09753
Time,s,75,0.09822,0.097,0.09685
Time,s,75,0.09879,0.09831,0.09724
Time,s,75,0.09981,0.09325,0.09684
Time,s,75,0.09939,0.09636,0.09445
Time,s,75,0.09766,0.09332,0.09481
Time,s,75,0.09612,0.0949,0.09501
Time,s,75,0.10029,0.09603,0.0952
Time,s,75,0.09441,0.09609,0.0929
Time,s,75,0.09512,0.09642,0.09268
Time,s,75,0.09208,0.10215,0.09407
Time,s,75,0.10227,0.09526,0.09709
Time,s,75,0.09714,0.09575,0.09412
Time,s,75,0.09609,0.10147,0.09535
Time,s,75,0.09538,0.09479,0.0967
Time,s,75,0.09449,0.10075,0.09369
Time,s,75,0.09924,0.09463,0.09703
Time,s,75,0.09877,0.09708,0.09545
Time,s,75,0.09686,0.09454,0.10123
Time,s,75,0.10293,0.096,0.09601
Time,s,75,0.09589,0.09734,0.09686
Time,s,75,0.0961,0.09583,0.09464
Time,s,75,0.09732,0.09436,0.09704
Time,s,75,0.09651,0.09947,0.09274
Time,s,75,0.09519,0.0957,0.0968
Time,s,75,0.09313,0.09619,0.09709
Time,s,75,0.0963,0.09566,0.09582
Time,s,75,0.0986,0.09384,0.09956
Time,s,75,0.10068,0.09405,0.09682
Time,s,75,0.09874,0.09938,0.09711
Time,s,75,0.09636,0.09724,0.09333
Time,s,75,0.0969,0.0997,0.09567
Time,s,75,0.09819,0.09583,0.09955
Time,s,75,0.10156,0.09469,0.09579
Time,s,75,0.09685,0.09489,0.09612
Time,s,75,0.09916,0.09564,0.09819
Time,s,75,0.1008,0.0998,0.09559
Time,s,75,0.09502,0.09585,0.09558
Time,s,75,0.09928,0.09416,0.09523
Time,s,75,0.09938,0.09743,0.09714
Time,s,75,0.09535,0.09887,0.09444
Time,s,75,0.09748,0.09256,0.09347
Time,s,75,0.1025,0.09699,0.09622
Time,s,75,0.1003,0.09664,0.09392
Time,s,75,0.10221,0.09691,0.0943
Time,s,75,0.09553,0.09831,0.09596
Time,s,75,0.09787,0.09467,0.09355
Time,s,75,0.09602,0.09834,0.09727
Time,s,75,0.09843,0.094,0.09675
Time,s,75,0.09519,0.09418,0.09386
Time,s,75,0.09693,0.09519,0.09663
Time,s,75,0.09986,0.09691,0.09562
Time,s,75,0.10054,0.09275,0.09526
Time,s,75,0.09606,0.09813,0.09638
Time,s,75,0.09593,0.09704,0.09462
Time,s,75,0.09997,0.0995,0.09644
Time,s,75,0.09723,0.09529,0.09237
Time,s,75,0.09549,0.09497,0.09478
Time,s,75,0.09677,0.09325,0.09285
Time,s,75,0.09938,0.09863,0.09463
Time,s,75,0.098,0.09665,0.09552
Time,s,75,0.09609,0.0993,0.09508
Time,s,75,0.0938,0.09904,0.09882
Time,s,75,0.09586,0.09676,0.09775
Time,s,75,0.09542,0.09852,0.09677
Time,s,75,0.09549,0.09827,0.09902
Time,s,75,0.0982,0.09613,0.09367
Time,s,75,0.09924,0.09687,0.09485
Time,s,75,0.09772,0.09642,0.096
Time,s,75,0.09552,0.09963,0.09151
Time,s,75,0.09667,0.09476,0.09293
Time,s,75,0.09798,0.09559,0.09409
Time,s,75,0.09941,0.09645,0.09598
Time,s,76,0.03237,0.02404,0.02449
Time,s,76,0.02436,0.02426,0.02308
Time,s,76,0.02499,0.02366,0.02227
Time,s,76,0.02422,0.02399,0.02411
Time,s,76,0.02404,0.02262,0.02269
Time,s,76,0.02382,0.02456,0.02234
Time,s,76,0.02365,0.02331,0.02366
Time,s,76,0.02397,0.02339,0.02248
Time,s,76,0.02314,0.02368,0.02351
Time,s,76,0.0239,0.02222,0.02369
Time,s,76,0.02315,0.02443,0.02339
Time,s,76,0.02244,0.02256,0.02261
Time,s,76,0.02318,0.02381,0.02407
Time,s,76,0.02263,0.02363,0.02312
Time,s,76,0.02144,0.02211,0.02347
Time,s,76,0.02323,0.02302,0.02295
Time,s,76,0.02412,0.02248,0.0221
Time,s,76,0.02279,0.02261,0.02346
Time,s,76,0.02394,0.02217,0.02215
Time,s,76,0.02281,0.02408,0.0248
Time,s,76,0.02299,0.02448,0.02208
Time,s,76,0.02244,0.02393,0.02232
Time,s,76,0.02238,0.02223,0.02341
Time,s,76,0.02354,0.02278,0.02247
Time,s,76,0.02266,0.02264,0.022
Time,s,76,0.02262,0.0227,0.02357
Time,s,76,0.02201,0.02195,0.02417
Time,s,76,0.02325,0.02189,0.02246
Time,s,76,0.02295,0.02377,0.02255
Time,s,76,0.02302,0.02226,0.02382
Time,s,76,0.02213,0.02344,0.02326
Time,s,76,0.02328,0.02244,0.0225
Time,s,76,0.0218,0.02259,0.02291
Time,s,76,0.02128,0.02274,0.02426
Time,s,76,0.02217,0.02204,0.02659
Time,s,76,0.02299,0.02268,0.02302
Time,s,76,0.02331,0.023,0.02282
Time,s,76,0.02246,0.024,0.02277
Time,s,76,0.02243,0.0218,0.02365
Time,s,76,0.02192,0.02262,0.02233
Time,s,76,0.02362,0.02314,0.02251
Time,s,76,0.02349,0.02307,0.02374
Time,s,76,0.02482,0.02204,0.02298
Time,s,76,0.02429,0.02212,0.02406
Time,s,76,0.02181,0.02268,0.02265
Time,s,76,0.02318,0.02181,0.02207
Time,s,76,0.02268,0.02186,0.02234
Time,s,76,0.02301,0.02632,0.02311
Time,s,76,0.02244,0.02219,0.02238
Time,s,76,0.02247,0.02351,0.02244
Time,s,76,0.0232,0.02236,0.02212
Time,s,76,0.02216,0.02133,0.02299
Time,s,76,0.02327,0.02268,0.02291
Time,s,76,0.02249,0.02265,0.02259
Time,s,76,0.0216,0.02249,0.02363
Time,s,76,0.0227,0.02143,0.02208
Time,s,76,0.02269,0.02341,0.02363
Time,s,76,0.02274,0.02284,0.02209
Time,s,76,0.02257,0.02265,0.02288
Time,s,76,0.02325,0.02226,0.02206
Time,s,76,0.0237,0.02306,0.0221
Time,s,76,0.02239,0.02277,0.02325
Time,s,76,0.02393,0.02232,0.02248
Time,s,76,0.02353,0.02226,0.02183
Time,s,76,0.0224,0.02166,0.02194
Time,s,76,0.02349,0.02495,0.02227
Time,s,76,0.02265,0.02228,0.02276
Time,s,76,0.02209,0.02273,0.02318
Time,s,76,0.02316,0.02376,0.02234
Time,s,76,0.02247,0.02304,0.02241
Time,s,76,0.02218,0.02198,0.02151
Time,s,76,0.02212,0.02191,0.02211
Time,s,76,0.02163,0.02218,0.02337
Time,s,76,0.02152,0.02285,0.02264
Time,s,76,0.02299,0.02332,0.02221
Time,s,76,0.02305,0.0226,0.02497
Time,s,76,0.02192,0.02245,0.02149
Time,s,76,0.02223,0.02217,0.022
Time,s,76,0.02315,0.02259,0.02185
Time,s,76,0.02335,0.02198,0.02214
Time,s,77,0.03329,0.03069,0.02328
Time,s,77,0.02408,0.02309,0.024
Time,s,77,0.02222,0.02271,0.02349
Time,s,77,0.02275,0.0231,0.02327
Time,s,77,0.02406,0.02344,0.023
Time,s,77,0.0238,0.02135,0.02301
Time,s,77,0.02322,0.02425,0.02216
Time,s,77,0.0232,0.02567,0.02242
Time,s,77,0.02247,0.02411,0.02288
Time,s,77,0.02223,0.02403,0.0219
Time,s,77,0.02281,0.02162,0.02173
Time,s,77,0.0237,0.02367,0.02166
Time,s,77,0.02226,0.02269,0.02281
Time,s,77,0.02293,0.02304,0.02258
Time,s,77,0.02247,0.02243,0.02183
Time,s,77,0.02249,0.02322,0.02298
Time,s,77,0.02257,0.02245,0.02249
Time,s,77,0.02246,0.022,0.02271
Time,s,77,0.02303,0.02391,0.02244
Time,s,77,0.0219,0.02229,0.02257
Time,s,77,0.02277,0.02132,0.02251
Time,s,77,0.02295,0.02286,0.02456
Time,s,77,0.02202,0.02314,0.02451
Time,s,77,0.02336,0.02313,0.02248
Time,s,77,0.02212,0.023,0.02317
Time,s,77,0.02259,0.02315,0.02278
Time,s,77,0.02214,0.02408,0.02344
Time,s,77,0.02273,0.02263,0.02228
Time,s,77,0.02415,0.02245,0.02367
Time,s,77,0.02297,0.02309,0.02272
Time,s,77,0.02399,0.0242,0.02286
Time,s,77,0.0236,0.02198,0.02232
Time,s,77,0.02323,0.02237,0.02211
Time,s,77,0.02164,0.02353,0.02317
Time,s,77,0.02276,0.0218,0.02248
Time,s,77,0.02275,0.02354,0.02196
Time,s,77,0.0227,0.0224,0.02361
Time,s,77,0.02247,0.02304,0.02259
Time,s,77,0.02301,0.02289,0.02273
Time,s,77,0.02291,0.02276,0.02356
Time,s,77,0.0218,0.02302,0.02278
Time,s,77,0.02271,0.02322,0.02307
Time,s,77,0.02452,0.02354,0.02195
Time,s,77,0.02271,0.02247,0.02191
Time,s,77,0.02266,0.0228,0.02194
Time,s,77,0.02298,0.02215,0.02298
Time,s,77,0.02265,0.023,0.02295
Time,s,77,0.02332,0.02298,0.02268
Time,s,77,0.02297,0.02179,0.02288
Time,s,77,0.02303,0.0219,0.02307
Time,s,77,0.02297,0.02278,0.02354
Time,s,77,0.0235,0.02336,0.02273
Time,s,77,0.02413,0.02324,0.02322
Time,s,77,0.02246,0.02251,0.02347
Time,s,77,0.02367,0.02201,0.02201
Time,s,77,0.02254,0.02238,0.02291
Time,s,77,0.02305,0.02203,0.02393
Time,s,77,0.02263,0.0236,0.02227
Time,s,77,0.02448,0.02214,0.02221
Time,s,77,0.02308,0.02301,0.02201
Time,s,77,0.02347,0.02289,0.02295
Time,s,77,0.02347,0.02171,0.02224
Time,s,77,0.02247,0.02172,0.02228
Time,s,77,0.02353,0.02343,0.023
Time,s,77,0.02213,0.02303,0.02317
Time,s,77,0.02335,0.02354,0.02205
Time,s,77,0.02364,0.02389,0.02163
Time,s,77,0.02302,0.02347,0.02192
Time,s,77,0.02242,0.02438,0.02248
Time,s,77,0.02251,0.022,0.02252
Time,s,77,0.02247,0.02218,0.02209
Time,s,77,0.02198,0.02251,0.02266
Time,s,77,0.02384,0.02179,0.02263
Time,s,77,0.02354,0.02207,0.02306
Time,s,77,0.02352,0.02254,0.02205
Time,s,77,0.02297,0.02235,0.0224
Time,s,77,0.02306,0.02298,0.02395
Time,s,77,0.02263,0.02322,0.02388
Time,s,77,0.02318,0.02332,0.02484
Time,s,77,0.02214,0.02269,0.02271
Time,s,78,0.19932,0.21856,0.20979
Time,s,78,0.17991,0.17957,0.17939
Time,s,78,0.17715,0.17403,0.17123
Time,s,78,0.17525,0.18667,0.17503
Time,s,78,0.17782,0.17888,0.17255
Time,s,78,0.17783,0.17279,0.17414
Time,s,78,0.17876,0.17316,0.1738
Time,s,78,0.17729,0.18171,0.17394
Time,s,78,0.18051,0.17417,0.17439
Time,s,78,0.17169,0.17445,0.17055
Time,s,78,0.17686,0.17524,0.17398
Time,s,78,0.17195,0.17422,0.16943
Time,s,78,0.18108,0.17554,0.17862
Time,s,78,0.17914,0.17083,0.16996
Time,s,78,0.17481,0.16996,0.17317
Time,s,78,0.17646,0.176,0.17147
Time,s,78,0.17646,0.17506,0.17634
Time,s,78,0.18335,0.17575,0.17669
Time,s,78,0.17208,0.17249,0.18237
Time,s,78,0.17678,0.17516,0.17228
Time,s,78,0.17523,0.17212,0.1757
Time,s,78,0.17064,0.17153,0.16927
Time,s,78,0.17297,0.17365,0.17058
Time,s,78,0.17922,0.17256,0.17066
Time,s,78,0.17578,0.17708,0.17354
Time,s,78,0.17781,0.17895,0.1689
Time,s,78,0.17613,0.17387,0.17144
Time,s,78,0.18061,0.17108,0.17281
Time,s,78,0.17863,0.17268,0.17279
Time,s,78,0.17969,0.17259,0.17308
Time,s,78,0.17865,0.18243,0.1704
Time,s,78,0.17872,0.17489,0.16841
Time,s,78,0.17599,0.16982,0.17018
Time,s,78,0.17219,0.17792,0.17081
Time,s,78,0.17511,0.18161,0.17361
Time,s,78,0.17204,0.17839,0.17273
Time,s,78,0.17232,0.17099,0.17454
Time,s,78,0.18074,0.17059,0.1769
Time,s,78,0.17304,0.17695,0.17582
Time,s,78,0.17414,0.17076,0.17706
Time,s,78,0.17042,0.16815,0.17467
Time,s,78,0.17509,0.17556,0.16947
Time,s,78,0.17742,0.17589,0.17441
Time,s,78,0.17175,0.17895,0.17672
Time,s,78,0.17176,0.1756,0.17198
Time,s,78,0.17104,0.17469,0.17191
Time,s,78,0.17419,0.18185,0.18047
Time,s,78,0.17033,0.17219,0.17082
Time,s,78,0.17809,0.17059,0.17155
Time,s,78,0.17461,0.17567,0.17692
Time,s,78,0.17517,0.17637,0.16919
Time,s,78,0.17366,0.17379,0.17246
Time,s,78,0.17293,0.17806,0.18004
Time,s,78,0.17503,0.17332,0.17879
Time,s,78,0.18615,0.18117,0.17854
Time,s,78,0.17406,0.17152,0.1776
Time,s,78,0.172,0.17158,0.17214
Time,s,78,0.17504,0.17285,0.17373
Time,s,78,0.16771,0.17799,0.18042
Time,s,78,0.17928,0.16945,0.17103
Time,s,78,0.17415,0.17808,0.17295
Time,s,78,0.16822,0.17382,0.1689
Time,s,78,0.177,0.1705,0.176
Time,s,78,0.17259,0.175,0.17065
Time,s,78,0.1777,0.17381,0.17474
Time,s,78,0.16901,0.1699,0.17794
Time,s,78,0.16978,0.17095,0.16976
Time,s,78,0.16989,0.17752,0.17345
Time,s,78,0.17719,0.17126,0.17033
Time,s,78,0.18247,0.17688,0.17141
Time,s,78,0.16925,0.17606,0.17318
Time,s,78,0.18349,0.17245,0.17143
Time,s,78,0.17763,0.17168,0.17337
Time,s,78,0.17267,0.17522,0.17397
Time,s,78,0.17206,0.17223,0.16968
Time,s,78,0.17398,0.17189,0.17629
Time,s,78,0.17185,0.17246,0.17957
Time,s,78,0.1731,0.17243,0.17105
Time,s,78,0.17555,0.17356,0.17594
Time,s,78,0.17159,0.1748,0.17656
Time,s,79,0.03067,0.02827,0.03017
Time,s,79,0.02748,0.02692,0.02713
Time,s,79,0.0272,0.02729,0.02754
Time,s,79,0.02667,0.02786,0.02733
Time,s,79,0.02849,0.02896,0.02662
Time,s,79,0.02641,0.02643,0.02707
Time,s,79,0.02804,0.02692,0.02735
Time,s,79,0.0266,0.02711,0.02732
Time,s,79,0.02588,0.02851,0.0298
Time,s,79,0.02755,0.03001,0.02663
Time,s,79,0.02645,0.02738,0.02796
Time,s,79,0.03046,0.02824,0.02846
Time,s,79,0.02872,0.02922,0.02785
Time,s,79,0.02771,0.03024,0.02901
Time,s,79,0.02627,0.02852,0.02665
Time,s,79,0.02661,0.02655,0.02724
Time,s,79,0.02708,0.0268,0.02731
Time,s,79,0.02793,0.0288,0.02636
Time,s,79,0.02767,0.02737,0.02623
Time,s,79,0.02657,0.02757,0.02605
Time,s,79,0.02709,0.02736,0.02652
Time,s,79,0.02672,0.02699,0.0277
Time,s,79,0.02689,0.02761,0.02734
Time,s,79,0.02675,0.02669,0.02616
Time,s,79,0.02699,0.02766,0.02647
Time,s,79,0.02681,0.02712,0.02643
Time,s,79,0.02689,0.02717,0.02684
Time,s,79,0.02699,0.02746,0.02649
Time,s,79,0.02686,0.02976,0.02587
Time,s,79,0.0282,0.02748,0.02654
Time,s,79,0.02821,0.02589,0.02783
Time,s,79,0.02641,0.02734,0.02618
Time,s,79,0.027,0.02657,0.02725
Time,s,79,0.02641,0.02566,0.0275
Time,s,79,0.02592,0.02638,0.02759
Time,s,79,0.02642,0.02837,0.02777
Time,s,79,0.02706,0.02669,0.02749
Time,s,79,0.02743,0.0266,0.02634
Time,s,79,0.02682,0.02574,0.02702
Time,s,79,0.02792,0.02648,0.02802
Time,s,79,0.02833,0.02777,0.02711
Time,s,79,0.02658,0.026,0.02629
Time,s,79,0.02787,0.02657,0.02712
Time,s,79,0.02648,0.02613,0.02663
Time,s,79,0.02685,0.02624,0.02648
Time,s,79,0.02654,0.02803,0.02695
Time,s,79,0.02652,0.02667,0.0263
Time,s,79,0.02811,0.02691,0.02655
Time,s,79,0.02651,0.02644,0.02649
Time,s,79,0.0266,0.02643,0.02638
Time,s,79,0.02665,0.02678,0.02654
Time,s,79,0.02582,0.02937,0.02638
Time,s,79,0.02677,0.02934,0.02675
Time,s,79,0.02555,0.02645,0.02863
Time,s,79,0.02651,0.02704,0.02652
Time,s,79,0.02969,0.02643,0.02674
Time,s,79,0.02744,0.02725,0.02663
Time,s,79,0.02705,0.02661,0.02712
Time,s,79,0.02678,0.02595,0.02662
Time,s,79,0.02668,0.02638,0.02608
Time,s,79,0.02777,0.02779,0.02688
Time,s,79,0.02663,0.02688,0.02654
Time,s,79,0.02625,0.02626,0.02668
Time,s,79,0.0263,0.02602,0.02611
Time,s,79,0.02667,0.02597,0.02599
Time,s,79,0.02642,0.02706,0.02723
Time,s,79,0.02683,0.02703,0.0281
Time,s,79,0.02687,0.02659,0.02653
Time,s,79,0.02702,0.02671,0.02774
Time,s,79,0.03115,0.02639,0.02922
Time,s,79,0.02651,0.02728,0.02743
Time,s,79,0.02608,0.0267,0.02785
Time,s,79,0.0268,0.0265,0.02782
Time,s,79,0.02645,0.02677,0.02646
Time,s,79,0.0265,0.02674,0.02694
Time,s,79,0.02678,0.02632,0.02781
Time,s,79,0.02654,0.02782,0.02602
Time,s,79,0.02668,0.02669,0.0276
Time,s,79,0.02772,0.02699,0.02605
Time,s,79,0.02851,0.02663,0.02618
Time,s,80,0.07177,0.07197,0.07308
Time,s,80,0.05849,0.05923,0.06277
Time,s,80,0.05674,0.06262,0.06095
Time,s,80,0.0565,0.05569,0.06288
Time,s,80,0.06276,0.06301,0.06165
Time,s,80,0.05605,0.05378,0.0568
Time,s,80,0.05604,0.05507,0.06169
Time,s,80,0.05728,0.05527,0.05813
Time,s,80,0.05886,0.06095,0.06291
Time,s,80,0.05558,0.06417,0.05477
Time,s,80,0.05989,0.05994,0.06207
Time,s,80,0.05352,0.05553,0.05279
Time,s,80,0.05428,0.05521,0.05759
Time,s,80,0.05964,0.06808,0.05717
Time,s,80,0.05707,0.06004,0.06334
Time,s,80,0.0559,0.05364,0.05619
Time,s,80,0.05729,0.05755,0.057
Time,s,80,0.06152,0.06227,0.0607
Time,s,80,0.05478,0.06321,0.05452
Time,s,80,0.05459,0.06196,0.05802
Time,s,80,0.06521,0.06151,0.05329
Time,s,80,0.06246,0.06074,0.05675
Time,s,80,0.05621,0.06001,0.06266
Time,s,80,0.05615,0.05469,0.05483
Time,s,80,0.05743,0.05915,0.05845
Time,s,80,0.05881,0.06129,0.05428
Time,s,80,0.06579,0.05521,0.06258
Time,s,80,0.05685,0.05728,0.0549
Time,s,80,0.05761,0.05696,0.06073
Time,s,80,0.05322,0.05326,0.05462
Time,s,80,0.05409,0.05529,0.05967
Time,s,80,0.05941,0.05578,0.05334
Time,s,80,0.06955,0.05885,0.05513
Time,s,80,0.0601,0.06124,0.06088
Time,s,80,0.05321,0.05563,0.05394
Time,s,80,0.05775,0.05793,0.05742
Time,s,80,0.05959,0.05391,0.06143
Time,s,80,0.05529,0.06335,0.0608
Time,s,80,0.06421,0.0574,0.05997
Time,s,80,0.05483,0.05737,0.05944
Time,s,80,0.0556,0.05942,0.06042
Time,s,80,0.05404,0.05451,0.05706
Time,s,80,0.06079,0.05769,0.05438
Time,s,80,0.05554,0.06244,0.06247
Time,s,80,0.06489,0.05504,0.06087
Time,s,80,0.06101,0.0545,0.05522
Time,s,80,0.06105,0.05853,0.05483
Time,s,80,0.05872,0.06479,0.0565
Time,s,80,0.05575,0.05594,0.05376
Time,s,80,0.0537,0.05463,0.05463
Time,s,80,0.06039,0.0525,0.05664
Time,s,80,0.05954,0.0617,0.06397
Time,s,80,0.05636,0.06377,0.06137
Time,s,80,0.05296,0.06049,0.0559
Time,s,80,0.05301,0.05391,0.06037
Time,s,80,0.05616,0.05641,0.06287
Time,s,80,0.06277,0.06167,0.05317
Time,s,80,0.05734,0.0618,0.05441
Time,s,80,0.06182,0.05768,0.0534
Time,s,80,0.05789,0.05452,0.05233
Time,s,80,0.05321,0.05751,0.05513
Time,s,80,0.05876,0.06458,0.06043
Time,s,80,0.06152,0.06035,0.05416
Time,s,80,0.06288,0.05759,0.06199
Time,s,80,0.05957,0.05372,0.06091
Time,s,80,0.05642,0.05427,0.05691
Time,s,80,0.06232,0.05788,0.05435
Time,s,80,0.0588,0.06249,0.05564
Time,s,80,0.05317,0.0561,0.0546
Time,s,80,0.05649,0.05588,0.06236
Time,s,80,0.05754,0.06013,0.05627
Time,s,80,0.06106,0.05534,0.05186
Time,s,80,0.06279,0.05576,0.0565
Time,s,80,0.06114,0.06185,0.05491
Time,s,80,0.05824,0.05542,0.06294
Time,s,80,0.06273,0.05273,0.0658
Time,s,80,0.05327,0.06267,0.0578
Time,s,80,0.0629,0.0555,0.05872
Time,s,80,0.05462,0.0606,0.05249
Time,s,80,0.06151,0.06105,0.06067
Time,s,81,0.02648,0.0256,0.02585
Time,s,81,0.02529,0.02466,0.02374
Time,s,81,0.02374,0.0292,0.02468
Time,s,81,0.02542,0.02515,0.02465
Time,s,81,0.02332,0.02377,0.02455
Time,s,81,0.02401,0.02488,0.02355
Time,s,81,0.02401,0.02565,0.02453
Time,s,81,0.0246,0.02416,0.02458
Time,s,81,0.02705,0.02506,0.02439
Time,s,81,0.02622,0.02355,0.027
Time,s,81,0.02521,0.0272,0.02417
Time,s,81,0.0243,0.02464,0.02386
Time,s,81,0.02517,0.0257,0.02436
Time,s,81,0.02632,0.02712,0.0236
Time,s,81,0.02604,0.02539,0.0255
Time,s,81,0.02378,0.02448,0.02461
Time,s,81,0.02552,0.02546,0.02419
Time,s,81,0.02559,0.02469,0.02457
Time,s,81,0.0245,0.02679,0.02432
Time,s,81,0.02444,0.02575,0.02361
Time,s,81,0.02474,0.02409,0.02675
Time,s,81,0.02385,0.02433,0.0271
Time,s,81,0.02696,0.02487,0.02463
Time,s,81,0.02411,0.02596,0.02539
Time,s,81,0.0242,0.02472,0.02626
Time,s,81,0.02444,0.02454,0.0249
Time,s,81,0.02543,0.02459,0.02583
Time,s,81,0.02716,0.02402,0.02507
Time,s,81,0.02437,0.02416,0.02629
Time,s,81,0.02562,0.02515,0.02353
Time,s,81,0.02543,0.02416,0.02423
Time,s,81,0.02703,0.02585,0.024
Time,s,81,0.023,0.02297,0.02367
Time,s,81,0.02496,0.0256,0.02512
Time,s,81,0.02667,0.02438,0.02435
Time,s,81,0.02581,0.02439,0.02524
Time,s,81,0.02488,0.02545,0.02338
Time,s,81,0.02448,0.0246,0.02345
Time,s,81,0.02551,0.02464,0.02412
Time,s,81,0.02587,0.02382,0.0256
Time,s,81,0.02538,0.02619,0.0252
Time,s,81,0.02652,0.02468,0.02622
Time,s,81,0.0239,0.02295,0.02493
Time,s,81,0.02471,0.02237,0.02415
Time,s,81,0.02664,0.02523,0.02593
Time,s,81,0.02548,0.02847,0.02454
Time,s,81,0.02467,0.02502,0.02494
Time,s,81,0.02313,0.02346,0.02482
Time,s,81,0.02503,0.02542,0.02556
Time,s,81,0.02533,0.0236,0.0249
Time,s,81,0.02317,0.02358,0.02672
Time,s,81,0.02511,0.02527,0.02468
Time,s,81,0.02386,0.02545,0.02505
Time,s,81,0.02417,0.02505,0.02484
Time,s,81,0.0252,0.02565,0.0265
Time,s,81,0.02387,0.02416,0.02538
Time,s,81,0.02547,0.02401,0.02313
Time,s,81,0.02506,0.02553,0.02253
Time,s,81,0.02516,0.02411,0.02467
Time,s,81,0.02338,0.02436,0.02361
Time,s,81,0.02398,0.025,0.02639
Time,s,81,0.02623,0.02519,0.02669
Time,s,81,0.02578,0.02858,0.0239
Time,s,81,0.02379,0.02532,0.02578
Time,s,81,0.02552,0.02714,0.02458
Time,s,81,0.02518,0.02436,0.02484
Time,s,81,0.02487,0.02672,0.02652
Time,s,81,0.02706,0.02456,0.025
Time,s,81,0.02567,0.02437,0.02634
Time,s,81,0.02521,0.02351,0.02409
Time,s,81,0.02334,0.02656,0.02519
Time,s,81,0.02419,0.02486,0.02572
Time,s,81,0.02595,0.02355,0.02568
Time,s,81,0.02396,0.02526,0.02596
Time,s,81,0.02514,0.02439,0.02458
Time,s,81,0.02393,0.02395,0.02389
Time,s,81,0.02516,0.02612,0.02377
Time,s,81,0.02438,0.02478,0.02474
Time,s,81,0.02359,0.02432,0.02469
Time,s,81,0.02425,0.02348,0.02473
Time,s,82,0.01201,0.01288,0.01307
Time,s,82,0.01047,0.01096,0.01133
Time,s,82,0.01048,0.01056,0.01065
Time,s,82,0.01043,0.01107,0.01053
Time,s,82,0.01038,0.0101,0.01002
Time,s,82,0.01105,0.0102,0.00991
Time,s,82,0.01077,0.01072,0.00978
Time,s,82,0.00962,0.01027,0.01027
Time,s,82,0.00975,0.01031,0.00963
Time,s,82,0.00959,0.00996,0.01055
Time,s,82,0.01001,0.00981,0.01151
Time,s,82,0.0098,0.00957,0.00949
Time,s,82,0.01069,0.00964,0.00917
Time,s,82,0.00998,0.00989,0.0096
Time,s,82,0.00957,0.00959,0.00929
Time,s,82,0.0099,0.00993,0.00998
Time,s,82,0.01094,0.01028,0.00978
Time,s,82,0.0097,0.01017,0.00957
Time,s,82,0.00918,0.00948,0.00947
Time,s,82,0.00951,0.0092,0.00974
Time,s,82,0.00958,0.00966,0.00936
Time,s,82,0.00956,0.01062,0.00904
Time,s,82,0.00912,0.00952,0.00946
Time,s,82,0.00937,0.00932,0.00919
Time,s,82,0.00933,0.00969,0.00934
Time,s,82,0.01022,0.01014,0.00961
Time,s,82,0.00988,0.00934,0.00995
Time,s,82,0.00918,0.00989,0.00896
Time,s,82,0.01037,0.0096,0.00941
Time,s,82,0.00955,0.01121,0.00983
Time,s,82,0.00909,0.01228,0.00967
Time,s,82,0.00967,0.0101,0.00944
Time,s,82,0.00994,0.00947,0.00988
Time,s,82,0.00928,0.00914,0.00936
Time,s,82,0.01014,0.0092,0.0094
Time,s,82,0.00938,0.00961,0.00982
Time,s,82,0.00979,0.00966,0.00988
Time,s,82,0.00942,0.0093,0.00931
Time,s,82,0.00923,0.00919,0.00952
Time,s,82,0.00959,0.01036,0.00944
Time,s,82,0.00895,0.01047,0.00907
Time,s,82,0.00933,0.00976,0.00969
Time,s,82,0.00976,0.00937,0.00925
Time,s,82,0.00923,0.01122,0.00934
Time,s,82,0.01018,0.00911,0.00988
Time,s,82,0.00965,0.0095,0.00909
Time,s,82,0.00912,0.00968,0.00933
Time,s,82,0.00895,0.01045,0.0097
Time,s,82,0.0093,0.00959,0.00931
Time,s,82,0.00968,0.0098,0.00976
Time,s,82,0.00929,0.00953,0.00951
Time,s,82,0.0093,0.00938,0.00981
Time,s,82,0.00959,0.00958,0.00918
Time,s,82,0.00921,0.00938,0.01001
Time,s,82,0.00975,0.00955,0.00886
Time,s,82,0.00922,0.00906,0.00965
Time,s,82,0.01059,0.01111,0.0089
Time,s,82,0.00953,0.00969,0.01028
Time,s,82,0.00975,0.01032,0.0098
Time,s,82,0.00949,0.01003,0.00982
Time,s,82,0.00889,0.01025,0.00937
Time,s,82,0.00941,0.01086,0.00983
Time,s,82,0.00915,0.01079,0.00999
Time,s,82,0.0094,0.00944,0.00918
Time,s,82,0.01,0.00958,0.00979
Time,s,82,0.00938,0.00915,0.00936
Time,s,82,0.00988,0.0092,0.00949
Time,s,82,0.00927,0.01006,0.00962
Time,s,82,0.00986,0.0091,0.01002
Time,s,82,0.01022,0.00967,0.00925
Time,s,82,0.01038,0.00938,0.00967
Time,s,82,0.00999,0.00956,0.0096
Time,s,82,0.01104,0.00923,0.0092
Time,s,82,0.00958,0.0094,0.00945
Time,s,82,0.00928,0.0092,0.00956
Time,s,82,0.00947,0.00979,0.00956
Time,s,82,0.01006,0.00917,0.0093
Time,s,82,0.01,0.00973,0.00975
Time,s,82,0.00988,0.00979,0.00981
Time,s,82,0.01074,0.00958,0.00976
Time,s,83,0.01733,0.01964,0.01581
Time,s,83,0.01736,0.01721,0.01736
Time,s,83,0.01619,0.01558,0.01808
Time,s,83,0.01662,0.01665,0.01589
Time,s,83,0.01632,0.01713,0.01697
Time,s,83,0.0162,0.01649,0.01593
Time,s,83,0.01745,0.01596,0.01711
Time,s,83,0.01618,0.01692,0.01472
Time,s,83,0.01565,0.01957,0.01759
Time,s,83,0.01601,0.01525,0.01583
Time,s,83,0.01549,0.01673,0.01573
Time,s,83,0.01584,0.01572,0.01548
Time,s,83,0.01561,0.01575,0.01631
Time,s,83,0.01762,0.0163,0.01611
Time,s,83,0.01797,0.01568,0.01538
Time,s,83,0.01763,0.01716,0.01572
Time,s,83,0.01566,0.01658,0.01705
Time,s,83,0.01695,0.0155,0.01616
Time,s,83,0.01689,0.01673,0.01558
Time,s,83,0.01763,0.01674,0.01683
Time,s,83,0.01714,0.01576,0.01592
Time,s,83,0.01687,0.01653,0.01745
Time,s,83,0.0161,0.01713,0.01651
Time,s,83,0.015,0.01502,0.0159
Time,s,83,0.01611,0.01591,0.01887
Time,s,83,0.01817,0.01672,0.01546
Time,s,83,0.01575,0.01667,0.01544
Time,s,83,0.01691,0.01747,0.01765
Time,s,83,0.01735,0.0156,0.01756
Time,s,83,0.01618,0.01958,0.01559
Time,s,83,0.0158,0.01627,0.01692
Time,s,83,0.01652,0.01696,0.01562
Time,s,83,0.01629,0.01669,0.01536
Time,s,83,0.01658,0.01681,0.0155
Time,s,83,0.01517,0.01588,0.01795
Time,s,83,0.01718,0.01585,0.01602
Time,s,83,0.01655,0.01632,0.01619
Time,s,83,0.016,0.018,0.01572
Time,s,83,0.01629,0.01625,0.01608
Time,s,83,0.01703,0.01639,0.01692
Time,s,83,0.01607,0.01626,0.01622
Time,s,83,0.01707,0.01528,0.01665
Time,s,83,0.01577,0.01616,0.01579
Time,s,83,0.01676,0.01694,0.01587
Time,s,83,0.01592,0.01728,0.01524
Time,s,83,0.01693,0.01582,0.01837
Time,s,83,0.01648,0.01649,0.01684
Time,s,83,0.01662,0.01799,0.01568
Time,s,83,0.01691,0.01676,0.01621
Time,s,83,0.0189,0.01664,0.01688
Time,s,83,0.01784,0.01582,0.01747
Time,s,83,0.0172,0.01751,0.01668
Time,s,83,0.01611,0.01722,0.01617
Time,s,83,0.01564,0.01647,0.01506
Time,s,83,0.01749,0.01637,0.01673
Time,s,83,0.01727,0.01687,0.0163
Time,s,83,0.0172,0.01726,0.01735
Time,s,83,0.01702,0.0164,0.01707
Time,s,83,0.01686,0.0156,0.01599
Time,s,83,0.01608,0.01662,0.0153
Time,s,83,0.01689,0.01602,0.01879
Time,s,83,0.01647,0.01846,0.01586
Time,s,83,0.01696,0.01609,0.01648
Time,s,83,0.01711,0.01741,0.01738
Time,s,83,0.01617,0.01547,0.01625
Time,s,83,0.01646,0.01593,0.01598
Time,s,83,0.01586,0.01752,0.01775
Time,s,83,0.01684,0.01674,0.0166
Time,s,83,0.01669,0.01675,0.01584
Time,s,83,0.01647,0.0161,0.01582
Time,s,83,0.01599,0.01617,0.0158
Time,s,83,0.01627,0.01613,0.01694
Time,s,83,0.0158,0.01673,0.01696
Time,s,83,0.01649,0.01639,0.01576
Time,s,83,0.01615,0.01718,0.01569
Time,s,83,0.01579,0.01553,0.01548
Time,s,83,0.01559,0.01694,0.01665
Time,s,83,0.01568,0.01591,0.01577
Time,s,83,0.01617,0.01645,0.01755
Time,s,83,0.0186,0.01581,0.01607
Time,s,84,0.01874,0.0103,0.00979
Time,s,84,0.0107,0.00995,0.00927
Time,s,84,0.00956,0.00914,0.0089
Time,s,84,0.00963,0.01163,0.00963
Time,s,84,0.00946,0.01103,0.00912
Time,s,84,0.0106,0.00988,0.00945
Time,s,84,0.00937,0.00909,0.00928
Time,s,84,0.00955,0.01054,0.00999
Time,s,84,0.00925,0.00969,0.01007
Time,s,84,0.00927,0.00959,0.01081
Time,s,84,0.00939,0.01008,0.00916
Time,s,84,0.00876,0.00927,0.00886
Time,s,84,0.00952,0.00982,0.00986
Time,s,84,0.00883,0.00937,0.00912
Time,s,84,0.0095,0.01024,0.00998
Time,s,84,0.00895,0.00898,0.00903
Time,s,84,0.00994,0.00902,0.00922
Time,s,84,0.00951,0.00936,0.00932
Time,s,84,0.00928,0.01036,0.00873
Time,s,84,0.00981,0.00904,0.00916
Time,s,84,0.00986,0.00951,0.01055
Time,s,84,0.00921,0.00943,0.00909
Time,s,84,0.0097,0.0098,0.00934
Time,s,84,0.0098,0.01037,0.00865
Time,s,84,0.00971,0.00921,0.00885
Time,s,84,0.01049,0.00988,0.00899
Time,s,84,0.00957,0.00945,0.0098
Time,s,84,0.00931,0.01032,0.01033
Time,s,84,0.00936,0.00959,0.00904
Time,s,84,0.00914,0.00936,0.00969
Time,s,84,0.00908,0.00926,0.00896
Time,s,84,0.01052,0.00877,0.00943
Time,s,84,0.00995,0.00964,0.00961
Time,s,84,0.00877,0.01004,0.00931
Time,s,84,0.00946,0.01049,0.00953
Time,s,84,0.00925,0.0091,0.00933
Time,s,84,0.0094,0.00942,0.00948
Time,s,84,0.00961,0.00972,0.00966
Time,s,84,0.01052,0.00917,0.0094
Time,s,84,0.01,0.00968,0.00942
Time,s,84,0.00939,0.00929,0.00916
Time,s,84,0.01026,0.00884,0.00895
Time,s,84,0.00891,0.0096,0.01037
Time,s,84,0.0091,0.00908,0.00941
Time,s,84,0.00961,0.00908,0.00886
Time,s,84,0.00941,0.00929,0.00925
Time,s,84,0.00946,0.00979,0.00951
Time,s,84,0.00993,0.01044,0.00929
Time,s,84,0.00967,0.01289,0.00941
Time,s,84,0.00925,0.01025,0.00933
Time,s,84,0.00933,0.00922,0.01001
Time,s,84,0.01007,0.00955,0.00926
Time,s,84,0.0092,0.00959,0.00917
Time,s,84,0.011,0.00912,0.00914
Time,s,84,0.01059,0.00928,0.00883
Time,s,84,0.01006,0.00906,0.00959
Time,s,84,0.00923,0.00927,0.00979
Time,s,84,0.00973,0.00934,0.00993
Time,s,84,0.00982,0.00975,0.01029
Time,s,84,0.01095,0.00978,0.00909
Time,s,84,0.0089,0.00954,0.01006
Time,s,84,0.00941,0.01062,0.00901
Time,s,84,0.00919,0.00932,0.00906
Time,s,84,0.00968,0.01034,0.00895
Time,s,84,0.00968,0.01079,0.00887
Time,s,84,0.00972,0.01048,0.01054
Time,s,84,0.00915,0.00949,0.00918
Time,s,84,0.00904,0.0091,0.00969
Time,s,84,0.01074,0.00979,0.00943
Time,s,84,0.00911,0.00961,0.00888
Time,s,84,0.00928,0.0092,0.01034
Time,s,84,0.01006,0.00914,0.0091
Time,s,84,0.00924,0.00953,0.01053
Time,s,84,0.00899,0.00986,0.0097
Time,s,84,0.00891,0.0098,0.0087
Time,s,84,0.01035,0.00897,0.00914
Time,s,84,0.01003,0.00966,0.0088
Time,s,84,0.00954,0.00877,0.00902
Time,s,84,0.00931,0.01058,0.0097
Time,s,84,0.00929,0.00997,0.00927
Time,s,85,0.03123,0.03179,0.03053
Time,s,85,0.03078,0.03056,0.03167
Time,s,85,0.03171,0.03109,0.02982
Time,s,85,0.03142,0.03155,0.03002
Time,s,85,0.03149,0.03217,0.03104
Time,s,85,0.02997,0.02995,0.03018
Time,s,85,0.03007,0.03075,0.03007
Time,s,85,0.03293,0.03193,0.02868
Time,s,85,0.03085,0.03113,0.02917
Time,s,85,0.03085,0.03104,0.0317
Time,s,85,0.03021,0.03198,0.02979
Time,s,85,0.02996,0.02968,0.03008
Time,s,85,0.02985,0.03209,0.03119
Time,s,85,0.03079,0.03047,0.03169
Time,s,85,0.03086,0.03034,0.03125
Time,s,85,0.02983,0.03141,0.03028
Time,s,85,0.02923,0.03081,0.0311
Time,s,85,0.03062,0.03173,0.03055
Time,s,85,0.02991,0.02938,0.02975
Time,s,85,0.03168,0.0298,0.02994
Time,s,85,0.03078,0.03157,0.0331
Time,s,85,0.03008,0.03031,0.03151
Time,s,85,0.03246,0.03027,0.03124
Time,s,85,0.02878,0.02995,0.03031
Time,s,85,0.03078,0.02995,0.02902
Time,s,85,0.02957,0.03217,0.02902
Time,s,85,0.03059,0.03074,0.03124
Time,s,85,0.03132,0.02989,0.03034
Time,s,85,0.03217,0.02969,0.02994
Time,s,85,0.02966,0.03089,0.02955
Time,s,85,0.03161,0.03011,0.03087
Time,s,85,0.03316,0.03065,0.02935
Time,s,85,0.02996,0.03236,0.0307
Time,s,85,0.03064,0.02953,0.0317
Time,s,85,0.03037,0.03197,0.03268
Time,s,85,0.03017,0.03049,0.0308
Time,s,85,0.031,0.03012,0.03027
Time,s,85,0.02975,0.0299,0.03111
Time,s,85,0.03034,0.03279,0.03074
Time,s,85,0.02976,0.03121,0.03065
Time,s,85,0.02928,0.0303,0.03036
Time,s,85,0.03287,0.03131,0.03278
Time,s,85,0.02924,0.03191,0.02982
Time,s,85,0.03234,0.03079,0.03365
Time,s,85,0.03209,0.03097,0.03281
Time,s,85,0.03308,0.03029,0.03164
Time,s,85,0.03374,0.03131,0.02851
Time,s,85,0.03292,0.03017,0.03178
Time,s,85,0.03132,0.03005,0.03083
Time,s,85,0.03192,0.02957,0.03035
Time,s,85,0.03038,0.03081,0.03174
Time,s,85,0.03076,0.02975,0.02864
Time,s,85,0.02934,0.0299,0.02934
Time,s,85,0.02991,0.03108,0.03098
Time,s,85,0.03118,0.03081,0.03205
Time,s,85,0.03025,0.0309,0.0297
Time,s,85,0.03056,0.03188,0.03182
Time,s,85,0.0308,0.03095,0.02929
Time,s,85,0.03062,0.03103,0.03013
Time,s,85,0.03244,0.02977,0.02913
Time,s,85,0.03036,0.03073,0.0316
Time,s,85,0.03135,0.03002,0.02931
Time,s,85,0.03253,0.03132,0.02887
Time,s,85,0.03028,0.03207,0.03013
Time,s,85,0.03161,0.03177,0.03106
Time,s,85,0.03058,0.03066,0.02934
Time,s,85,0.03339,0.03185,0.03168
Time,s,85,0.02973,0.03149,0.03059
Time,s,85,0.03341,0.0295,0.03299
Time,s,85,0.03228,0.03002,0.02955
Time,s,85,0.03071,0.032,0.03056
Time,s,85,0.02971,0.03086,0.03102
Time,s,85,0.02932,0.03031,0.03
Time,s,85,0.03204,0.02939,0.02895
Time,s,85,0.03202,0.02995,0.03066
Time,s,85,0.02989,0.03034,0.0304
Time,s,85,0.02974,0.03037,0.02997
Time,s,85,0.03127,0.02873,0.02922
Time,s,85,0.03134,0.03334,0.02961
Time,s,85,0.02978,0.03294,0.03067
Time,s,86,0.02069,0.02084,0.02006
Time,s,86,0.01914,0.01934,0.01847
Time,s,86,0.01835,0.01808,0.01923
Time,s,86,0.0184,0.01773,0.01888
Time,s,86,0.02002,0.01769,0.01804
Time,s,86,0.01875,0.01846,0.0178
Time,s,86,0.01783,0.0206,0.01904
Time,s,86,0.01823,0.01845,0.01865
Time,s,86,0.01788,0.01813,0.01888
Time,s,86,0.01794,0.01809,0.01819
Time,s,86,0.01828,0.01797,0.01801
Time,s,86,0.01926,0.01902,0.01786
Time,s,86,0.0179,0.01801,0.01803
Time,s,86,0.01755,0.01812,0.01785
Time,s,86,0.01767,0.01751,0.0187
Time,s,86,0.01743,0.01827,0.01747
Time,s,86,0.01789,0.01892,0.01803
Time,s,86,0.01995,0.01765,0.01794
Time,s,86,0.01761,0.01796,0.01856
Time,s,86,0.01779,0.01988,0.0175
Time,s,86,0.01695,0.01831,0.0169
Time,s,86,0.01828,0.0187,0.01822
Time,s,86,0.01859,0.01818,0.01732
Time,s,86,0.01823,0.01788,0.01733
Time,s,86,0.01843,0.01807,0.01743
Time,s,86,0.01799,0.01822,0.01777
Time,s,86,0.01793,0.0174,0.01767
Time,s,86,0.01744,0.01851,0.01799
Time,s,86,0.01763,0.01864,0.01791
Time,s,86,0.01808,0.0181,0.01744
Time,s,86,0.0174,0.01897,0.01757
Time,s,86,0.01865,0.01816,0.01746
Time,s,86,0.01814,0.01791,0.01727
Time,s,86,0.01799,0.01894,0.01872
Time,s,86,0.01769,0.01839,0.01736
Time,s,86,0.01795,0.01853,0.01884
Time,s,86,0.01768,0.01734,0.01761
Time,s,86,0.0172,0.01802,0.01828
Time,s,86,0.01737,0.01778,0.01844
Time,s,86,0.01728,0.01796,0.01777
Time,s,86,0.01751,0.018,0.01739
Time,s,86,0.01751,0.01747,0.01726
Time,s,86,0.01747,0.01759,0.01864
Time,s,86,0.01795,0.01806,0.01746
Time,s,86,0.01786,0.01768,0.01748
Time,s,86,0.01882,0.01818,0.01676
Time,s,86,0.01813,0.01936,0.01717
Time,s,86,0.01748,0.01924,0.01754
Time,s,86,0.01755,0.01946,0.01702
Time,s,86,0.01914,0.01782,0.01806
Time,s,86,0.01745,0.01723,0.01721
Time,s,86,0.01784,0.01815,0.01756
Time,s,86,0.01845,0.01775,0.01749
Time,s,86,0.01742,0.01819,0.01741
Time,s,86,0.01892,0.01777,0.0184
Time,s,86,0.01765,0.01825,0.01786
Time,s,86,0.01776,0.01965,0.0185
Time,s,86,0.01731,0.01846,0.01739
Time,s,86,0.01793,0.01738,0.01772
Time,s,86,0.01892,0.01762,0.01722
Time,s,86,0.01805,0.01814,0.01777
Time,s,86,0.01748,0.01957,0.01793
Time,s,86,0.019,0.01763,0.01854
Time,s,86,0.01785,0.01769,0.0185
Time,s,86,0.01863,0.01842,0.01791
Time,s,86,0.01801,0.01782,0.01874
Time,s,86,0.01836,0.01809,0.01732
Time,s,86,0.01753,0.01758,0.01766
Time,s,86,0.01784,0.01836,0.01767
Time,s,86,0.01781,0.01728,0.01817
Time,s,86,0.01789,0.01861,0.01877
Time,s,86,0.01796,0.01781,0.0175
Time,s,86,0.0187,0.01886,0.0174
Time,s,86,0.01855,0.01804,0.0172
Time,s,86,0.01805,0.01793,0.01718
Time,s,86,0.01732,0.01925,0.01689
Time,s,86,0.01724,0.01779,0.01752
Time,s,86,0.01835,0.0179,0.01673
Time,s,86,0.01857,0.01787,0.01705
Time,s,86,0.01807,0.01793,0.01768
Time,s,87,0.05941,0.05722,0.05658
Time,s,87,0.05759,0.06028,0.05881
Time,s,87,0.06303,0.05785,0.05672
Time,s,87,0.0578,0.05806,0.05761
Time,s,87,0.05735,0.06028,0.05595
Time,s,87,0.05572,0.05788,0.06123
Time,s,87,0.05838,0.05769,0.05778
Time,s,87,0.05663,0.05929,0.05714
Time,s,87,0.05726,0.05747,0.05796
Time,s,87,0.05827,0.0577,0.05844
Time,s,87,0.05769,0.06363,0.05604
Time,s,87,0.05639,0.0564,0.05638
Time,s,87,0.05701,0.05774,0.05739
Time,s,87,0.05778,0.05637,0.05739
Time,s,87,0.05607,0.05674,0.05947
Time,s,87,0.05674,0.05936,0.05618
Time,s,87,0.05664,0.05853,0.05655
Time,s,87,0.05933,0.06095,0.05632
Time,s,87,0.05927,0.05937,0.05667
Time,s,87,0.05721,0.06057,0.06025
Time,s,87,0.0588,0.05801,0.05766
Time,s,87,0.05722,0.05947,0.05711
Time,s,87,0.05929,0.06154,0.05813
Time,s,87,0.06168,0.0568,0.05745
Time,s,87,0.05727,0.05764,0.05936
Time,s,87,0.05718,0.05665,0.05992
Time,s,87,0.056,0.05741,0.05677
Time,s,87,0.05723,0.05735,0.05539
Time,s,87,0.05958,0.05832,0.05645
Time,s,87,0.0627,0.06117,0.05686
Time,s,87,0.0613,0.05711,0.05637
Time,s,87,0.05787,0.05527,0.05864
Time,s,87,0.05627,0.05804,0.06333
Time,s,87,0.05685,0.05739,0.05787
Time,s,87,0.05943,0.05645,0.05823
Time,s,87,0.05813,0.06033,0.05792
Time,s,87,0.0579,0.05939,0.05622
Time,s,87,0.05841,0.05784,0.05729
Time,s,87,0.05717,0.05616,0.05697
Time,s,87,0.05929,0.05837,0.05742
Time,s,87,0.05939,0.05911,0.05693
Time,s,87,0.06139,0.05986,0.05939
Time,s,87,0.05742,0.05651,0.05609
Time,s,87,0.05962,0.05755,0.05733
Time,s,87,0.05808,0.05816,0.05909
Time,s,87,0.0555,0.0588,0.05866
Time,s,87,0.0587,0.06065,0.05807
Time,s,87,0.05759,0.06223,0.05591
Time,s,87,0.05801,0.05919,0.05795
Time,s,87,0.06018,0.05861,0.05614
Time,s,87,0.05826,0.05598,0.0574
Time,s,87,0.05789,0.05619,0.05632
Time,s,87,0.05521,0.05881,0.05589
Time,s,87,0.05899,0.05711,0.05945
Time,s,87,0.05683,0.05812,0.05551
Time,s,87,0.05896,0.05889,0.0567
Time,s,87,0.05801,0.0575,0.05573
Time,s,87,0.05893,0.05611,0.05781
Time,s,87,0.05661,0.05969,0.06068
Time,s,87,0.05988,0.05954,0.06244
Time,s,87,0.05885,0.05824,0.05579
Time,s,87,0.05617,0.05833,0.05805
Time,s,87,0.05803,0.0583,0.05539
Time,s,87,0.05955,0.05797,0.05722
Time,s,87,0.05742,0.05951,0.05744
Time,s,87,0.0595,0.05754,0.05753
Time,s,87,0.05986,0.05931,0.05682
Time,s,87,0.05619,0.05709,0.05796
Time,s,87,0.05864,0.05649,0.05842
Time,s,87,0.06072,0.05764,0.05782
Time,s,87,0.05862,0.0562,0.05904
Time,s,87,0.05707,0.05505,0.05687
Time,s,87,0.058,0.05787,0.05588
Time,s,87,0.05555,0.05856,0.05794
Time,s,87,0.05797,0.06373,0.05762
Time,s,87,0.05722,0.0584,0.0568
Time,s,87,0.05598,0.06045,0.05863
Time,s,87,0.05944,0.05794,0.05723
Time,s,87,0.05817,0.05854,0.05767
Time,s,87,0.05926,0.05742,0.05965
Time,s,88,0.06779,0.06815,0.06672
Time,s,88,0.06578,0.06463,0.06276
Time,s,88,0.06473,0.06419,0.06473
Time,s,88,0.06318,0.06518,0.06334
Time,s,88,0.06306,0.0653,0.06244
Time,s,88,0.06402,0.06277,0.07154
Time,s,88,0.06353,0.06324,0.06261
Time,s,88,0.06456,0.06379,0.06446
Time,s,88,0.06451,0.06357,0.06456
Time,s,88,0.06377,0.06321,0.06366
Time,s,88,0.06384,0.06462,0.0632
Time,s,88,0.064,0.06351,0.06276
Time,s,88,0.06451,0.06454,0.06244
Time,s,88,0.06358,0.06262,0.06432
Time,s,88,0.06339,0.06326,0.0634
Time,s,88,0.06602,0.06452,0.06297
Time,s,88,0.06481,0.06206,0.06347
Time,s,88,0.06399,0.06705,0.06241
Time,s,88,0.06444,0.06506,0.06421
Time,s,88,0.06561,0.06945,0.06261
Time,s,88,0.06486,0.06474,0.06511
Time,s,88,0.0631,0.06444,0.06556
Time,s,88,0.06556,0.06414,0.06531
Time,s,88,0.06403,0.06337,0.06364
Time,s,88,0.06719,0.06384,0.06528
Time,s,88,0.06554,0.0634,0.0645
Time,s,88,0.06968,0.06544,0.06364
Time,s,88,0.07135,0.06689,0.06649
Time,s,88,0.06494,0.06362,0.06569
Time,s,88,0.06702,0.06738,0.07231
Time,s,88,0.06322,0.06372,0.06499
Time,s,88,0.06491,0.06475,0.06419
Time,s,88,0.06805,0.06751,0.06633
Time,s,88,0.06647,0.06568,0.06542
Time,s,88,0.06961,0.06397,0.06599
Time,s,88,0.06482,0.06591,0.06511
Time,s,88,0.06636,0.06549,0.06481
Time,s,88,0.06693,0.06802,0.06757
Time,s,88,0.06366,0.0651,0.06476
Time,s,88,0.06729,0.06511,0.06534
Time,s,88,0.0631,0.06426,0.06414
Time,s,88,0.06631,0.06651,0.06731
Time,s,88,0.06454,0.06834,0.06678
Time,s,88,0.06379,0.06554,0.06733
Time,s,88,0.06892,0.06485,0.06756
Time,s,88,0.06367,0.06486,0.06412
Time,s,88,0.06446,0.0647,0.06468
Time,s,88,0.06474,0.06925,0.06584
Time,s,88,0.06268,0.06568,0.06514
Time,s,88,0.07016,0.06536,0.06325
Time,s,88,0.06743,0.06518,0.0652
Time,s,88,0.06755,0.06524,0.06528
Time,s,88,0.06733,0.06527,0.06384
Time,s,88,0.06852,0.06494,0.06972
Time,s,88,0.06334,0.06359,0.06668
Time,s,88,0.0657,0.06493,0.06526
Time,s,88,0.06843,0.066,0.06666
Time,s,88,0.06414,0.06544,0.0633
Time,s,88,0.06356,0.0638,0.06804
Time,s,88,0.06831,0.0663,0.0626
Time,s,88,0.0665,0.06668,0.06265
Time,s,88,0.06465,0.0676,0.06424
Time,s,88,0.06567,0.06463,0.06657
Time,s,88,0.06497,0.06544,0.06302
Time,s,88,0.06506,0.06718,0.06576
Time,s,88,0.06724,0.06437,0.06477
Time,s,88,0.06512,0.06883,0.06345
Time,s,88,0.06731,0.06768,0.06398
Time,s,88,0.06626,0.06297,0.06259
Time,s,88,0.06545,0.06677,0.06669
Time,s,88,0.06495,0.06364,0.0637
Time,s,88,0.06609,0.06654,0.06663
Time,s,88,0.06691,0.06373,0.06367
Time,s,88,0.07125,0.06436,0.06434
Time,s,88,0.06607,0.06426,0.06427
Time,s,88,0.06535,0.06413,0.06456
Time,s,88,0.0671,0.07054,0.06493
Time,s,88,0.06295,0.06765,0.07227
Time,s,88,0.0651,0.06364,0.06565
Time,s,88,0.06671,0.06671,0.06683
Time,s,89,0.0262,0.02885,0.02529
Time,s,89,0.02765,0.02567,0.02563
Time,s,89,0.0264,0.02452,0.02471
Time,s,89,0.02624,0.02473,0.0253
Time,s,89,0.0255,0.02565,0.02402
Time,s,89,0.02623,0.02389,0.02595
Time,s,89,0.02454,0.02437,0.02514
Time,s,89,0.02485,0.02445,0.02411
Time,s,89,0.02566,0.0266,0.02448
Time,s,89,0.02423,0.02521,0.02566
Time,s,89,0.02462,0.02478,0.0241
Time,s,89,0.02496,0.02394,0.02461
Time,s,89,0.02439,0.02409,0.02373
Time,s,89,0.02377,0.0243,0.02502
Time,s,89,0.02397,0.02389,0.02498
Time,s,89,0.02394,0.02413,0.02418
Time,s,89,0.02381,0.02585,0.02415
Time,s,89,0.02583,0.02316,0.02463
Time,s,89,0.02526,0.02516,0.02614
Time,s,89,0.02458,0.02399,0.02434
Time,s,89,0.02571,0.02432,0.02355
Time,s,89,0.02521,0.02411,0.02385
Time,s,89,0.02446,0.0246,0.02423
Time,s,89,0.02413,0.02617,0.02467
Time,s,89,0.02405,0.02394,0.02473
Time,s,89,0.02481,0.02402,0.02466
Time,s,89,0.024,0.02539,0.02459
Time,s,89,0.02472,0.02657,0.02429
Time,s,89,0.02411,0.02429,0.0265
Time,s,89,0.02355,0.02458,0.02362
Time,s,89,0.02414,0.02414,0.02452
Time,s,89,0.02518,0.02503,0.02531
Time,s,89,0.02448,0.02619,0.02633
Time,s,89,0.02418,0.02367,0.02493
Time,s,89,0.02423,0.02457,0.02307
Time,s,89,0.02464,0.0245,0.02416
Time,s,89,0.02345,0.02487,0.02415
Time,s,89,0.02425,0.02433,0.02401
Time,s,89,0.02409,0.02392,0.02396
Time,s,89,0.02422,0.02657,0.02438
Time,s,89,0.02379,0.02441,0.02704
Time,s,89,0.0238,0.02402,0.02388
Time,s,89,0.0239,0.0239,0.02287
Time,s,89,0.02692,0.02503,0.02365
Time,s,89,0.02704,0.02471,0.02392
Time,s,89,0.02466,0.02368,0.02483
Time,s,89,0.02546,0.02405,0.02349
Time,s,89,0.02436,0.02424,0.02433
Time,s,89,0.02472,0.02401,0.02354
Time,s,89,0.02377,0.02473,0.02631
Time,s,89,0.02417,0.02429,0.02387
Time,s,89,0.02416,0.02502,0.02455
Time,s,89,0.02433,0.02652,0.02566
Time,s,89,0.02569,0.025,0.02411
Time,s,89,0.0245,0.02412,0.02488
Time,s,89,0.0253,0.02553,0.02648
Time,s,89,0.02396,0.02418,0.02775
Time,s,89,0.02436,0.02509,0.02471
Time,s,89,0.02522,0.02385,0.02488
Time,s,89,0.02533,0.02366,0.02363
Time,s,89,0.02462,0.02411,0.02424
Time,s,89,0.02407,0.02509,0.0245
Time,s,89,0.02422,0.02371,0.02624
Time,s,89,0.02388,0.02562,0.02487
Time,s,89,0.02339,0.02427,0.02444
Time,s,89,0.02344,0.02521,0.02606
Time,s,89,0.02647,0.0244,0.02351
Time,s,89,0.02348,0.02495,0.02459
Time,s,89,0.02407,0.02432,0.02435
Time,s,89,0.02422,0.02417,0.02394
Time,s,89,0.02376,0.02409,0.02479
Time,s,89,0.02476,0.02423,0.02477
Time,s,89,0.02479,0.02342,0.02448
Time,s,89,0.02343,0.02379,0.02469
Time,s,89,0.02393,0.02666,0.02383
Time,s,89,0.02417,0.02387,0.02406
Time,s,89,0.0246,0.024,0.0252
Time,s,89,0.02481,0.02384,0.02539
Time,s,89,0.02566,0.02397,0.02636
Time,s,89,0.02409,0.02523,0.02496
Time,s,90,0.01743,0.00849,0.00816
Time,s,90,0.00741,0.00747,0.00757
Time,s,90,0.00791,0.00715,0.00812
Time,s,90,0.00751,0.00766,0.00719
Time,s,90,0.00687,0.00706,0.00751
Time,s,90,0.00676,0.00768,0.00723
Time,s,90,0.00708,0.0067,0.00743
Time,s,90,0.00696,0.00734,0.00726
Time,s,90,0.00714,0.00716,0.00715
Time,s,90,0.00735,0.00739,0.00761
Time,s,90,0.00683,0.0068,0.0075
Time,s,90,0.00698,0.00748,0.00684
Time,s,90,0.00703,0.00734,0.00655
Time,s,90,0.0074,0.00719,0.00734
Time,s,90,0.00744,0.00712,0.00756
Time,s,90,0.00769,0.00719,0.00673
Time,s,90,0.00726,0.00747,0.00698
Time,s,90,0.00708,0.00693,0.00831
Time,s,90,0.00724,0.00685,0.00732
Time,s,90,0.00665,0.00781,0.00702
Time,s,90,0.00736,0.00814,0.00694
Time,s,90,0.00722,0.00725,0.00709
Time,s,90,0.00682,0.00699,0.00715
Time,s,90,0.00675,0.0071,0.00667
Time,s,90,0.00651,0.00751,0.00762
Time,s,90,0.00752,0.00676,0.0068
Time,s,90,0.00736,0.00723,0.00733
Time,s,90,0.00726,0.00671,0.00673
Time,s,90,0.00675,0.00745,0.00672
Time,s,90,0.00734,0.0073,0.00698
Time,s,90,0.00665,0.00743,0.007
Time,s,90,0.0071,0.00715,0.00691
Time,s,90,0.00699,0.00795,0.0072
Time,s,90,0.00737,0.00741,0.00667
Time,s,90,0.00697,0.00758,0.0071
Time,s,90,0.0072,0.00677,0.00709
Time,s,90,0.00698,0.00773,0.00709
Time,s,90,0.00698,0.00668,0.00713
Time,s,90,0.0067,0.00707,0.00693
Time,s,90,0.00694,0.00705,0.00694
Time,s,90,0.00697,0.00726,0.00671
Time,s,90,0.00666,0.00747,0.00733
Time,s,90,0.00696,0.00724,0.00716
Time,s,90,0.00705,0.00673,0.0065
Time,s,90,0.00724,0.00705,0.00672
Time,s,90,0.00683,0.00704,0.00678
Time,s,90,0.00681,0.00752,0.00664
Time,s,90,0.00697,0.0072,0.00729
Time,s,90,0.00703,0.00726,0.00698
Time,s,90,0.00692,0.00673,0.00826
Time,s,90,0.0068,0.00733,0.00718
Time,s,90,0.00715,0.0075,0.00719
Time,s,90,0.00734,0.00706,0.00715
Time,s,90,0.00699,0.0068,0.00729
Time,s,90,0.00713,0.00732,0.00713
Time,s,90,0.00761,0.00693,0.00749
Time,s,90,0.00785,0.00716,0.00685
Time,s,90,0.00657,0.00694,0.0069
Time,s,90,0.00736,0.00674,0.00678
Time,s,90,0.00696,0.00791,0.00731
Time,s,90,0.00768,0.00719,0.00751
Time,s,90,0.00728,0.00697,0.00728
Time,s,90,0.0071,0.00671,0.00752
Time,s,90,0.00676,0.00796,0.0074
Time,s,90,0.00725,0.00739,0.00759
Time,s,90,0.007,0.00725,0.00761
Time,s,90,0.00707,0.007,0.00709
Time,s,90,0.00711,0.00721,0.00696
Time,s,90,0.00728,0.0067,0.00702
Time,s,90,0.00713,0.00739,0.00688
Time,s,90,0.00743,0.00701,0.00679
Time,s,90,0.0074,0.0069,0.0074
Time,s,90,0.01055,0.0068,0.00727
Time,s,90,0.00708,0.0072,0.00671
Time,s,90,0.00745,0.00681,0.00673
Time,s,90,0.00741,0.00685,0.00673
Time,s,90,0.00706,0.0068,0.00731
Time,s,90,0.00692,0.00747,0.0071
Time,s,90,0.00681,0.00749,0.00713
Time,s,90,0.00731,0.00678,0.00665
Time,s,91,0.01259,0.0126,0.01281
Time,s,91,0.01244,0.01163,0.01283
Time,s,91,0.0125,0.01288,0.01183
Time,s,91,0.01245,0.01165,0.01192
Time,s,91,0.01197,0.01216,0.01198
Time,s,91,0.0121,0.01193,0.01306
Time,s,91,0.01249,0.01177,0.01115
Time,s,91,0.01234,0.01303,0.01161
Time,s,91,0.01289,0.01291,0.0121
Time,s,91,0.01357,0.01327,0.01191
Time,s,91,0.01217,0.01187,0.01143
Time,s,91,0.01186,0.01187,0.01186
Time,s,91,0.01183,0.01175,0.01187
Time,s,91,0.01142,0.01158,0.01109
Time,s,91,0.01362,0.0116,0.01134
Time,s,91,0.01184,0.01248,0.01169
Time,s,91,0.01167,0.01206,0.01146
Time,s,91,0.01241,0.01253,0.01206
Time,s,91,0.01144,0.0118,0.01155
Time,s,91,0.01144,0.01183,0.01206
Time,s,91,0.01295,0.01203,0.01174
Time,s,91,0.01156,0.01186,0.01152
Time,s,91,0.01218,0.01167,0.01167
Time,s,91,0.01165,0.01233,0.01157
Time,s,91,0.01157,0.01181,0.01151
Time,s,91,0.01182,0.0134,0.01212
Time,s,91,0.01143,0.01177,0.01204
Time,s,91,0.01173,0.01573,0.01208
Time,s,91,0.01218,0.01178,0.01274
Time,s,91,0.01199,0.01169,0.01139
Time,s,91,0.01218,0.01135,0.01213
Time,s,91,0.01171,0.01142,0.01182
Time,s,91,0.0132,0.01164,0.01151
Time,s,91,0.01199,0.01186,0.01203
Time,s,91,0.01186,0.01335,0.01208
Time,s,91,0.01152,0.01208,0.01119
Time,s,91,0.01195,0.0127,0.01227
Time,s,91,0.01184,0.01162,0.01355
Time,s,91,0.01149,0.01202,0.01164
Time,s,91,0.01223,0.01218,0.01122
Time,s,91,0.01234,0.01163,0.01134
Time,s,91,0.01177,0.01214,0.01185
Time,s,91,0.01147,0.01217,0.0125
Time,s,91,0.01135,0.01175,0.0114
Time,s,91,0.0113,0.012,0.01165
Time,s,91,0.01162,0.01357,0.01131
Time,s,91,0.01158,0.01186,0.01133
Time,s,91,0.01177,0.01186,0.01134
Time,s,91,0.01185,0.01172,0.01181
Time,s,91,0.0117,0.01238,0.01148
Time,s,91,0.0117,0.0125,0.01298
Time,s,91,0.01186,0.01195,0.01107
Time,s,91,0.01166,0.01144,0.01115
Time,s,91,0.01148,0.01251,0.01232
Time,s,91,0.013,0.01345,0.01125
Time,s,91,0.01296,0.012,0.01141
Time,s,91,0.01135,0.01258,0.01126
Time,s,91,0.01193,0.01227,0.01206
Time,s,91,0.01196,0.01247,0.01169
Time,s,91,0.01145,0.01194,0.01102
Time,s,91,0.01171,0.0116,0.01219
Time,s,91,0.01303,0.01214,0.01147
Time,s,91,0.01194,0.0118,0.01144
Time,s,91,0.01163,0.01171,0.01196
Time,s,91,0.01177,0.01207,0.01168
Time,s,91,0.01159,0.01185,0.01115
Time,s,91,0.01204,0.01152,0.01145
Time,s,91,0.01175,0.01223,0.01148
Time,s,91,0.01283,0.01174,0.01158
Time,s,91,0.01249,0.01158,0.01169
Time,s,91,0.01167,0.01197,0.01163
Time,s,91,0.01171,0.01242,0.0135
Time,s,91,0.01217,0.01247,0.01157
Time,s,91,0.0123,0.01174,0.01318
Time,s,91,0.01208,0.0111,0.01151
Time,s,91,0.01184,0.01208,0.01201
Time,s,91,0.0116,0.0118,0.01145
Time,s,91,0.01353,0.01147,0.01167
Time,s,91,0.01143,0.01241,0.01149
Time,s,91,0.01186,0.01153,0.012
Time,s,92,0.01815,0.01026,0.01036
Time,s,92,0.00961,0.00974,0.00929
Time,s,92,0.00963,0.01126,0.00992
Time,s,92,0.0098,0.01088,0.00974
Time,s,92,0.00977,0.00971,0.00935
Time,s,92,0.00931,0.00936,0.00977
Time,s,92,0.00954,0.01051,0.01085
Time,s,92,0.00934,0.00975,0.01035
Time,s,92,0.00949,0.00962,0.01012
Time,s,92,0.00985,0.00992,0.00955
Time,s,92,0.01002,0.01028,0.00969
Time,s,92,0.00976,0.00962,0.00987
Time,s,92,0.00962,0.00953,0.00985
Time,s,92,0.00976,0.01009,0.00963
Time,s,92,0.01012,0.00953,0.00992
Time,s,92,0.00969,0.01009,0.00971
Time,s,92,0.00984,0.00994,0.00973
Time,s,92,0.00991,0.00959,0.00982
Time,s,92,0.00932,0.00975,0.00959
Time,s,92,0.01019,0.00976,0.00957
Time,s,92,0.00975,0.00937,0.00948
Time,s,92,0.00936,0.0099,0.00959
Time,s,92,0.0098,0.00962,0.00992
Time,s,92,0.00955,0.00954,0.00988
Time,s,92,0.00955,0.00935,0.00958
Time,s,92,0.0094,0.0097,0.00966
Time,s,92,0.00922,0.00969,0.0111
Time,s,92,0.00997,0.00983,0.00945
Time,s,92,0.01028,0.00967,0.00928
Time,s,92,0.00959,0.00987,0.01044
Time,s,92,0.01008,0.01062,0.00959
Time,s,92,0.01051,0.00933,0.00948
Time,s,92,0.00973,0.00994,0.01002
Time,s,92,0.01136,0.00999,0.00947
Time,s,92,0.01021,0.00922,0.00917
Time,s,92,0.00981,0.01001,0.00975
Time,s,92,0.00959,0.0098,0.00923
Time,s,92,0.00965,0.00988,0.00973
Time,s,92,0.00965,0.0097,0.00997
Time,s,92,0.00938,0.01128,0.00962
Time,s,92,0.00948,0.00918,0.00985
Time,s,92,0.00998,0.00976,0.00951
Time,s,92,0.00937,0.00963,0.00976
Time,s,92,0.00998,0.01028,0.00956
Time,s,92,0.00974,0.00948,0.00957
Time,s,92,0.01019,0.00984,0.00959
Time,s,92,0.00948,0.00988,0.00998
Time,s,92,0.01015,0.01012,0.00931
Time,s,92,0.00989,0.00933,0.00952
Time,s,92,0.00942,0.00989,0.01026
Time,s,92,0.00988,0.01017,0.00952
Time,s,92,0.00967,0.00942,0.01
Time,s,92,0.00954,0.00962,0.00927
Time,s,92,0.0098,0.00964,0.00942
Time,s,92,0.01113,0.00984,0.00962
Time,s,92,0.0096,0.00982,0.00955
Time,s,92,0.00974,0.00982,0.00959
Time,s,92,0.0114,0.00942,0.00945
Time,s,92,0.00996,0.00996,0.00969
Time,s,92,0.00967,0.00983,0.00993
Time,s,92,0.00965,0.0097,0.00996
Time,s,92,0.00967,0.00963,0.00947
Time,s,92,0.00971,0.00991,0.01
Time,s,92,0.0096,0.00966,0.01092
Time,s,92,0.01,0.01027,0.00949
Time,s,92,0.01005,0.00996,0.0101
Time,s,92,0.00949,0.00973,0.00981
Time,s,92,0.01078,0.01021,0.00969
Time,s,92,0.00994,0.01111,0.00992
Time,s,92,0.00959,0.00983,0.00968
Time,s,92,0.01098,0.00993,0.00971
Time,s,92,0.00987,0.00982,0.0094
Time,s,92,0.00944,0.01043,0.0099
Time,s,92,0.00993,0.01007,0.00963
Time,s,92,0.01001,0.00965,0.00998
Time,s,92,0.00979,0.01095,0.00979
Time,s,92,0.00992,0.01114,0.00977
Time,s,92,0.00979,0.00948,0.01006
Time,s,92,0.00978,0.00976,0.00952
Time,s,92,0.00998,0.00987,0.00963
Time,s,93,0.04228,0.03444,0.03551
Time,s,93,0.03377,0.03371,0.03538
Time,s,93,0.03448,0.03457,0.03489
Time,s,93,0.03458,0.0344,0.03533
Time,s,93,0.0358,0.03532,0.03547
Time,s,93,0.03468,0.03785,0.03725
Time,s,93,0.03999,0.03443,0.04075
Time,s,93,0.03562,0.03482,0.03379
Time,s,93,0.03422,0.0347,0.0346
Time,s,93,0.03469,0.03544,0.03992
Time,s,93,0.03442,0.03425,0.03429
Time,s,93,0.03729,0.03691,0.03731
Time,s,93,0.03418,0.03594,0.03379
Time,s,93,0.03409,0.03398,0.03438
Time,s,93,0.03689,0.03348,0.03419
Time,s,93,0.03521,0.03499,0.03528
Time,s,93,0.03628,0.03427,0.03478
Time,s,93,0.03532,0.03493,0.03643
Time,s,93,0.03484,0.03811,0.03525
Time,s,93,0.03753,0.03466,0.03343
Time,s,93,0.035,0.03471,0.03524
Time,s,93,0.03362,0.03705,0.03381
Time,s,93,0.03386,0.03397,0.03414
Time,s,93,0.03612,0.03379,0.03538
Time,s,93,0.03484,0.03443,0.03546
Time,s,93,0.03569,0.03611,0.03463
Time,s,93,0.03427,0.03601,0.03402
Time,s,93,0.03496,0.03433,0.03642
Time,s,93,0.03446,0.04321,0.0343
Time,s,93,0.03478,0.03449,0.03679
Time,s,93,0.03472,0.0343,0.03418
Time,s,93,0.035,0.03763,0.03536
Time,s,93,0.03444,0.03713,0.03432
Time,s,93,0.03484,0.03805,0.03503
Time,s,93,0.03627,0.03399,0.03435
Time,s,93,0.03709,0.03403,0.03586
Time,s,93,0.03452,0.03479,0.03614
Time,s,93,0.03576,0.03435,0.0331
Time,s,93,0.03465,0.0366,0.03272
Time,s,93,0.03456,0.03443,0.03566
Time,s,93,0.04096,0.0359,0.03412
Time,s,93,0.03408,0.03637,0.03785
Time,s,93,0.03688,0.03523,0.03382
Time,s,93,0.0345,0.03426,0.03586
Time,s,93,0.03411,0.03453,0.03507
Time,s,93,0.03455,0.03413,0.03564
Time,s,93,0.03425,0.03601,0.03444
Time,s,93,0.03552,0.03713,0.03455
Time,s,93,0.03397,0.03569,0.03584
Time,s,93,0.03625,0.03517,0.03591
Time,s,93,0.03577,0.03624,0.03894
Time,s,93,0.03645,0.0334,0.03578
Time,s,93,0.03628,0.03532,0.03565
Time,s,93,0.0347,0.03504,0.03544
Time,s,93,0.03565,0.0349,0.03638
Time,s,93,0.03369,0.0367,0.03534
Time,s,93,0.03435,0.03381,0.03509
Time,s,93,0.03789,0.0352,0.03601
Time,s,93,0.035,0.03538,0.03463
Time,s,93,0.03478,0.03453,0.03408
Time,s,93,0.03618,0.03337,0.03452
Time,s,93,0.03403,0.03418,0.03662
Time,s,93,0.03516,0.03653,0.03583
Time,s,93,0.035,0.03392,0.03567
Time,s,93,0.03787,0.03472,0.03617
Time,s,93,0.03514,0.0343,0.03438
Time,s,93,0.0371,0.03576,0.03501
Time,s,93,0.03741,0.03545,0.03506
Time,s,93,0.03517,0.03405,0.03404
Time,s,93,0.03635,0.03637,0.03644
Time,s,93,0.03633,0.03706,0.03504
Time,s,93,0.03547,0.03664,0.03676
Time,s,93,0.03677,0.03965,0.03527
Time,s,93,0.03415,0.03761,0.03423
Time,s,93,0.03692,0.03631,0.03612
Time,s,93,0.03403,0.03424,0.03505
Time,s,93,0.0346,0.0359,0.03496
Time,s,93,0.03519,0.03524,0.03538
Time,s,93,0.03761,0.03494,0.03416
Time,s,93,0.03501,0.03403,0.0358
Time,s,94,0.02158,0.02433,0.01658
Time,s,94,0.01655,0.01402,0.01613
Time,s,94,0.0145,0.01662,0.01429
Time,s,94,0.01522,0.01414,0.01655
Time,s,94,0.01524,0.03411,0.01605
Time,s,94,0.01397,0.01467,0.01381
Time,s,94,0.01443,0.01644,0.0138
Time,s,94,0.01437,0.0141,0.01428
Time,s,94,0.01411,0.01414,0.01393
Time,s,94,0.01449,0.0136,0.01459
Time,s,94,0.01384,0.0145,0.01395
Time,s,94,0.01433,0.01443,0.01497
Time,s,94,0.01503,0.01376,0.0143
Time,s,94,0.01374,0.01391,0.01379
Time,s,94,0.01361,0.01332,0.01365
Time,s,94,0.01334,0.01368,0.01385
Time,s,94,0.0155,0.01409,0.01398
Time,s,94,0.01348,0.01445,0.01467
Time,s,94,0.01414,0.01351,0.01341
Time,s,94,0.01346,0.01432,0.01414
Time,s,94,0.01551,0.0137,0.01369
Time,s,94,0.01444,0.01349,0.01383
Time,s,94,0.01383,0.01512,0.0138
Time,s,94,0.01443,0.0149,0.01399
Time,s,94,0.01454,0.01398,0.01461
Time,s,94,0.01377,0.01392,0.01375
Time,s,94,0.01424,0.01414,0.01368
Time,s,94,0.01345,0.01448,0.01387
Time,s,94,0.01356,0.01351,0.01335
Time,s,94,0.01378,0.01349,0.01367
Time,s,94,0.0137,0.0147,0.0137
Time,s,94,0.01338,0.01401,0.01427
Time,s,94,0.01424,0.01382,0.0134
Time,s,94,0.01338,0.01382,0.01426
Time,s,94,0.01402,0.01353,0.01636
Time,s,94,0.01383,0.01409,0.01441
Time,s,94,0.01367,0.01474,0.01452
Time,s,94,0.01398,0.01397,0.01393
Time,s,94,0.01484,0.01401,0.01381
Time,s,94,0.01387,0.01414,0.01388
Time,s,94,0.01316,0.0144,0.01388
Time,s,94,0.01377,0.01529,0.01348
Time,s,94,0.0135,0.01371,0.01382
Time,s,94,0.01346,0.01416,0.01421
Time,s,94,0.01383,0.01652,0.01379
Time,s,94,0.01432,0.01376,0.01422
Time,s,94,0.01518,0.01339,0.01341
Time,s,94,0.01428,0.01422,0.0135
Time,s,94,0.01542,0.01346,0.01361
Time,s,94,0.01334,0.01386,0.0139
Time,s,94,0.01359,0.01415,0.01333
Time,s,94,0.01386,0.01404,0.01496
Time,s,94,0.01399,0.01372,0.01389
Time,s,94,0.01427,0.01359,0.01341
Time,s,94,0.01396,0.01347,0.01494
Time,s,94,0.0146,0.0137,0.01518
Time,s,94,0.01309,0.01575,0.01353
Time,s,94,0.01449,0.01386,0.0143
Time,s,94,0.01357,0.01577,0.01443
Time,s,94,0.0136,0.01453,0.01368
Time,s,94,0.0141,0.01388,0.01399
Time,s,94,0.01421,0.01324,0.01332
Time,s,94,0.01324,0.01392,0.01429
Time,s,94,0.01348,0.01462,0.01345
Time,s,94,0.0137,0.01368,0.01323
Time,s,94,0.01357,0.01398,0.0142
Time,s,94,0.01469,0.01437,0.01361
Time,s,94,0.01389,0.01364,0.01391
Time,s,94,0.01335,0.01369,0.01425
Time,s,94,0.01429,0.01426,0.01455
Time,s,94,0.01349,0.0141,0.01402
Time,s,94,0.01385,0.01396,0.01448
Time,s,94,0.01512,0.01368,0.01304
Time,s,94,0.0138,0.01337,0.01319
Time,s,94,0.01359,0.01444,0.01328
Time,s,94,0.01421,0.01516,0.01368
Time,s,94,0.01531,0.01321,0.01337
Time,s,94,0.01453,0.01393,0.0139
Time,s,94,0.01365,0.01378,0.01394
Time,s,94,0.01376,0.01391,0.01447
Time,s,95,0.13019,0.13803,0.12821
Time,s,95,0.13367,0.13042,0.1331
Time,s,95,0.13366,0.13078,0.12995
Time,s,95,0.12901,0.12898,0.13128
Time,s,95,0.13752,0.12926,0.13085
Time,s,95,0.12747,0.13552,0.13336
Time,s,95,0.13508,0.13075,0.13123
Time,s,95,0.13442,0.13654,0.13447
Time,s,95,0.12986,0.13336,0.13469
Time,s,95,0.12934,0.13334,0.13047
Time,s,95,0.13722,0.13494,0.13225
Time,s,95,0.12885,0.13167,0.13576
Time,s,95,0.13007,0.14076,0.13047
Time,s,95,0.13554,0.13309,0.13366
Time,s,95,0.13408,0.13749,0.13609
Time,s,95,0.13667,0.13277,0.1295
Time,s,95,0.13126,0.13215,0.13607
Time,s,95,0.13086,0.13127,0.1302
Time,s,95,0.13162,0.12949,0.14389
Time,s,95,0.13762,0.13536,0.13432
Time,s,95,0.13367,0.13319,0.13189
Time,s,95,0.13159,0.13717,0.13521
Time,s,95,0.13344,0.13086,0.13577
Time,s,95,0.13346,0.14299,0.1318
Time,s,95,0.12792,0.13116,0.13298
Time,s,95,0.13471,0.13059,0.12762
Time,s,95,0.13293,0.13248,0.1351
Time,s,95,0.13629,0.13364,0.13099
Time,s,95,0.13428,0.132,0.13187
Time,s,95,0.12995,0.13315,0.13348
Time,s,95,0.13158,0.13603,0.14419
Time,s,95,0.13557,0.1313,0.13015
Time,s,95,0.13675,0.13277,0.1368
Time,s,95,0.13345,0.1349,0.13143
Time,s,95,0.13593,0.13461,0.13434
Time,s,95,0.12975,0.14101,0.13516
Time,s,95,0.12806,0.13658,0.12965
Time,s,95,0.13124,0.12895,0.13871
Time,s,95,0.13528,0.13544,0.13183
Time,s,95,0.13555,0.13377,0.13179
Time,s,95,0.13701,0.14042,0.13551
Time,s,95,0.13368,0.13448,0.13808
Time,s,95,0.13364,0.13136,0.12925
Time,s,95,0.13583,0.13297,0.13779
Time,s,95,0.13263,0.13197,0.12873
Time,s,95,0.13367,0.13386,0.12829
Time,s,95,0.12886,0.13801,0.12938
Time,s,95,0.1347,0.13762,0.13618
Time,s,95,0.13242,0.13052,0.1317
Time,s,95,0.13229,0.13667,0.13419
Time,s,95,0.14136,0.13499,0.13733
Time,s,95,0.13159,0.12943,0.14089
Time,s,95,0.13184,0.13611,0.13584
Time,s,95,0.13208,0.1328,0.13782
Time,s,95,0.13358,0.13798,0.13103
Time,s,95,0.13067,0.13181,0.12766
Time,s,95,0.13756,0.13011,0.1346
Time,s,95,0.13408,0.13653,0.13511
Time,s,95,0.13176,0.1394,0.13393
Time,s,95,0.13002,0.13176,0.13446
Time,s,95,0.13017,0.13269,0.13248
Time,s,95,0.12846,0.13302,0.13272
Time,s,95,0.13733,0.13416,0.13449
Time,s,95,0.13722,0.13391,0.13163
Time,s,95,0.13833,0.13223,0.13625
Time,s,95,0.13179,0.13293,0.1363
Time,s,95,0.136,0.13135,0.13381
Time,s,95,0.13903,0.13166,0.13338
Time,s,95,0.13259,0.13579,0.13044
Time,s,95,0.1335,0.13371,0.12921
Time,s,95,0.13003,0.13728,0.13346
Time,s,95,0.13534,0.13546,0.13741
Time,s,95,0.13392,0.13024,0.13373
Time,s,95,0.1357,0.13594,0.12979
Time,s,95,0.13687,0.13096,0.13313
Time,s,95,0.13076,0.14011,0.13256
Time,s,95,0.13504,0.13268,0.14014
Time,s,95,0.12998,0.13019,0.1323
Time,s,95,0.13483,0.13314,0.13469
Time,s,95,0.13247,0.13465,0.12861
Time,s,96,0.00855,0.00961,0.01203
Time,s,96,0.00811,0.00788,0.00785
Time,s,96,0.00727,0.00744,0.00722
Time,s,96,0.00739,0.00707,0.00742
Time,s,96,0.00752,0.00725,0.01067
Time,s,96,0.00891,0.00714,0.01063
Time,s,96,0.00746,0.00893,0.00843
Time,s,96,0.00768,0.00735,0.00849
Time,s,96,0.00689,0.00826,0.00731
Time,s,96,0.00705,0.00741,0.00719
Time,s,96,0.00731,0.00699,0.00729
Time,s,96,0.00739,0.00721,0.00738
Time,s,96,0.00698,0.00743,0.00711
Time,s,96,0.00734,0.00709,0.00739
Time,s,96,0.00713,0.00712,0.00731
Time,s,96,0.00696,0.0073,0.00704
Time,s,96,0.00747,0.00711,0.00736
Time,s,96,0.00788,0.0072,0.00704
Time,s,96,0.00756,0.00711,0.00703
Time,s,96,0.0076,0.00714,0.00731
Time,s,96,0.00716,0.00724,0.00901
Time,s,96,0.00717,0.00715,0.00714
Time,s,96,0.00732,0.00761,0.00724
Time,s,96,0.00729,0.00788,0.00694
Time,s,96,0.00731,0.00786,0.00741
Time,s,96,0.00729,0.00718,0.00723
Time,s,96,0.00721,0.00758,0.00758
Time,s,96,0.0071,0.00702,0.00751
Time,s,96,0.00743,0.00728,0.00719
Time,s,96,0.00715,0.00746,0.00715
Time,s,96,0.00726,0.00734,0.00737
Time,s,96,0.00742,0.0072,0.00743
Time,s,96,0.00723,0.00739,0.00709
Time,s,96,0.0072,0.00734,0.00741
Time,s,96,0.00755,0.00765,0.00709
Time,s,96,0.00717,0.00806,0.00711
Time,s,96,0.00711,0.00754,0.00756
Time,s,96,0.00748,0.00743,0.00706
Time,s,96,0.00785,0.00794,0.00701
Time,s,96,0.00726,0.00825,0.00782
Time,s,96,0.00732,0.00789,0.00712
Time,s,96,0.00743,0.0074,0.00696
Time,s,96,0.00716,0.00692,0.00764
Time,s,96,0.00718,0.00709,0.00708
Time,s,96,0.00712,0.00717,0.00721
Time,s,96,0.00718,0.00741,0.00713
Time,s,96,0.00726,0.00732,0.00713
Time,s,96,0.0072,0.00744,0.00717
Time,s,96,0.00682,0.00696,0.00744
Time,s,96,0.0072,0.00701,0.00762
Time,s,96,0.00728,0.00725,0.00717
Time,s,96,0.00731,0.00707,0.00718
Time,s,96,0.00733,0.00711,0.0071
Time,s,96,0.00729,0.00728,0.00713
Time,s,96,0.00737,0.00702,0.00747
Time,s,96,0.0073,0.00695,0.00709
Time,s,96,0.00728,0.00732,0.00708
Time,s,96,0.00725,0.00718,0.00757
Time,s,96,0.00739,0.0073,0.00711
Time,s,96,0.00703,0.00751,0.00734
Time,s,96,0.00716,0.00729,0.00747
Time,s,96,0.00725,0.00696,0.00716
Time,s,96,0.00711,0.00747,0.00713
Time,s,96,0.00699,0.00701,0.00716
Time,s,96,0.00753,0.00709,0.00729
Time,s,96,0.00736,0.00732,0.0072
Time,s,96,0.00719,0.00719,0.00735
Time,s,96,0.00762,0.00715,0.00733
Time,s,96,0.00713,0.00717,0.00767
Time,s,96,0.00714,0.00694,0.00734
Time,s,96,0.00739,0.00696,0.00739
Time,s,96,0.00707,0.00745,0.00714
Time,s,96,0.00698,0.00743,0.00754
Time,s,96,0.00725,0.00734,0.00738
Time,s,96,0.00708,0.00728,0.00693
Time,s,96,0.00821,0.00695,0.00725
Time,s,96,0.00782,0.00708,0.00723
Time,s,96,0.00721,0.00711,0.00784
Time,s,96,0.00716,0.00701,0.00738
Time,s,96,0.00736,0.00723,0.00707
Time,s,97,0.0681,0.07414,0.06772
Time,s,97,0.05104,0.05399,0.05159
Time,s,97,0.05637,0.05111,0.05159
Time,s,97,0.0534,0.05099,0.04913
Time,s,97,0.0494,0.05157,0.04839
Time,s,97,0.05099,0.05062,0.04952
Time,s,97,0.04905,0.04916,0.04965
Time,s,97,0.05143,0.04787,0.04971
Time,s,97,0.04971,0.04838,0.04805
Time,s,97,0.04749,0.04984,0.05333
Time,s,97,0.04915,0.04919,0.05558
Time,s,97,0.04933,0.04824,0.04881
Time,s,97,0.04908,0.05163,0.05236
Time,s,97,0.04829,0.05225,0.04764
Time,s,97,0.04897,0.05038,0.04792
Time,s,97,0.04996,0.05194,0.0499
Time,s,97,0.05164,0.04961,0.04868
Time,s,97,0.05085,0.04924,0.05115
Time,s,97,0.05029,0.05017,0.04823
Time,s,97,0.05053,0.05135,0.04802
Time,s,97,0.0487,0.05139,0.04842
Time,s,97,0.05161,0.05156,0.04871
Time,s,97,0.05272,0.04914,0.0498
Time,s,97,0.04988,0.05133,0.05138
Time,s,97,0.04927,0.057,0.04787
Time,s,97,0.04949,0.04963,0.04886
Time,s,97,0.05309,0.04925,0.04839
Time,s,97,0.04962,0.04934,0.04831
Time,s,97,0.05149,0.04851,0.04835
Time,s,97,0.04757,0.05301,0.04889
Time,s,97,0.04794,0.05155,0.05023
Time,s,97,0.04952,0.05135,0.05069
Time,s,97,0.04964,0.05058,0.04931
Time,s,97,0.05563,0.052,0.04929
Time,s,97,0.05048,0.05156,0.05028
Time,s,97,0.05153,0.04938,0.05057
Time,s,97,0.05051,0.05164,0.05053
Time,s,97,0.05048,0.04745,0.05179
Time,s,97,0.0488,0.04833,0.0471
Time,s,97,0.04873,0.04967,0.05098
Time,s,97,0.04987,0.05137,0.0496
Time,s,97,0.05002,0.05089,0.05069
Time,s,97,0.04795,0.05051,0.05101
Time,s,97,0.04864,0.049,0.04915
Time,s,97,0.05098,0.05011,0.05131
Time,s,97,0.04903,0.04974,0.04864
Time,s,97,0.04968,0.05041,0.04945
Time,s,97,0.04992,0.0514,0.04835
Time,s,97,0.05017,0.0495,0.04825
Time,s,97,0.05567,0.05081,0.05214
Time,s,97,0.04941,0.05059,0.05082
Time,s,97,0.05075,0.05116,0.04758
Time,s,97,0.04928,0.05197,0.04974
Time,s,97,0.04856,0.04734,0.05221
Time,s,97,0.04892,0.05202,0.04839
Time,s,97,0.04918,0.05207,0.0498
Time,s,97,0.05131,0.05128,0.04731
Time,s,97,0.04931,0.05213,0.04986
Time,s,97,0.04846,0.05047,0.04929
Time,s,97,0.0515,0.04902,0.04835
Time,s,97,0.0495,0.05204,0.0498
Time,s,97,0.04976,0.04989,0.05102
Time,s,97,0.05027,0.04992,0.04768
Time,s,97,0.05064,0.0512,0.04895
Time,s,97,0.05467,0.05056,0.04847
Time,s,97,0.04954,0.05412,0.04926
Time,s,97,0.04906,0.05131,0.0486
Time,s,97,0.0498,0.05193,0.04936
Time,s,97,0.04888,0.04892,0.04784
Time,s,97,0.05304,0.05085,0.04872
Time,s,97,0.04958,0.05279,0.04878
Time,s,97,0.04863,0.0504,0.04908
Time,s,97,0.05022,0.05137,0.0527
Time,s,97,0.05169,0.04944,0.05406
Time,s,97,0.0485,0.04957,0.04819
Time,s,97,0.04923,0.04825,0.04984
Time,s,97,0.0482,0.05011,0.04857
Time,s,97,0.0504,0.0503,0.04926
Time,s,97,0.05002,0.04878,0.04903
Time,s,97,0.04984,0.05052,0.04765
Time,s,98,0.07574,0.07016,0.07132
Time,s,98,0.0322,0.02918,0.03012
Time,s,98,0.03141,0.02958,0.03217
Time,s,98,0.03203,0.03164,0.02935
Time,s,98,0.02905,0.02964,0.02842
Time,s,98,0.02922,0.02981,0.02941
Time,s,98,0.02868,0.03102,0.02798
Time,s,98,0.02898,0.03025,0.02915
Time,s,98,0.02963,0.03031,0.02714
Time,s,98,0.0293,0.02733,0.0274
Time,s,98,0.02813,0.02782,0.03011
Time,s,98,0.0284,0.0288,0.02886
Time,s,98,0.02969,0.02823,0.02791
Time,s,98,0.02911,0.02795,0.02787
Time,s,98,0.02887,0.02884,0.02863
Time,s,98,0.02833,0.0292,0.02686
Time,s,98,0.02989,0.02853,0.02787
Time,s,98,0.02836,0.02808,0.02864
Time,s,98,0.02849,0.02779,0.02816
Time,s,98,0.02779,0.02901,0.02968
Time,s,98,0.02807,0.02742,0.02749
Time,s,98,0.02833,0.02699,0.02872
Time,s,98,0.02832,0.02707,0.02677
Time,s,98,0.03021,0.02772,0.02747
Time,s,98,0.02918,0.0283,0.02888
Time,s,98,0.02831,0.02778,0.02761
Time,s,98,0.0276,0.0279,0.0276
Time,s,98,0.02844,0.02798,0.02831
Time,s,98,0.0288,0.02653,0.02747
Time,s,98,0.0291,0.02818,0.02746
Time,s,98,0.02834,0.02924,0.02857
Time,s,98,0.02814,0.02797,0.02696
Time,s,98,0.02757,0.02749,0.028
Time,s,98,0.02808,0.02834,0.02723
Time,s,98,0.02882,0.02837,0.02693
Time,s,98,0.02932,0.02757,0.02686
Time,s,98,0.02752,0.02763,0.02749
Time,s,98,0.02755,0.02739,0.02801
Time,s,98,0.02882,0.02767,0.02863
Time,s,98,0.02801,0.02813,0.02824
Time,s,98,0.02868,0.02814,0.02843
Time,s,98,0.02796,0.02866,0.02934
Time,s,98,0.02714,0.0277,0.02733
Time,s,98,0.02686,0.02883,0.02755
Time,s,98,0.02884,0.02738,0.02663
Time,s,98,0.02773,0.02792,0.02695
Time,s,98,0.02674,0.02829,0.02721
Time,s,98,0.0307,0.03008,0.02745
Time,s,98,0.02884,0.02806,0.02803
Time,s,98,0.02889,0.02833,0.02811
Time,s,98,0.02831,0.02766,0.02757
Time,s,98,0.02732,0.029,0.02666
Time,s,98,0.02783,0.02839,0.02811
Time,s,98,0.02822,0.0288,0.02738
Time,s,98,0.02759,0.02998,0.02721
Time,s,98,0.02725,0.02696,0.02782
Time,s,98,0.0273,0.02652,0.02637
Time,s,98,0.02706,0.0271,0.02867
Time,s,98,0.02875,0.02778,0.02744
Time,s,98,0.02836,0.02707,0.02772
Time,s,98,0.02815,0.03053,0.02744
Time,s,98,0.02711,0.02725,0.02762
Time,s,98,0.0269,0.0286,0.02812
Time,s,98,0.02896,0.02806,0.02772
Time,s,98,0.02789,0.02774,0.02857
Time,s,98,0.02865,0.02749,0.02851
Time,s,98,0.02776,0.02878,0.02761
Time,s,98,0.0278,0.0281,0.02704
Time,s,98,0.02795,0.02758,0.0272
Time,s,98,0.0285,0.02888,0.02697
Time,s,98,0.02806,0.0272,0.02632
Time,s,98,0.02787,0.0283,0.02701
Time,s,98,0.02745,0.02693,0.02634
Time,s,98,0.02741,0.02794,0.02642
Time,s,98,0.02769,0.02753,0.02882
Time,s,98,0.02838,0.02722,0.0278
Time,s,98,0.0283,0.02758,0.02761
Time,s,98,0.02805,0.02882,0.02638
Time,s,98,0.02999,0.02849,0.02696
Time,s,98,0.0286,0.02955,0.02768
Time,s,99,0.01646,0.01672,0.01846
Time,s,99,0.01589,0.01619,0.01619
Time,s,99,0.01551,0.01607,0.01629
Time,s,99,0.01651,0.0164,0.01591
Time,s,99,0.01595,0.0169,0.01622
Time,s,99,0.01592,0.01618,0.01601
Time,s,99,0.01574,0.01592,0.01573
Time,s,99,0.01663,0.01599,0.01577
Time,s,99,0.01632,0.0163,0.01688
Time,s,99,0.0161,0.01659,0.01586
Time,s,99,0.01724,0.01733,0.01612
Time,s,99,0.01634,0.01648,0.01587
Time,s,99,0.01639,0.01581,0.01597
Time,s,99,0.01601,0.01659,0.01622
Time,s,99,0.01659,0.01787,0.01591
Time,s,99,0.01632,0.01591,0.02471
Time,s,99,0.01612,0.01655,0.01636
Time,s,99,0.0166,0.01634,0.01717
Time,s,99,0.01606,0.01662,0.01569
Time,s,99,0.01738,0.0166,0.01566
Time,s,99,0.01651,0.01793,0.01564
Time,s,99,0.01601,0.01601,0.01648
Time,s,99,0.01608,0.01658,0.01632
Time,s,99,0.01575,0.0173,0.01729
Time,s,99,0.01576,0.01599,0.01554
Time,s,99,0.01688,0.01605,0.01663
Time,s,99,0.01622,0.01776,0.0167
Time,s,99,0.01653,0.01692,0.0172
Time,s,99,0.0178,0.01569,0.01694
Time,s,99,0.01561,0.01668,0.01864
Time,s,99,0.01709,0.01787,0.01613
Time,s,99,0.01581,0.016,0.01709
Time,s,99,0.01638,0.01643,0.0162
Time,s,99,0.01629,0.0164,0.0164
Time,s,99,0.01653,0.01619,0.01578
Time,s,99,0.01617,0.01685,0.0177
Time,s,99,0.01589,0.01629,0.01624
Time,s,99,0.01611,0.01679,0.01749
Time,s,99,0.01581,0.0164,0.01718
Time,s,99,0.0155,0.01642,0.01564
Time,s,99,0.01739,0.01695,0.01644
Time,s,99,0.01592,0.01617,0.01684
Time,s,99,0.01632,0.01722,0.016
Time,s,99,0.01659,0.01689,0.01612
Time,s,99,0.01642,0.01728,0.01594
Time,s,99,0.01633,0.01632,0.01656
Time,s,99,0.0161,0.01599,0.01601
Time,s,99,0.01688,0.01614,0.01627
Time,s,99,0.01738,0.01648,0.01595
Time,s,99,0.01561,0.01591,0.01596
Time,s,99,0.01691,0.01613,0.01578
Time,s,99,0.0168,0.01646,0.01661
Time,s,99,0.01607,0.01715,0.01622
Time,s,99,0.01574,0.01604,0.01674
Time,s,99,0.0164,0.01652,0.01557
Time,s,99,0.01767,0.01665,0.01593
Time,s,99,0.01716,0.01621,0.01571
Time,s,99,0.01594,0.01657,0.01767
Time,s,99,0.01589,0.01718,0.01585
Time,s,99,0.01653,0.01811,0.0162
Time,s,99,0.01651,0.01606,0.01638
Time,s,99,0.01607,0.01694,0.01578
Time,s,99,0.01604,0.01669,0.01674
Time,s,99,0.01615,0.01608,0.01593
Time,s,99,0.01589,0.01695,0.0165
Time,s,99,0.01612,0.01717,0.01591
Time,s,99,0.01545,0.01832,0.01585
Time,s,99,0.0157,0.01602,0.01652
Time,s,99,0.01621,0.01635,0.01798
Time,s,99,0.01549,0.01625,0.01549
Time,s,99,0.0169,0.01636,0.01636
Time,s,99,0.01602,0.01624,0.01573
Time,s,99,0.01609,0.01624,0.01626
Time,s,99,0.01669,0.01665,0.01655
Time,s,99,0.01622,0.01711,0.01637
Time,s,99,0.01681,0.01676,0.0159
Time,s,99,0.01659,0.0161,0.01678
Time,s,99,0.01657,0.01654,0.01584
Time,s,99,0.01632,0.01657,0.01609
Time,s,99,0.01625,0.01656,0.01608
