Name,Unit,Query,Min/max,Min/max clusters,Bloom filter,Dictionary
Time,s,1,0.0299,0.0445,0.04255,0.06062
Time,s,1,0.01202,0.01252,0.01376,0.01222
Time,s,1,0.01112,0.01186,0.01236,0.01182
Time,s,1,0.01069,0.01184,0.01244,0.01113
Time,s,1,0.01074,0.01232,0.01503,0.01126
Time,s,1,0.01109,0.01153,0.01312,0.01105
Time,s,1,0.01112,0.01284,0.01291,0.0118
Time,s,1,0.01044,0.01355,0.01311,0.01189
Time,s,1,0.0107,0.01196,0.01283,0.01383
Time,s,1,0.01031,0.01196,0.01245,0.01345
Time,s,1,0.01132,0.01215,0.0139,0.01319
Time,s,1,0.01062,0.01222,0.01348,0.01303
Time,s,1,0.01088,0.01131,0.01276,0.01353
Time,s,1,0.01056,0.01232,0.01346,0.01287
Time,s,1,0.01113,0.01186,0.01308,0.01354
Time,s,1,0.01098,0.01158,0.01305,0.01368
Time,s,1,0.01079,0.01191,0.01278,0.0137
Time,s,1,0.01076,0.01219,0.01259,0.01293
Time,s,1,0.01115,0.01167,0.0129,0.01273
Time,s,1,0.01056,0.01199,0.01217,0.01274
Time,s,1,0.01061,0.01169,0.01311,0.01315
Time,s,1,0.01059,0.01187,0.0123,0.01321
Time,s,1,0.01058,0.01219,0.01222,0.01263
Time,s,1,0.01089,0.01125,0.01231,0.01235
Time,s,1,0.01065,0.01307,0.01348,0.01238
Time,s,1,0.01063,0.01292,0.01243,0.01269
Time,s,1,0.01077,0.01347,0.01227,0.01306
Time,s,1,0.01065,0.0136,0.01208,0.01298
Time,s,1,0.01101,0.01159,0.01287,0.0132
Time,s,1,0.01059,0.01303,0.0132,0.01288
Time,s,1,0.01091,0.0123,0.01286,0.0127
Time,s,1,0.0111,0.01213,0.01182,0.01239
Time,s,1,0.01142,0.01235,0.01184,0.01338
Time,s,1,0.01126,0.01263,0.01247,0.01242
Time,s,1,0.01106,0.01227,0.0121,0.01203
Time,s,1,0.01058,0.01246,0.01286,0.01187
Time,s,1,0.01031,0.01171,0.01215,0.0114
Time,s,1,0.01056,0.01186,0.01313,0.01243
Time,s,1,0.01047,0.01191,0.01257,0.01376
Time,s,1,0.01058,0.01331,0.01252,0.01241
Time,s,1,0.01084,0.01451,0.01272,0.01356
Time,s,1,0.01014,0.01212,0.01231,0.01284
Time,s,1,0.01038,0.01231,0.01235,0.01257
Time,s,1,0.01087,0.01178,0.01255,0.01292
Time,s,1,0.01058,0.01195,0.01278,0.01266
Time,s,1,0.01015,0.01193,0.01252,0.01372
Time,s,1,0.01095,0.01242,0.01272,0.01272
Time,s,1,0.01057,0.01244,0.01272,0.01235
Time,s,1,0.01074,0.01249,0.01515,0.01266
Time,s,1,0.01083,0.01261,0.01354,0.01317
Time,s,1,0.01062,0.01273,0.01372,0.01291
Time,s,1,0.01049,0.01224,0.01188,0.01294
Time,s,1,0.01071,0.01256,0.01188,0.01328
Time,s,1,0.01122,0.01403,0.01202,0.01242
Time,s,1,0.01082,0.01264,0.01284,0.01303
Time,s,1,0.01077,0.01238,0.01276,0.01309
Time,s,1,0.01072,0.01222,0.01254,0.01301
Time,s,1,0.01114,0.01227,0.01277,0.01241
Time,s,1,0.01068,0.01235,0.01382,0.01226
Time,s,1,0.0108,0.01262,0.01353,0.0129
Time,s,1,0.01121,0.0118,0.0135,0.01318
Time,s,1,0.01055,0.01194,0.01378,0.01307
Time,s,1,0.01069,0.01163,0.01477,0.01255
Time,s,1,0.01077,0.01232,0.0137,0.0128
Time,s,1,0.01073,0.01216,0.01463,0.01348
Time,s,1,0.01038,0.01219,0.01541,0.01274
Time,s,1,0.01082,0.01195,0.01365,0.01303
Time,s,1,0.0104,0.013,0.01433,0.01323
Time,s,1,0.01094,0.01196,0.01361,0.01306
Time,s,1,0.01104,0.02223,0.01362,0.01283
Time,s,1,0.01092,0.01237,0.01367,0.01292
Time,s,1,0.01056,0.01271,0.01351,0.01209
Time,s,1,0.01052,0.01251,0.01389,0.01321
Time,s,1,0.01053,0.01143,0.01454,0.01308
Time,s,1,0.01092,0.01275,0.01428,0.01296
Time,s,1,0.01106,0.01247,0.01394,0.01277
Time,s,1,0.01081,0.01268,0.01354,0.01201
Time,s,1,0.01099,0.01248,0.01455,0.01203
Time,s,1,0.01079,0.01228,0.01387,0.01334
Time,s,1,0.01069,0.01265,0.01377,0.01324
Time,s,1,0.01084,0.01242,0.0141,0.01245
Time,s,1,0.01098,0.01204,0.01445,0.01181
Time,s,1,0.01058,0.01211,0.01465,0.01223
Time,s,1,0.01143,0.01124,0.01423,0.0111
Time,s,1,0.01067,0.01215,0.01373,0.01185
Time,s,1,0.01044,0.01235,0.01365,0.01194
Time,s,1,0.01084,0.0119,0.0138,0.01184
Time,s,1,0.01083,0.01246,0.01362,0.01137
Time,s,1,0.01063,0.0126,0.01477,0.01108
Time,s,1,0.01061,0.01203,0.01364,0.01156
Time,s,1,0.01051,0.01276,0.01429,0.01236
Time,s,1,0.01066,0.01219,0.01299,0.01145
Time,s,1,0.01059,0.01214,0.01347,0.01182
Time,s,1,0.01101,0.0131,0.01365,0.01153
Time,s,1,0.01123,0.0126,0.01343,0.01135
Time,s,1,0.01084,0.01187,0.01406,0.01208
Time,s,1,0.01096,0.01207,0.01397,0.01172
Time,s,1,0.01075,0.0119,0.01338,0.01244
Time,s,1,0.01053,0.01269,0.01325,0.01083
Time,s,1,0.01087,0.01207,0.01216,0.01118
Time,s,2,0.01235,0.01338,0.03891,0.0196
Time,s,2,0.00968,0.01075,0.01064,0.01056
Time,s,2,0.00892,0.01074,0.01022,0.01073
Time,s,2,0.00945,0.0099,0.01044,0.01046
Time,s,2,0.00972,0.01046,0.01038,0.01061
Time,s,2,0.00982,0.01019,0.01101,0.01034
Time,s,2,0.01167,0.01011,0.01018,0.00968
Time,s,2,0.01128,0.01005,0.01042,0.01036
Time,s,2,0.01084,0.00996,0.01064,0.01002
Time,s,2,0.00931,0.00996,0.0102,0.00987
Time,s,2,0.00965,0.00961,0.00978,0.00994
Time,s,2,0.00872,0.01014,0.0099,0.00985
Time,s,2,0.00892,0.01012,0.0103,0.00923
Time,s,2,0.00917,0.01013,0.01087,0.0101
Time,s,2,0.00899,0.01052,0.00999,0.01025
Time,s,2,0.00869,0.01096,0.0104,0.00994
Time,s,2,0.00904,0.01041,0.01018,0.01017
Time,s,2,0.00927,0.01009,0.01084,0.0095
Time,s,2,0.0086,0.01012,0.00996,0.01009
Time,s,2,0.00902,0.0095,0.00983,0.00921
Time,s,2,0.00853,0.00976,0.01057,0.00982
Time,s,2,0.00913,0.01013,0.01027,0.00934
Time,s,2,0.00908,0.01038,0.01007,0.0104
Time,s,2,0.00876,0.0098,0.01031,0.00985
Time,s,2,0.00905,0.00996,0.0103,0.01021
Time,s,2,0.01009,0.01007,0.01076,0.00999
Time,s,2,0.00992,0.01057,0.01049,0.01041
Time,s,2,0.00989,0.0097,0.01103,0.00955
Time,s,2,0.00993,0.00973,0.01042,0.00978
Time,s,2,0.00976,0.01018,0.01199,0.00941
Time,s,2,0.00868,0.01022,0.00995,0.0103
Time,s,2,0.00887,0.00947,0.01267,0.01007
Time,s,2,0.0088,0.0101,0.01087,0.00958
Time,s,2,0.00863,0.00996,0.01084,0.00997
Time,s,2,0.0088,0.0099,0.01031,0.00993
Time,s,2,0.00839,0.01004,0.00969,0.01
Time,s,2,0.00866,0.00986,0.0094,0.01031
Time,s,2,0.00853,0.00983,0.01035,0.01024
Time,s,2,0.00842,0.01017,0.00969,0.01086
Time,s,2,0.00863,0.00924,0.01007,0.00972
Time,s,2,0.00903,0.01032,0.00951,0.01029
Time,s,2,0.00834,0.00955,0.01027,0.00982
Time,s,2,0.00875,0.00956,0.01015,0.02243
Time,s,2,0.00854,0.01023,0.01016,0.01127
Time,s,2,0.00869,0.01023,0.0104,0.01013
Time,s,2,0.00843,0.00968,0.01025,0.00958
Time,s,2,0.00884,0.01,0.00997,0.01006
Time,s,2,0.00878,0.00968,0.00936,0.01002
Time,s,2,0.00895,0.01042,0.00917,0.00952
Time,s,2,0.00846,0.00986,0.0102,0.00983
Time,s,2,0.00913,0.01061,0.00959,0.00952
Time,s,2,0.00924,0.00969,0.0099,0.01052
Time,s,2,0.00894,0.00964,0.00955,0.01128
Time,s,2,0.00874,0.00999,0.01022,0.00951
Time,s,2,0.00859,0.01003,0.00975,0.00972
Time,s,2,0.00847,0.0099,0.00995,0.00957
Time,s,2,0.00831,0.00989,0.00953,0.00968
Time,s,2,0.00901,0.00981,0.01008,0.00911
Time,s,2,0.00877,0.01064,0.0094,0.01
Time,s,2,0.00873,0.00962,0.01005,0.00945
Time,s,2,0.0087,0.0122,0.02707,0.00999
Time,s,2,0.00819,0.01267,0.02736,0.00968
Time,s,2,0.00899,0.01267,0.02492,0.00947
Time,s,2,0.00849,0.01237,0.02512,0.00988
Time,s,2,0.00855,0.03226,0.02524,0.01077
Time,s,2,0.00853,0.02629,0.00999,0.01028
Time,s,2,0.00819,0.0265,0.02773,0.00984
Time,s,2,0.00914,0.02746,0.02563,0.01032
Time,s,2,0.00849,0.02701,0.02562,0.00982
Time,s,2,0.00861,0.02764,0.02774,0.0099
Time,s,2,0.00875,0.02792,0.02749,0.01141
Time,s,2,0.00829,0.0282,0.027,0.01079
Time,s,2,0.00899,0.01307,0.02873,0.03339
Time,s,2,0.00895,0.01275,0.02727,0.02548
Time,s,2,0.00845,0.01218,0.02885,0.02646
Time,s,2,0.00859,0.01162,0.01107,0.02542
Time,s,2,0.00857,0.02862,0.02566,0.02599
Time,s,2,0.00871,0.02784,0.0249,0.02693
Time,s,2,0.0088,0.0271,0.01062,0.0271
Time,s,2,0.0086,0.02629,0.01179,0.02812
Time,s,2,0.00861,0.03131,0.01081,0.0295
Time,s,2,0.00849,0.01111,0.00987,0.0143
Time,s,2,0.00856,0.01294,0.02551,0.01221
Time,s,2,0.00851,0.01413,0.02649,0.01419
Time,s,2,0.00886,0.01232,0.02771,0.02628
Time,s,2,0.00907,0.01484,0.02681,0.01251
Time,s,2,0.00886,0.01439,0.02863,0.01207
Time,s,2,0.00938,0.02777,0.02722,0.01169
Time,s,2,0.01062,0.01105,0.01026,0.01155
Time,s,2,0.01039,0.01185,0.01022,0.01155
Time,s,2,0.0106,0.01137,0.00962,0.02766
Time,s,2,0.0112,0.01133,0.01057,0.01146
Time,s,2,0.01022,0.01099,0.0259,0.01292
Time,s,2,0.01116,0.00976,0.02692,0.01301
Time,s,2,0.01189,0.01184,0.02654,0.01076
Time,s,2,0.01149,0.02575,0.02647,0.01183
Time,s,2,0.00991,0.02683,0.02707,0.01186
Time,s,2,0.01021,0.02577,0.02719,0.01137
Time,s,2,0.01003,0.02763,0.02696,0.01105
Time,s,2,0.01059,0.02742,0.02954,0.0119
Time,s,3,0.03248,0.03925,0.04154,0.05038
Time,s,3,0.02868,0.03749,0.04076,0.04311
Time,s,3,0.031,0.04507,0.0393,0.0422
Time,s,3,0.03189,0.03766,0.03995,0.03716
Time,s,3,0.0313,0.04038,0.04134,0.03895
Time,s,3,0.03782,0.03918,0.03968,0.04116
Time,s,3,0.04158,0.03876,0.04826,0.04126
Time,s,3,0.03649,0.03945,0.03525,0.03906
Time,s,3,0.03849,0.04324,0.03154,0.03686
Time,s,3,0.04125,0.04809,0.03691,0.0396
Time,s,3,0.03062,0.02921,0.03501,0.03783
Time,s,3,0.03835,0.04722,0.03534,0.03782
Time,s,3,0.03129,0.03565,0.03892,0.03853
Time,s,3,0.04047,0.03624,0.03781,0.04281
Time,s,3,0.03565,0.03877,0.0376,0.03955
Time,s,3,0.03027,0.03836,0.03635,0.04189
Time,s,3,0.04341,0.04089,0.04002,0.0381
Time,s,3,0.03867,0.02952,0.03062,0.02789
Time,s,3,0.03856,0.03654,0.03621,0.03367
Time,s,3,0.03863,0.03588,0.03615,0.03787
Time,s,3,0.05667,0.0285,0.04761,0.0355
Time,s,3,0.03734,0.03677,0.03466,0.03602
Time,s,3,0.03627,0.0365,0.03635,0.03512
Time,s,3,0.0359,0.04269,0.0343,0.04017
Time,s,3,0.0363,0.03749,0.03618,0.03431
Time,s,3,0.03686,0.04456,0.02963,0.03528
Time,s,3,0.03371,0.03636,0.04364,0.03707
Time,s,3,0.0352,0.03988,0.03402,0.03408
Time,s,3,0.03574,0.03865,0.03786,0.03698
Time,s,3,0.03537,0.0363,0.0381,0.03555
Time,s,3,0.03873,0.03902,0.03813,0.03507
Time,s,3,0.03439,0.03682,0.03646,0.03699
Time,s,3,0.03614,0.0399,0.03951,0.03492
Time,s,3,0.03627,0.0398,0.03492,0.04161
Time,s,3,0.03737,0.02853,0.03932,0.03971
Time,s,3,0.03605,0.03638,0.03703,0.03602
Time,s,3,0.03873,0.03789,0.03904,0.03913
Time,s,3,0.03764,0.03519,0.04117,0.0362
Time,s,3,0.04065,0.03842,0.03867,0.0389
Time,s,3,0.04054,0.03776,0.03827,0.03786
Time,s,3,0.0393,0.03843,0.04135,0.03849
Time,s,3,0.04268,0.03923,0.03007,0.03916
Time,s,3,0.04144,0.0427,0.03664,0.03956
Time,s,3,0.02773,0.03968,0.03601,0.04025
Time,s,3,0.03934,0.04186,0.04523,0.0305
Time,s,3,0.02678,0.03848,0.03495,0.04753
Time,s,3,0.03284,0.03733,0.03571,0.03428
Time,s,3,0.03423,0.04003,0.03915,0.0339
Time,s,3,0.03694,0.03853,0.03686,0.03981
Time,s,3,0.0402,0.03571,0.03755,0.0388
Time,s,3,0.03495,0.04017,0.04963,0.04042
Time,s,3,0.03568,0.03654,0.03984,0.04116
Time,s,3,0.0351,0.04129,0.04021,0.04567
Time,s,3,0.03695,0.03989,0.03705,0.03909
Time,s,3,0.03946,0.04015,0.03957,0.03917
Time,s,3,0.04001,0.03935,0.04057,0.04218
Time,s,3,0.0433,0.04235,0.04403,0.04149
Time,s,3,0.03995,0.0427,0.04004,0.0457
Time,s,3,0.04337,0.04313,0.03954,0.03921
Time,s,3,0.04181,0.04119,0.03902,0.04479
Time,s,3,0.04151,0.04818,0.03699,0.03389
Time,s,3,0.04191,0.03697,0.03959,0.04361
Time,s,3,0.04691,0.03491,0.04106,0.03649
Time,s,3,0.0425,0.03839,0.03868,0.03829
Time,s,3,0.04126,0.04109,0.04167,0.04169
Time,s,3,0.04407,0.03821,0.04019,0.04071
Time,s,3,0.04277,0.0428,0.04259,0.04025
Time,s,3,0.04122,0.03666,0.03902,0.04324
Time,s,3,0.0429,0.0371,0.0416,0.04479
Time,s,3,0.04638,0.03944,0.04732,0.04536
Time,s,3,0.04321,0.03644,0.03737,0.0452
Time,s,3,0.04338,0.03952,0.03571,0.04384
Time,s,3,0.0458,0.03919,0.03506,0.03711
Time,s,3,0.04341,0.0401,0.03769,0.03924
Time,s,3,0.04569,0.04238,0.03837,0.03907
Time,s,3,0.04398,0.03737,0.03747,0.03977
Time,s,3,0.03912,0.04042,0.03666,0.04282
Time,s,3,0.04102,0.04074,0.03966,0.04348
Time,s,3,0.04084,0.04369,0.03779,0.04306
Time,s,3,0.03952,0.04203,0.0397,0.04181
Time,s,3,0.04095,0.04103,0.03926,0.04415
Time,s,3,0.03303,0.04274,0.04038,0.04502
Time,s,3,0.04495,0.04076,0.04185,0.0422
Time,s,3,0.03582,0.04363,0.03855,0.04513
Time,s,3,0.03489,0.03835,0.03907,0.04593
Time,s,3,0.03713,0.03778,0.04147,0.04573
Time,s,3,0.03559,0.04042,0.03691,0.04254
Time,s,3,0.03676,0.04149,0.03914,0.03981
Time,s,3,0.03624,0.04514,0.03986,0.03967
Time,s,3,0.03666,0.04315,0.04074,0.0414
Time,s,3,0.05098,0.0438,0.04147,0.04065
Time,s,3,0.03671,0.05257,0.03857,0.04328
Time,s,3,0.03701,0.03326,0.04319,0.04205
Time,s,3,0.02645,0.04134,0.03963,0.05031
Time,s,3,0.03487,0.0373,0.0404,0.03708
Time,s,3,0.04652,0.03746,0.04121,0.03738
Time,s,3,0.03354,0.03855,0.02942,0.05134
Time,s,3,0.03447,0.0384,0.03573,0.04195
Time,s,3,0.0367,0.04042,0.03529,0.03763
Time,s,3,0.0355,0.03906,0.03883,0.03916
Time,s,4,0.0437,0.0529,0.09973,0.05153
Time,s,4,0.04193,0.04026,0.04198,0.0436
Time,s,4,0.0442,0.04232,0.03947,0.05153
Time,s,4,0.042,0.04356,0.04204,0.04375
Time,s,4,0.03818,0.04197,0.04256,0.04014
Time,s,4,0.04217,0.04176,0.04586,0.04167
Time,s,4,0.04269,0.04331,0.03611,0.04131
Time,s,4,0.04175,0.03975,0.04118,0.04035
Time,s,4,0.04635,0.03489,0.03444,0.04264
Time,s,4,0.04854,0.03765,0.04357,0.04574
Time,s,4,0.04172,0.03618,0.03798,0.04415
Time,s,4,0.04917,0.04135,0.0418,0.04542
Time,s,4,0.04708,0.04048,0.04024,0.03821
Time,s,4,0.042,0.03671,0.03792,0.04404
Time,s,4,0.04759,0.04075,0.04061,0.03987
Time,s,4,0.04666,0.03913,0.03908,0.03652
Time,s,4,0.05078,0.03461,0.03951,0.03678
Time,s,4,0.04432,0.03692,0.03989,0.04322
Time,s,4,0.05277,0.0416,0.0437,0.04186
Time,s,4,0.04819,0.03945,0.03935,0.03803
Time,s,4,0.0514,0.03739,0.03837,0.04414
Time,s,4,0.04704,0.04347,0.04407,0.04221
Time,s,4,0.04919,0.03979,0.04126,0.04116
Time,s,4,0.04728,0.04091,0.04055,0.05599
Time,s,4,0.04051,0.03996,0.04178,0.03956
Time,s,4,0.04167,0.03541,0.04875,0.03732
Time,s,4,0.04567,0.03875,0.0407,0.03751
Time,s,4,0.04495,0.03706,0.04159,0.04111
Time,s,4,0.03591,0.03646,0.04022,0.04314
Time,s,4,0.04462,0.04277,0.04266,0.04125
Time,s,4,0.03882,0.03799,0.04672,0.04022
Time,s,4,0.03774,0.0373,0.04422,0.04286
Time,s,4,0.03569,0.04374,0.03446,0.04214
Time,s,4,0.04221,0.03975,0.03971,0.04019
Time,s,4,0.04043,0.03956,0.03646,0.04143
Time,s,4,0.03487,0.03753,0.03531,0.04485
Time,s,4,0.03315,0.04105,0.04058,0.04353
Time,s,4,0.03636,0.03928,0.03516,0.03789
Time,s,4,0.03977,0.0399,0.0421,0.04367
Time,s,4,0.06341,0.04367,0.04105,0.04168
Time,s,4,0.04412,0.04458,0.03812,0.04246
Time,s,4,0.03406,0.03802,0.04027,0.0385
Time,s,4,0.03523,0.03957,0.03814,0.04174
Time,s,4,0.03761,0.03867,0.04067,0.04393
Time,s,4,0.03686,0.03976,0.04077,0.03966
Time,s,4,0.03291,0.04468,0.04002,0.0452
Time,s,4,0.04053,0.03781,0.03974,0.04233
Time,s,4,0.04078,0.04137,0.04486,0.04131
Time,s,4,0.03743,0.03726,0.03958,0.04073
Time,s,4,0.03675,0.03896,0.03983,0.04462
Time,s,4,0.03725,0.04393,0.03972,0.0421
Time,s,4,0.03907,0.04195,0.03836,0.04904
Time,s,4,0.03688,0.03846,0.04338,0.04333
Time,s,4,0.03979,0.04777,0.03741,0.04189
Time,s,4,0.0402,0.04311,0.04415,0.0459
Time,s,4,0.0435,0.04263,0.03942,0.04179
Time,s,4,0.04369,0.04319,0.03821,0.04679
Time,s,4,0.0518,0.04151,0.04071,0.04518
Time,s,4,0.04359,0.04094,0.04156,0.04539
Time,s,4,0.04334,0.04243,0.04144,0.0444
Time,s,4,0.04273,0.03962,0.04223,0.04146
Time,s,4,0.04618,0.04347,0.04525,0.0393
Time,s,4,0.04608,0.0458,0.04014,0.03532
Time,s,4,0.03964,0.04243,0.04184,0.04626
Time,s,4,0.04304,0.04678,0.043,0.03746
Time,s,4,0.0442,0.0434,0.04356,0.03769
Time,s,4,0.04079,0.04284,0.04087,0.03814
Time,s,4,0.04141,0.0411,0.04021,0.04238
Time,s,4,0.04147,0.04829,0.04513,0.03984
Time,s,4,0.0465,0.0443,0.04133,0.038
Time,s,4,0.04225,0.04438,0.04474,0.04091
Time,s,4,0.04034,0.0452,0.04285,0.05228
Time,s,4,0.04608,0.04578,0.03872,0.03883
Time,s,4,0.04087,0.04411,0.04333,0.03642
Time,s,4,0.03705,0.04439,0.03857,0.04169
Time,s,4,0.0379,0.05209,0.04399,0.0375
Time,s,4,0.04193,0.04555,0.04003,0.04038
Time,s,4,0.04285,0.04683,0.03466,0.0368
Time,s,4,0.03828,0.04079,0.04537,0.04075
Time,s,4,0.04202,0.04512,0.03899,0.03989
Time,s,4,0.03847,0.04897,0.03811,0.05621
Time,s,4,0.03963,0.04154,0.03646,0.03984
Time,s,4,0.03754,0.04452,0.04014,0.03724
Time,s,4,0.03992,0.04619,0.03991,0.03761
Time,s,4,0.03814,0.04163,0.04137,0.03619
Time,s,4,0.03841,0.042,0.03892,0.04384
Time,s,4,0.03931,0.0417,0.03771,0.04371
Time,s,4,0.0396,0.04066,0.03871,0.05665
Time,s,4,0.03807,0.03962,0.0402,0.04089
Time,s,4,0.03978,0.03876,0.03827,0.04083
Time,s,4,0.04428,0.04287,0.03966,0.03767
Time,s,4,0.04717,0.04088,0.03824,0.03779
Time,s,4,0.03751,0.04308,0.04156,0.04285
Time,s,4,0.03675,0.04494,0.03902,0.03849
Time,s,4,0.04012,0.04185,0.0417,0.03871
Time,s,4,0.03623,0.04151,0.04062,0.04043
Time,s,4,0.04036,0.04067,0.03761,0.04172
Time,s,4,0.04193,0.04496,0.04372,0.0426
Time,s,4,0.04006,0.04671,0.04248,0.04211
Time,s,4,0.03472,0.04122,0.04042,0.04559
Time,s,5,0.21937,0.23869,0.28159,0.23153
Time,s,5,0.22431,0.19362,0.24567,0.20722
Time,s,5,0.22459,0.19459,0.25463,0.22501
Time,s,5,0.19637,0.22135,0.23141,0.20201
Time,s,5,0.18878,0.19616,0.21748,0.20168
Time,s,5,0.19054,0.19359,0.20942,0.22335
Time,s,5,0.19669,0.19636,0.20587,0.2246
Time,s,5,0.21401,0.21276,0.21405,0.21055
Time,s,5,0.20746,0.22416,0.20559,0.19803
Time,s,5,0.191,0.19554,0.19373,0.20282
Time,s,5,0.19294,0.19723,0.21505,0.1992
Time,s,5,0.21678,0.19967,0.19475,0.20258
Time,s,5,0.1916,0.19438,0.19581,0.19779
Time,s,5,0.19132,0.20074,0.19864,0.21274
Time,s,5,0.21204,0.21494,0.21753,0.20068
Time,s,5,0.19219,0.19972,0.20017,0.19909
Time,s,5,0.19321,0.19617,0.201,0.2071
Time,s,5,0.19133,0.20825,0.21372,0.19935
Time,s,5,0.19537,0.20976,0.20883,0.20018
Time,s,5,0.20573,0.20072,0.19758,0.19761
Time,s,5,0.19314,0.20324,0.1995,0.21099
Time,s,5,0.19314,0.21227,0.21425,0.19748
Time,s,5,0.21496,0.19302,0.20869,0.20271
Time,s,5,0.19469,0.19451,0.19585,0.21634
Time,s,5,0.19266,0.19939,0.20555,0.21354
Time,s,5,0.21456,0.21234,0.24139,0.19857
Time,s,5,0.19305,0.20179,0.2157,0.20076
Time,s,5,0.19648,0.20232,0.21831,0.21774
Time,s,5,0.19379,0.21133,0.25745,0.19668
Time,s,5,0.21198,0.21137,0.23679,0.19741
Time,s,5,0.19585,0.19276,0.21028,0.20354
Time,s,5,0.19565,0.19393,0.22486,0.21203
Time,s,5,0.19271,0.22327,0.20176,0.19479
Time,s,5,0.20947,0.19121,0.20682,0.19981
Time,s,5,0.1951,0.19742,0.20073,0.21871
Time,s,5,0.19192,0.20199,0.22245,0.21714
Time,s,5,0.21099,0.20544,0.21281,0.19773
Time,s,5,0.20713,0.19623,0.20216,0.19848
Time,s,5,0.19692,0.1974,0.20832,0.22342
Time,s,5,0.19315,0.21317,0.21122,0.19851
Time,s,5,0.21813,0.20637,0.20248,0.19916
Time,s,5,0.2089,0.19416,0.19498,0.2203
Time,s,5,0.20305,0.19986,0.19885,0.22175
Time,s,5,0.23847,0.21506,0.21516,0.19781
Time,s,5,0.19161,0.19435,0.19754,0.19942
Time,s,5,0.19382,0.20309,0.19549,0.2178
Time,s,5,0.19432,0.21483,0.22536,0.21484
Time,s,5,0.21223,0.21261,0.19757,0.1975
Time,s,5,0.19708,0.19457,0.19498,0.20031
Time,s,5,0.19598,0.19685,0.19976,0.21118
Time,s,5,0.20241,0.20744,0.1942,0.19715
Time,s,5,0.19138,0.20356,0.19904,0.19694
Time,s,5,0.19438,0.19511,0.19171,0.21971
Time,s,5,0.1953,0.2149,0.19226,0.21279
Time,s,5,0.19267,0.21178,0.21877,0.20184
Time,s,5,0.21006,0.19762,0.19409,0.19705
Time,s,5,0.19396,0.19922,0.19708,0.21425
Time,s,5,0.19259,0.21687,0.21229,0.20596
Time,s,5,0.22024,0.2022,0.21067,0.19758
Time,s,5,0.19458,0.19999,0.1968,0.22152
Time,s,5,0.19463,0.19456,0.20135,0.21392
Time,s,5,0.21521,0.24113,0.21541,0.20467
Time,s,5,0.22946,0.20707,0.20303,0.19871
Time,s,5,0.19629,0.20688,0.19688,0.21767
Time,s,5,0.19315,0.21621,0.20205,0.19623
Time,s,5,0.22815,0.21241,0.2086,0.20728
Time,s,5,0.21908,0.20433,0.19973,0.19799
Time,s,5,0.1936,0.19388,0.19956,0.22383
Time,s,5,0.19526,0.21514,0.21473,0.20041
Time,s,5,0.21425,0.2024,0.19552,0.20754
Time,s,5,0.19692,0.19529,0.20494,0.22332
Time,s,5,0.2421,0.22182,0.21912,0.22188
Time,s,5,0.23504,0.21422,0.218,0.20094
Time,s,5,0.23974,0.2037,0.20502,0.20276
Time,s,5,0.21316,0.20272,0.19599,0.22431
Time,s,5,0.2021,0.21242,0.21807,0.20209
Time,s,5,0.21569,0.19671,0.19625,0.2057
Time,s,5,0.19119,0.20314,0.20108,0.22952
Time,s,5,0.1981,0.19844,0.19819,0.19997
Time,s,5,0.19619,0.21236,0.2135,0.20106
Time,s,5,0.21357,0.19623,0.2017,0.20453
Time,s,5,0.19892,0.20957,0.19899,0.22259
Time,s,5,0.19635,0.21556,0.21883,0.2034
Time,s,5,0.214,0.2118,0.21153,0.1991
Time,s,5,0.19615,0.20313,0.19228,0.20378
Time,s,5,0.19345,0.19543,0.2016,0.22521
Time,s,5,0.19271,0.21719,0.21917,0.19738
Time,s,5,0.217,0.19617,0.20406,0.21028
Time,s,5,0.20413,0.19805,0.19921,0.20123
Time,s,5,0.19542,0.22449,0.21775,0.21801
Time,s,5,0.21571,0.1966,0.21193,0.24301
Time,s,5,0.21029,0.1973,0.1992,0.20233
Time,s,5,0.20825,0.20494,0.19956,0.22847
Time,s,5,0.20383,0.22317,0.22477,0.20091
Time,s,5,0.24172,0.20978,0.19994,0.19985
Time,s,5,0.24494,0.19624,0.19597,0.20383
Time,s,5,0.2528,0.19972,0.19867,0.22429
Time,s,5,0.25305,0.22122,0.21918,0.20235
Time,s,5,0.25325,0.1961,0.19654,0.2074
Time,s,5,0.24177,0.20071,0.19731,0.22463
Time,s,6,0.38681,0.31241,0.33041,0.35487
Time,s,6,0.39859,0.30449,0.30642,0.34778
Time,s,6,0.38395,0.30861,0.31451,0.30857
Time,s,6,0.39221,0.31933,0.31658,0.30077
Time,s,6,0.38223,0.31558,0.31214,0.31065
Time,s,6,0.41758,0.32241,0.32089,0.31179
Time,s,6,0.37976,0.31831,0.31906,0.30822
Time,s,6,0.37533,0.31897,0.32701,0.31689
Time,s,6,0.36858,0.33622,0.30667,0.30607
Time,s,6,0.35933,0.29833,0.30316,0.32058
Time,s,6,0.35346,0.30089,0.30373,0.31941
Time,s,6,0.35757,0.3068,0.30855,0.31969
Time,s,6,0.35586,0.30686,0.30785,0.32384
Time,s,6,0.35796,0.31731,0.31516,0.32583
Time,s,6,0.36022,0.30512,0.31493,0.32885
Time,s,6,0.36395,0.31567,0.31874,0.32685
Time,s,6,0.35069,0.31422,0.31757,0.29696
Time,s,6,0.35823,0.31321,0.31386,0.31144
Time,s,6,0.37195,0.32537,0.3251,0.30464
Time,s,6,0.3584,0.32116,0.30586,0.31886
Time,s,6,0.367,0.31674,0.30058,0.31334
Time,s,6,0.3637,0.33181,0.31242,0.3057
Time,s,6,0.48508,0.32008,0.30408,0.3147
Time,s,6,0.51833,0.33316,0.3112,0.32593
Time,s,6,0.5287,0.32545,0.31336,0.31864
Time,s,6,0.53461,0.31181,0.31866,0.33863
Time,s,6,0.50155,0.31084,0.31894,0.3102
Time,s,6,0.36434,0.30432,0.31713,0.32244
Time,s,6,0.36026,0.3107,0.32224,0.32846
Time,s,6,0.36238,0.31409,0.32153,0.32281
Time,s,6,0.36712,0.31164,0.31986,0.30841
Time,s,6,0.35318,0.30881,0.30636,0.3069
Time,s,6,0.37933,0.3053,0.31876,0.30962
Time,s,6,0.35579,0.32656,0.3086,0.30526
Time,s,6,0.33247,0.32075,0.30563,0.31242
Time,s,6,0.30969,0.32013,0.30183,0.32102
Time,s,6,0.30611,0.3088,0.31581,0.31021
Time,s,6,0.31544,0.32642,0.30358,0.31414
Time,s,6,0.30593,0.34082,0.32283,0.30607
Time,s,6,0.32031,0.29903,0.31044,0.31708
Time,s,6,0.29623,0.30034,0.31857,0.32956
Time,s,6,0.30374,0.31274,0.3317,0.33606
Time,s,6,0.31421,0.31121,0.30237,0.33625
Time,s,6,0.3062,0.31512,0.30478,0.32526
Time,s,6,0.30173,0.30509,0.31278,0.33317
Time,s,6,0.30531,0.31551,0.31419,0.32244
Time,s,6,0.30583,0.30085,0.3157,0.31152
Time,s,6,0.30811,0.29992,0.30892,0.31373
Time,s,6,0.30679,0.32732,0.30545,0.31131
Time,s,6,0.31448,0.29691,0.31854,0.3037
Time,s,6,0.29794,0.30151,0.32159,0.32064
Time,s,6,0.31604,0.31962,0.32451,0.3076
Time,s,6,0.30865,0.32503,0.32281,0.32256
Time,s,6,0.3118,0.30258,0.30466,0.32221
Time,s,6,0.31802,0.30619,0.31288,0.31612
Time,s,6,0.3229,0.30956,0.31416,0.3165
Time,s,6,0.31533,0.29755,0.31012,0.30595
Time,s,6,0.31937,0.30477,0.30753,0.29774
Time,s,6,0.32503,0.31294,0.31129,0.32143
Time,s,6,0.32932,0.30713,0.32093,0.30296
Time,s,6,0.32192,0.30812,0.31581,0.31195
Time,s,6,0.31056,0.32277,0.32601,0.30622
Time,s,6,0.30501,0.32431,0.32103,0.30758
Time,s,6,0.30293,0.31942,0.30891,0.30661
Time,s,6,0.34456,0.32674,0.30498,0.3053
Time,s,6,0.30288,0.33439,0.30641,0.3247
Time,s,6,0.30196,0.32911,0.30355,0.31654
Time,s,6,0.29874,0.31154,0.30518,0.31849
Time,s,6,0.30797,0.30469,0.29511,0.3217
Time,s,6,0.31797,0.31112,0.31504,0.32999
Time,s,6,0.31374,0.31296,0.32027,0.33654
Time,s,6,0.3165,0.30786,0.32785,0.32559
Time,s,6,0.32197,0.31817,0.32415,0.3236
Time,s,6,0.31247,0.31146,0.32243,0.32808
Time,s,6,0.30987,0.31732,0.31238,0.30683
Time,s,6,0.29687,0.31611,0.30853,0.31085
Time,s,6,0.31705,0.31144,0.30148,0.30649
Time,s,6,0.32437,0.32617,0.32027,0.30775
Time,s,6,0.32294,0.32648,0.3076,0.32083
Time,s,6,0.30867,0.32389,0.31125,0.31569
Time,s,6,0.30429,0.32017,0.3178,0.32742
Time,s,6,0.3068,0.3033,0.31188,0.31672
Time,s,6,0.31106,0.30698,0.32682,0.32052
Time,s,6,0.30687,0.30345,0.31857,0.31275
Time,s,6,0.31581,0.30753,0.31786,0.30295
Time,s,6,0.31423,0.30891,0.32298,0.32009
Time,s,6,0.29687,0.29803,0.33055,0.33
Time,s,6,0.31427,0.30704,0.31479,0.32394
Time,s,6,0.32419,0.31199,0.31428,0.31099
Time,s,6,0.31557,0.32575,0.31427,0.30723
Time,s,6,0.3241,0.31827,0.31048,0.31604
Time,s,6,0.31694,0.31453,0.30703,0.3046
Time,s,6,0.32622,0.33035,0.31695,0.30881
Time,s,6,0.32138,0.31703,0.31994,0.305
Time,s,6,0.31699,0.33246,0.30927,0.32074
Time,s,6,0.31183,0.30328,0.31844,0.30341
Time,s,6,0.30149,0.29927,0.32189,0.32606
Time,s,6,0.30155,0.29165,0.33243,0.31828
Time,s,6,0.31642,0.30143,0.31026,0.32525
Time,s,6,0.29912,0.32001,0.31131,0.32838
Time,s,7,0.02083,0.04567,0.03857,0.0235
Time,s,7,0.01476,0.01672,0.03797,0.04281
Time,s,7,0.01494,0.03245,0.01503,0.01449
Time,s,7,0.01463,0.03655,0.04583,0.03022
Time,s,7,0.01434,0.01419,0.01383,0.03759
Time,s,7,0.0147,0.04789,0.03744,0.01418
Time,s,7,0.01328,0.01395,0.01448,0.03295
Time,s,7,0.0124,0.03221,0.03283,0.01338
Time,s,7,0.01295,0.01399,0.03863,0.03144
Time,s,7,0.01435,0.03063,0.01466,0.01273
Time,s,7,0.01261,0.0355,0.04496,0.02925
Time,s,7,0.01238,0.01293,0.0143,0.03488
Time,s,7,0.01283,0.03689,0.04123,0.01409
Time,s,7,0.01242,0.01424,0.01485,0.03186
Time,s,7,0.01249,0.03253,0.0325,0.01284
Time,s,7,0.01268,0.01314,0.03518,0.03134
Time,s,7,0.01229,0.03117,0.01352,0.01295
Time,s,7,0.01232,0.03523,0.03399,0.0283
Time,s,7,0.01278,0.01416,0.01433,0.03278
Time,s,7,0.01297,0.03367,0.03173,0.01303
Time,s,7,0.01214,0.01301,0.01396,0.03203
Time,s,7,0.01252,0.0351,0.03041,0.0128
Time,s,7,0.01304,0.01423,0.03405,0.03112
Time,s,7,0.01276,0.03013,0.01352,0.03522
Time,s,7,0.01236,0.036,0.04182,0.0137
Time,s,7,0.0126,0.01409,0.01551,0.03312
Time,s,7,0.01237,0.03543,0.01471,0.01304
Time,s,7,0.01219,0.01373,0.01566,0.03516
Time,s,7,0.0125,0.03208,0.03001,0.01297
Time,s,7,0.01265,0.01308,0.03313,0.01337
Time,s,7,0.01209,0.0296,0.01377,0.01314
Time,s,7,0.01216,0.03482,0.03197,0.01289
Time,s,7,0.01281,0.0138,0.01331,0.01265
Time,s,7,0.01316,0.03562,0.02957,0.01253
Time,s,7,0.01231,0.01501,0.01369,0.01248
Time,s,7,0.01289,0.03286,0.02778,0.01362
Time,s,7,0.01241,0.01377,0.03278,0.01334
Time,s,7,0.01249,0.03005,0.01332,0.01403
Time,s,7,0.0123,0.03475,0.03099,0.01327
Time,s,7,0.01303,0.01354,0.01343,0.01391
Time,s,7,0.0133,0.0348,0.03017,0.01348
Time,s,7,0.01199,0.01797,0.01373,0.01346
Time,s,7,0.0122,0.03611,0.02779,0.01324
Time,s,7,0.01271,0.01672,0.03311,0.01288
Time,s,7,0.0126,0.02898,0.01457,0.01354
Time,s,7,0.01241,0.03324,0.0305,0.0132
Time,s,7,0.01267,0.01274,0.01393,0.01392
Time,s,7,0.01212,0.03196,0.03109,0.01557
Time,s,7,0.01207,0.01329,0.03532,0.01485
Time,s,7,0.01253,0.03028,0.01355,0.01389
Time,s,7,0.01236,0.03802,0.03278,0.01309
Time,s,7,0.01244,0.01293,0.01396,0.01339
Time,s,7,0.01261,0.03335,0.03132,0.01245
Time,s,7,0.01239,0.01288,0.01421,0.01329
Time,s,7,0.01249,0.03164,0.01425,0.01435
Time,s,7,0.0121,0.01281,0.01414,0.01471
Time,s,7,0.0132,0.02975,0.01667,0.01492
Time,s,7,0.01282,0.03615,0.01424,0.0128
Time,s,7,0.01234,0.01379,0.01387,0.01296
Time,s,7,0.01369,0.03309,0.01407,0.0127
Time,s,7,0.01367,0.01301,0.01346,0.01417
Time,s,7,0.01238,0.03122,0.01374,0.01572
Time,s,7,0.0129,0.01276,0.01415,0.01507
Time,s,7,0.01246,0.01467,0.01406,0.01443
Time,s,7,0.0122,0.01368,0.01397,0.01387
Time,s,7,0.01222,0.01324,0.01411,0.01489
Time,s,7,0.01259,0.01375,0.01423,0.01337
Time,s,7,0.01199,0.01397,0.01498,0.01371
Time,s,7,0.0123,0.01353,0.01432,0.01335
Time,s,7,0.01261,0.0138,0.01426,0.01357
Time,s,7,0.01228,0.01351,0.01363,0.01339
Time,s,7,0.01245,0.01396,0.01373,0.01313
Time,s,7,0.01227,0.01283,0.01456,0.01303
Time,s,7,0.01246,0.01618,0.01424,0.01269
Time,s,7,0.01228,0.01354,0.01433,0.01284
Time,s,7,0.01269,0.01343,0.01368,0.0127
Time,s,7,0.01312,0.01387,0.01367,0.01339
Time,s,7,0.01273,0.01289,0.01468,0.0128
Time,s,7,0.01249,0.01328,0.01375,0.01256
Time,s,7,0.01231,0.0154,0.01347,0.01318
Time,s,7,0.01227,0.01369,0.01396,0.01283
Time,s,7,0.0122,0.01328,0.01351,0.01303
Time,s,7,0.01249,0.0137,0.01477,0.01276
Time,s,7,0.01241,0.01325,0.01507,0.01273
Time,s,7,0.01216,0.01319,0.01377,0.01272
Time,s,7,0.01214,0.01321,0.01418,0.01294
Time,s,7,0.01239,0.01431,0.0138,0.01304
Time,s,7,0.01228,0.01416,0.01399,0.01271
Time,s,7,0.01201,0.01434,0.01419,0.01324
Time,s,7,0.01226,0.01468,0.0143,0.01284
Time,s,7,0.01267,0.0139,0.01362,0.01288
Time,s,7,0.01224,0.01394,0.01383,0.01282
Time,s,7,0.01204,0.0137,0.01389,0.01283
Time,s,7,0.01247,0.01379,0.01387,0.01298
Time,s,7,0.01282,0.01372,0.01389,0.01277
Time,s,7,0.01261,0.01334,0.0142,0.01385
Time,s,7,0.01224,0.0285,0.0139,0.01429
Time,s,7,0.01267,0.0332,0.01367,0.01341
Time,s,7,0.01225,0.01315,0.01415,0.01351
Time,s,7,0.01233,0.03136,0.01503,0.01326
Time,s,8,0.01519,0.0352,0.02654,0.01621
Time,s,8,0.01195,0.02974,0.01343,0.01657
Time,s,8,0.01066,0.01246,0.01219,0.01471
Time,s,8,0.01002,0.01229,0.01186,0.01227
Time,s,8,0.0106,0.01136,0.01233,0.01096
Time,s,8,0.0106,0.01151,0.01088,0.01143
Time,s,8,0.01004,0.01148,0.01292,0.01179
Time,s,8,0.01106,0.01142,0.01187,0.01232
Time,s,8,0.01085,0.01159,0.01198,0.01121
Time,s,8,0.01022,0.01192,0.01163,0.01116
Time,s,8,0.01034,0.01391,0.01096,0.01151
Time,s,8,0.01009,0.01515,0.01224,0.01171
Time,s,8,0.01087,0.01134,0.01477,0.01122
Time,s,8,0.01062,0.02934,0.01147,0.01089
Time,s,8,0.00977,0.02822,0.01195,0.01136
Time,s,8,0.01042,0.02951,0.01188,0.011
Time,s,8,0.0103,0.02571,0.01116,0.01114
Time,s,8,0.01,0.02782,0.01109,0.01116
Time,s,8,0.01001,0.02672,0.01194,0.01241
Time,s,8,0.01128,0.02575,0.01358,0.01509
Time,s,8,0.0103,0.02762,0.01123,0.03027
Time,s,8,0.01005,0.02788,0.01266,0.02928
Time,s,8,0.01038,0.0276,0.01247,0.02646
Time,s,8,0.0105,0.02788,0.01225,0.02735
Time,s,8,0.00998,0.02825,0.01137,0.02742
Time,s,8,0.01002,0.02811,0.01268,0.02733
Time,s,8,0.00976,0.02829,0.01324,0.02788
Time,s,8,0.01042,0.02927,0.01517,0.02842
Time,s,8,0.01031,0.03053,0.01636,0.02848
Time,s,8,0.01006,0.02697,0.01137,0.01232
Time,s,8,0.01043,0.02769,0.01188,0.0121
Time,s,8,0.00972,0.02768,0.01233,0.0121
Time,s,8,0.00968,0.02744,0.01182,0.01215
Time,s,8,0.00971,0.02881,0.0117,0.0134
Time,s,8,0.01067,0.02768,0.01199,0.02939
Time,s,8,0.01088,0.03094,0.01267,0.0284
Time,s,8,0.01195,0.02972,0.01122,0.02776
Time,s,8,0.01155,0.02907,0.01105,0.02725
Time,s,8,0.01142,0.03098,0.01278,0.02774
Time,s,8,0.0103,0.02979,0.01273,0.02771
Time,s,8,0.01042,0.02938,0.0116,0.02716
Time,s,8,0.01054,0.01259,0.01207,0.0286
Time,s,8,0.01039,0.01175,0.01254,0.02962
Time,s,8,0.01002,0.01315,0.01195,0.01397
Time,s,8,0.01024,0.01199,0.01143,0.01243
Time,s,8,0.01059,0.01076,0.01254,0.01222
Time,s,8,0.01007,0.02698,0.01177,0.01159
Time,s,8,0.00995,0.02636,0.01143,0.0112
Time,s,8,0.01047,0.02725,0.01138,0.01136
Time,s,8,0.02673,0.01097,0.01152,0.01186
Time,s,8,0.02656,0.01146,0.02766,0.01099
Time,s,8,0.02613,0.0124,0.02836,0.01101
Time,s,8,0.01073,0.01142,0.0281,0.01161
Time,s,8,0.02775,0.01421,0.03021,0.01267
Time,s,8,0.02735,0.01172,0.03014,0.03093
Time,s,8,0.02961,0.01098,0.03061,0.01253
Time,s,8,0.02593,0.01157,0.02693,0.01213
Time,s,8,0.02609,0.01444,0.03005,0.01149
Time,s,8,0.02722,0.01214,0.0284,0.01188
Time,s,8,0.02601,0.0115,0.02778,0.01292
Time,s,8,0.02645,0.01157,0.02752,0.01159
Time,s,8,0.02844,0.01104,0.03665,0.01207
Time,s,8,0.02828,0.01162,0.03782,0.0121
Time,s,8,0.02726,0.01131,0.0299,0.01142
Time,s,8,0.02753,0.01147,0.02935,0.01274
Time,s,8,0.02824,0.01184,0.03003,0.01158
Time,s,8,0.02834,0.01202,0.03031,0.01195
Time,s,8,0.029,0.01102,0.03061,0.01117
Time,s,8,0.02645,0.01113,0.03163,0.01424
Time,s,8,0.02629,0.01183,0.02797,0.01182
Time,s,8,0.02856,0.01122,0.02883,0.01253
Time,s,8,0.02926,0.01068,0.02954,0.01182
Time,s,8,0.02729,0.01158,0.02791,0.01101
Time,s,8,0.02755,0.01152,0.02805,0.01135
Time,s,8,0.02683,0.01164,0.02907,0.01148
Time,s,8,0.02714,0.01104,0.02879,0.01104
Time,s,8,0.03022,0.01128,0.03078,0.0112
Time,s,8,0.02733,0.01201,0.01256,0.0117
Time,s,8,0.0285,0.01198,0.01256,0.01096
Time,s,8,0.02957,0.01131,0.01162,0.01246
Time,s,8,0.0302,0.01144,0.01171,0.0123
Time,s,8,0.02702,0.01116,0.01196,0.01183
Time,s,8,0.02846,0.01116,0.01171,0.01058
Time,s,8,0.02692,0.01165,0.01185,0.01151
Time,s,8,0.02686,0.01181,0.0121,0.01186
Time,s,8,0.02796,0.01252,0.01221,0.01103
Time,s,8,0.02929,0.01104,0.01129,0.01118
Time,s,8,0.01654,0.01187,0.01172,0.01152
Time,s,8,0.01245,0.01151,0.01151,0.01178
Time,s,8,0.01089,0.01102,0.01096,0.01121
Time,s,8,0.01027,0.01112,0.01169,0.01166
Time,s,8,0.01083,0.01157,0.01227,0.0111
Time,s,8,0.01043,0.01135,0.01116,0.01096
Time,s,8,0.01061,0.01072,0.01153,0.01108
Time,s,8,0.00976,0.0113,0.01114,0.01122
Time,s,8,0.01023,0.01081,0.01173,0.01178
Time,s,8,0.0098,0.01209,0.01166,0.01174
Time,s,8,0.01045,0.01122,0.01119,0.01151
Time,s,8,0.01082,0.01111,0.01194,0.01138
Time,s,8,0.00985,0.01172,0.01126,0.01149
Time,s,9,0.28125,0.28303,0.30644,0.29516
Time,s,9,0.25916,0.27232,0.27555,0.2716
Time,s,9,0.25775,0.26,0.27231,0.28602
Time,s,9,0.27955,0.27674,0.28332,0.26911
Time,s,9,0.26388,0.27173,0.26978,0.26002
Time,s,9,0.25867,0.25424,0.28721,0.27396
Time,s,9,0.27671,0.26875,0.27281,0.26951
Time,s,9,0.26705,0.26146,0.26947,0.28548
Time,s,9,0.27842,0.2948,0.28374,0.2673
Time,s,9,0.27565,0.25901,0.27652,0.28659
Time,s,9,0.26125,0.265,0.2906,0.27572
Time,s,9,0.27133,0.27154,0.26863,0.26373
Time,s,9,0.26644,0.26831,0.26778,0.27161
Time,s,9,0.27818,0.27161,0.28222,0.26769
Time,s,9,0.26209,0.2776,0.27137,0.28586
Time,s,9,0.28385,0.25852,0.28903,0.27257
Time,s,9,0.27024,0.27549,0.27725,0.26625
Time,s,9,0.26328,0.26434,0.29061,0.27877
Time,s,9,0.28875,0.27897,0.29386,0.26148
Time,s,9,0.26594,0.26524,0.27199,0.28444
Time,s,9,0.26295,0.28322,0.27713,0.26942
Time,s,9,0.26684,0.26847,0.27,0.29191
Time,s,9,0.26271,0.26384,0.29424,0.27438
Time,s,9,0.25618,0.27793,0.27686,0.27189
Time,s,9,0.25919,0.2726,0.28689,0.26873
Time,s,9,0.28104,0.2815,0.28345,0.26327
Time,s,9,0.29371,0.28409,0.27104,0.26662
Time,s,9,0.26359,0.27765,0.2645,0.27609
Time,s,9,0.25415,0.27437,0.28538,0.27327
Time,s,9,0.25799,0.27054,0.27554,0.27226
Time,s,9,0.2669,0.26427,0.27888,0.27921
Time,s,9,0.27016,0.275,0.2822,0.28582
Time,s,9,0.25898,0.26712,0.27754,0.26961
Time,s,9,0.26341,0.27006,0.27716,0.26028
Time,s,9,0.26476,0.25904,0.28574,0.27469
Time,s,9,0.27403,0.26864,0.27786,0.2717
Time,s,9,0.26682,0.27471,0.27726,0.26993
Time,s,9,0.25412,0.25859,0.27884,0.26219
Time,s,9,0.27063,0.28161,0.27039,0.26861
Time,s,9,0.26621,0.26366,0.28667,0.27615
Time,s,9,0.26139,0.28032,0.28533,0.2696
Time,s,9,0.26612,0.28384,0.29456,0.26245
Time,s,9,0.28453,0.25322,0.29054,0.28164
Time,s,9,0.2685,0.2795,0.2809,0.26571
Time,s,9,0.26699,0.2733,0.2678,0.25716
Time,s,9,0.27875,0.27616,0.27222,0.26482
Time,s,9,0.26751,0.27319,0.29515,0.27656
Time,s,9,0.25917,0.2712,0.27703,0.26099
Time,s,9,0.26791,0.25999,0.26035,0.28661
Time,s,9,0.25524,0.27429,0.28008,0.27499
Time,s,9,0.27073,0.27965,0.27802,0.28344
Time,s,9,0.26511,0.26841,0.2787,0.27676
Time,s,9,0.26132,0.27681,0.28195,0.26689
Time,s,9,0.26174,0.26124,0.2712,0.28277
Time,s,9,0.27567,0.2594,0.28505,0.2778
Time,s,9,0.2688,0.28037,0.28322,0.28035
Time,s,9,0.2634,0.26489,0.27964,0.27792
Time,s,9,0.26822,0.27828,0.28908,0.26706
Time,s,9,0.2712,0.26914,0.26311,0.26386
Time,s,9,0.26473,0.27392,0.27756,0.26363
Time,s,9,0.26706,0.27617,0.27104,0.28367
Time,s,9,0.26287,0.26769,0.2903,0.26352
Time,s,9,0.28008,0.27929,0.26235,0.28852
Time,s,9,0.25562,0.27549,0.28729,0.27924
Time,s,9,0.29448,0.26105,0.27951,0.25805
Time,s,9,0.26628,0.27062,0.26514,0.28007
Time,s,9,0.2613,0.26766,0.28401,0.27242
Time,s,9,0.27589,0.27063,0.27714,0.2821
Time,s,9,0.27042,0.26812,0.27173,0.27721
Time,s,9,0.28192,0.25399,0.26819,0.26497
Time,s,9,0.25861,0.28252,0.27493,0.2817
Time,s,9,0.26013,0.26401,0.26948,0.27718
Time,s,9,0.27289,0.28108,0.26528,0.28601
Time,s,9,0.26197,0.26115,0.28372,0.27295
Time,s,9,0.26815,0.26514,0.26086,0.26999
Time,s,9,0.26292,0.2707,0.29217,0.27941
Time,s,9,0.26581,0.2699,0.27759,0.2663
Time,s,9,0.26709,0.27788,0.26405,0.29066
Time,s,9,0.26763,0.26716,0.28353,0.26342
Time,s,9,0.28015,0.26537,0.28201,0.28421
Time,s,9,0.27184,0.26999,0.28256,0.27808
Time,s,9,0.26376,0.2633,0.28684,0.27129
Time,s,9,0.26867,0.28095,0.25728,0.29058
Time,s,9,0.26798,0.26721,0.26263,0.269
Time,s,9,0.28062,0.2764,0.25609,0.28503
Time,s,9,0.27221,0.27409,0.27765,0.28019
Time,s,9,0.265,0.26782,0.2709,0.26051
Time,s,9,0.27214,0.27525,0.2691,0.26557
Time,s,9,0.2623,0.26003,0.27663,0.27051
Time,s,9,0.28378,0.25775,0.27396,0.27043
Time,s,9,0.26858,0.27697,0.27475,0.26498
Time,s,9,0.28263,0.25949,0.27023,0.28513
Time,s,9,0.27688,0.26941,0.28915,0.26385
Time,s,9,0.275,0.26792,0.26893,0.26449
Time,s,9,0.28096,0.2821,0.2623,0.28777
Time,s,9,0.26861,0.2694,0.27887,0.26268
Time,s,9,0.26333,0.27155,0.27516,0.28212
Time,s,9,0.28259,0.25451,0.28372,0.26863
Time,s,9,0.2671,0.25877,0.28636,0.26539
Time,s,9,0.2835,0.2685,0.26339,0.25727
Time,s,10,0.39214,0.35197,0.36649,0.3771
Time,s,10,0.37952,0.3669,0.36276,0.36182
Time,s,10,0.37732,0.37395,0.378,0.37316
Time,s,10,0.37571,0.36312,0.37752,0.35804
Time,s,10,0.3579,0.36807,0.35585,0.36315
Time,s,10,0.37729,0.37675,0.38047,0.36991
Time,s,10,0.37014,0.3828,0.35745,0.35926
Time,s,10,0.36338,0.363,0.36677,0.3647
Time,s,10,0.35051,0.35052,0.36994,0.35986
Time,s,10,0.37354,0.36074,0.3707,0.39282
Time,s,10,0.36945,0.36879,0.37548,0.37946
Time,s,10,0.3787,0.35033,0.37074,0.37434
Time,s,10,0.35488,0.35741,0.36072,0.36534
Time,s,10,0.35977,0.373,0.35899,0.37892
Time,s,10,0.35269,0.37166,0.36552,0.38987
Time,s,10,0.37594,0.37346,0.36028,0.3825
Time,s,10,0.35783,0.36816,0.36454,0.36714
Time,s,10,0.3512,0.36433,0.3702,0.37275
Time,s,10,0.37021,0.36944,0.36491,0.38777
Time,s,10,0.35454,0.37524,0.37061,0.38494
Time,s,10,0.37573,0.35102,0.3869,0.37082
Time,s,10,0.36404,0.37686,0.3646,0.38443
Time,s,10,0.35219,0.36908,0.37714,0.37388
Time,s,10,0.36519,0.3635,0.3833,0.3819
Time,s,10,0.36748,0.37688,0.38116,0.35895
Time,s,10,0.35633,0.35869,0.37331,0.35911
Time,s,10,0.3487,0.35697,0.37436,0.38054
Time,s,10,0.36624,0.374,0.37431,0.36115
Time,s,10,0.35483,0.38132,0.35896,0.39008
Time,s,10,0.40067,0.3671,0.36644,0.38262
Time,s,10,0.35404,0.36628,0.37069,0.36203
Time,s,10,0.37198,0.35681,0.36104,0.36387
Time,s,10,0.36804,0.37171,0.35817,0.36405
Time,s,10,0.36294,0.36191,0.39434,0.38296
Time,s,10,0.36101,0.36885,0.3913,0.38023
Time,s,10,0.36174,0.37041,0.40304,0.38417
Time,s,10,0.36394,0.37299,0.3618,0.3691
Time,s,10,0.38169,0.36006,0.37803,0.37769
Time,s,10,0.35174,0.36674,0.36729,0.37027
Time,s,10,0.3569,0.37672,0.39645,0.39003
Time,s,10,0.37128,0.35883,0.38977,0.38204
Time,s,10,0.37018,0.37488,0.3682,0.3887
Time,s,10,0.35643,0.36054,0.37411,0.36718
Time,s,10,0.36138,0.38132,0.37149,0.38967
Time,s,10,0.35882,0.37181,0.36876,0.37124
Time,s,10,0.36858,0.38787,0.36293,0.36493
Time,s,10,0.35393,0.3682,0.36712,0.36903
Time,s,10,0.35142,0.37924,0.37555,0.37414
Time,s,10,0.36517,0.37669,0.36701,0.37784
Time,s,10,0.37249,0.37003,0.37404,0.38256
Time,s,10,0.35902,0.36386,0.36767,0.38506
Time,s,10,0.34723,0.37308,0.35756,0.36089
Time,s,10,0.37265,0.37252,0.37236,0.37146
Time,s,10,0.36066,0.36192,0.36592,0.37503
Time,s,10,0.35201,0.34805,0.38194,0.36863
Time,s,10,0.36652,0.36464,0.3582,0.37991
Time,s,10,0.34915,0.35878,0.35885,0.36787
Time,s,10,0.38397,0.3601,0.35901,0.36027
Time,s,10,0.38037,0.36965,0.35475,0.36262
Time,s,10,0.35117,0.36965,0.36426,0.37829
Time,s,10,0.35974,0.3692,0.357,0.37033
Time,s,10,0.37438,0.35646,0.37146,0.35241
Time,s,10,0.36984,0.3652,0.36088,0.35985
Time,s,10,0.35891,0.35532,0.37482,0.36764
Time,s,10,0.35002,0.36768,0.37253,0.36083
Time,s,10,0.35161,0.37976,0.36726,0.36573
Time,s,10,0.38259,0.37668,0.3573,0.36447
Time,s,10,0.36563,0.36097,0.35985,0.36925
Time,s,10,0.38931,0.35734,0.37395,0.37611
Time,s,10,0.36185,0.35202,0.36002,0.37966
Time,s,10,0.37378,0.37287,0.36311,0.39017
Time,s,10,0.36791,0.37075,0.37129,0.37186
Time,s,10,0.36404,0.35691,0.37336,0.3975
Time,s,10,0.36811,0.3562,0.3766,0.36653
Time,s,10,0.38415,0.37774,0.40582,0.37516
Time,s,10,0.37102,0.36258,0.35713,0.38178
Time,s,10,0.36463,0.36866,0.35881,0.38383
Time,s,10,0.36143,0.37076,0.39266,0.39675
Time,s,10,0.35978,0.37627,0.36097,0.36032
Time,s,10,0.37002,0.36991,0.37864,0.35737
Time,s,10,0.37595,0.37505,0.40062,0.36073
Time,s,10,0.37336,0.3575,0.37963,0.37545
Time,s,10,0.34965,0.36296,0.38397,0.37243
Time,s,10,0.35772,0.34645,0.37042,0.36736
Time,s,10,0.37031,0.37161,0.38497,0.35686
Time,s,10,0.38758,0.36347,0.37537,0.35915
Time,s,10,0.35046,0.36426,0.3876,0.36926
Time,s,10,0.35245,0.35691,0.36128,0.37926
Time,s,10,0.36403,0.3635,0.38329,0.36873
Time,s,10,0.36792,0.36921,0.36925,0.36585
Time,s,10,0.36442,0.35012,0.38007,0.36199
Time,s,10,0.37024,0.39147,0.37446,0.37234
Time,s,10,0.36781,0.36611,0.38084,0.38599
Time,s,10,0.36291,0.37712,0.37238,0.3543
Time,s,10,0.35317,0.37523,0.37777,0.36772
Time,s,10,0.37639,0.35546,0.38172,0.3811
Time,s,10,0.36472,0.35646,0.38212,0.35553
Time,s,10,0.35037,0.36989,0.3981,0.39673
Time,s,10,0.35183,0.37514,0.36186,0.37834
Time,s,10,0.37408,0.3938,0.37523,0.37677
Time,s,11,0.1457,0.1581,0.2311,0.0682
Time,s,11,0.13279,0.11665,0.14352,0.05039
Time,s,11,0.14293,0.12137,0.11546,0.05111
Time,s,11,0.12633,0.11943,0.11608,0.05258
Time,s,11,0.13074,0.11965,0.13721,0.04974
Time,s,11,0.11817,0.12296,0.12532,0.04863
Time,s,11,0.13915,0.13395,0.11916,0.05819
Time,s,11,0.13745,0.11889,0.1332,0.05231
Time,s,11,0.11866,0.11972,0.13853,0.05224
Time,s,11,0.11909,0.114,0.12144,0.04776
Time,s,11,0.12301,0.13479,0.13967,0.05454
Time,s,11,0.11709,0.12957,0.12577,0.04808
Time,s,11,0.11476,0.11579,0.11772,0.05282
Time,s,11,0.12438,0.11418,0.12056,0.05595
Time,s,11,0.11603,0.11878,0.12234,0.04885
Time,s,11,0.12031,0.13489,0.11934,0.05254
Time,s,11,0.12606,0.13308,0.12005,0.04861
Time,s,11,0.11666,0.14141,0.11661,0.04934
Time,s,11,0.12879,0.12843,0.12693,0.05238
Time,s,11,0.13285,0.11538,0.12376,0.04897
Time,s,11,0.14258,0.11895,0.14375,0.04672
Time,s,11,0.11805,0.1348,0.12423,0.04668
Time,s,11,0.11416,0.13178,0.1267,0.04688
Time,s,11,0.11619,0.14014,0.11882,0.04966
Time,s,11,0.13359,0.12391,0.11995,0.04762
Time,s,11,0.14007,0.13326,0.14777,0.04677
Time,s,11,0.11569,0.13378,0.1336,0.04649
Time,s,11,0.11996,0.1159,0.11626,0.05296
Time,s,11,0.12541,0.13855,0.13872,0.05142
Time,s,11,0.12908,0.11504,0.13597,0.04608
Time,s,11,0.12516,0.13486,0.12617,0.05512
Time,s,11,0.14388,0.13749,0.13641,0.0469
Time,s,11,0.13174,0.11604,0.1358,0.04863
Time,s,11,0.11967,0.11573,0.14291,0.05356
Time,s,11,0.13502,0.13286,0.1158,0.05037
Time,s,11,0.11347,0.11659,0.11439,0.04749
Time,s,11,0.11496,0.12569,0.13092,0.04482
Time,s,11,0.12637,0.11919,0.11735,0.05855
Time,s,11,0.13279,0.1385,0.13389,0.04918
Time,s,11,0.17101,0.13776,0.11729,0.04531
Time,s,11,0.14649,0.12595,0.12956,0.04481
Time,s,11,0.11602,0.12352,0.1376,0.04409
Time,s,11,0.13497,0.13512,0.11447,0.05894
Time,s,11,0.13321,0.12247,0.14326,0.04906
Time,s,11,0.12584,0.11523,0.12022,0.0467
Time,s,11,0.11443,0.13666,0.11176,0.04532
Time,s,11,0.13668,0.13825,0.12159,0.04517
Time,s,11,0.12905,0.11704,0.11285,0.0467
Time,s,11,0.11436,0.12967,0.12861,0.04365
Time,s,11,0.13145,0.14007,0.12852,0.04597
Time,s,11,0.13136,0.11966,0.14443,0.04415
Time,s,11,0.13271,0.14543,0.11909,0.04268
Time,s,11,0.13611,0.11377,0.13747,0.05821
Time,s,11,0.13493,0.11156,0.11622,0.04922
Time,s,11,0.11414,0.1261,0.13229,0.04546
Time,s,11,0.13819,0.13747,0.12504,0.04501
Time,s,11,0.13639,0.11539,0.11926,0.04529
Time,s,11,0.12885,0.1289,0.11698,0.04731
Time,s,11,0.11636,0.11202,0.11801,0.04874
Time,s,11,0.13526,0.12631,0.13463,0.05067
Time,s,11,0.11535,0.13309,0.1169,0.04931
Time,s,11,0.11438,0.12411,0.12934,0.05157
Time,s,11,0.1158,0.14404,0.13974,0.04509
Time,s,11,0.13536,0.13878,0.11704,0.04784
Time,s,11,0.11871,0.13111,0.11522,0.05023
Time,s,11,0.12313,0.13667,0.1375,0.04789
Time,s,11,0.11475,0.11406,0.13344,0.048
Time,s,11,0.11706,0.11221,0.13179,0.04968
Time,s,11,0.11933,0.14261,0.12435,0.04879
Time,s,11,0.12889,0.12894,0.13126,0.04948
Time,s,11,0.12822,0.1298,0.11523,0.04337
Time,s,11,0.13892,0.11409,0.11481,0.05071
Time,s,11,0.13489,0.11576,0.14426,0.04841
Time,s,11,0.13268,0.12229,0.13461,0.04815
Time,s,11,0.13528,0.11841,0.13292,0.05733
Time,s,11,0.12751,0.12942,0.13895,0.04628
Time,s,11,0.13037,0.13458,0.12081,0.04641
Time,s,11,0.11382,0.12248,0.12233,0.04558
Time,s,11,0.14031,0.12977,0.12325,0.04744
Time,s,11,0.11372,0.12962,0.11637,0.05128
Time,s,11,0.11382,0.11699,0.13349,0.04829
Time,s,11,0.13035,0.13063,0.14034,0.04609
Time,s,11,0.11115,0.12963,0.13552,0.04536
Time,s,11,0.11578,0.13781,0.11895,0.04995
Time,s,11,0.1334,0.11739,0.1143,0.05093
Time,s,11,0.13372,0.12722,0.13785,0.04866
Time,s,11,0.13243,0.1153,0.11757,0.04561
Time,s,11,0.13118,0.1304,0.12278,0.04813
Time,s,11,0.13062,0.12052,0.11362,0.05188
Time,s,11,0.13955,0.11656,0.12069,0.04941
Time,s,11,0.13901,0.11725,0.12599,0.04587
Time,s,11,0.13678,0.13669,0.1162,0.04692
Time,s,11,0.13558,0.1168,0.13666,0.05066
Time,s,11,0.13079,0.12097,0.12509,0.05527
Time,s,11,0.11509,0.13266,0.11805,0.05245
Time,s,11,0.12221,0.1147,0.11578,0.05217
Time,s,11,0.11647,0.12373,0.12654,0.05164
Time,s,11,0.11914,0.12975,0.11914,0.06295
Time,s,11,0.11142,0.13214,0.12015,0.04605
Time,s,11,0.10951,0.12005,0.12147,0.0511
Time,s,12,0.1375,0.12596,0.15867,0.05029
Time,s,12,0.13453,0.13407,0.14499,0.04796
Time,s,12,0.12697,0.12317,0.15045,0.05028
Time,s,12,0.14419,0.12371,0.12145,0.05397
Time,s,12,0.1446,0.14224,0.14481,0.04975
Time,s,12,0.14735,0.13683,0.12678,0.04862
Time,s,12,0.14917,0.14948,0.13405,0.05067
Time,s,12,0.12837,0.15386,0.15798,0.05056
Time,s,12,0.12369,0.13833,0.12574,0.05475
Time,s,12,0.13535,0.12268,0.12081,0.05177
Time,s,12,0.1259,0.12451,0.14533,0.04981
Time,s,12,0.13048,0.12379,0.14574,0.04858
Time,s,12,0.12958,0.12276,0.15097,0.05074
Time,s,12,0.14754,0.14127,0.13695,0.05082
Time,s,12,0.121,0.13981,0.14796,0.05219
Time,s,12,0.14076,0.14579,0.12754,0.04994
Time,s,12,0.13508,0.1283,0.14415,0.05259
Time,s,12,0.14034,0.12246,0.1288,0.04962
Time,s,12,0.14761,0.13004,0.14223,0.05162
Time,s,12,0.14183,0.13478,0.14062,0.05281
Time,s,12,0.14575,0.14451,0.14688,0.05474
Time,s,12,0.12191,0.1214,0.12166,0.05216
Time,s,12,0.12639,0.11909,0.14798,0.05501
Time,s,12,0.13786,0.12162,0.14096,0.05663
Time,s,12,0.12372,0.13544,0.12487,0.05625
Time,s,12,0.12722,0.12518,0.13214,0.05991
Time,s,12,0.14511,0.13376,0.14161,0.05403
Time,s,12,0.14151,0.12103,0.13581,0.06487
Time,s,12,0.14064,0.11992,0.14572,0.05077
Time,s,12,0.14423,0.12999,0.15338,0.05165
Time,s,12,0.12348,0.13323,0.12758,0.05106
Time,s,12,0.13822,0.13795,0.1259,0.04989
Time,s,12,0.14097,0.14105,0.13445,0.04729
Time,s,12,0.14192,0.13788,0.13718,0.05026
Time,s,12,0.12581,0.1462,0.1427,0.04946
Time,s,12,0.13776,0.1218,0.1355,0.04932
Time,s,12,0.13227,0.14036,0.13836,0.04768
Time,s,12,0.13855,0.12553,0.13665,0.04762
Time,s,12,0.13634,0.13819,0.14188,0.05086
Time,s,12,0.14041,0.15259,0.14133,0.05155
Time,s,12,0.13728,0.12732,0.1538,0.0526
Time,s,12,0.14299,0.13448,0.1459,0.04938
Time,s,12,0.12369,0.12948,0.13552,0.04796
Time,s,12,0.13715,0.13975,0.13595,0.0505
Time,s,12,0.14186,0.13052,0.14106,0.05251
Time,s,12,0.14144,0.12675,0.12172,0.05596
Time,s,12,0.13243,0.13597,0.1416,0.05361
Time,s,12,0.13787,0.14288,0.13891,0.04916
Time,s,12,0.14755,0.12273,0.12211,0.05057
Time,s,12,0.15144,0.13723,0.13714,0.05245
Time,s,12,0.12131,0.12637,0.13416,0.0549
Time,s,12,0.12276,0.12342,0.13939,0.05606
Time,s,12,0.142,0.14511,0.13096,0.0553
Time,s,12,0.13871,0.1408,0.12306,0.05176
Time,s,12,0.12457,0.1266,0.13601,0.0636
Time,s,12,0.12635,0.14153,0.14493,0.06107
Time,s,12,0.12219,0.12229,0.14127,0.05566
Time,s,12,0.12588,0.13509,0.13624,0.05668
Time,s,12,0.14904,0.14424,0.12881,0.05205
Time,s,12,0.12262,0.12438,0.14168,0.05437
Time,s,12,0.14167,0.13011,0.14688,0.05965
Time,s,12,0.15009,0.14683,0.12493,0.05892
Time,s,12,0.12143,0.1479,0.13376,0.04781
Time,s,12,0.15188,0.12988,0.15626,0.04934
Time,s,12,0.1452,0.13822,0.13911,0.04812
Time,s,12,0.12292,0.14182,0.12384,0.05184
Time,s,12,0.12642,0.14084,0.12226,0.05192
Time,s,12,0.12816,0.14143,0.12248,0.04812
Time,s,12,0.13027,0.14112,0.12349,0.04965
Time,s,12,0.12753,0.13628,0.12749,0.05187
Time,s,12,0.12343,0.14718,0.12672,0.04657
Time,s,12,0.1336,0.13807,0.1453,0.0626
Time,s,12,0.14146,0.1436,0.1297,0.04929
Time,s,12,0.14882,0.12347,0.14776,0.04882
Time,s,12,0.12181,0.14701,0.13371,0.04796
Time,s,12,0.12793,0.12232,0.13136,0.05704
Time,s,12,0.14158,0.12406,0.14208,0.05006
Time,s,12,0.12351,0.1607,0.15521,0.05331
Time,s,12,0.12426,0.12943,0.13998,0.0492
Time,s,12,0.13079,0.12343,0.13449,0.04846
Time,s,12,0.13831,0.12495,0.13919,0.04835
Time,s,12,0.14175,0.12427,0.14419,0.05023
Time,s,12,0.14249,0.14129,0.12981,0.05137
Time,s,12,0.12174,0.13901,0.1481,0.04903
Time,s,12,0.12126,0.14594,0.12491,0.0581
Time,s,12,0.14102,0.12805,0.14217,0.05025
Time,s,12,0.14228,0.14338,0.11972,0.05764
Time,s,12,0.13488,0.13487,0.12792,0.05548
Time,s,12,0.14135,0.1215,0.14027,0.04903
Time,s,12,0.14373,0.14712,0.14081,0.0538
Time,s,12,0.14441,0.14507,0.1405,0.0496
Time,s,12,0.13076,0.12173,0.14266,0.04978
Time,s,12,0.12391,0.13802,0.12005,0.05237
Time,s,12,0.14881,0.13792,0.14823,0.05098
Time,s,12,0.14558,0.11958,0.12351,0.04901
Time,s,12,0.1484,0.12976,0.13994,0.04659
Time,s,12,0.15313,0.15023,0.14194,0.06035
Time,s,12,0.14136,0.1329,0.1494,0.05144
Time,s,12,0.13292,0.14134,0.1332,0.04881
Time,s,12,0.13883,0.13432,0.14739,0.04857
Time,s,13,0.29875,0.30713,0.31256,0.22859
Time,s,13,0.3106,0.2952,0.30199,0.21005
Time,s,13,0.30057,0.30073,0.31019,0.20833
Time,s,13,0.30657,0.30359,0.28678,0.2317
Time,s,13,0.30436,0.29216,0.31051,0.23442
Time,s,13,0.30601,0.30663,0.31111,0.22261
Time,s,13,0.30657,0.2991,0.31394,0.22289
Time,s,13,0.31455,0.28956,0.29323,0.21868
Time,s,13,0.30667,0.31191,0.2863,0.21248
Time,s,13,0.32072,0.30568,0.29239,0.20628
Time,s,13,0.2908,0.31135,0.30161,0.20419
Time,s,13,0.28573,0.29071,0.29965,0.21417
Time,s,13,0.29555,0.28929,0.30512,0.22398
Time,s,13,0.29072,0.2903,0.2919,0.20707
Time,s,13,0.29552,0.28944,0.28623,0.20284
Time,s,13,0.29025,0.28515,0.30044,0.22063
Time,s,13,0.29327,0.29655,0.30889,0.21427
Time,s,13,0.29179,0.29135,0.31521,0.21029
Time,s,13,0.29195,0.29737,0.29138,0.21126
Time,s,13,0.30526,0.28982,0.29207,0.21186
Time,s,13,0.30363,0.29761,0.29201,0.2206
Time,s,13,0.30058,0.29453,0.29842,0.2204
Time,s,13,0.28971,0.29844,0.29348,0.22758
Time,s,13,0.29843,0.28586,0.29714,0.2213
Time,s,13,0.29594,0.30767,0.30208,0.21607
Time,s,13,0.2835,0.31048,0.29571,0.21281
Time,s,13,0.31262,0.30816,0.29431,0.21102
Time,s,13,0.30932,0.29387,0.30314,0.2082
Time,s,13,0.28989,0.29831,0.30765,0.20719
Time,s,13,0.28261,0.29645,0.29803,0.22943
Time,s,13,0.29853,0.29345,0.29418,0.22303
Time,s,13,0.34971,0.29115,0.29832,0.22263
Time,s,13,0.28743,0.30723,0.29806,0.20195
Time,s,13,0.29003,0.30282,0.29282,0.2204
Time,s,13,0.29023,0.28748,0.30129,0.21148
Time,s,13,0.29479,0.29365,0.30569,0.20205
Time,s,13,0.29105,0.29751,0.30145,0.20295
Time,s,13,0.30045,0.30984,0.31528,0.20548
Time,s,13,0.30129,0.30627,0.31011,0.2256
Time,s,13,0.2978,0.295,0.31304,0.20341
Time,s,13,0.30983,0.2861,0.28944,0.22019
Time,s,13,0.28411,0.28796,0.29017,0.21994
Time,s,13,0.30726,0.2897,0.30367,0.21378
Time,s,13,0.3151,0.30081,0.29455,0.21382
Time,s,13,0.31272,0.29236,0.29479,0.20957
Time,s,13,0.31723,0.28955,0.28961,0.20491
Time,s,13,0.2883,0.28861,0.30336,0.20342
Time,s,13,0.2916,0.29328,0.31245,0.22318
Time,s,13,0.29185,0.30592,0.30641,0.2253
Time,s,13,0.29168,0.29219,0.30461,0.22942
Time,s,13,0.28827,0.29293,0.29262,0.21791
Time,s,13,0.29662,0.30324,0.30981,0.20208
Time,s,13,0.29559,0.31016,0.29056,0.21661
Time,s,13,0.29392,0.31232,0.28839,0.21572
Time,s,13,0.29965,0.3147,0.29658,0.21036
Time,s,13,0.29997,0.31531,0.29407,0.23018
Time,s,13,0.31087,0.29282,0.29751,0.23099
Time,s,13,0.29024,0.29505,0.28678,0.2237
Time,s,13,0.3071,0.29346,0.30214,0.22481
Time,s,13,0.31042,0.30074,0.29677,0.22051
Time,s,13,0.28791,0.29383,0.28627,0.22297
Time,s,13,0.30931,0.30608,0.31555,0.20931
Time,s,13,0.30864,0.30351,0.3164,0.20333
Time,s,13,0.28825,0.30817,0.29653,0.21462
Time,s,13,0.28992,0.30433,0.29194,0.22624
Time,s,13,0.32296,0.29939,0.29794,0.2243
Time,s,13,0.29773,0.30278,0.29503,0.23365
Time,s,13,0.2996,0.31741,0.29337,0.21646
Time,s,13,0.28971,0.28973,0.30302,0.2185
Time,s,13,0.29355,0.31382,0.30396,0.21136
Time,s,13,0.29633,0.28823,0.30392,0.21223
Time,s,13,0.29938,0.29582,0.3152,0.20586
Time,s,13,0.30848,0.29115,0.31174,0.20708
Time,s,13,0.30284,0.28433,0.29454,0.22677
Time,s,13,0.29072,0.29578,0.29534,0.22515
Time,s,13,0.30763,0.30364,0.29139,0.21987
Time,s,13,0.30622,0.28718,0.29265,0.22008
Time,s,13,0.31513,0.30105,0.29656,0.21378
Time,s,13,0.30932,0.29068,0.29535,0.21897
Time,s,13,0.30839,0.29248,0.30691,0.20787
Time,s,13,0.31621,0.30927,0.28788,0.20596
Time,s,13,0.28902,0.30706,0.29548,0.20813
Time,s,13,0.29315,0.31191,0.30975,0.20587
Time,s,13,0.29574,0.28798,0.28432,0.22191
Time,s,13,0.28611,0.29064,0.30424,0.22177
Time,s,13,0.29459,0.28757,0.32288,0.21711
Time,s,13,0.29256,0.29743,0.28801,0.21801
Time,s,13,0.29666,0.29551,0.29489,0.20926
Time,s,13,0.30617,0.2948,0.28474,0.21071
Time,s,13,0.30329,0.29824,0.29274,0.21086
Time,s,13,0.294,0.29471,0.3043,0.22791
Time,s,13,0.30567,0.31016,0.29826,0.22583
Time,s,13,0.30529,0.29909,0.31617,0.23363
Time,s,13,0.30353,0.30707,0.31397,0.22776
Time,s,13,0.30417,0.30755,0.30488,0.22003
Time,s,13,0.30997,0.30209,0.29032,0.21875
Time,s,13,0.30738,0.32868,0.3121,0.21368
Time,s,13,0.3146,0.28346,0.2896,0.20751
Time,s,13,0.29801,0.28818,0.29464,0.2068
Time,s,13,0.32379,0.2931,0.29316,0.23142
Time,s,14,0.53442,0.55039,0.51755,0.41005
Time,s,14,0.51739,0.52913,0.5124,0.41299
Time,s,14,0.50669,0.52979,0.51357,0.40578
Time,s,14,0.52542,0.52744,0.52279,0.40494
Time,s,14,0.51585,0.52055,0.51677,0.40455
Time,s,14,0.51898,0.50967,0.52034,0.4035
Time,s,14,0.50538,0.51453,0.50827,0.37768
Time,s,14,0.52468,0.51107,0.51245,0.39889
Time,s,14,0.53005,0.50695,0.51117,0.40935
Time,s,14,0.51285,0.52548,0.51909,0.40627
Time,s,14,0.52239,0.51095,0.50641,0.39435
Time,s,14,0.51615,0.51543,0.51212,0.37741
Time,s,14,0.49965,0.51098,0.50574,0.40398
Time,s,14,0.50828,0.52112,0.51299,0.38772
Time,s,14,0.50607,0.52081,0.52874,0.39609
Time,s,14,0.52656,0.50168,0.50056,0.39613
Time,s,14,0.51382,0.51966,0.50766,0.3905
Time,s,14,0.52228,0.50756,0.51011,0.38492
Time,s,14,0.51433,0.51136,0.50969,0.39229
Time,s,14,0.53136,0.52765,0.50834,0.37797
Time,s,14,0.51035,0.54023,0.50489,0.37762
Time,s,14,0.51383,0.51329,0.54129,0.36908
Time,s,14,0.50196,0.51498,0.50663,0.37713
Time,s,14,0.51142,0.52365,0.50746,0.37724
Time,s,14,0.51726,0.50491,0.51649,0.382
Time,s,14,0.51138,0.51471,0.52993,0.37434
Time,s,14,0.50939,0.50257,0.50873,0.40754
Time,s,14,0.50538,0.52938,0.50604,0.40415
Time,s,14,0.51524,0.50945,0.50484,0.41689
Time,s,14,0.50638,0.52347,0.5078,0.40226
Time,s,14,0.52508,0.50898,0.5125,0.40148
Time,s,14,0.49897,0.52084,0.52821,0.39715
Time,s,14,0.50468,0.51268,0.52747,0.39731
Time,s,14,0.5198,0.50807,0.50577,0.39622
Time,s,14,0.50452,0.50878,0.51954,0.39829
Time,s,14,0.50375,0.50385,0.51167,0.40164
Time,s,14,0.53032,0.53534,0.5006,0.39889
Time,s,14,0.53561,0.53208,0.51032,0.40007
Time,s,14,0.52229,0.52652,0.51264,0.39928
Time,s,14,0.51978,0.5325,0.50672,0.3966
Time,s,14,0.50304,0.51941,0.51488,0.38313
Time,s,14,0.50962,0.52644,0.53638,0.37421
Time,s,14,0.52995,0.50395,0.53111,0.38753
Time,s,14,0.52622,0.50815,0.52939,0.39029
Time,s,14,0.52841,0.51103,0.53428,0.38593
Time,s,14,0.52667,0.52962,0.53321,0.39245
Time,s,14,0.50438,0.533,0.73257,0.37516
Time,s,14,0.49798,0.52531,0.58625,0.37418
Time,s,14,0.50846,0.50545,0.5059,0.37704
Time,s,14,0.51316,0.51891,0.52431,0.38193
Time,s,14,0.50119,0.52637,0.50324,0.38374
Time,s,14,0.50972,0.50811,0.50591,0.37667
Time,s,14,0.50254,0.50558,0.501,0.37375
Time,s,14,0.5074,0.51522,0.52003,0.37806
Time,s,14,0.50592,0.52515,0.50638,0.39568
Time,s,14,0.5263,0.53489,0.51053,0.40358
Time,s,14,0.52879,0.50804,0.51487,0.40319
Time,s,14,0.51077,0.52212,0.51751,0.3958
Time,s,14,0.51925,0.52307,0.52295,0.37584
Time,s,14,0.51742,0.51188,0.55061,0.39946
Time,s,14,0.50934,0.51336,0.50728,0.39556
Time,s,14,0.51136,0.51562,0.52228,0.41225
Time,s,14,0.53737,0.52948,0.5335,0.37631
Time,s,14,0.53112,0.50975,0.51591,0.39577
Time,s,14,0.51259,0.53506,0.50513,0.37882
Time,s,14,0.51794,0.51951,0.51385,0.39844
Time,s,14,0.51441,0.51178,0.50416,0.39191
Time,s,14,0.50892,0.52153,0.51654,0.39487
Time,s,14,0.5221,0.50108,0.52589,0.39533
Time,s,14,0.52123,0.50223,0.51156,0.39228
Time,s,14,0.53731,0.51228,0.51653,0.3949
Time,s,14,0.51275,0.5351,0.52882,0.38822
Time,s,14,0.51575,0.50919,0.50441,0.39465
Time,s,14,0.51476,0.49491,0.51855,0.38935
Time,s,14,0.50401,0.52263,0.51755,0.39301
Time,s,14,0.50282,0.50346,0.5059,0.39773
Time,s,14,0.53089,0.50548,0.51137,0.37971
Time,s,14,0.52652,0.50644,0.52713,0.38365
Time,s,14,0.50388,0.51939,0.53143,0.38911
Time,s,14,0.52442,0.51649,0.53129,0.3812
Time,s,14,0.5051,0.52494,0.52998,0.37878
Time,s,14,0.5224,0.50552,0.51437,0.40254
Time,s,14,0.51603,0.53764,0.52096,0.40608
Time,s,14,0.50356,0.50099,0.5264,0.40691
Time,s,14,0.5053,0.51753,0.50554,0.38179
Time,s,14,0.51932,0.50919,0.54512,0.40006
Time,s,14,0.5244,0.50949,0.50597,0.4146
Time,s,14,0.50114,0.51236,0.52427,0.4043
Time,s,14,0.51509,0.50055,0.53451,0.40237
Time,s,14,0.50533,0.52921,0.53782,0.39525
Time,s,14,0.50065,0.52644,0.50762,0.40371
Time,s,14,0.49966,0.50371,0.51277,0.39806
Time,s,14,0.51291,0.49805,0.49854,0.37699
Time,s,14,0.50345,0.506,0.50686,0.38064
Time,s,14,0.51064,0.50362,0.50571,0.39543
Time,s,14,0.50408,0.50731,0.50402,0.39557
Time,s,14,0.50173,0.51216,0.53054,0.3763
Time,s,14,0.54095,0.51362,0.53539,0.38781
Time,s,14,0.51382,0.5413,0.51195,0.38811
Time,s,14,0.52017,0.54378,0.52198,0.37988
Time,s,15,0.31929,0.33958,0.3168,0.23538
Time,s,15,0.32099,0.30621,0.32424,0.24427
Time,s,15,0.32218,0.32843,0.33001,0.24259
Time,s,15,0.32199,0.32625,0.31634,0.23385
Time,s,15,0.31714,0.34259,0.33209,0.23477
Time,s,15,0.31849,0.32331,0.33325,0.22462
Time,s,15,0.32675,0.32276,0.31389,0.22482
Time,s,15,0.3138,0.30872,0.32335,0.24208
Time,s,15,0.31499,0.31106,0.33138,0.23565
Time,s,15,0.31314,0.32322,0.32213,0.22653
Time,s,15,0.31709,0.32064,0.32476,0.22657
Time,s,15,0.32287,0.31681,0.3264,0.22898
Time,s,15,0.31739,0.31681,0.32614,0.24574
Time,s,15,0.31278,0.32129,0.32024,0.23619
Time,s,15,0.31916,0.32115,0.32265,0.23581
Time,s,15,0.33701,0.31084,0.32271,0.22796
Time,s,15,0.33225,0.3122,0.32639,0.22309
Time,s,15,0.32917,0.31519,0.32292,0.22815
Time,s,15,0.31335,0.31294,0.31578,0.22787
Time,s,15,0.32537,0.32191,0.32343,0.23002
Time,s,15,0.33136,0.31683,0.31177,0.22688
Time,s,15,0.33195,0.3118,0.31601,0.22811
Time,s,15,0.3105,0.31931,0.32238,0.22628
Time,s,15,0.3258,0.30683,0.32774,0.24312
Time,s,15,0.32376,0.3204,0.32299,0.23712
Time,s,15,0.30808,0.33653,0.3147,0.23399
Time,s,15,0.33214,0.3102,0.32131,0.22171
Time,s,15,0.32257,0.33456,0.32335,0.22037
Time,s,15,0.31973,0.33069,0.33377,0.22367
Time,s,15,0.31326,0.3311,0.3161,0.24033
Time,s,15,0.31729,0.30546,0.32356,0.21888
Time,s,15,0.32084,0.33944,0.32051,0.22946
Time,s,15,0.31231,0.33,0.30979,0.22973
Time,s,15,0.30869,0.32376,0.32991,0.22181
Time,s,15,0.31235,0.32866,0.31619,0.23859
Time,s,15,0.31248,0.32197,0.31431,0.2236
Time,s,15,0.31369,0.31381,0.31628,0.22871
Time,s,15,0.31531,0.33016,0.32556,0.22806
Time,s,15,0.3154,0.31864,0.33698,0.22278
Time,s,15,0.31333,0.31138,0.32284,0.24566
Time,s,15,0.33861,0.32537,0.32489,0.23659
Time,s,15,0.34503,0.31227,0.31519,0.23015
Time,s,15,0.33216,0.31796,0.31016,0.23036
Time,s,15,0.31298,0.31732,0.3245,0.22035
Time,s,15,0.3069,0.31525,0.32178,0.22114
Time,s,15,0.31953,0.31452,0.31467,0.22253
Time,s,15,0.31974,0.31697,0.31802,0.22224
Time,s,15,0.32565,0.31012,0.30813,0.22725
Time,s,15,0.33034,0.31798,0.32442,0.22397
Time,s,15,0.32383,0.31967,0.33068,0.21965
Time,s,15,0.3236,0.31501,0.32533,0.24295
Time,s,15,0.33141,0.31157,0.31886,0.24
Time,s,15,0.32325,0.31465,0.31251,0.23247
Time,s,15,0.32511,0.30714,0.32358,0.23291
Time,s,15,0.32103,0.31485,0.3111,0.22548
Time,s,15,0.31733,0.33166,0.31754,0.22569
Time,s,15,0.31257,0.33349,0.31829,0.22192
Time,s,15,0.32552,0.33014,0.31202,0.23554
Time,s,15,0.31448,0.32885,0.32506,0.21781
Time,s,15,0.31176,0.3356,0.31552,0.22563
Time,s,15,0.31971,0.30734,0.31713,0.22799
Time,s,15,0.31307,0.32381,0.31873,0.23943
Time,s,15,0.31158,0.32783,0.31792,0.21636
Time,s,15,0.31821,0.31282,0.33212,0.22157
Time,s,15,0.31743,0.33301,0.31166,0.23292
Time,s,15,0.31169,0.32161,0.31984,0.22354
Time,s,15,0.34304,0.32538,0.32964,0.22166
Time,s,15,0.33707,0.31855,0.31487,0.24646
Time,s,15,0.32914,0.31835,0.3274,0.23443
Time,s,15,0.33233,0.32161,0.32427,0.23275
Time,s,15,0.31521,0.32582,0.32133,0.22906
Time,s,15,0.33124,0.31969,0.33241,0.22216
Time,s,15,0.32269,0.31604,0.32454,0.24105
Time,s,15,0.32662,0.30914,0.32565,0.23814
Time,s,15,0.32134,0.32405,0.31989,0.24049
Time,s,15,0.31805,0.31296,0.31948,0.22677
Time,s,15,0.3081,0.31618,0.32012,0.22356
Time,s,15,0.32207,0.31419,0.3161,0.22499
Time,s,15,0.31865,0.31174,0.32113,0.23824
Time,s,15,0.32083,0.3239,0.3187,0.23693
Time,s,15,0.32519,0.32077,0.32137,0.23106
Time,s,15,0.3167,0.30655,0.32125,0.22542
Time,s,15,0.4805,0.30952,0.32072,0.225
Time,s,15,0.41588,0.3163,0.33422,0.24132
Time,s,15,0.32844,0.31823,0.31805,0.24466
Time,s,15,0.30832,0.3171,0.3161,0.23309
Time,s,15,0.31415,0.33251,0.30949,0.22522
Time,s,15,0.31251,0.33107,0.31719,0.22132
Time,s,15,0.3112,0.33005,0.34206,0.22426
Time,s,15,0.31556,0.33972,0.32905,0.24027
Time,s,15,0.31515,0.33162,0.33633,0.23058
Time,s,15,0.33231,0.30871,0.33312,0.22472
Time,s,15,0.33261,0.32625,0.32996,0.21862
Time,s,15,0.33568,0.33608,0.34245,0.21963
Time,s,15,0.30651,0.31224,0.33511,0.23862
Time,s,15,0.32565,0.31089,0.31086,0.24092
Time,s,15,0.30994,0.35079,0.33478,0.23203
Time,s,15,0.31,0.34541,0.31608,0.22509
Time,s,15,0.32403,0.33099,0.3377,0.22236
Time,s,15,0.32572,0.31354,0.34431,0.25217
Time,s,16,0.22526,0.22717,0.24606,0.24562
Time,s,16,0.22099,0.2526,0.23186,0.24149
Time,s,16,0.25471,0.24503,0.23489,0.23163
Time,s,16,0.26063,0.23535,0.25014,0.23166
Time,s,16,0.26631,0.23723,0.23393,0.24355
Time,s,16,0.22748,0.23646,0.23991,0.24035
Time,s,16,0.2444,0.23372,0.24655,0.23366
Time,s,16,0.2282,0.22956,0.24363,0.24979
Time,s,16,0.23192,0.22989,0.22797,0.23489
Time,s,16,0.24355,0.23927,0.23543,0.2342
Time,s,16,0.23663,0.23796,0.25469,0.23184
Time,s,16,0.23306,0.23371,0.24092,0.24718
Time,s,16,0.22567,0.24886,0.23474,0.23372
Time,s,16,0.25283,0.24363,0.22865,0.23224
Time,s,16,0.23572,0.24757,0.22248,0.248
Time,s,16,0.23606,0.2255,0.22663,0.24777
Time,s,16,0.22941,0.24466,0.23299,0.23894
Time,s,16,0.2379,0.23931,0.25176,0.24998
Time,s,16,0.22615,0.23437,0.24216,0.24959
Time,s,16,0.23247,0.22942,0.24442,0.22945
Time,s,16,0.24731,0.24392,0.23426,0.2348
Time,s,16,0.22423,0.23235,0.24951,0.25015
Time,s,16,0.23484,0.23513,0.21966,0.22705
Time,s,16,0.22422,0.24436,0.22366,0.22753
Time,s,16,0.23755,0.23259,0.26251,0.23204
Time,s,16,0.22631,0.24405,0.23483,0.25312
Time,s,16,0.23008,0.22926,0.23565,0.23355
Time,s,16,0.22627,0.2422,0.22797,0.23876
Time,s,16,0.23728,0.22781,0.25386,0.23174
Time,s,16,0.22582,0.22624,0.23873,0.22853
Time,s,16,0.22661,0.24124,0.24513,0.22505
Time,s,16,0.24267,0.24261,0.22781,0.24302
Time,s,16,0.22787,0.23034,0.24234,0.24884
Time,s,16,0.24349,0.2271,0.23804,0.24441
Time,s,16,0.22774,0.24585,0.23039,0.22972
Time,s,16,0.24066,0.22937,0.24154,0.25817
Time,s,16,0.228,0.21889,0.24274,0.2425
Time,s,16,0.22556,0.24686,0.23185,0.2328
Time,s,16,0.2273,0.24492,0.22523,0.23475
Time,s,16,0.22386,0.24073,0.2495,0.23401
Time,s,16,0.23303,0.22481,0.23643,0.24414
Time,s,16,0.22753,0.22755,0.22999,0.23476
Time,s,16,0.23879,0.24418,0.24405,0.23921
Time,s,16,0.23857,0.23193,0.22669,0.24889
Time,s,16,0.22767,0.22414,0.23447,0.22511
Time,s,16,0.22413,0.24922,0.22915,0.23785
Time,s,16,0.23683,0.22429,0.23492,0.229
Time,s,16,0.23335,0.22764,0.23943,0.22636
Time,s,16,0.22674,0.23217,0.24714,0.23248
Time,s,16,0.24778,0.24373,0.22752,0.23092
Time,s,16,0.23715,0.22082,0.25157,0.25375
Time,s,16,0.22179,0.22541,0.23894,0.2442
Time,s,16,0.22807,0.23365,0.23622,0.23534
Time,s,16,0.23722,0.22302,0.25019,0.25575
Time,s,16,0.23318,0.23266,0.24696,0.24962
Time,s,16,0.22228,0.22379,0.2422,0.23534
Time,s,16,0.2472,0.23056,0.28675,0.23048
Time,s,16,0.23698,0.24131,0.27018,0.24166
Time,s,16,0.23585,0.23242,0.23623,0.22828
Time,s,16,0.22693,0.24608,0.22918,0.23438
Time,s,16,0.24727,0.24254,0.24908,0.23438
Time,s,16,0.24344,0.22582,0.24997,0.24572
Time,s,16,0.22578,0.2314,0.23281,0.24485
Time,s,16,0.22852,0.23852,0.22495,0.22747
Time,s,16,0.23818,0.23904,0.24256,0.24574
Time,s,16,0.23392,0.22966,0.23075,0.24352
Time,s,16,0.22991,0.2576,0.23678,0.23899
Time,s,16,0.24359,0.24128,0.22441,0.23219
Time,s,16,0.23057,0.23798,0.24768,0.24841
Time,s,16,0.23048,0.22804,0.24775,0.24138
Time,s,16,0.23196,0.22649,0.24622,0.23674
Time,s,16,0.23821,0.24081,0.23024,0.25427
Time,s,16,0.23175,0.23091,0.24048,0.24718
Time,s,16,0.23351,0.22612,0.23836,0.24091
Time,s,16,0.23657,0.24322,0.23091,0.24416
Time,s,16,0.24384,0.22602,0.23423,0.24372
Time,s,16,0.22815,0.22644,0.24061,0.2261
Time,s,16,0.22399,0.22587,0.24196,0.23159
Time,s,16,0.24367,0.24024,0.2593,0.22579
Time,s,16,0.23684,0.24102,0.25258,0.24947
Time,s,16,0.23193,0.22878,0.22336,0.22977
Time,s,16,0.2476,0.24226,0.22749,0.23055
Time,s,16,0.23916,0.24331,0.25956,0.25831
Time,s,16,0.23788,0.22609,0.2318,0.24535
Time,s,16,0.22621,0.24568,0.23826,0.2304
Time,s,16,0.2286,0.23854,0.22887,0.24407
Time,s,16,0.24009,0.24194,0.25066,0.24367
Time,s,16,0.22415,0.23075,0.24041,0.22994
Time,s,16,0.23149,0.24309,0.22904,0.24388
Time,s,16,0.23871,0.24948,0.23143,0.24163
Time,s,16,0.23851,0.22729,0.2437,0.22825
Time,s,16,0.23123,0.22708,0.23031,0.23644
Time,s,16,0.2276,0.246,0.23429,0.22594
Time,s,16,0.24623,0.22603,0.25443,0.22594
Time,s,16,0.2324,0.23366,0.23354,0.2524
Time,s,16,0.22266,0.22248,0.23344,0.22781
Time,s,16,0.23961,0.24277,0.23395,0.23443
Time,s,16,0.22877,0.23436,0.24846,0.22777
Time,s,16,0.2304,0.22518,0.23742,0.23795
Time,s,16,0.24739,0.24911,0.23414,0.2414
Time,s,17,0.71145,0.69999,0.73279,0.72736
Time,s,17,0.69231,0.67231,0.69895,0.7211
Time,s,17,0.66912,0.66537,0.68122,0.6884
Time,s,17,0.66874,0.66054,0.68182,0.69899
Time,s,17,0.66692,0.66108,0.67343,0.68763
Time,s,17,0.68818,0.66586,0.68011,0.68187
Time,s,17,0.67876,0.66616,0.67092,0.68672
Time,s,17,0.68962,0.6623,0.67189,0.67038
Time,s,17,0.66996,0.67284,0.67252,0.68104
Time,s,17,0.68523,0.67921,0.71988,0.68136
Time,s,17,0.66959,0.67658,0.6877,0.70948
Time,s,17,0.66389,0.6733,0.69267,0.68382
Time,s,17,0.68911,0.65816,0.66412,0.68685
Time,s,17,0.68025,0.67588,0.6773,0.67035
Time,s,17,0.66629,0.68136,0.66815,0.68326
Time,s,17,0.67035,0.67789,0.67883,0.70183
Time,s,17,0.66724,0.66501,0.65919,0.68524
Time,s,17,0.66179,0.67202,0.67642,0.6839
Time,s,17,0.68064,0.68174,0.67897,0.67757
Time,s,17,0.66334,0.66683,0.66211,0.67818
Time,s,17,0.67232,0.66429,0.66623,0.65822
Time,s,17,0.67149,0.68277,0.66516,0.66945
Time,s,17,0.65898,0.69021,0.65127,0.68725
Time,s,17,0.66168,0.65602,0.66063,0.69371
Time,s,17,0.67558,0.67022,0.66518,0.69531
Time,s,17,0.6525,0.65661,0.6643,0.67778
Time,s,17,0.66099,0.67062,0.66994,0.67526
Time,s,17,0.6754,0.66272,0.66519,0.67207
Time,s,17,0.67693,0.66643,0.69655,0.66579
Time,s,17,0.69355,0.68933,0.67633,0.6935
Time,s,17,0.69007,0.66772,0.67912,0.69211
Time,s,17,0.68668,0.67417,0.66949,0.68276
Time,s,17,0.67063,0.67329,0.67265,0.674
Time,s,17,0.68594,0.65558,0.69289,0.68767
Time,s,17,0.67997,0.66183,0.67677,0.66232
Time,s,17,0.68176,0.66491,0.67217,0.66221
Time,s,17,0.69482,0.65626,0.66433,0.69128
Time,s,17,0.68772,0.68002,0.66148,0.691
Time,s,17,0.66653,0.66345,0.67662,0.67444
Time,s,17,0.669,0.67764,0.67671,0.67485
Time,s,17,0.67579,0.67015,0.66871,0.67277
Time,s,17,0.66489,0.66016,0.68738,0.66582
Time,s,17,0.66504,0.6601,0.67992,0.66515
Time,s,17,0.66931,0.65912,0.67987,0.70446
Time,s,17,0.68002,0.67816,0.67422,0.66469
Time,s,17,0.69562,0.68867,0.68423,0.67023
Time,s,17,0.66634,0.66739,0.67456,0.68291
Time,s,17,0.67025,0.67438,0.67899,0.68172
Time,s,17,0.66305,0.6691,0.66122,0.68661
Time,s,17,0.67604,0.66937,0.6844,0.67864
Time,s,17,0.66686,0.65803,0.67304,0.69643
Time,s,17,0.65481,0.65131,0.6672,0.6867
Time,s,17,0.66704,0.68189,0.67303,0.6913
Time,s,17,0.65891,0.68305,0.69552,0.66997
Time,s,17,0.65806,0.68318,0.68719,0.67864
Time,s,17,0.68735,0.66273,0.66878,0.65752
Time,s,17,0.6773,0.67698,0.65972,0.66959
Time,s,17,0.67832,0.66589,0.69614,0.68296
Time,s,17,0.66894,0.66804,0.68888,0.68541
Time,s,17,0.67112,0.66855,0.67125,0.67545
Time,s,17,0.66785,0.69059,0.68027,0.69818
Time,s,17,0.68817,0.65816,0.66765,0.67585
Time,s,17,0.67552,0.66208,0.68089,0.69072
Time,s,17,0.67023,0.67267,0.65645,0.66838
Time,s,17,0.67447,0.6605,0.66493,0.69053
Time,s,17,0.66068,0.65922,0.68879,0.70333
Time,s,17,0.67471,0.6649,0.67928,0.67831
Time,s,17,0.69288,0.68534,0.67931,0.67488
Time,s,17,0.67313,0.67668,0.67861,0.66876
Time,s,17,0.68995,0.66255,0.67102,0.67961
Time,s,17,0.67244,0.67088,0.67127,0.68141
Time,s,17,0.67029,0.66232,0.68243,0.6772
Time,s,17,0.66025,0.65816,0.67503,0.69233
Time,s,17,0.67796,0.66872,0.66279,0.68978
Time,s,17,0.6816,0.65907,0.68729,0.70032
Time,s,17,0.67309,0.67417,0.69023,0.6931
Time,s,17,0.6642,0.68189,0.67709,0.68491
Time,s,17,0.66618,0.67532,0.67498,0.67092
Time,s,17,0.66691,0.67579,0.66309,0.67687
Time,s,17,0.65495,0.66999,0.66303,0.68351
Time,s,17,0.6917,0.67391,0.65468,0.67819
Time,s,17,0.65856,0.67077,0.67118,0.67846
Time,s,17,0.67744,0.65583,0.68804,0.66449
Time,s,17,0.6755,0.69045,0.67468,0.67201
Time,s,17,0.66451,0.68004,0.6963,0.65919
Time,s,17,0.68069,0.66527,0.66905,0.67457
Time,s,17,0.67166,0.66095,0.67758,0.67832
Time,s,17,0.68025,0.65667,0.67037,0.67746
Time,s,17,0.66857,0.66207,0.66324,0.6743
Time,s,17,0.67764,0.65671,0.67748,0.67521
Time,s,17,0.66893,0.66851,0.68918,0.68429
Time,s,17,0.66465,0.67293,0.66634,0.67286
Time,s,17,0.71117,0.68259,0.68098,0.67407
Time,s,17,0.66634,0.66198,0.67146,0.68516
Time,s,17,0.68123,0.65268,0.66454,0.68811
Time,s,17,0.66987,0.66966,0.65611,0.66828
Time,s,17,0.65984,0.65898,0.68682,0.66163
Time,s,17,0.66282,0.67138,0.66141,0.68055
Time,s,17,0.68963,0.66556,0.67345,0.67104
Time,s,17,0.67028,0.68447,0.68234,0.66926
Time,s,18,0.47899,0.49843,0.48043,0.50238
Time,s,18,0.47783,0.47596,0.47218,0.48225
Time,s,18,0.4916,0.48101,0.47589,0.46842
Time,s,18,0.46773,0.46673,0.47893,0.48634
Time,s,18,0.49585,0.47366,0.4885,0.47673
Time,s,18,0.512,0.48684,0.47234,0.48039
Time,s,18,0.50455,0.50641,0.49826,0.4919
Time,s,18,0.47756,0.495,0.48332,0.50009
Time,s,18,0.47363,0.51438,0.49251,0.48766
Time,s,18,0.4722,0.52226,0.48567,0.48551
Time,s,18,0.50392,0.49733,0.46729,0.49149
Time,s,18,0.47682,0.46742,0.50301,0.48899
Time,s,18,0.48224,0.48834,0.47975,0.50238
Time,s,18,0.49199,0.47696,0.4718,0.50021
Time,s,18,0.46724,0.48836,0.50212,0.51153
Time,s,18,0.47637,0.50712,0.48219,0.48773
Time,s,18,0.48059,0.64963,0.49253,0.50312
Time,s,18,0.49881,0.50275,0.49587,0.48459
Time,s,18,0.47713,0.50498,0.49769,0.4784
Time,s,18,0.4853,0.54829,0.47888,0.50318
Time,s,18,0.49917,0.47805,0.46773,0.49274
Time,s,18,0.47608,0.51472,0.4899,0.50349
Time,s,18,0.47685,0.46718,0.48912,0.50116
Time,s,18,0.48495,0.48643,0.47446,0.51239
Time,s,18,0.48292,0.48992,0.47127,0.49238
Time,s,18,0.47268,0.47079,0.50233,0.49999
Time,s,18,0.48903,0.47844,0.46179,0.48416
Time,s,18,0.475,0.48087,0.47467,0.47724
Time,s,18,0.48253,0.496,0.47475,0.50343
Time,s,18,0.50121,0.47658,0.48322,0.4933
Time,s,18,0.49855,0.48856,0.51221,0.49466
Time,s,18,0.50028,0.47729,0.50164,0.48528
Time,s,18,0.49893,0.47878,0.48731,0.51109
Time,s,18,0.48148,0.50247,0.48741,0.4905
Time,s,18,0.47129,0.4762,0.48871,0.50269
Time,s,18,0.47966,0.48265,0.49412,0.51954
Time,s,18,0.48773,0.47132,0.48337,0.50854
Time,s,18,0.47048,0.49833,0.48645,0.50324
Time,s,18,0.48072,0.49373,0.52741,0.52493
Time,s,18,0.48897,0.47833,0.50674,0.48744
Time,s,18,0.4856,0.47322,0.50611,0.48289
Time,s,18,0.49407,0.48961,0.49628,0.49292
Time,s,18,0.48793,0.48523,0.47994,0.50616
Time,s,18,0.47444,0.48646,0.48354,0.49316
Time,s,18,0.47059,0.46351,0.47246,0.49606
Time,s,18,0.47849,0.50384,0.47925,0.48275
Time,s,18,0.47208,0.48668,0.50806,0.5053
Time,s,18,0.51063,0.49617,0.51283,0.48603
Time,s,18,0.48083,0.48671,0.4981,0.48117
Time,s,18,0.49062,0.46225,0.49466,0.51756
Time,s,18,0.48071,0.48454,0.49005,0.48629
Time,s,18,0.47437,0.48405,0.50268,0.50963
Time,s,18,0.48276,0.49183,0.48773,0.48642
Time,s,18,0.48176,0.48725,0.48013,0.5071
Time,s,18,0.49587,0.48402,0.5038,0.4942
Time,s,18,0.50502,0.47876,0.47672,0.47135
Time,s,18,0.49261,0.4753,0.48655,0.52269
Time,s,18,0.48306,0.46955,0.48835,0.49693
Time,s,18,0.47369,0.47596,0.46882,0.49553
Time,s,18,0.48006,0.47561,0.4757,0.48865
Time,s,18,0.47255,0.47235,0.48982,0.48297
Time,s,18,0.48945,0.47529,0.48101,0.48006
Time,s,18,0.48741,0.47598,0.5055,0.48952
Time,s,18,0.46867,0.48923,0.50829,0.48163
Time,s,18,0.4859,0.46389,0.46772,0.49697
Time,s,18,0.48664,0.46261,0.47439,0.49945
Time,s,18,0.50214,0.48929,0.50301,0.51499
Time,s,18,0.49346,0.47025,0.48128,0.51276
Time,s,18,0.49049,0.50722,0.47774,0.50481
Time,s,18,0.47957,0.47699,0.48411,0.4959
Time,s,18,0.4776,0.49694,0.475,0.48499
Time,s,18,0.46938,0.49514,0.48385,0.5122
Time,s,18,0.49268,0.49394,0.47333,0.49173
Time,s,18,0.48916,0.47808,0.48575,0.48567
Time,s,18,0.48908,0.47945,0.48038,0.49023
Time,s,18,0.48392,0.47304,0.48513,0.47835
Time,s,18,0.48222,0.49455,0.47863,0.50006
Time,s,18,0.4944,0.4945,0.46691,0.50802
Time,s,18,0.5086,0.47601,0.4869,0.50916
Time,s,18,0.48294,0.48345,0.49761,0.48544
Time,s,18,0.47504,0.46996,0.47657,0.50351
Time,s,18,0.49025,0.48815,0.50233,0.48584
Time,s,18,0.46995,0.48299,0.48832,0.49757
Time,s,18,0.4903,0.48098,0.48004,0.49213
Time,s,18,0.49162,0.49413,0.48385,0.49716
Time,s,18,0.49317,0.47942,0.4874,0.51191
Time,s,18,0.49271,0.4792,0.48592,0.51014
Time,s,18,0.50237,0.46471,0.50237,0.49053
Time,s,18,0.50044,0.48465,0.50065,0.48135
Time,s,18,0.46223,0.47429,0.48393,0.49127
Time,s,18,0.48969,0.47436,0.48445,0.48866
Time,s,18,0.47618,0.48089,0.48056,0.49204
Time,s,18,0.49051,0.47935,0.47311,0.48907
Time,s,18,0.4861,0.4827,0.47702,0.50115
Time,s,18,0.486,0.50522,0.46976,0.48613
Time,s,18,0.4723,0.4712,0.49138,0.48542
Time,s,18,0.48079,0.48608,0.5006,0.49169
Time,s,18,0.49266,0.47338,0.4945,0.47407
Time,s,18,0.48109,0.47792,0.47876,0.48036
Time,s,18,0.50052,0.50332,0.47653,0.49185
Time,s,19,1.2894,1.36571,1.4337,1.27584
Time,s,19,1.21781,1.314,1.2638,1.2385
Time,s,19,1.19551,1.52853,1.38392,1.20088
Time,s,19,1.20678,1.43492,1.30078,1.19061
Time,s,19,1.28552,1.19297,1.2097,1.20956
Time,s,19,1.27247,1.24166,1.21934,1.21978
Time,s,19,1.20201,1.26822,1.21178,1.24866
Time,s,19,1.17037,1.22845,1.20739,1.20761
Time,s,19,1.2374,1.20419,1.25535,1.22188
Time,s,19,1.20268,1.17437,1.31805,1.2481
Time,s,19,1.17624,1.19981,1.22683,1.21056
Time,s,19,1.18831,1.19594,1.21812,1.1867
Time,s,19,1.22824,1.19509,1.2213,1.20966
Time,s,19,1.17406,1.20784,1.17911,1.22645
Time,s,19,1.19475,1.21469,1.24254,1.20024
Time,s,19,1.18205,1.19453,1.19067,1.17876
Time,s,19,1.18516,1.21416,1.20693,1.19345
Time,s,19,1.24386,1.1939,1.17855,1.1981
Time,s,19,1.14948,1.19304,1.18023,1.1869
Time,s,19,1.18452,1.16036,1.19924,1.24553
Time,s,19,1.23558,1.24243,1.20518,1.17705
Time,s,19,1.20355,1.21933,1.19347,1.1909
Time,s,19,1.19006,1.18119,1.16742,1.19743
Time,s,19,1.18451,1.19216,1.20967,1.19309
Time,s,19,1.18012,1.17545,1.16655,1.1781
Time,s,19,1.17628,1.17954,1.18429,1.21202
Time,s,19,1.52472,1.17383,1.17657,1.19289
Time,s,19,1.25803,1.16813,1.16562,1.1955
Time,s,19,1.15446,1.15602,1.18884,1.17781
Time,s,19,1.20839,1.19141,1.18449,1.18853
Time,s,19,1.18993,1.18997,1.18082,1.2047
Time,s,19,1.18778,1.16811,1.17629,1.21046
Time,s,19,1.17032,1.15551,1.17629,1.17971
Time,s,19,1.19012,1.17293,1.17077,1.18448
Time,s,19,1.1852,1.18087,1.21249,1.17862
Time,s,19,1.16082,1.16994,1.18197,1.20875
Time,s,19,1.17573,1.16188,1.19091,1.18362
Time,s,19,1.18632,1.19134,1.1932,1.18662
Time,s,19,1.17444,1.17365,1.191,1.18229
Time,s,19,1.18406,1.16333,1.18783,1.19406
Time,s,19,1.17438,1.18181,1.20824,1.20175
Time,s,19,1.17496,1.16942,1.21504,1.19602
Time,s,19,1.1826,1.16886,1.19766,1.1908
Time,s,19,1.1576,1.18923,1.19239,1.19556
Time,s,19,1.18967,1.16732,1.21381,1.22317
Time,s,19,1.17162,1.18107,1.15859,1.19143
Time,s,19,1.18542,1.16091,1.1858,1.19403
Time,s,19,1.17711,1.18227,1.17251,1.17328
Time,s,19,1.18371,1.17697,1.17654,1.20917
Time,s,19,1.17573,1.16912,1.18844,1.22194
Time,s,19,1.17922,1.1722,1.19803,1.20382
Time,s,19,1.16927,1.17283,1.16601,1.19203
Time,s,19,1.19379,1.17697,1.17432,1.20786
Time,s,19,1.17692,1.17261,1.17841,1.21946
Time,s,19,1.18988,1.27319,1.18695,1.17705
Time,s,19,1.17442,1.17354,1.17419,1.2027
Time,s,19,1.20207,1.17884,1.17759,1.22093
Time,s,19,1.19587,1.2069,1.18601,1.18759
Time,s,19,1.19632,1.15576,1.18287,1.21845
Time,s,19,1.19151,1.17732,1.17614,1.17945
Time,s,19,1.18258,1.1721,1.17626,1.19935
Time,s,19,1.18571,1.19856,1.21318,1.18363
Time,s,19,1.19809,1.31696,1.18138,1.192
Time,s,19,1.19508,1.35112,1.19532,1.20013
Time,s,19,1.20933,1.16819,1.16971,1.20848
Time,s,19,1.17783,1.19081,1.21049,1.20266
Time,s,19,1.21127,1.18914,1.17344,1.17595
Time,s,19,1.16309,1.19182,1.16823,1.20251
Time,s,19,1.16487,1.26032,1.17035,1.19819
Time,s,19,1.17061,1.20337,1.19898,1.22919
Time,s,19,1.17014,1.19429,1.19103,1.20746
Time,s,19,1.17736,1.19885,1.17763,1.1972
Time,s,19,1.1983,1.17646,1.179,1.20822
Time,s,19,1.18946,1.17589,1.1906,1.2155
Time,s,19,1.17679,1.18667,1.19907,1.22552
Time,s,19,1.17808,1.18479,1.16829,1.18973
Time,s,19,1.17453,1.17497,1.18632,1.2087
Time,s,19,1.17768,1.18935,1.20596,1.18151
Time,s,19,1.16942,1.18668,1.19494,1.1848
Time,s,19,1.17698,1.17399,1.19761,1.19177
Time,s,19,1.1687,1.19448,1.19681,1.2036
Time,s,19,1.17979,1.19318,1.18874,1.20805
Time,s,19,1.16542,1.1917,1.20299,1.19407
Time,s,19,1.17241,1.17535,1.20059,1.18862
Time,s,19,1.17945,1.14675,1.19332,1.18984
Time,s,19,1.19267,1.1643,1.19725,1.18019
Time,s,19,1.18319,1.18454,1.20511,1.21174
Time,s,19,1.18148,1.15363,1.17561,1.18233
Time,s,19,1.18832,1.18463,1.20235,1.21524
Time,s,19,1.21548,1.18694,1.20485,1.18765
Time,s,19,1.16467,1.1707,1.20037,1.18748
Time,s,19,1.1798,1.18256,1.17031,1.19363
Time,s,19,1.17569,1.19186,1.17768,1.22608
Time,s,19,1.16711,1.19845,1.1798,1.20747
Time,s,19,1.15892,1.18347,1.17095,1.23324
Time,s,19,1.18859,1.20041,1.17302,1.19546
Time,s,19,1.1731,1.17087,1.17761,1.19172
Time,s,19,1.18962,1.18707,1.18258,1.21272
Time,s,19,1.16071,1.17766,1.19166,1.22356
Time,s,19,1.19341,1.16293,1.19213,1.20191
Time,s,20,0.01686,0.01796,0.01738,0.04117
Time,s,20,0.03312,0.01317,0.00885,0.01402
Time,s,20,0.03032,0.02745,0.02717,0.02934
Time,s,20,0.03125,0.00924,0.00655,0.03137
Time,s,20,0.03464,0.01202,0.00675,0.00931
Time,s,20,0.01033,0.00847,0.02897,0.02817
Time,s,20,0.02806,0.00909,0.00697,0.02953
Time,s,20,0.03353,0.00838,0.01087,0.04408
Time,s,20,0.03209,0.00816,0.00721,0.00974
Time,s,20,0.00892,0.01197,0.02587,0.02964
Time,s,20,0.0284,0.00879,0.00715,0.03171
Time,s,20,0.029,0.00891,0.00635,0.00956
Time,s,20,0.04166,0.00851,0.01067,0.02974
Time,s,20,0.01734,0.01283,0.0073,0.03621
Time,s,20,0.01083,0.00971,0.00667,0.01311
Time,s,20,0.0091,0.01172,0.00626,0.02847
Time,s,20,0.0079,0.01101,0.0068,0.03155
Time,s,20,0.00761,0.00894,0.00624,0.0344
Time,s,20,0.00793,0.00815,0.00608,0.01035
Time,s,20,0.01101,0.00864,0.00736,0.02881
Time,s,20,0.00844,0.00858,0.00617,0.03051
Time,s,20,0.00738,0.0086,0.00603,0.00902
Time,s,20,0.0072,0.00955,0.00653,0.02904
Time,s,20,0.00735,0.00874,0.00585,0.03191
Time,s,20,0.00775,0.00842,0.00632,0.01077
Time,s,20,0.00721,0.00861,0.00632,0.02828
Time,s,20,0.01168,0.0082,0.00645,0.0299
Time,s,20,0.00813,0.00834,0.00603,0.03377
Time,s,20,0.00742,0.0083,0.00594,0.01529
Time,s,20,0.00727,0.01708,0.00613,0.03104
Time,s,20,0.00791,0.00809,0.00619,0.03639
Time,s,20,0.00769,0.00832,0.006,0.01178
Time,s,20,0.0078,0.00788,0.00624,0.02953
Time,s,20,0.00914,0.00811,0.00682,0.02987
Time,s,20,0.00736,0.00817,0.00625,0.00922
Time,s,20,0.00753,0.00824,0.00634,0.02764
Time,s,20,0.00744,0.00823,0.00634,0.02964
Time,s,20,0.00721,0.00777,0.00644,0.03119
Time,s,20,0.00691,0.00846,0.00628,0.00948
Time,s,20,0.00718,0.0087,0.0065,0.02895
Time,s,20,0.00737,0.00827,0.00638,0.03164
Time,s,20,0.00739,0.00849,0.00615,0.01003
Time,s,20,0.00729,0.00801,0.00653,0.02892
Time,s,20,0.01456,0.00826,0.00663,0.04217
Time,s,20,0.0097,0.00868,0.00676,0.00895
Time,s,20,0.00766,0.00836,0.00652,0.01315
Time,s,20,0.00783,0.0084,0.00658,0.01084
Time,s,20,0.00716,0.00827,0.00605,0.00921
Time,s,20,0.0074,0.00838,0.00595,0.00808
Time,s,20,0.0074,0.0087,0.00675,0.00824
Time,s,20,0.00767,0.00836,0.00623,0.00799
Time,s,20,0.00715,0.00853,0.00613,0.00912
Time,s,20,0.00761,0.00829,0.00646,0.01178
Time,s,20,0.00709,0.00896,0.00628,0.00847
Time,s,20,0.00695,0.00874,0.00641,0.00802
Time,s,20,0.00711,0.00846,0.00661,0.00819
Time,s,20,0.00731,0.00828,0.00629,0.00802
Time,s,20,0.00894,0.00851,0.00625,0.00818
Time,s,20,0.00743,0.00875,0.00679,0.00808
Time,s,20,0.00723,0.00861,0.00641,0.00779
Time,s,20,0.00752,0.0087,0.00656,0.00819
Time,s,20,0.00883,0.00827,0.00611,0.00895
Time,s,20,0.00739,0.00805,0.00634,0.00792
Time,s,20,0.00721,0.00835,0.00655,0.00846
Time,s,20,0.00738,0.00874,0.00626,0.00817
Time,s,20,0.00737,0.00882,0.00716,0.01403
Time,s,20,0.00734,0.00794,0.00623,0.01047
Time,s,20,0.00737,0.00839,0.00625,0.00839
Time,s,20,0.00761,0.00819,0.00622,0.00833
Time,s,20,0.00778,0.00839,0.00633,0.00777
Time,s,20,0.00775,0.00851,0.00602,0.00804
Time,s,20,0.00715,0.00801,0.00606,0.00831
Time,s,20,0.00776,0.00868,0.00604,0.00853
Time,s,20,0.00726,0.01738,0.00755,0.0092
Time,s,20,0.00733,0.00903,0.00654,0.00801
Time,s,20,0.00707,0.01548,0.00644,0.00792
Time,s,20,0.00985,0.00898,0.00654,0.00825
Time,s,20,0.00802,0.00843,0.00683,0.0085
Time,s,20,0.01479,0.00831,0.00656,0.00822
Time,s,20,0.01203,0.00798,0.00704,0.00817
Time,s,20,0.00766,0.00865,0.00616,0.00852
Time,s,20,0.00778,0.00867,0.00624,0.00903
Time,s,20,0.00892,0.00884,0.00666,0.0085
Time,s,20,0.00758,0.00844,0.00654,0.00834
Time,s,20,0.00717,0.00841,0.0067,0.00815
Time,s,20,0.00706,0.00805,0.00634,0.00944
Time,s,20,0.00684,0.00786,0.0068,0.00831
Time,s,20,0.00745,0.00808,0.00692,0.00858
Time,s,20,0.00739,0.00797,0.00682,0.00847
Time,s,20,0.00718,0.00809,0.00686,0.01847
Time,s,20,0.0074,0.00783,0.00663,0.00992
Time,s,20,0.00724,0.00775,0.00654,0.00826
Time,s,20,0.00702,0.00795,0.00658,0.01031
Time,s,20,0.00701,0.00814,0.00604,0.00916
Time,s,20,0.00724,0.00839,0.00608,0.00915
Time,s,20,0.00702,0.00771,0.00624,0.00863
Time,s,20,0.00741,0.00826,0.00602,0.00959
Time,s,20,0.00703,0.00864,0.00654,0.00936
Time,s,20,0.00691,0.00867,0.00644,0.00929
Time,s,20,0.00746,0.0084,0.00624,0.00919
Time,s,21,0.4918,0.46453,0.42267,0.43155
Time,s,21,0.42369,0.41423,0.44599,0.51144
Time,s,21,0.39408,0.40748,0.42847,0.40028
Time,s,21,0.38542,0.40392,0.3974,0.40078
Time,s,21,0.41063,0.38596,0.3894,0.4178
Time,s,21,0.41284,0.40626,0.38332,0.41061
Time,s,21,0.39528,0.39131,0.3895,0.40101
Time,s,21,0.39651,0.41182,0.41426,0.38929
Time,s,21,0.39164,0.41457,0.40502,0.40776
Time,s,21,0.3953,0.39193,0.37813,0.40943
Time,s,21,0.42249,0.3951,0.39138,0.44396
Time,s,21,0.39515,0.38966,0.40528,0.44637
Time,s,21,0.40007,0.40545,0.41665,0.4034
Time,s,21,0.38814,0.42022,0.45748,0.41598
Time,s,21,0.41607,0.39429,0.39121,0.41632
Time,s,21,0.39047,0.39864,0.38894,0.42356
Time,s,21,0.39746,0.40586,0.396,0.39311
Time,s,21,0.41364,0.40583,0.40948,0.39521
Time,s,21,0.41132,0.3979,0.39114,0.41224
Time,s,21,0.3911,0.38692,0.39093,0.40584
Time,s,21,0.40171,0.3931,0.38289,0.41713
Time,s,21,0.39674,0.40432,0.41033,0.40054
Time,s,21,0.39043,0.41029,0.40972,0.40386
Time,s,21,0.38635,0.39304,0.39346,0.41869
Time,s,21,0.39406,0.39201,0.39873,0.41579
Time,s,21,0.41127,0.39596,0.40241,0.40689
Time,s,21,0.41228,0.40221,0.42094,0.39465
Time,s,21,0.3831,0.41347,0.41055,0.4042
Time,s,21,0.38573,0.38988,0.38606,0.41244
Time,s,21,0.40107,0.39771,0.39165,0.4116
Time,s,21,0.41312,0.39113,0.40489,0.39558
Time,s,21,0.40335,0.40087,0.38568,0.38857
Time,s,21,0.381,0.41566,0.41198,0.39197
Time,s,21,0.40997,0.39765,0.38754,0.40583
Time,s,21,0.40654,0.40478,0.39806,0.4101
Time,s,21,0.41317,0.41191,0.39496,0.40136
Time,s,21,0.40084,0.40585,0.38268,0.40034
Time,s,21,0.39598,0.4319,0.41631,0.40125
Time,s,21,0.39774,0.39289,0.39403,0.41407
Time,s,21,0.40273,0.40539,0.38612,0.42541
Time,s,21,0.39267,0.40709,0.40251,0.39769
Time,s,21,0.40018,0.42495,0.4042,0.40109
Time,s,21,0.40537,0.39075,0.40513,0.39596
Time,s,21,0.41147,0.38735,0.39217,0.39766
Time,s,21,0.39111,0.3989,0.39604,0.40998
Time,s,21,0.39062,0.39598,0.40501,0.39312
Time,s,21,0.39454,0.40209,0.42766,0.38756
Time,s,21,0.39776,0.38835,0.38296,0.4
Time,s,21,0.40741,0.38982,0.38795,0.38878
Time,s,21,0.39808,0.40781,0.38872,0.41341
Time,s,21,0.40397,0.40829,0.39781,0.39062
Time,s,21,0.3856,0.41455,0.40767,0.39951
Time,s,21,0.42458,0.39292,0.38283,0.4135
Time,s,21,0.39737,0.40283,0.39299,0.41554
Time,s,21,0.39096,0.38312,0.38746,0.39832
Time,s,21,0.3843,0.40788,0.40052,0.40527
Time,s,21,0.40603,0.41434,0.41265,0.40289
Time,s,21,0.39316,0.39954,0.38749,0.41143
Time,s,21,0.39156,0.40321,0.39929,0.40325
Time,s,21,0.39332,0.39333,0.39126,0.39466
Time,s,21,0.41344,0.40204,0.39783,0.39832
Time,s,21,0.37998,0.42599,0.43763,0.39237
Time,s,21,0.39271,0.38663,0.39152,0.40191
Time,s,21,0.3932,0.39031,0.39332,0.42409
Time,s,21,0.40104,0.39637,0.38747,0.40105
Time,s,21,0.4157,0.41304,0.37847,0.40395
Time,s,21,0.40102,0.39907,0.38243,0.42021
Time,s,21,0.39025,0.3992,0.39821,0.4097
Time,s,21,0.39849,0.4102,0.39811,0.42243
Time,s,21,0.41519,0.40943,0.39335,0.39726
Time,s,21,0.39161,0.41898,0.41647,0.41165
Time,s,21,0.4009,0.38713,0.38873,0.43465
Time,s,21,0.41494,0.39783,0.39174,0.41521
Time,s,21,0.39815,0.41543,0.39521,0.39522
Time,s,21,0.38198,0.41878,0.40987,0.39714
Time,s,21,0.39034,0.38737,0.4169,0.40395
Time,s,21,0.40069,0.39866,0.38329,0.40274
Time,s,21,0.41734,0.39917,0.39101,0.4037
Time,s,21,0.38113,0.40946,0.40776,0.39998
Time,s,21,0.38702,0.39621,0.39359,0.40978
Time,s,21,0.39801,0.40675,0.42216,0.41444
Time,s,21,0.41077,0.40405,0.38051,0.41152
Time,s,21,0.39209,0.40718,0.39279,0.40057
Time,s,21,0.38913,0.39719,0.40048,0.39684
Time,s,21,0.40593,0.41113,0.39814,0.4033
Time,s,21,0.41068,0.39879,0.41139,0.39752
Time,s,21,0.41553,0.39367,0.39823,0.41892
Time,s,21,0.39337,0.38662,0.3996,0.40137
Time,s,21,0.40401,0.40887,0.40503,0.39815
Time,s,21,0.40719,0.4178,0.40338,0.39419
Time,s,21,0.40139,0.38388,0.39858,0.40599
Time,s,21,0.3919,0.38921,0.39341,0.41555
Time,s,21,0.40313,0.40253,0.39781,0.39142
Time,s,21,0.42053,0.41473,0.40167,0.4003
Time,s,21,0.40095,0.42894,0.41456,0.40898
Time,s,21,0.38384,0.38776,0.39217,0.40519
Time,s,21,0.39743,0.38807,0.40392,0.41253
Time,s,21,0.39652,0.40882,0.39692,0.42432
Time,s,21,0.40884,0.39487,0.40022,0.39811
Time,s,21,0.39183,0.41764,0.41337,0.40834
Time,s,22,0.39169,0.37386,0.37249,0.19733
Time,s,22,0.40356,0.38094,0.36414,0.18395
Time,s,22,0.36679,0.37572,0.38534,0.18392
Time,s,22,0.38637,0.40035,0.38198,0.19115
Time,s,22,0.37177,0.38369,0.36748,0.18211
Time,s,22,0.3654,0.38947,0.36689,0.18116
Time,s,22,0.38624,0.38954,0.38732,0.20378
Time,s,22,0.36907,0.37308,0.3769,0.18118
Time,s,22,0.37852,0.36988,0.36552,0.18155
Time,s,22,0.37334,0.43365,0.37321,0.18273
Time,s,22,0.36613,0.38731,0.37127,0.18204
Time,s,22,0.3657,0.38927,0.35545,0.19173
Time,s,22,0.36841,0.37694,0.37383,0.18094
Time,s,22,0.38041,0.38319,0.36714,0.1844
Time,s,22,0.3846,0.38914,0.36686,0.18409
Time,s,22,0.40998,0.3815,0.38572,0.1909
Time,s,22,0.36956,0.36402,0.37056,0.19362
Time,s,22,0.38712,0.39751,0.37641,0.19994
Time,s,22,0.37263,0.35722,0.36128,0.18306
Time,s,22,0.37315,0.37613,0.38249,0.18579
Time,s,22,0.37635,0.38492,0.36915,0.17873
Time,s,22,0.36685,0.3763,0.36601,0.1884
Time,s,22,0.38419,0.40453,0.37133,0.19822
Time,s,22,0.36358,0.361,0.37826,0.20866
Time,s,22,0.38406,0.36514,0.38819,0.18113
Time,s,22,0.36978,0.37554,0.37556,0.18981
Time,s,22,0.4084,0.36683,0.38396,0.19001
Time,s,22,0.3637,0.38759,0.37372,0.18212
Time,s,22,0.37397,0.3762,0.39494,0.18027
Time,s,22,0.38239,0.38832,0.37185,0.19427
Time,s,22,0.37533,0.3736,0.36618,0.1824
Time,s,22,0.39371,0.37249,0.37618,0.18731
Time,s,22,0.36852,0.39393,0.37071,0.17743
Time,s,22,0.36764,0.37433,0.37115,0.1825
Time,s,22,0.37016,0.40617,0.36281,0.20255
Time,s,22,0.37737,0.37371,0.37216,0.18448
Time,s,22,0.371,0.38869,0.38249,0.18048
Time,s,22,0.36159,0.37494,0.37058,0.18126
Time,s,22,0.39615,0.3916,0.38104,0.1819
Time,s,22,0.36556,0.37009,0.39249,0.18235
Time,s,22,0.36712,0.37318,0.37354,0.19466
Time,s,22,0.37828,0.39396,0.36869,0.18645
Time,s,22,0.3741,0.36787,0.37587,0.1853
Time,s,22,0.38497,0.40554,0.36625,0.18293
Time,s,22,0.3714,0.37087,0.37774,0.19528
Time,s,22,0.36733,0.36406,0.37267,0.1837
Time,s,22,0.37123,0.38354,0.38432,0.1817
Time,s,22,0.39125,0.36789,0.36232,0.18795
Time,s,22,0.37728,0.39281,0.3865,0.18621
Time,s,22,0.37681,0.37634,0.36994,0.18154
Time,s,22,0.38883,0.39755,0.37176,0.18321
Time,s,22,0.38481,0.37879,0.37045,0.18247
Time,s,22,0.3998,0.38475,0.39168,0.18282
Time,s,22,0.36831,0.36473,0.38566,0.18008
Time,s,22,0.37633,0.37678,0.38603,0.18034
Time,s,22,0.37897,0.39051,0.37635,0.18348
Time,s,22,0.376,0.38466,0.38287,0.18572
Time,s,22,0.36589,0.38668,0.3669,0.19801
Time,s,22,0.3654,0.38522,0.39279,0.18459
Time,s,22,0.39141,0.37577,0.36954,0.19825
Time,s,22,0.3682,0.37881,0.36843,0.18012
Time,s,22,0.38574,0.37441,0.36647,0.18187
Time,s,22,0.37638,0.36835,0.36757,0.18824
Time,s,22,0.39177,0.40221,0.37097,0.18007
Time,s,22,0.37157,0.36061,0.36861,0.17635
Time,s,22,0.36886,0.36959,0.38786,0.19753
Time,s,22,0.36795,0.38484,0.37346,0.18411
Time,s,22,0.37309,0.37486,0.38244,0.19182
Time,s,22,0.39614,0.36917,0.39448,0.19258
Time,s,22,0.36769,0.38772,0.36683,0.1803
Time,s,22,0.36801,0.36717,0.37137,0.18063
Time,s,22,0.38508,0.37852,0.37288,0.1809
Time,s,22,0.37927,0.37604,0.39957,0.19029
Time,s,22,0.38195,0.38912,0.36776,0.19041
Time,s,22,0.36725,0.36399,0.37656,0.18742
Time,s,22,0.37855,0.38624,0.39025,0.19589
Time,s,22,0.39661,0.38257,0.39757,0.20595
Time,s,22,0.36957,0.37528,0.37802,0.17423
Time,s,22,0.37406,0.37802,0.36288,0.18079
Time,s,22,0.38488,0.37222,0.3675,0.19613
Time,s,22,0.38348,0.38124,0.38551,0.18277
Time,s,22,0.37428,0.38355,0.37418,0.18221
Time,s,22,0.39248,0.40162,0.37763,0.18111
Time,s,22,0.36748,0.37926,0.3734,0.18813
Time,s,22,0.3941,0.38996,0.37569,0.18366
Time,s,22,0.38011,0.36382,0.37305,0.19166
Time,s,22,0.38027,0.3744,0.36596,0.1844
Time,s,22,0.39162,0.37847,0.36762,0.17794
Time,s,22,0.36983,0.37849,0.38238,0.18018
Time,s,22,0.37182,0.38737,0.36586,0.17954
Time,s,22,0.38893,0.38615,0.38937,0.1833
Time,s,22,0.37446,0.36368,0.36771,0.1892
Time,s,22,0.36018,0.38747,0.39199,0.18184
Time,s,22,0.38649,0.40556,0.36289,0.19717
Time,s,22,0.3806,0.36465,0.36709,0.18322
Time,s,22,0.37683,0.38787,0.38891,0.18651
Time,s,22,0.36734,0.36837,0.37309,0.19285
Time,s,22,0.39122,0.39035,0.39141,0.18111
Time,s,22,0.36685,0.38197,0.38047,0.1812
Time,s,22,0.38716,0.38749,0.36946,0.20044
Time,s,23,0.60522,0.55516,0.56729,0.29872
Time,s,23,0.47372,0.46532,0.4543,0.24462
Time,s,23,0.49313,0.45225,0.51393,0.23536
Time,s,23,0.45506,0.44153,0.49098,0.23074
Time,s,23,0.44542,0.48229,0.47112,0.24669
Time,s,23,0.43886,0.47719,0.48576,0.23404
Time,s,23,0.47117,0.45507,0.4802,0.25057
Time,s,23,0.48647,0.45507,0.4772,0.2262
Time,s,23,0.45719,0.4514,0.46835,0.23241
Time,s,23,0.44671,0.47345,0.48487,0.21786
Time,s,23,0.43494,0.46052,0.44926,0.25766
Time,s,23,0.44092,0.46425,0.49392,0.24224
Time,s,23,0.47346,0.46346,0.42992,0.22851
Time,s,23,0.45334,0.44578,0.44073,0.24246
Time,s,23,0.49834,0.4506,0.45949,0.2502
Time,s,23,0.45911,0.4379,0.46335,0.24941
Time,s,23,0.4642,0.44714,0.46566,0.25432
Time,s,23,0.45645,0.47405,0.47272,0.23259
Time,s,23,0.45894,0.46279,0.46527,0.22906
Time,s,23,0.50588,0.46753,0.45452,0.25355
Time,s,23,0.446,0.46663,0.44567,0.25776
Time,s,23,0.44868,0.47141,0.46587,0.22625
Time,s,23,0.464,0.46493,0.4506,0.23521
Time,s,23,0.45277,0.43003,0.46868,0.23433
Time,s,23,0.46377,0.47018,0.44972,0.2268
Time,s,23,0.46848,0.47097,0.45257,0.24693
Time,s,23,0.48543,0.47653,0.45046,0.23555
Time,s,23,0.47679,0.44686,0.50271,0.24029
Time,s,23,0.47168,0.50348,0.46701,0.24438
Time,s,23,0.4346,0.45823,0.47108,0.26576
Time,s,23,0.42922,0.49938,0.49957,0.2484
Time,s,23,0.46671,0.43957,0.43938,0.23146
Time,s,23,0.43864,0.44828,0.53268,0.29241
Time,s,23,0.47207,0.459,0.46555,0.25871
Time,s,23,0.46988,0.47718,0.46024,0.2683
Time,s,23,0.45168,0.46829,0.43259,0.24051
Time,s,23,0.47354,0.49673,0.46879,0.23791
Time,s,23,0.45633,0.45181,0.46642,0.23977
Time,s,23,0.50001,0.47267,0.45464,0.23518
Time,s,23,0.46056,0.4531,0.45424,0.2359
Time,s,23,0.44628,0.47351,0.44365,0.25283
Time,s,23,0.43145,0.47,0.47808,0.23657
Time,s,23,0.45131,0.4837,0.52065,0.23021
Time,s,23,0.45734,0.43999,0.49348,0.23099
Time,s,23,0.44574,0.4571,0.48544,0.23
Time,s,23,0.45657,0.44379,0.47966,0.23488
Time,s,23,0.45136,0.45077,0.43985,0.24207
Time,s,23,0.44583,0.45188,0.47891,0.22737
Time,s,23,0.4596,0.46847,0.46771,0.23951
Time,s,23,0.461,0.46359,0.42555,0.23118
Time,s,23,0.44165,0.48751,0.45528,0.25605
Time,s,23,0.46675,0.43299,0.44493,0.24172
Time,s,23,0.47334,0.42935,0.46086,0.24054
Time,s,23,0.44072,0.45026,0.48483,0.22783
Time,s,23,0.45081,0.45219,0.4689,0.22943
Time,s,23,0.48614,0.51296,0.47814,0.23199
Time,s,23,0.46679,0.45791,0.48551,0.23492
Time,s,23,0.46361,0.44898,0.42846,0.23518
Time,s,23,0.47694,0.46255,0.46747,0.22896
Time,s,23,0.44711,0.48657,0.44862,0.24143
Time,s,23,0.45424,0.48519,0.46842,0.24813
Time,s,23,0.44888,0.46368,0.48541,0.23922
Time,s,23,0.44148,0.47729,0.45884,0.24622
Time,s,23,0.46186,0.47641,0.41926,0.24935
Time,s,23,0.50388,0.49173,0.46558,0.22437
Time,s,23,0.49035,0.46944,0.47732,0.22974
Time,s,23,0.43865,0.44049,0.46709,0.25147
Time,s,23,0.49066,0.45701,0.43438,0.24949
Time,s,23,0.42223,0.48421,0.47253,0.25097
Time,s,23,0.49038,0.47074,0.47003,0.25682
Time,s,23,0.45474,0.47248,0.43711,0.23092
Time,s,23,0.45572,0.44798,0.46192,0.2513
Time,s,23,0.45935,0.49857,0.45059,0.22376
Time,s,23,0.51086,0.4836,0.42496,0.23833
Time,s,23,0.43355,0.48759,0.47474,0.23466
Time,s,23,0.44142,0.50246,0.47757,0.23413
Time,s,23,0.50302,0.44778,0.46126,0.25634
Time,s,23,0.45525,0.4655,0.44498,0.22226
Time,s,23,0.44955,0.4617,0.46695,0.24697
Time,s,23,0.42685,0.47194,0.49868,0.25762
Time,s,23,0.48156,0.45684,0.49938,0.23478
Time,s,23,0.47527,0.47154,0.428,0.26679
Time,s,23,0.47692,0.46427,0.46529,0.23714
Time,s,23,0.48787,0.45493,0.46845,0.23412
Time,s,23,0.41851,0.48184,0.44894,0.23465
Time,s,23,0.45828,0.46783,0.47437,0.22306
Time,s,23,0.48369,0.44341,0.43901,0.27863
Time,s,23,0.47409,0.45375,0.43654,0.2396
Time,s,23,0.47371,0.47114,0.45435,0.23517
Time,s,23,0.43686,0.50112,0.49645,0.22636
Time,s,23,0.44179,0.4502,0.44818,0.24256
Time,s,23,0.46395,0.44462,0.44045,0.23625
Time,s,23,0.45504,0.4554,0.47711,0.24509
Time,s,23,0.44847,0.48963,0.49686,0.25552
Time,s,23,0.46503,0.44228,0.47677,0.23474
Time,s,23,0.4416,0.45903,0.47794,0.24773
Time,s,23,0.45671,0.47609,0.50556,0.23869
Time,s,23,0.47954,0.49599,0.42166,0.23028
Time,s,23,0.47852,0.47678,0.46044,0.25343
Time,s,23,0.48416,0.43145,0.46759,0.23597
Time,s,24,0.21494,0.19643,0.18937,0.24582
Time,s,24,0.19489,0.16464,0.17378,0.17254
Time,s,24,0.18267,0.17258,0.18424,0.19049
Time,s,24,0.18413,0.16239,0.18485,0.18587
Time,s,24,0.1822,0.16619,0.18619,0.19297
Time,s,24,0.18578,0.1631,0.18031,0.17346
Time,s,24,0.1949,0.16752,0.17718,0.17071
Time,s,24,0.21128,0.16413,0.17595,0.16902
Time,s,24,0.17315,0.16906,0.1875,0.17288
Time,s,24,0.17191,0.16974,0.17709,0.17552
Time,s,24,0.18034,0.18683,0.17992,0.16727
Time,s,24,0.17309,0.18058,0.17645,0.17015
Time,s,24,0.18177,0.16348,0.17437,0.17029
Time,s,24,0.17361,0.16338,0.17362,0.17016
Time,s,24,0.17105,0.16551,0.1768,0.17062
Time,s,24,0.16879,0.16367,0.1752,0.177
Time,s,24,0.17154,0.16392,0.174,0.16657
Time,s,24,0.1702,0.16323,0.17997,0.17403
Time,s,24,0.16608,0.16319,0.17854,0.18295
Time,s,24,0.17168,0.16811,0.18411,0.18828
Time,s,24,0.17235,0.16225,0.18016,0.16847
Time,s,24,0.16454,0.16428,0.17634,0.17909
Time,s,24,0.16829,0.16226,0.17738,0.17158
Time,s,24,0.16231,0.16468,0.17548,0.16897
Time,s,24,0.16401,0.16197,0.17573,0.17084
Time,s,24,0.16329,0.16421,0.17328,0.17084
Time,s,24,0.16466,0.1615,0.18599,0.17442
Time,s,24,0.16151,0.16452,0.17807,0.16965
Time,s,24,0.16841,0.16169,0.17872,0.16911
Time,s,24,0.16545,0.16892,0.17383,0.17118
Time,s,24,0.1616,0.16137,0.18348,0.16997
Time,s,24,0.16353,0.16041,0.17582,0.16886
Time,s,24,0.16111,0.16305,0.18307,0.16889
Time,s,24,0.16332,0.16803,0.1767,0.16913
Time,s,24,0.1626,0.16326,0.17972,0.17091
Time,s,24,0.16317,0.16167,0.17943,0.17614
Time,s,24,0.16217,0.16176,0.1752,0.17272
Time,s,24,0.16319,0.16085,0.17843,0.16893
Time,s,24,0.16784,0.16275,0.17923,0.16846
Time,s,24,0.16441,0.16929,0.17795,0.17094
Time,s,24,0.16246,0.16179,0.1803,0.169
Time,s,24,0.16315,0.16333,0.17772,0.16793
Time,s,24,0.16368,0.16342,0.17922,0.16889
Time,s,24,0.16184,0.16276,0.18106,0.1747
Time,s,24,0.16219,0.16275,0.17949,0.16751
Time,s,24,0.16317,0.16385,0.17763,0.17425
Time,s,24,0.16378,0.16628,0.17745,0.16872
Time,s,24,0.16597,0.1622,0.17781,0.16872
Time,s,24,0.16938,0.1645,0.17786,0.17194
Time,s,24,0.16297,0.16721,0.17352,0.17115
Time,s,24,0.16375,0.16277,0.18388,0.16898
Time,s,24,0.16214,0.16792,0.18077,0.16813
Time,s,24,0.16287,0.1633,0.18599,0.17012
Time,s,24,0.16233,0.16329,0.1863,0.1701
Time,s,24,0.16373,0.16388,0.18716,0.17204
Time,s,24,0.16144,0.16362,0.20031,0.17124
Time,s,24,0.16095,0.16082,0.19269,0.17095
Time,s,24,0.16556,0.16128,0.18884,0.16966
Time,s,24,0.16305,0.16687,0.20295,0.17007
Time,s,24,0.16208,0.16322,0.20903,0.17002
Time,s,24,0.16976,0.16317,0.18965,0.1689
Time,s,24,0.16291,0.16331,0.1854,0.17087
Time,s,24,0.16289,0.16476,0.17909,0.16834
Time,s,24,0.16359,0.16185,0.17786,0.16911
Time,s,24,0.16075,0.16369,0.18182,0.17415
Time,s,24,0.16412,0.16345,0.18029,0.16885
Time,s,24,0.16151,0.16337,0.17508,0.16934
Time,s,24,0.16909,0.16315,0.16792,0.17282
Time,s,24,0.16413,0.16905,0.16838,0.17015
Time,s,24,0.16085,0.16283,0.16902,0.16763
Time,s,24,0.16554,0.16148,0.17161,0.16854
Time,s,24,0.16179,0.16392,0.1674,0.17019
Time,s,24,0.16305,0.16477,0.16705,0.17863
Time,s,24,0.16148,0.16285,0.16884,0.17426
Time,s,24,0.16354,0.16159,0.16725,0.16855
Time,s,24,0.16312,0.16227,0.16749,0.16844
Time,s,24,0.16202,0.16223,0.16744,0.1708
Time,s,24,0.16953,0.16348,0.1864,0.1689
Time,s,24,0.16189,0.16891,0.17641,0.16962
Time,s,24,0.16158,0.16312,0.17629,0.16654
Time,s,24,0.1664,0.16137,0.16859,0.17038
Time,s,24,0.16264,0.16329,0.16837,0.1694
Time,s,24,0.16248,0.16464,0.16696,0.16854
Time,s,24,0.165,0.15908,0.16923,0.17458
Time,s,24,0.1648,0.16152,0.16654,0.16853
Time,s,24,0.16415,0.17056,0.16594,0.16938
Time,s,24,0.1623,0.16198,0.16803,0.17014
Time,s,24,0.16849,0.16313,0.16867,0.17167
Time,s,24,0.16412,0.16581,0.17114,0.16916
Time,s,24,0.16489,0.16127,0.17023,0.16893
Time,s,24,0.16196,0.16025,0.16803,0.16989
Time,s,24,0.1621,0.16629,0.17766,0.16785
Time,s,24,0.16221,0.16479,0.17099,0.17385
Time,s,24,0.16443,0.16378,0.16799,0.16865
Time,s,24,0.16281,0.16309,0.16886,0.1808
Time,s,24,0.16108,0.16236,0.16824,0.18707
Time,s,24,0.16609,0.16427,0.16902,0.16823
Time,s,24,0.16146,0.16969,0.16734,0.16969
Time,s,24,0.16225,0.16411,0.17485,0.16721
Time,s,24,0.16611,0.16421,0.1697,0.16732
Time,s,25,0.06037,0.05954,0.06367,0.04355
Time,s,25,0.05666,0.05703,0.05743,0.03886
Time,s,25,0.05622,0.05569,0.0575,0.03824
Time,s,25,0.05479,0.05357,0.05859,0.03811
Time,s,25,0.05349,0.057,0.05485,0.03921
Time,s,25,0.0529,0.05434,0.05492,0.03861
Time,s,25,0.05231,0.05366,0.05576,0.03843
Time,s,25,0.05314,0.05403,0.05501,0.03931
Time,s,25,0.05448,0.06228,0.05613,0.04063
Time,s,25,0.05222,0.05369,0.05451,0.03704
Time,s,25,0.05326,0.05526,0.05448,0.03722
Time,s,25,0.05265,0.05654,0.054,0.03639
Time,s,25,0.05204,0.05291,0.05574,0.03725
Time,s,25,0.05271,0.05326,0.05548,0.03753
Time,s,25,0.05416,0.05609,0.05581,0.03661
Time,s,25,0.0531,0.054,0.05495,0.03686
Time,s,25,0.0519,0.05348,0.05479,0.03652
Time,s,25,0.05156,0.05395,0.05472,0.03621
Time,s,25,0.05297,0.05393,0.05484,0.03699
Time,s,25,0.05261,0.05464,0.05515,0.05694
Time,s,25,0.05791,0.05425,0.05417,0.05305
Time,s,25,0.05355,0.05447,0.05416,0.06085
Time,s,25,0.05259,0.05659,0.05517,0.07644
Time,s,25,0.05139,0.0545,0.05885,0.05331
Time,s,25,0.05306,0.0523,0.05664,0.05945
Time,s,25,0.05401,0.05408,0.05364,0.06064
Time,s,25,0.05116,0.05285,0.05614,0.0564
Time,s,25,0.0514,0.0534,0.05491,0.06012
Time,s,25,0.05305,0.05336,0.05393,0.05819
Time,s,25,0.05359,0.0537,0.05442,0.05239
Time,s,25,0.05203,0.05356,0.05529,0.0597
Time,s,25,0.05244,0.05408,0.0554,0.04716
Time,s,25,0.05126,0.05387,0.05479,0.03949
Time,s,25,0.05132,0.05643,0.05735,0.03965
Time,s,25,0.05205,0.05428,0.05429,0.03958
Time,s,25,0.05396,0.05378,0.05438,0.03822
Time,s,25,0.05967,0.05289,0.05368,0.03709
Time,s,25,0.05401,0.05344,0.05584,0.03786
Time,s,25,0.05159,0.05277,0.05454,0.03708
Time,s,25,0.05301,0.05288,0.05443,0.03738
Time,s,25,0.05136,0.05341,0.05465,0.0366
Time,s,25,0.05348,0.05284,0.05673,0.03745
Time,s,25,0.05257,0.05246,0.05658,0.03964
Time,s,25,0.05184,0.05245,0.05484,0.04272
Time,s,25,0.05105,0.054,0.05565,0.03765
Time,s,25,0.05097,0.05316,0.0546,0.03671
Time,s,25,0.05211,0.05316,0.05505,0.03652
Time,s,25,0.0512,0.0529,0.05404,0.04562
Time,s,25,0.05299,0.06196,0.05476,0.03618
Time,s,25,0.05116,0.05593,0.05406,0.03579
Time,s,25,0.05543,0.05351,0.05426,0.03746
Time,s,25,0.05603,0.05876,0.05487,0.03667
Time,s,25,0.05061,0.05651,0.0571,0.03807
Time,s,25,0.05254,0.05489,0.06551,0.036
Time,s,25,0.05325,0.05464,0.05655,0.03656
Time,s,25,0.05352,0.0546,0.05527,0.0371
Time,s,25,0.05188,0.05442,0.05581,0.03658
Time,s,25,0.05137,0.0521,0.05496,0.03738
Time,s,25,0.0513,0.05423,0.05431,0.03906
Time,s,25,0.05288,0.05351,0.05397,0.03678
Time,s,25,0.05306,0.0531,0.05422,0.03642
Time,s,25,0.05165,0.05318,0.05759,0.03746
Time,s,25,0.05383,0.05273,0.05603,0.03732
Time,s,25,0.05209,0.05511,0.0543,0.03742
Time,s,25,0.05238,0.05254,0.05407,0.03705
Time,s,25,0.05135,0.05321,0.06051,0.03778
Time,s,25,0.05102,0.05375,0.05614,0.03671
Time,s,25,0.05041,0.05253,0.05477,0.0371
Time,s,25,0.05132,0.05254,0.0565,0.03693
Time,s,25,0.05081,0.05292,0.0554,0.03627
Time,s,25,0.05178,0.05279,0.05516,0.0374
Time,s,25,0.05153,0.05362,0.05463,0.03628
Time,s,25,0.05069,0.05295,0.05544,0.03699
Time,s,25,0.0517,0.05431,0.0545,0.0368
Time,s,25,0.05127,0.05326,0.05412,0.0361
Time,s,25,0.05189,0.05334,0.05388,0.03637
Time,s,25,0.052,0.05266,0.05419,0.0369
Time,s,25,0.05135,0.05316,0.05525,0.03822
Time,s,25,0.05132,0.05407,0.05574,0.03778
Time,s,25,0.05101,0.05323,0.0547,0.03858
Time,s,25,0.05187,0.05265,0.05633,0.03588
Time,s,25,0.05666,0.05845,0.06473,0.03666
Time,s,25,0.0539,0.05372,0.0559,0.03672
Time,s,25,0.05267,0.0538,0.05448,0.03659
Time,s,25,0.0516,0.05337,0.05504,0.03631
Time,s,25,0.05203,0.05348,0.05408,0.03824
Time,s,25,0.05148,0.05335,0.05359,0.04041
Time,s,25,0.05252,0.05268,0.0551,0.03643
Time,s,25,0.05117,0.05382,0.05545,0.0376
Time,s,25,0.05145,0.05331,0.05435,0.03758
Time,s,25,0.05306,0.05364,0.05643,0.03702
Time,s,25,0.05161,0.05352,0.05656,0.03722
Time,s,25,0.0515,0.05498,0.05477,0.03755
Time,s,25,0.05224,0.05533,0.05414,0.03728
Time,s,25,0.05176,0.05355,0.05439,0.0367
Time,s,25,0.05206,0.05303,0.05654,0.03645
Time,s,25,0.05233,0.05292,0.05388,0.03651
Time,s,25,0.05128,0.05367,0.05499,0.03754
Time,s,25,0.05143,0.05291,0.05548,0.03565
Time,s,25,0.05086,0.05251,0.05473,0.03639
Time,s,26,0.00912,0.01149,0.01157,0.01002
Time,s,26,0.00874,0.00955,0.01183,0.01141
Time,s,26,0.00917,0.01165,0.01059,0.00895
Time,s,26,0.00798,0.01061,0.01058,0.01277
Time,s,26,0.00851,0.01088,0.0127,0.0129
Time,s,26,0.00921,0.01096,0.0113,0.01501
Time,s,26,0.00829,0.01106,0.01107,0.01098
Time,s,26,0.00822,0.01025,0.01082,0.01251
Time,s,26,0.00866,0.00983,0.01172,0.01056
Time,s,26,0.00864,0.01094,0.01018,0.00962
Time,s,26,0.00824,0.01109,0.01219,0.01194
Time,s,26,0.00886,0.01032,0.01182,0.01252
Time,s,26,0.00897,0.01084,0.01061,0.01055
Time,s,26,0.00889,0.01103,0.01206,0.01297
Time,s,26,0.0092,0.01002,0.01225,0.00973
Time,s,26,0.0081,0.01086,0.01386,0.01018
Time,s,26,0.00957,0.00983,0.0112,0.01185
Time,s,26,0.00853,0.0097,0.01297,0.00971
Time,s,26,0.00926,0.01056,0.01376,0.00996
Time,s,26,0.01011,0.01231,0.01614,0.01211
Time,s,26,0.00986,0.01117,0.01027,0.01163
Time,s,26,0.0086,0.01055,0.01127,0.00937
Time,s,26,0.00837,0.01114,0.0122,0.01317
Time,s,26,0.00899,0.01112,0.01081,0.00924
Time,s,26,0.00913,0.01042,0.01086,0.00902
Time,s,26,0.00832,0.01078,0.01067,0.00893
Time,s,26,0.00889,0.01265,0.01079,0.00988
Time,s,26,0.00959,0.01068,0.0101,0.00862
Time,s,26,0.00801,0.01069,0.01058,0.01057
Time,s,26,0.00833,0.0102,0.01098,0.01049
Time,s,26,0.00908,0.01119,0.0098,0.00892
Time,s,26,0.00915,0.0104,0.0108,0.01372
Time,s,26,0.00899,0.01024,0.01049,0.01304
Time,s,26,0.00857,0.01087,0.01057,0.0128
Time,s,26,0.00825,0.01148,0.01001,0.01294
Time,s,26,0.00872,0.01157,0.01011,0.01008
Time,s,26,0.00866,0.01065,0.00983,0.01144
Time,s,26,0.00882,0.01012,0.01131,0.00953
Time,s,26,0.00862,0.01077,0.0102,0.00925
Time,s,26,0.00813,0.01031,0.01072,0.01149
Time,s,26,0.0115,0.01008,0.01145,0.01227
Time,s,26,0.01007,0.01068,0.0102,0.01274
Time,s,26,0.01132,0.01046,0.01132,0.01184
Time,s,26,0.0088,0.00957,0.01165,0.01025
Time,s,26,0.00941,0.00986,0.01009,0.01064
Time,s,26,0.00893,0.01121,0.01081,0.01023
Time,s,26,0.00861,0.01371,0.01052,0.01128
Time,s,26,0.01028,0.01157,0.01063,0.00904
Time,s,26,0.00916,0.00962,0.01008,0.01213
Time,s,26,0.00944,0.01122,0.01167,0.01318
Time,s,26,0.00833,0.0133,0.0121,0.01079
Time,s,26,0.00808,0.0133,0.01144,0.01089
Time,s,26,0.00849,0.01196,0.01254,0.00967
Time,s,26,0.00871,0.01201,0.01481,0.01107
Time,s,26,0.00944,0.01216,0.01128,0.00977
Time,s,26,0.00905,0.01217,0.01066,0.00877
Time,s,26,0.00803,0.01161,0.01241,0.01254
Time,s,26,0.0101,0.01048,0.01063,0.0124
Time,s,26,0.00858,0.01126,0.01004,0.00986
Time,s,26,0.00914,0.011,0.01206,0.00964
Time,s,26,0.00877,0.0112,0.01048,0.01333
Time,s,26,0.00935,0.01151,0.01316,0.01038
Time,s,26,0.00845,0.01055,0.01002,0.01345
Time,s,26,0.00889,0.01145,0.01047,0.01162
Time,s,26,0.00898,0.01043,0.01079,0.01045
Time,s,26,0.00867,0.01071,0.01135,0.01061
Time,s,26,0.00938,0.01116,0.01193,0.01274
Time,s,26,0.00894,0.00987,0.01075,0.01396
Time,s,26,0.00984,0.01314,0.01089,0.01227
Time,s,26,0.00989,0.01049,0.01048,0.01118
Time,s,26,0.01103,0.01131,0.01035,0.00962
Time,s,26,0.01086,0.0099,0.01047,0.00896
Time,s,26,0.01051,0.0119,0.01071,0.00969
Time,s,26,0.0088,0.01042,0.01132,0.00931
Time,s,26,0.00902,0.01092,0.0108,0.00997
Time,s,26,0.00902,0.01051,0.01033,0.00941
Time,s,26,0.01002,0.01104,0.01094,0.00983
Time,s,26,0.00942,0.0106,0.01031,0.01003
Time,s,26,0.00849,0.00962,0.01002,0.01225
Time,s,26,0.00847,0.01199,0.01097,0.01483
Time,s,26,0.00857,0.01057,0.01138,0.01096
Time,s,26,0.00931,0.00965,0.01118,0.01072
Time,s,26,0.01018,0.01119,0.01217,0.01061
Time,s,26,0.00991,0.00985,0.01455,0.01079
Time,s,26,0.00884,0.01098,0.01077,0.01379
Time,s,26,0.00827,0.01068,0.01177,0.00957
Time,s,26,0.00946,0.01034,0.0111,0.01111
Time,s,26,0.00919,0.01102,0.01065,0.01003
Time,s,26,0.00862,0.01078,0.01092,0.01305
Time,s,26,0.00844,0.01063,0.01006,0.01104
Time,s,26,0.00809,0.01044,0.01018,0.01078
Time,s,26,0.00851,0.01028,0.01057,0.0128
Time,s,26,0.00822,0.01034,0.01086,0.00916
Time,s,26,0.00898,0.01132,0.01065,0.01123
Time,s,26,0.00844,0.01078,0.00985,0.0107
Time,s,26,0.00799,0.01109,0.01019,0.01224
Time,s,26,0.00975,0.00997,0.0118,0.00969
Time,s,26,0.00897,0.01039,0.01061,0.01009
Time,s,26,0.00796,0.01143,0.01126,0.01394
Time,s,26,0.00841,0.01016,0.01158,0.00981
Time,s,27,0.0424,0.05227,0.04478,0.02758
Time,s,27,0.03679,0.04013,0.04048,0.02316
Time,s,27,0.03665,0.04014,0.03802,0.02304
Time,s,27,0.03613,0.04247,0.03799,0.02233
Time,s,27,0.03764,0.03889,0.03901,0.02322
Time,s,27,0.0363,0.03901,0.03825,0.02227
Time,s,27,0.03566,0.03874,0.03803,0.02242
Time,s,27,0.03612,0.03873,0.03853,0.02317
Time,s,27,0.03676,0.038,0.03843,0.02217
Time,s,27,0.03623,0.03889,0.03896,0.02248
Time,s,27,0.03543,0.03804,0.03884,0.02274
Time,s,27,0.03575,0.03918,0.03672,0.02996
Time,s,27,0.03536,0.03777,0.03822,0.02167
Time,s,27,0.03479,0.03754,0.03861,0.02253
Time,s,27,0.03605,0.03866,0.0392,0.02252
Time,s,27,0.03556,0.03807,0.03691,0.02244
Time,s,27,0.03519,0.04059,0.03744,0.02211
Time,s,27,0.03534,0.03844,0.03785,0.02245
Time,s,27,0.03478,0.03894,0.0384,0.02142
Time,s,27,0.04199,0.03776,0.03775,0.02166
Time,s,27,0.03886,0.03777,0.0402,0.02238
Time,s,27,0.03632,0.03765,0.03833,0.02147
Time,s,27,0.03543,0.03727,0.03826,0.0221
Time,s,27,0.03683,0.03781,0.03758,0.02256
Time,s,27,0.03478,0.03716,0.03782,0.02471
Time,s,27,0.03659,0.03778,0.03746,0.0222
Time,s,27,0.03605,0.03729,0.03881,0.02216
Time,s,27,0.03616,0.03801,0.03963,0.02235
Time,s,27,0.03673,0.04163,0.04139,0.02328
Time,s,27,0.03557,0.04054,0.03722,0.02387
Time,s,27,0.03598,0.03935,0.03792,0.02238
Time,s,27,0.03568,0.03833,0.03709,0.02265
Time,s,27,0.03559,0.03826,0.03704,0.02197
Time,s,27,0.03573,0.03798,0.03785,0.02249
Time,s,27,0.03512,0.03816,0.0364,0.02219
Time,s,27,0.03574,0.03816,0.0368,0.02257
Time,s,27,0.04019,0.03832,0.03848,0.02203
Time,s,27,0.03791,0.03812,0.03775,0.02223
Time,s,27,0.04394,0.03796,0.03768,0.02286
Time,s,27,0.03622,0.03851,0.03742,0.02269
Time,s,27,0.03481,0.0409,0.03739,0.02213
Time,s,27,0.03545,0.04096,0.03988,0.02189
Time,s,27,0.03512,0.03873,0.03864,0.02167
Time,s,27,0.03513,0.04013,0.03689,0.02107
Time,s,27,0.03435,0.04007,0.0362,0.02286
Time,s,27,0.03501,0.03811,0.03675,0.02211
Time,s,27,0.03508,0.03747,0.03628,0.02299
Time,s,27,0.03567,0.03693,0.03937,0.02352
Time,s,27,0.03733,0.03759,0.03775,0.02995
Time,s,27,0.03533,0.03794,0.0374,0.02302
Time,s,27,0.03571,0.03784,0.03721,0.02202
Time,s,27,0.03666,0.03801,0.03799,0.02285
Time,s,27,0.03591,0.03727,0.03737,0.02263
Time,s,27,0.03604,0.03751,0.03705,0.0233
Time,s,27,0.03973,0.03785,0.03795,0.02213
Time,s,27,0.03655,0.03834,0.03856,0.02188
Time,s,27,0.03585,0.0377,0.03608,0.02151
Time,s,27,0.03563,0.03785,0.03649,0.0221
Time,s,27,0.03473,0.03684,0.03769,0.02247
Time,s,27,0.0356,0.03845,0.03651,0.02265
Time,s,27,0.03482,0.03743,0.03659,0.02311
Time,s,27,0.03543,0.03735,0.03724,0.02232
Time,s,27,0.0352,0.03722,0.03727,0.02174
Time,s,27,0.03445,0.03778,0.03673,0.02297
Time,s,27,0.03618,0.03849,0.03689,0.02256
Time,s,27,0.03548,0.03749,0.03749,0.02241
Time,s,27,0.03636,0.03707,0.03772,0.02204
Time,s,27,0.03586,0.03761,0.03668,0.02243
Time,s,27,0.03572,0.03722,0.03785,0.02345
Time,s,27,0.03597,0.03839,0.03728,0.02495
Time,s,27,0.03521,0.04171,0.04436,0.02247
Time,s,27,0.03576,0.03893,0.03926,0.02231
Time,s,27,0.03539,0.03788,0.03789,0.02325
Time,s,27,0.03547,0.03794,0.03847,0.02371
Time,s,27,0.03543,0.03763,0.03829,0.02326
Time,s,27,0.03465,0.03764,0.03874,0.02161
Time,s,27,0.03472,0.03875,0.03893,0.02202
Time,s,27,0.03481,0.03711,0.03735,0.02189
Time,s,27,0.03545,0.03689,0.04479,0.02339
Time,s,27,0.03548,0.03809,0.03706,0.0224
Time,s,27,0.03844,0.03901,0.03745,0.0223
Time,s,27,0.03791,0.03954,0.03702,0.02213
Time,s,27,0.03584,0.04037,0.03878,0.0229
Time,s,27,0.03524,0.03856,0.03938,0.0218
Time,s,27,0.03478,0.03865,0.03757,0.02215
Time,s,27,0.0349,0.04073,0.03774,0.02313
Time,s,27,0.0347,0.03946,0.03692,0.02232
Time,s,27,0.03634,0.03832,0.038,0.0217
Time,s,27,0.03501,0.03733,0.03678,0.02159
Time,s,27,0.03483,0.03753,0.03686,0.02304
Time,s,27,0.03549,0.03698,0.03659,0.02284
Time,s,27,0.03512,0.03768,0.0371,0.02215
Time,s,27,0.03505,0.03709,0.03728,0.02237
Time,s,27,0.03746,0.03698,0.03767,0.02351
Time,s,27,0.03498,0.03693,0.03766,0.02448
Time,s,27,0.03525,0.0375,0.03647,0.02292
Time,s,27,0.03587,0.03793,0.03749,0.02303
Time,s,27,0.03581,0.03843,0.0386,0.02282
Time,s,27,0.03538,0.03943,0.03796,0.02231
Time,s,27,0.03499,0.03847,0.03919,0.02218
Time,s,28,0.25763,0.26842,0.25527,0.28516
Time,s,28,0.26614,0.25867,0.25464,0.27484
Time,s,28,0.26773,0.25314,0.24734,0.2535
Time,s,28,0.26631,0.25602,0.25433,0.26196
Time,s,28,0.26209,0.26044,0.25257,0.2479
Time,s,28,0.26475,0.27873,0.25771,0.26025
Time,s,28,0.26248,0.25909,0.25826,0.27299
Time,s,28,0.27242,0.2672,0.25711,0.26832
Time,s,28,0.27285,0.25929,0.262,0.24363
Time,s,28,0.28735,0.25899,0.26981,0.25491
Time,s,28,0.2787,0.27972,0.27084,0.25422
Time,s,28,0.25977,0.2637,0.25716,0.25111
Time,s,28,0.26086,0.27153,0.2712,0.26384
Time,s,28,0.26334,0.27509,0.27377,0.2466
Time,s,28,0.26415,0.2616,0.27064,0.24817
Time,s,28,0.27012,0.26589,0.25874,0.25447
Time,s,28,0.26711,0.27294,0.26538,0.25521
Time,s,28,0.26288,0.26378,0.2598,0.26448
Time,s,28,0.26341,0.27835,0.25912,0.25886
Time,s,28,0.26788,0.30167,0.25912,0.24666
Time,s,28,0.26646,0.29844,0.26862,0.25825
Time,s,28,0.27816,0.29624,0.26257,0.25054
Time,s,28,0.26622,0.28904,0.26329,0.25831
Time,s,28,0.26754,0.31643,0.25886,0.24513
Time,s,28,0.26176,0.26518,0.26544,0.26444
Time,s,28,0.26709,0.27614,0.26641,0.26608
Time,s,28,0.26196,0.26344,0.27767,0.25888
Time,s,28,0.26969,0.27032,0.25338,0.25398
Time,s,28,0.26137,0.26485,0.27956,0.25611
Time,s,28,0.27237,0.26627,0.25719,0.25916
Time,s,28,0.27768,0.26557,0.25189,0.25325
Time,s,28,0.26499,0.27344,0.26471,0.2599
Time,s,28,0.27011,0.26696,0.2662,0.24954
Time,s,28,0.26798,0.26673,0.26629,0.25789
Time,s,28,0.27218,0.27667,0.26188,0.25853
Time,s,28,0.25866,0.26991,0.25907,0.26164
Time,s,28,0.2692,0.26965,0.26155,0.25383
Time,s,28,0.26222,0.28169,0.27295,0.2504
Time,s,28,0.26332,0.26815,0.26586,0.24836
Time,s,28,0.28183,0.28053,0.26085,0.25015
Time,s,28,0.26375,0.26489,0.25755,0.26205
Time,s,28,0.26669,0.26559,0.25895,0.25214
Time,s,28,0.27063,0.27634,0.27822,0.25588
Time,s,28,0.26844,0.26617,0.26806,0.253
Time,s,28,0.26187,0.26828,0.265,0.25502
Time,s,28,0.26266,0.26788,0.25771,0.25067
Time,s,28,0.2662,0.27001,0.26326,0.24654
Time,s,28,0.27368,0.26575,0.25663,0.27091
Time,s,28,0.26082,0.28169,0.2619,0.26486
Time,s,28,0.27753,0.26718,0.2583,0.25596
Time,s,28,0.26846,0.26294,0.26585,0.27598
Time,s,28,0.26716,0.267,0.25735,0.25195
Time,s,28,0.26392,0.27362,0.2727,0.25745
Time,s,28,0.26911,0.27813,0.25755,0.2631
Time,s,28,0.26942,0.27265,0.26941,0.24931
Time,s,28,0.26002,0.26838,0.25761,0.25017
Time,s,28,0.27934,0.26473,0.27791,0.25136
Time,s,28,0.26354,0.26637,0.26671,0.25886
Time,s,28,0.26692,0.26402,0.26502,0.2692
Time,s,28,0.25765,0.26415,0.28018,0.26871
Time,s,28,0.26245,0.27513,0.27592,0.27214
Time,s,28,0.26204,0.26688,0.27895,0.24809
Time,s,28,0.27058,0.26596,0.26147,0.25544
Time,s,28,0.26719,0.26702,0.2667,0.26005
Time,s,28,0.26882,0.2653,0.26163,0.24823
Time,s,28,0.26102,0.26105,0.26828,0.27146
Time,s,28,0.26309,0.26935,0.25922,0.24698
Time,s,28,0.26223,0.26647,0.25919,0.2692
Time,s,28,0.27834,0.26744,0.27273,0.25534
Time,s,28,0.2609,0.26742,0.25867,0.2517
Time,s,28,0.26656,0.26816,0.25656,0.2595
Time,s,28,0.2637,0.26909,0.26632,0.2613
Time,s,28,0.26363,0.27188,0.25855,0.26794
Time,s,28,0.26902,0.25703,0.26782,0.2481
Time,s,28,0.27219,0.26794,0.28345,0.26057
Time,s,28,0.27693,0.27802,0.26716,0.25556
Time,s,28,0.27334,0.26439,0.27296,0.27161
Time,s,28,0.26074,0.26442,0.26959,0.2524
Time,s,28,0.26578,0.27268,0.26263,0.25558
Time,s,28,0.263,0.27112,0.25988,0.25809
Time,s,28,0.27107,0.26471,0.2701,0.26613
Time,s,28,0.26562,0.26319,0.26748,0.24812
Time,s,28,0.27046,0.26664,0.2621,0.24443
Time,s,28,0.26397,0.26498,0.2674,0.2531
Time,s,28,0.2666,0.26516,0.26897,0.25876
Time,s,28,0.2813,0.26428,0.26506,0.2567
Time,s,28,0.27563,0.26807,0.26488,0.25084
Time,s,28,0.27792,0.25892,0.25955,0.25144
Time,s,28,0.2651,0.2656,0.27193,0.25504
Time,s,28,0.26615,0.27211,0.2743,0.25985
Time,s,28,0.26276,0.26946,0.25825,0.25337
Time,s,28,0.26236,0.26884,0.2601,0.25716
Time,s,28,0.26963,0.26648,0.27836,0.25762
Time,s,28,0.26287,0.25641,0.27787,0.25423
Time,s,28,0.26967,0.26448,0.28353,0.24777
Time,s,28,0.26312,0.26158,0.27387,0.25788
Time,s,28,0.25677,0.26626,0.25982,0.25878
Time,s,28,0.26935,0.2633,0.2523,0.25535
Time,s,28,0.2738,0.27585,0.26398,0.25493
Time,s,28,0.26436,0.2635,0.25853,0.24372
Time,s,29,6.08282,6.1376,6.13698,5.97859
Time,s,29,5.87123,5.96604,5.89212,5.66776
Time,s,29,5.86826,5.97997,5.88214,5.6906
Time,s,29,5.86873,5.98722,5.88332,5.73248
Time,s,29,5.88017,5.95326,5.88188,5.65727
Time,s,29,5.89278,5.93643,5.89048,5.63802
Time,s,29,5.85105,5.95662,5.86091,5.63632
Time,s,29,5.86257,5.98378,5.86094,5.6253
Time,s,29,5.88105,5.9514,5.88902,5.62201
Time,s,29,5.85651,5.94985,5.84921,5.64535
Time,s,29,5.89197,5.95351,5.89515,5.64513
Time,s,29,5.97371,5.97624,5.91566,5.65694
Time,s,29,5.88785,5.96011,5.95121,5.73104
Time,s,29,5.86649,5.97038,5.8579,5.673
Time,s,29,5.86751,5.94521,5.89329,5.67299
Time,s,29,5.88453,5.96473,5.88488,5.66487
Time,s,29,5.86011,5.96714,5.85794,5.65956
Time,s,29,5.87292,5.95993,5.89958,5.67265
Time,s,29,5.85576,5.99441,5.87967,5.63692
Time,s,29,5.88508,5.98804,5.88691,5.66047
Time,s,29,5.86612,5.96039,5.87947,5.68592
Time,s,29,5.91555,5.96255,5.88296,5.69628
Time,s,29,5.87221,5.978,6.01785,5.65304
Time,s,29,5.8666,5.94785,5.9135,5.64331
Time,s,29,5.87807,5.96671,5.95912,5.6235
Time,s,29,5.88539,5.95408,5.88743,5.67574
Time,s,29,5.96128,5.95286,5.89143,5.67006
Time,s,29,5.90382,5.95672,5.88128,5.72793
Time,s,29,5.88757,5.9851,5.85195,5.64692
Time,s,29,5.88032,5.9722,5.85205,5.64945
Time,s,29,5.88677,5.97104,5.86995,5.63847
Time,s,29,6.10627,5.95475,5.87451,5.71361
Time,s,29,5.86557,5.97414,5.8573,5.70365
Time,s,29,5.86723,5.9436,5.90067,5.68811
Time,s,29,5.86671,5.98958,5.86258,5.63234
Time,s,29,5.86683,5.96909,5.87197,5.64566
Time,s,29,5.85381,5.95808,5.86774,5.6453
Time,s,29,5.89427,5.9792,5.92953,5.66638
Time,s,29,5.89425,5.98473,5.91264,5.65378
Time,s,29,5.86619,5.96575,5.9046,5.7117
Time,s,29,5.92984,5.9678,6.1623,5.69648
Time,s,29,5.8745,5.97621,6.22853,5.68115
Time,s,29,5.87028,5.9834,5.91122,5.64713
Time,s,29,5.85539,5.9682,5.88806,5.69912
Time,s,29,5.9142,5.96904,5.86562,5.68671
Time,s,29,5.89041,5.96757,5.89886,5.66464
Time,s,29,5.92155,5.95973,5.8869,5.65756
Time,s,29,5.90853,5.98737,5.8973,5.66527
Time,s,29,5.9696,5.97992,5.90214,5.69442
Time,s,29,5.90307,5.94608,5.88328,5.72887
Time,s,29,5.90638,5.95734,5.88839,5.70268
Time,s,29,5.89592,5.97353,5.86894,5.67583
Time,s,29,5.92119,5.98571,5.87145,5.66335
Time,s,29,5.95202,5.98871,5.88787,5.66089
Time,s,29,5.96092,5.97454,5.89075,5.68954
Time,s,29,5.94044,5.9615,5.89996,5.71432
Time,s,29,5.87792,5.97821,5.9179,5.68215
Time,s,29,5.79913,6.00268,5.89475,5.65636
Time,s,29,5.90324,5.97984,5.89861,5.66066
Time,s,29,5.99695,5.97946,5.88592,5.6806
Time,s,29,5.86975,5.98505,5.91413,5.73134
Time,s,29,5.86073,5.99289,5.8839,5.70346
Time,s,29,5.87422,5.99327,5.88743,5.67551
Time,s,29,5.86201,5.97527,5.8585,5.64241
Time,s,29,5.89975,5.95318,5.92336,5.75601
Time,s,29,5.87212,5.98521,5.91163,5.68245
Time,s,29,5.87942,5.98639,5.93162,5.67081
Time,s,29,5.88533,5.97541,5.86907,5.69011
Time,s,29,5.92024,6.19667,5.8909,5.69815
Time,s,29,5.86763,6.03543,5.89808,5.6553
Time,s,29,5.8905,5.97476,5.88995,5.69744
Time,s,29,5.89637,5.965,5.89732,5.68306
Time,s,29,5.89734,5.99253,5.86532,5.70128
Time,s,29,5.88209,5.97643,5.88958,5.68453
Time,s,29,5.91708,5.98758,5.91571,5.65766
Time,s,29,5.87895,5.99816,5.8906,5.68532
Time,s,29,5.88761,5.95589,5.88722,5.7018
Time,s,29,5.92304,5.96436,5.88554,5.73088
Time,s,29,5.9106,5.97662,5.86148,5.75221
Time,s,29,5.87377,5.98894,5.88306,5.65397
Time,s,29,5.89856,5.95152,5.86506,5.64015
Time,s,29,5.94426,5.98665,5.92302,5.64942
Time,s,29,5.87539,5.98879,5.8994,5.76227
Time,s,29,5.89162,5.97727,5.89331,5.76839
Time,s,29,5.91502,5.98134,5.88843,5.96701
Time,s,29,5.91108,6.05649,5.89373,5.68217
Time,s,29,5.92022,5.97774,5.89166,5.6845
Time,s,29,5.90368,5.97652,5.89123,5.67756
Time,s,29,5.9076,6.0344,5.91264,5.71489
Time,s,29,5.89865,5.98208,5.87252,5.65192
Time,s,29,5.91499,6.00254,5.87882,5.68144
Time,s,29,5.89189,5.98539,5.91197,5.69924
Time,s,29,5.89114,5.98275,5.92278,5.68491
Time,s,29,5.89435,5.98789,5.93037,5.68038
Time,s,29,5.91661,5.97658,5.89497,5.69279
Time,s,29,5.90817,5.99666,5.90476,5.72932
Time,s,29,5.88817,5.97193,5.87104,5.67275
Time,s,29,5.91554,5.97847,5.88827,5.68063
Time,s,29,5.90995,6.0105,5.89464,5.68496
Time,s,29,5.94239,5.97909,5.89697,5.72065
Time,s,30,0.05971,0.06658,0.061,0.0505
Time,s,30,0.0419,0.0529,0.04383,0.04034
Time,s,30,0.04417,0.04232,0.0429,0.04636
Time,s,30,0.04393,0.0397,0.044,0.04381
Time,s,30,0.04204,0.04105,0.04449,0.04182
Time,s,30,0.0424,0.03861,0.04381,0.05097
Time,s,30,0.04194,0.04326,0.03385,0.04202
Time,s,30,0.03119,0.0421,0.04724,0.04319
Time,s,30,0.04499,0.04476,0.04109,0.03954
Time,s,30,0.04117,0.04437,0.04164,0.04369
Time,s,30,0.03805,0.0482,0.04125,0.04292
Time,s,30,0.03724,0.04454,0.03469,0.04467
Time,s,30,0.0402,0.04579,0.04697,0.04193
Time,s,30,0.04967,0.04793,0.0409,0.04143
Time,s,30,0.03962,0.04551,0.04158,0.04559
Time,s,30,0.03932,0.04448,0.04435,0.04427
Time,s,30,0.0421,0.04208,0.04228,0.04532
Time,s,30,0.04402,0.04656,0.0426,0.04075
Time,s,30,0.04285,0.0447,0.04013,0.04886
Time,s,30,0.03773,0.04971,0.04387,0.04537
Time,s,30,0.04259,0.03881,0.04209,0.04514
Time,s,30,0.04313,0.04444,0.04494,0.04485
Time,s,30,0.04009,0.04264,0.04076,0.04656
Time,s,30,0.046,0.04062,0.04761,0.04256
Time,s,30,0.03107,0.04143,0.03427,0.04243
Time,s,30,0.04258,0.04244,0.0453,0.04359
Time,s,30,0.03764,0.04257,0.03953,0.04543
Time,s,30,0.0419,0.04045,0.04412,0.04168
Time,s,30,0.03947,0.0417,0.04224,0.04463
Time,s,30,0.03771,0.04365,0.04261,0.0431
Time,s,30,0.0424,0.04627,0.03882,0.04588
Time,s,30,0.04479,0.03157,0.04581,0.04449
Time,s,30,0.0398,0.05669,0.04227,0.04399
Time,s,30,0.04107,0.04347,0.04629,0.04699
Time,s,30,0.03962,0.04055,0.04026,0.04814
Time,s,30,0.04033,0.03926,0.04327,0.0458
Time,s,30,0.02961,0.04417,0.04398,0.04558
Time,s,30,0.03929,0.04525,0.04223,0.04695
Time,s,30,0.03697,0.04415,0.04381,0.04643
Time,s,30,0.04193,0.04335,0.04605,0.04914
Time,s,30,0.03929,0.04647,0.04157,0.04803
Time,s,30,0.03998,0.04469,0.04533,0.04735
Time,s,30,0.03845,0.04256,0.04308,0.05376
Time,s,30,0.04168,0.0466,0.04175,0.05008
Time,s,30,0.03987,0.04759,0.04206,0.04883
Time,s,30,0.04049,0.03437,0.04845,0.05311
Time,s,30,0.04468,0.0448,0.04396,0.04388
Time,s,30,0.0407,0.04249,0.0465,0.04624
Time,s,30,0.04253,0.0442,0.04018,0.04575
Time,s,30,0.04299,0.04207,0.04296,0.04468
Time,s,30,0.03896,0.03934,0.04541,0.04717
Time,s,30,0.045,0.03973,0.04711,0.0432
Time,s,30,0.04089,0.0423,0.04507,0.04564
Time,s,30,0.04085,0.0463,0.04513,0.03658
Time,s,30,0.05043,0.04346,0.04331,0.04885
Time,s,30,0.04122,0.04757,0.04529,0.03926
Time,s,30,0.04889,0.04323,0.04265,0.03977
Time,s,30,0.04402,0.04142,0.04124,0.0412
Time,s,30,0.04359,0.04929,0.03253,0.04047
Time,s,30,0.04478,0.03765,0.04606,0.04044
Time,s,30,0.04636,0.04232,0.04218,0.04215
Time,s,30,0.04183,0.04593,0.03924,0.04298
Time,s,30,0.04408,0.0398,0.04158,0.04617
Time,s,30,0.04484,0.04113,0.04535,0.04165
Time,s,30,0.03016,0.04445,0.04,0.03968
Time,s,30,0.04466,0.04288,0.03934,0.04362
Time,s,30,0.04193,0.04213,0.04534,0.04611
Time,s,30,0.0392,0.04533,0.04608,0.04072
Time,s,30,0.04293,0.04344,0.04967,0.04143
Time,s,30,0.03524,0.04452,0.04519,0.04222
Time,s,30,0.04553,0.04462,0.04377,0.04615
Time,s,30,0.03849,0.05002,0.04282,0.04358
Time,s,30,0.02901,0.03216,0.03606,0.03806
Time,s,30,0.0375,0.03892,0.04223,0.04151
Time,s,30,0.04074,0.03813,0.04286,0.04401
Time,s,30,0.03942,0.04271,0.04194,0.04034
Time,s,30,0.03721,0.04156,0.03937,0.04126
Time,s,30,0.03896,0.03198,0.04539,0.04342
Time,s,30,0.04294,0.03811,0.04091,0.04755
Time,s,30,0.04003,0.04078,0.04186,0.04152
Time,s,30,0.04007,0.04301,0.04022,0.0487
Time,s,30,0.03877,0.04026,0.04591,0.04833
Time,s,30,0.04567,0.04127,0.0448,0.04315
Time,s,30,0.04462,0.0432,0.0406,0.04171
Time,s,30,0.0419,0.04115,0.04055,0.04846
Time,s,30,0.03969,0.04196,0.04255,0.04549
Time,s,30,0.04273,0.04014,0.0454,0.04587
Time,s,30,0.04268,0.04307,0.04344,0.04256
Time,s,30,0.04217,0.04592,0.04385,0.03105
Time,s,30,0.04487,0.04327,0.04491,0.04495
Time,s,30,0.05088,0.04011,0.04411,0.03985
Time,s,30,0.04597,0.0428,0.05032,0.03875
Time,s,30,0.04332,0.04397,0.04238,0.04444
Time,s,30,0.04898,0.04705,0.04625,0.04201
Time,s,30,0.05171,0.04665,0.04465,0.04079
Time,s,30,0.04546,0.04863,0.04178,0.04121
Time,s,30,0.04324,0.04372,0.04109,0.04333
Time,s,30,0.05048,0.04617,0.04783,0.04498
Time,s,30,0.0453,0.03972,0.04651,0.04493
Time,s,30,0.04011,0.04386,0.04133,0.05097
Time,s,31,0.286,0.27257,0.27726,0.18156
Time,s,31,0.24427,0.26196,0.2659,0.16213
Time,s,31,0.25758,0.26448,0.25565,0.16901
Time,s,31,0.26028,0.24372,0.27189,0.17493
Time,s,31,0.26169,0.24495,0.24674,0.18312
Time,s,31,0.27154,0.26381,0.25351,0.16722
Time,s,31,0.24954,0.25581,0.26387,0.16233
Time,s,31,0.25924,0.25461,0.25718,0.1767
Time,s,31,0.25983,0.24889,0.27516,0.17897
Time,s,31,0.26075,0.24461,0.26543,0.18193
Time,s,31,0.24938,0.24349,0.25204,0.1866
Time,s,31,0.25028,0.25391,0.26085,0.16186
Time,s,31,0.29679,0.26085,0.24722,0.17979
Time,s,31,0.27468,0.25177,0.27423,0.19015
Time,s,31,0.24549,0.26437,0.27763,0.16078
Time,s,31,0.24745,0.27123,0.2537,0.18001
Time,s,31,0.25398,0.26335,0.25812,0.18197
Time,s,31,0.25862,0.26726,0.26221,0.1655
Time,s,31,0.25743,0.25935,0.2452,0.17644
Time,s,31,0.26274,0.26701,0.24976,0.1751
Time,s,31,0.27536,0.26289,0.25161,0.15962
Time,s,31,0.26052,0.25835,0.2453,0.17465
Time,s,31,0.25406,0.26622,0.25026,0.17
Time,s,31,0.2748,0.25586,0.27565,0.18391
Time,s,31,0.27545,0.26019,0.25446,0.17976
Time,s,31,0.2616,0.25388,0.26712,0.16096
Time,s,31,0.25992,0.2468,0.24815,0.16266
Time,s,31,0.25957,0.26464,0.26776,0.16863
Time,s,31,0.25426,0.24291,0.26368,0.17656
Time,s,31,0.27402,0.25797,0.26545,0.16252
Time,s,31,0.25531,0.26888,0.26484,0.1811
Time,s,31,0.27331,0.25599,0.25724,0.17005
Time,s,31,0.24985,0.25066,0.27187,0.16829
Time,s,31,0.2614,0.25678,0.26534,0.16487
Time,s,31,0.24827,0.25721,0.26321,0.18265
Time,s,31,0.2516,0.27253,0.25971,0.18056
Time,s,31,0.24774,0.25012,0.24219,0.17843
Time,s,31,0.24903,0.24889,0.24746,0.16324
Time,s,31,0.26783,0.27335,0.27066,0.16868
Time,s,31,0.26418,0.268,0.25932,0.15868
Time,s,31,0.24896,0.25679,0.24613,0.17697
Time,s,31,0.27238,0.24548,0.2508,0.18924
Time,s,31,0.24836,0.25097,0.26147,0.16602
Time,s,31,0.24904,0.24843,0.26681,0.16346
Time,s,31,0.24978,0.26601,0.26176,0.17805
Time,s,31,0.2518,0.2458,0.25049,0.1693
Time,s,31,0.25347,0.25095,0.25587,0.16168
Time,s,31,0.26255,0.25392,0.26795,0.16563
Time,s,31,0.2648,0.25983,0.2544,0.16117
Time,s,31,0.25409,0.24748,0.27254,0.17291
Time,s,31,0.24875,0.23891,0.27218,0.17533
Time,s,31,0.2568,0.24857,0.25763,0.18316
Time,s,31,0.26084,0.26032,0.26119,0.18403
Time,s,31,0.26051,0.25541,0.26719,0.17556
Time,s,31,0.27119,0.24948,0.2521,0.15939
Time,s,31,0.24867,0.25991,0.25659,0.16569
Time,s,31,0.24754,0.26629,0.28495,0.17254
Time,s,31,0.26095,0.26608,0.2668,0.17146
Time,s,31,0.24718,0.24532,0.26731,0.18228
Time,s,31,0.24804,0.24739,0.2487,0.17035
Time,s,31,0.25812,0.25295,0.25261,0.18219
Time,s,31,0.25745,0.26098,0.25817,0.1777
Time,s,31,0.26292,0.24199,0.27247,0.18168
Time,s,31,0.24772,0.25078,0.26103,0.17427
Time,s,31,0.25858,0.2665,0.25707,0.18005
Time,s,31,0.24455,0.24238,0.26054,0.16673
Time,s,31,0.25594,0.25,0.26449,0.17987
Time,s,31,0.24215,0.27564,0.27089,0.16181
Time,s,31,0.26344,0.24816,0.27203,0.17528
Time,s,31,0.24671,0.25722,0.26117,0.18469
Time,s,31,0.25735,0.26458,0.25943,0.17677
Time,s,31,0.25337,0.25738,0.26738,0.17661
Time,s,31,0.25252,0.26942,0.26424,0.17626
Time,s,31,0.26418,0.26385,0.25729,0.18154
Time,s,31,0.2541,0.24817,0.25858,0.1784
Time,s,31,0.26512,0.26506,0.26774,0.17588
Time,s,31,0.25196,0.26728,0.26822,0.16283
Time,s,31,0.25526,0.25138,0.27781,0.17561
Time,s,31,0.26589,0.27188,0.26402,0.18131
Time,s,31,0.25766,0.25378,0.27004,0.1613
Time,s,31,0.24104,0.25264,0.26492,0.16444
Time,s,31,0.25253,0.2657,0.24746,0.18651
Time,s,31,0.25122,0.25511,0.27534,0.17427
Time,s,31,0.26036,0.26617,0.2478,0.18442
Time,s,31,0.25359,0.25502,0.2522,0.18056
Time,s,31,0.25667,0.27303,0.27145,0.17839
Time,s,31,0.25101,0.26225,0.24701,0.16257
Time,s,31,0.25904,0.2671,0.25712,0.16632
Time,s,31,0.27056,0.24898,0.26976,0.17232
Time,s,31,0.25661,0.25084,0.26658,0.1786
Time,s,31,0.26761,0.25457,0.2607,0.17641
Time,s,31,0.26873,0.27113,0.26136,0.17247
Time,s,31,0.26634,0.25117,0.27849,0.17188
Time,s,31,0.27164,0.25942,0.28727,0.16049
Time,s,31,0.25028,0.24841,0.27092,0.17754
Time,s,31,0.2571,0.26338,0.25242,0.16567
Time,s,31,0.24842,0.24931,0.28371,0.18079
Time,s,31,0.26819,0.26054,0.24654,0.16119
Time,s,31,0.27474,0.26184,0.27089,0.17979
Time,s,31,0.26853,0.26834,0.27304,0.17031
Time,s,32,0.36304,0.34898,0.33912,0.23842
Time,s,32,0.31784,0.32689,0.33379,0.20387
Time,s,32,0.34042,0.33856,0.31415,0.20589
Time,s,32,0.34189,0.32463,0.32055,0.2229
Time,s,32,0.31856,0.33751,0.34643,0.21028
Time,s,32,0.35931,0.34159,0.32028,0.21833
Time,s,32,0.33554,0.31489,0.33039,0.2248
Time,s,32,0.33617,0.32353,0.33372,0.21422
Time,s,32,0.33079,0.32479,0.3348,0.21743
Time,s,32,0.33452,0.33372,0.35042,0.20986
Time,s,32,0.33809,0.31844,0.3429,0.22353
Time,s,32,0.34878,0.32964,0.32366,0.21959
Time,s,32,0.34045,0.3136,0.32419,0.21913
Time,s,32,0.31724,0.33513,0.33001,0.2205
Time,s,32,0.33419,0.3278,0.31797,0.22033
Time,s,32,0.33673,0.31695,0.3144,0.21902
Time,s,32,0.34527,0.33677,0.32991,0.23283
Time,s,32,0.34082,0.32107,0.33244,0.22013
Time,s,32,0.31795,0.33655,0.3375,0.22279
Time,s,32,0.32229,0.33189,0.3187,0.22962
Time,s,32,0.34059,0.31981,0.31043,0.22689
Time,s,32,0.33915,0.33517,0.32501,0.2276
Time,s,32,0.32567,0.31391,0.31255,0.22985
Time,s,32,0.34529,0.33395,0.34126,0.2033
Time,s,32,0.34913,0.31743,0.31012,0.20627
Time,s,32,0.31432,0.31618,0.31671,0.22654
Time,s,32,0.33303,0.31806,0.34189,0.21216
Time,s,32,0.32898,0.32899,0.33087,0.22423
Time,s,32,0.31183,0.32419,0.3428,0.2203
Time,s,32,0.34585,0.3137,0.31801,0.23069
Time,s,32,0.31432,0.32183,0.33903,0.21993
Time,s,32,0.32536,0.32007,0.3239,0.2264
Time,s,32,0.31644,0.3397,0.32893,0.22729
Time,s,32,0.33489,0.34824,0.33208,0.21448
Time,s,32,0.31908,0.32416,0.3376,0.19905
Time,s,32,0.34259,0.32038,0.31851,0.22045
Time,s,32,0.31785,0.31731,0.33302,0.21666
Time,s,32,0.31428,0.32703,0.3135,0.21857
Time,s,32,0.32303,0.33944,0.33762,0.22872
Time,s,32,0.31539,0.32245,0.311,0.2281
Time,s,32,0.33012,0.33852,0.31725,0.20875
Time,s,32,0.31245,0.33829,0.31304,0.23236
Time,s,32,0.3255,0.32514,0.31447,0.22654
Time,s,32,0.3398,0.31716,0.3253,0.22535
Time,s,32,0.3126,0.31304,0.33851,0.2001
Time,s,32,0.33539,0.33258,0.33703,0.20747
Time,s,32,0.32216,0.32254,0.32538,0.21701
Time,s,32,0.33196,0.32257,0.3311,0.22314
Time,s,32,0.32323,0.33554,0.3514,0.22777
Time,s,32,0.32296,0.3294,0.31591,0.21846
Time,s,32,0.32412,0.33423,0.32732,0.20192
Time,s,32,0.33683,0.33969,0.32089,0.21217
Time,s,32,0.33062,0.32709,0.34483,0.22372
Time,s,32,0.33842,0.32044,0.31546,0.21832
Time,s,32,0.31498,0.33132,0.31724,0.21855
Time,s,32,0.32851,0.32655,0.31657,0.22606
Time,s,32,0.339,0.33571,0.34128,0.2205
Time,s,32,0.31982,0.33905,0.3198,0.2234
Time,s,32,0.34047,0.32293,0.32578,0.2266
Time,s,32,0.31123,0.33971,0.31866,0.22574
Time,s,32,0.32253,0.31423,0.32129,0.22922
Time,s,32,0.33087,0.31881,0.34341,0.22774
Time,s,32,0.33307,0.34127,0.32402,0.22985
Time,s,32,0.33538,0.31429,0.32823,0.23231
Time,s,32,0.33661,0.32099,0.33662,0.22899
Time,s,32,0.32439,0.33709,0.32487,0.22778
Time,s,32,0.34921,0.31382,0.33515,0.24081
Time,s,32,0.31216,0.3122,0.32509,0.29834
Time,s,32,0.32489,0.32288,0.35591,0.29952
Time,s,32,0.32196,0.3358,0.3267,0.26989
Time,s,32,0.32131,0.32533,0.31835,0.20663
Time,s,32,0.33377,0.33061,0.32517,0.20879
Time,s,32,0.34116,0.3226,0.34615,0.19886
Time,s,32,0.30994,0.31392,0.33896,0.21029
Time,s,32,0.31212,0.32752,0.3317,0.21795
Time,s,32,0.31781,0.32436,0.33633,0.22311
Time,s,32,0.31978,0.34184,0.343,0.22079
Time,s,32,0.3262,0.31387,0.34458,0.22073
Time,s,32,0.32034,0.34329,0.31927,0.22357
Time,s,32,0.32885,0.31898,0.32658,0.21511
Time,s,32,0.33639,0.34608,0.32314,0.2262
Time,s,32,0.32801,0.3238,0.32269,0.23003
Time,s,32,0.32366,0.31907,0.34906,0.23127
Time,s,32,0.31162,0.3408,0.33097,0.23279
Time,s,32,0.33339,0.31326,0.31914,0.21223
Time,s,32,0.33068,0.31843,0.31733,0.19943
Time,s,32,0.31826,0.32669,0.34816,0.22646
Time,s,32,0.31902,0.32721,0.3201,0.22626
Time,s,32,0.32571,0.32023,0.3235,0.20359
Time,s,32,0.33404,0.31308,0.32544,0.21482
Time,s,32,0.32666,0.31242,0.32957,0.21481
Time,s,32,0.32644,0.32105,0.33096,0.21831
Time,s,32,0.31322,0.32391,0.32502,0.22023
Time,s,32,0.31737,0.34352,0.34718,0.22322
Time,s,32,0.34485,0.31998,0.32346,0.22108
Time,s,32,0.34825,0.33784,0.31566,0.22442
Time,s,32,0.3127,0.32945,0.31766,0.24258
Time,s,32,0.31514,0.3267,0.32974,0.25216
Time,s,32,0.34151,0.33632,0.33856,0.25986
Time,s,32,0.33077,0.31897,0.32448,0.22108
Time,s,33,1.57399,1.57828,1.66247,1.72832
Time,s,33,1.45073,1.55856,1.50526,1.81267
Time,s,33,1.39385,1.54052,1.56174,1.34068
Time,s,33,1.36967,1.42321,1.64455,1.33568
Time,s,33,1.46623,1.45962,1.59144,1.44459
Time,s,33,1.44123,1.3501,1.55374,1.54476
Time,s,33,1.31501,1.36364,1.473,1.58321
Time,s,33,1.35253,1.37071,1.34916,1.46822
Time,s,33,1.40676,1.58747,1.39954,1.35773
Time,s,33,1.32503,1.45281,1.31927,1.33381
Time,s,33,1.3141,1.54759,1.35361,1.3377
Time,s,33,1.53451,1.48508,1.34754,1.35074
Time,s,33,1.48154,1.33811,1.37617,1.42104
Time,s,33,1.39145,1.49116,1.35128,1.49828
Time,s,33,1.41186,1.37696,1.32648,1.53938
Time,s,33,1.51659,1.36197,1.35052,1.53111
Time,s,33,1.39024,1.56556,1.33176,1.49285
Time,s,33,1.44723,1.43881,1.33478,1.39967
Time,s,33,1.46077,1.52967,1.35367,1.41457
Time,s,33,1.30929,1.41517,1.32389,1.46721
Time,s,33,1.38104,1.41114,1.34574,1.42816
Time,s,33,1.42021,1.38842,1.33292,1.49138
Time,s,33,1.40183,1.3468,1.3675,1.46512
Time,s,33,1.42268,1.36357,1.36548,1.42101
Time,s,33,1.36549,1.45065,1.3302,1.50262
Time,s,33,1.45644,1.37559,1.35943,1.47075
Time,s,33,1.29822,1.3092,1.40042,1.4158
Time,s,33,1.29788,1.3239,1.47893,1.53433
Time,s,33,1.41776,1.33734,1.33643,1.46559
Time,s,33,1.3597,1.31912,1.35227,1.42935
Time,s,33,1.31499,1.34679,1.548,1.44956
Time,s,33,1.39066,1.30652,1.55745,1.48176
Time,s,33,1.43215,1.3412,1.41239,1.46824
Time,s,33,1.33836,1.41546,1.52765,1.62142
Time,s,33,1.51829,1.56867,1.47157,1.47166
Time,s,33,1.41083,1.41899,1.52909,1.42102
Time,s,33,1.32566,1.50669,1.43627,1.4198
Time,s,33,1.41738,1.54693,1.48104,1.52447
Time,s,33,1.54741,1.50572,1.3956,1.58699
Time,s,33,1.45972,1.53891,1.45176,1.44704
Time,s,33,1.31313,1.5245,1.4589,1.43446
Time,s,33,1.35943,1.42005,1.40844,1.53922
Time,s,33,1.3855,1.54112,1.417,1.56967
Time,s,33,1.38154,1.52119,1.44454,1.39531
Time,s,33,1.43164,1.40848,1.43633,1.40832
Time,s,33,1.53864,1.42977,1.4864,1.52262
Time,s,33,1.39238,1.46496,1.44644,1.41545
Time,s,33,1.38512,1.6202,1.42891,1.44587
Time,s,33,1.43093,1.42374,1.42491,1.40937
Time,s,33,1.32378,1.44061,1.3861,1.40144
Time,s,33,1.47715,1.52103,1.41558,1.40979
Time,s,33,1.40608,1.53001,1.3939,1.43838
Time,s,33,1.32076,1.43867,1.39106,1.35378
Time,s,33,1.46736,1.40765,1.39226,1.33685
Time,s,33,1.45692,1.55669,1.393,1.36155
Time,s,33,1.45548,1.43664,1.41209,1.33922
Time,s,33,1.37949,1.56803,1.41071,1.40215
Time,s,33,1.31559,1.44529,1.45693,1.56584
Time,s,33,1.34972,1.38704,1.46713,1.41974
Time,s,33,1.48736,1.50491,1.39222,1.46382
Time,s,33,1.45302,1.50002,1.4168,1.44499
Time,s,33,1.39945,1.47091,1.53386,1.47435
Time,s,33,1.46751,1.49787,1.42091,1.40682
Time,s,33,1.35195,1.44444,1.44023,1.41583
Time,s,33,1.34534,1.45266,1.40407,1.46341
Time,s,33,1.42184,1.51351,1.47021,1.42084
Time,s,33,1.42326,1.53196,1.45853,1.52844
Time,s,33,1.47523,1.47432,1.40881,1.48574
Time,s,33,1.38804,1.49643,1.53204,1.40015
Time,s,33,1.40345,1.46165,1.43819,1.52529
Time,s,33,1.45916,1.47143,1.36063,1.45658
Time,s,33,1.44467,1.44061,1.43924,1.39251
Time,s,33,1.42053,1.55045,1.40518,1.39526
Time,s,33,1.42343,1.4406,1.40697,1.40968
Time,s,33,1.30471,1.51155,1.46633,1.59632
Time,s,33,1.34781,1.47056,1.45758,1.5409
Time,s,33,1.38916,1.5564,1.53969,1.46136
Time,s,33,1.32945,1.43632,1.44943,1.47653
Time,s,33,1.46093,1.42631,1.50009,1.5016
Time,s,33,1.5046,1.5177,1.52915,1.46867
Time,s,33,1.34926,1.43957,1.34223,1.42714
Time,s,33,1.39223,1.41886,1.41076,1.56364
Time,s,33,1.45999,1.4948,1.72868,1.4189
Time,s,33,1.39397,1.44069,1.45553,1.47302
Time,s,33,1.38436,1.57069,1.45371,1.47184
Time,s,33,1.41745,1.57341,1.52789,1.47555
Time,s,33,1.38934,1.43352,1.51468,1.46593
Time,s,33,1.40587,1.42794,1.44761,1.43536
Time,s,33,1.32161,1.4291,1.39468,1.53368
Time,s,33,1.4952,1.44418,1.44736,1.43517
Time,s,33,1.43145,1.5314,1.41143,1.40325
Time,s,33,1.41554,1.43268,1.41083,1.43768
Time,s,33,1.44979,1.41758,1.4117,1.45294
Time,s,33,1.34043,1.41205,1.42862,1.39719
Time,s,33,1.3813,1.48554,1.52453,1.42989
Time,s,33,1.43162,1.46879,1.45497,1.38422
Time,s,33,1.33301,1.50591,1.41932,1.41247
Time,s,33,1.48374,1.45894,1.37446,1.46111
Time,s,33,1.43766,1.4475,1.44402,1.48267
Time,s,33,1.35885,1.51741,1.54121,1.41766
Time,s,34,1.53146,1.58554,1.62593,1.64534
Time,s,34,1.33987,1.39723,1.40914,1.41182
Time,s,34,1.3299,1.32022,1.36838,1.32446
Time,s,34,1.35157,1.38351,1.29123,1.33342
Time,s,34,1.29209,1.31418,1.50395,1.34788
Time,s,34,1.37264,1.32752,1.33156,1.30911
Time,s,34,1.30905,1.31488,1.31464,1.3305
Time,s,34,1.28314,1.29339,1.32075,1.32914
Time,s,34,1.2997,1.28948,1.31591,1.3014
Time,s,34,1.28097,1.29603,1.29086,1.29992
Time,s,34,1.27999,1.30076,1.30768,1.31232
Time,s,34,1.2875,1.31092,1.29926,1.29827
Time,s,34,1.2853,1.29522,1.30472,1.30791
Time,s,34,1.29742,1.30043,1.27764,1.28739
Time,s,34,1.29216,1.2932,1.28581,1.29081
Time,s,34,1.28206,1.29003,1.29372,1.29953
Time,s,34,1.30565,1.28386,1.31191,1.31761
Time,s,34,1.27962,1.30275,1.27635,1.30931
Time,s,34,1.27828,1.28732,1.2975,1.28847
Time,s,34,1.5962,1.29168,1.28717,1.31338
Time,s,34,1.26899,1.28837,1.27933,1.30928
Time,s,34,1.31722,1.28807,1.27983,1.29346
Time,s,34,1.27118,1.30541,1.27558,1.35251
Time,s,34,1.28314,1.36326,1.27897,1.31659
Time,s,34,1.37885,1.29559,1.30646,1.33645
Time,s,34,1.283,1.29421,1.3384,1.32976
Time,s,34,1.28353,1.28443,1.33953,1.32207
Time,s,34,1.28979,1.29533,1.30276,1.34278
Time,s,34,1.29512,1.28835,1.30231,1.3148
Time,s,34,1.32216,1.28892,1.26752,1.3203
Time,s,34,1.28955,1.31374,1.29853,1.30676
Time,s,34,1.28445,1.32301,1.32816,1.32249
Time,s,34,1.28334,1.29357,1.28698,1.31829
Time,s,34,1.298,1.29622,1.30072,1.30027
Time,s,34,1.3117,1.29424,1.27942,1.29753
Time,s,34,1.29479,1.30554,1.27858,1.30015
Time,s,34,1.29041,1.30843,1.28057,1.34529
Time,s,34,1.2938,1.30435,1.27288,1.29606
Time,s,34,1.28165,1.30731,1.288,1.27932
Time,s,34,1.28838,1.2846,1.28297,1.29028
Time,s,34,1.28506,1.29024,1.28559,1.30611
Time,s,34,1.27446,1.30795,1.29541,1.30193
Time,s,34,1.2676,1.2972,1.29478,1.29645
Time,s,34,1.29006,1.29034,1.28635,1.28774
Time,s,34,1.27895,1.28794,1.2762,1.29046
Time,s,34,1.27983,1.30684,1.29694,1.30011
Time,s,34,1.2815,1.31901,1.29091,1.29914
Time,s,34,1.26705,1.29164,1.26613,1.29096
Time,s,34,1.27646,1.28261,1.2916,1.28174
Time,s,34,1.27715,1.27703,1.28403,1.27459
Time,s,34,1.28943,1.31145,1.28774,1.29815
Time,s,34,1.30498,1.29026,1.28801,1.31745
Time,s,34,1.28827,1.28349,1.28697,1.3252
Time,s,34,1.28444,1.28375,1.29205,1.30912
Time,s,34,1.29602,1.29894,1.30256,1.30015
Time,s,34,1.30865,1.30778,1.30848,1.30326
Time,s,34,1.28855,1.28739,1.28683,1.29254
Time,s,34,1.27816,1.28566,1.3646,1.29026
Time,s,34,1.30345,1.29284,1.28736,1.30458
Time,s,34,1.3111,1.30375,1.27136,1.29791
Time,s,34,1.29783,1.32465,1.29481,1.31632
Time,s,34,1.30202,1.28921,1.27912,1.29145
Time,s,34,1.29571,1.29282,1.27935,1.30782
Time,s,34,1.30923,1.29457,1.27952,1.29539
Time,s,34,1.28673,1.28232,1.30559,1.30837
Time,s,34,1.2759,1.29867,1.28088,1.29483
Time,s,34,1.27768,1.32075,1.28679,1.28432
Time,s,34,1.29503,1.27528,1.27717,1.29295
Time,s,34,1.27144,1.30382,1.27886,1.30054
Time,s,34,1.29784,1.29499,1.2804,1.2979
Time,s,34,1.29256,1.3204,1.28111,1.31013
Time,s,34,1.27915,1.30275,1.28319,1.29697
Time,s,34,1.27857,1.2878,1.29253,1.30884
Time,s,34,1.26723,1.2876,1.30195,1.30215
Time,s,34,1.27196,1.32217,1.30582,1.31333
Time,s,34,1.28334,1.29745,1.29462,1.28807
Time,s,34,1.29892,1.44384,1.28166,1.29381
Time,s,34,1.31231,1.35105,1.29703,1.32118
Time,s,34,1.30699,1.35798,1.29727,1.28655
Time,s,34,1.31043,1.34231,1.29605,1.32045
Time,s,34,1.30455,1.28601,1.27546,1.30204
Time,s,34,1.3149,1.29846,1.30224,1.29393
Time,s,34,1.2954,1.29774,1.2873,1.29561
Time,s,34,1.27498,1.28597,1.29607,1.3107
Time,s,34,1.27449,1.28878,1.30399,1.3206
Time,s,34,1.26582,1.29479,1.27796,1.29691
Time,s,34,1.28932,1.30047,1.28539,1.29941
Time,s,34,1.29952,1.31793,1.30203,1.31845
Time,s,34,1.29225,1.28426,1.29782,1.29072
Time,s,34,1.27231,1.28795,1.28321,1.30686
Time,s,34,1.2721,1.2972,1.26456,1.27949
Time,s,34,1.29735,1.28599,1.28149,1.29043
Time,s,34,1.28416,1.29695,1.28578,1.30172
Time,s,34,1.28306,1.28378,1.29317,1.2887
Time,s,34,1.3356,1.27953,1.28665,1.31991
Time,s,34,1.32165,1.2909,1.26568,1.3092
Time,s,34,1.28468,1.29362,1.28597,1.31059
Time,s,34,1.32107,1.29261,1.2973,1.32204
Time,s,34,1.28654,1.29588,1.37255,1.30955
Time,s,34,1.27387,1.28966,1.27898,1.31245
Time,s,35,1.3206,1.32581,1.2975,1.35506
Time,s,35,1.33909,1.33096,1.31566,1.36324
Time,s,35,1.31121,1.32208,1.32664,1.34194
Time,s,35,1.32738,1.30664,1.33945,1.34623
Time,s,35,1.31538,1.3101,1.32674,1.35929
Time,s,35,1.33159,1.3248,1.326,1.35386
Time,s,35,1.2957,1.3131,1.32934,1.35354
Time,s,35,1.31563,1.32147,1.34194,1.34938
Time,s,35,1.31353,1.33528,1.33351,1.33809
Time,s,35,1.32864,1.32705,1.3166,1.32042
Time,s,35,1.30597,1.33084,1.33397,1.30273
Time,s,35,1.33394,1.31806,1.32311,1.3186
Time,s,35,1.30361,1.32404,1.30849,1.31582
Time,s,35,1.30709,1.33014,1.3448,1.3435
Time,s,35,1.30601,1.31238,1.3241,1.33427
Time,s,35,1.32309,1.3134,1.32703,1.32333
Time,s,35,1.31967,1.31798,1.31814,1.32033
Time,s,35,1.3095,1.32366,1.31573,1.34007
Time,s,35,1.31121,1.32154,1.30684,1.3312
Time,s,35,1.30385,1.32927,1.32887,1.32519
Time,s,35,1.31481,1.32246,1.30318,1.31338
Time,s,35,1.32213,1.32144,1.31767,1.33972
Time,s,35,1.31524,1.34627,1.32967,1.34899
Time,s,35,1.31939,1.31953,1.32101,1.35526
Time,s,35,1.31518,1.33919,1.32286,1.34553
Time,s,35,1.33157,1.32377,1.33264,1.346
Time,s,35,1.3189,1.32309,1.32931,1.34412
Time,s,35,1.317,1.33586,1.33589,1.33764
Time,s,35,1.314,1.31908,1.3223,1.35083
Time,s,35,1.31513,1.33455,1.30665,1.34876
Time,s,35,1.33608,1.31869,1.34261,1.36425
Time,s,35,1.3414,1.33573,1.33939,1.35899
Time,s,35,1.31645,1.3433,1.34645,1.3401
Time,s,35,1.31146,1.32681,1.33717,1.34128
Time,s,35,1.29496,1.32456,1.32568,1.32766
Time,s,35,1.32042,1.33339,1.30984,1.32682
Time,s,35,1.30089,1.3407,1.3238,1.32962
Time,s,35,1.28706,1.32677,1.33492,1.34843
Time,s,35,1.31774,1.31888,1.32732,1.30387
Time,s,35,1.31636,1.31161,1.3073,1.32291
Time,s,35,1.31197,1.33121,1.32523,1.32807
Time,s,35,1.31128,1.33514,1.3264,1.31564
Time,s,35,1.31418,1.32901,1.31176,1.35158
Time,s,35,1.33221,1.33028,1.31283,1.32546
Time,s,35,1.31032,1.331,1.31598,1.32378
Time,s,35,1.31106,1.31344,1.31519,1.32361
Time,s,35,1.31691,1.32514,1.33358,1.32614
Time,s,35,1.32228,1.32707,1.30116,1.34178
Time,s,35,1.33079,1.31923,1.32268,1.33717
Time,s,35,1.31041,1.34524,1.34025,1.33761
Time,s,35,1.31756,1.32156,1.33708,1.33713
Time,s,35,1.32638,1.34065,1.3438,1.33436
Time,s,35,1.33769,1.34104,1.33172,1.32557
Time,s,35,1.31544,1.33096,1.32291,1.33803
Time,s,35,1.30344,1.33637,1.33794,1.32282
Time,s,35,1.33351,1.3421,1.32505,1.34995
Time,s,35,1.30584,1.33477,1.34328,1.34007
Time,s,35,1.31185,1.31622,1.33184,1.32857
Time,s,35,1.30689,1.32654,1.3193,1.3257
Time,s,35,1.32448,1.32046,1.30937,1.33452
Time,s,35,1.33292,1.3514,1.32965,1.32344
Time,s,35,1.31152,1.33681,1.33167,1.33556
Time,s,35,1.32182,1.33199,1.32697,1.32949
Time,s,35,1.3374,1.32681,1.32183,1.31058
Time,s,35,1.30313,1.31444,1.33453,1.31392
Time,s,35,1.29917,1.33309,1.31958,1.31996
Time,s,35,1.3232,1.31421,1.2976,1.37168
Time,s,35,1.33771,1.30817,1.29681,1.33483
Time,s,35,1.29524,1.32487,1.33636,1.33796
Time,s,35,1.33947,1.31713,1.31507,1.33905
Time,s,35,1.30973,1.33553,1.31967,1.34166
Time,s,35,1.32238,1.31821,1.31881,1.35942
Time,s,35,1.30934,1.28924,1.31577,1.32077
Time,s,35,1.30223,1.29628,1.33216,1.34376
Time,s,35,1.32238,1.32072,1.32229,1.32659
Time,s,35,1.32562,1.32846,1.31836,1.34915
Time,s,35,1.30303,1.30027,1.32672,1.35297
Time,s,35,1.34258,1.30624,1.33098,1.35414
Time,s,35,1.30494,1.34966,1.32001,1.33843
Time,s,35,1.32476,1.38611,1.34187,1.32601
Time,s,35,1.32715,1.68297,1.33497,1.33515
Time,s,35,1.32065,1.35409,1.33228,1.3311
Time,s,35,1.31377,1.33904,1.31194,1.32316
Time,s,35,1.32148,1.32016,1.31648,1.32526
Time,s,35,1.30448,1.35753,1.33254,1.33927
Time,s,35,1.31696,1.36065,1.31735,1.33795
Time,s,35,1.31723,1.30216,1.32278,1.31978
Time,s,35,1.32117,1.32318,1.29884,1.33931
Time,s,35,1.30746,1.32855,1.32849,1.31458
Time,s,35,1.3064,1.33174,1.3354,1.33077
Time,s,35,1.31542,1.30731,1.31588,1.34811
Time,s,35,1.31527,1.31234,1.31849,1.33676
Time,s,35,1.30098,1.31657,1.32672,1.3431
Time,s,35,1.31857,1.30468,1.32199,1.35036
Time,s,35,1.30481,1.33242,1.32749,1.32805
Time,s,35,1.30602,1.30682,1.31161,1.3648
Time,s,35,1.41204,1.31843,1.31005,1.35122
Time,s,35,1.60706,1.32774,1.3165,1.34431
Time,s,35,1.32927,1.30992,1.32501,1.33404
Time,s,35,1.33453,1.32902,1.34612,1.35025
Time,s,36,0.29551,0.29298,0.27598,0.31395
Time,s,36,0.28971,0.30434,0.30277,0.29743
Time,s,36,0.29031,0.29029,0.30632,0.32234
Time,s,36,0.31351,0.30109,0.29027,0.32099
Time,s,36,0.3066,0.28742,0.30504,0.31264
Time,s,36,0.28839,0.27753,0.28742,0.40661
Time,s,36,0.28342,0.28992,0.31285,0.42277
Time,s,36,0.29215,0.2893,0.36054,0.38745
Time,s,36,0.27833,0.27303,0.32701,0.33836
Time,s,36,0.2806,0.28055,0.32418,0.34454
Time,s,36,0.27719,0.29562,0.33537,0.33692
Time,s,36,0.28804,0.28841,0.34622,0.30431
Time,s,36,0.28516,0.27928,0.32949,0.27461
Time,s,36,0.28851,0.27561,0.34946,0.29987
Time,s,36,0.28436,0.29069,0.34785,0.30362
Time,s,36,0.28694,0.28669,0.33794,0.28893
Time,s,36,0.27873,0.26964,0.33462,0.31715
Time,s,36,0.27035,0.29502,0.33678,0.33112
Time,s,36,0.28765,0.28522,0.33889,0.31767
Time,s,36,0.28711,0.27824,0.32611,0.27936
Time,s,36,0.27995,0.27578,0.29927,0.29543
Time,s,36,0.29876,0.29158,0.2872,0.30163
Time,s,36,0.28665,0.28184,0.28905,0.27653
Time,s,36,0.28664,0.27721,0.28075,0.30691
Time,s,36,0.27812,0.2739,0.30712,0.38552
Time,s,36,0.2799,0.2879,0.27579,0.41221
Time,s,36,0.2805,0.27427,0.2903,0.38451
Time,s,36,0.27887,0.26797,0.30848,0.31102
Time,s,36,0.27005,0.2876,0.2979,0.29206
Time,s,36,0.27022,0.31276,0.29766,0.32048
Time,s,36,0.2886,0.27683,0.31346,0.31066
Time,s,36,0.27813,0.27279,0.29739,0.2998
Time,s,36,0.27519,0.2974,0.28969,0.26734
Time,s,36,0.28421,0.28475,0.2882,0.28373
Time,s,36,0.2902,0.27198,0.27958,0.30126
Time,s,36,0.27743,0.26832,0.30189,0.2987
Time,s,36,0.27604,0.28147,0.27446,0.31819
Time,s,36,0.28273,0.29112,0.33033,0.30236
Time,s,36,0.27005,0.26817,0.28036,0.29087
Time,s,36,0.32866,0.28773,0.28957,0.29295
Time,s,36,0.30572,0.31054,0.28588,0.28744
Time,s,36,0.30423,0.28343,0.27844,0.2816
Time,s,36,0.33226,0.27881,0.29373,0.29702
Time,s,36,0.30353,0.29124,0.28746,0.31816
Time,s,36,0.28791,0.28072,0.30116,0.28758
Time,s,36,0.28142,0.27773,0.28052,0.31202
Time,s,36,0.27979,0.29299,0.30025,0.28953
Time,s,36,0.27939,0.28701,0.28904,0.28489
Time,s,36,0.27331,0.28038,0.27812,0.27677
Time,s,36,0.27071,0.29091,0.29454,0.29453
Time,s,36,0.29569,0.29444,0.28983,0.31373
Time,s,36,0.2869,0.30886,0.3028,0.27995
Time,s,36,0.28824,0.27623,0.28688,0.2783
Time,s,36,0.28683,0.29534,0.29488,0.29418
Time,s,36,0.30356,0.28329,0.29076,0.27938
Time,s,36,0.28549,0.28369,0.27429,0.28096
Time,s,36,0.27543,0.27733,0.30029,0.28529
Time,s,36,0.27898,0.29613,0.29527,0.2897
Time,s,36,0.29002,0.28422,0.28924,0.28379
Time,s,36,0.28536,0.28089,0.29814,0.27534
Time,s,36,0.28085,0.29741,0.29881,0.30024
Time,s,36,0.29126,0.28418,0.2875,0.27414
Time,s,36,0.26669,0.28293,0.28329,0.27258
Time,s,36,0.26626,0.27955,0.27217,0.30369
Time,s,36,0.32048,0.2971,0.28621,0.29261
Time,s,36,0.30393,0.29077,0.27732,0.30708
Time,s,36,0.27956,0.29935,0.27644,0.27803
Time,s,36,0.27739,0.27447,0.29639,0.34915
Time,s,36,0.29697,0.29499,0.28074,0.32261
Time,s,36,0.27906,0.28399,0.28368,0.30353
Time,s,36,0.27874,0.26607,0.27689,0.30404
Time,s,36,0.27861,0.29513,0.29607,0.30015
Time,s,36,0.29196,0.28719,0.28748,0.29238
Time,s,36,0.28482,0.30968,0.29326,0.28381
Time,s,36,0.27653,0.29082,0.31562,0.30271
Time,s,36,0.3043,0.29282,0.29026,0.2907
Time,s,36,0.28759,0.28718,0.27506,0.29063
Time,s,36,0.27226,0.27847,0.27651,0.2862
Time,s,36,0.26825,0.29517,0.29731,0.28227
Time,s,36,0.29104,0.29054,0.29225,0.28546
Time,s,36,0.28827,0.28321,0.28299,0.2842
Time,s,36,0.27222,0.27582,0.27858,0.28049
Time,s,36,0.27232,0.29189,0.29302,0.2981
Time,s,36,0.29012,0.28482,0.29328,0.29374
Time,s,36,0.27927,0.27855,0.28354,0.27678
Time,s,36,0.27905,0.27596,0.29815,0.3047
Time,s,36,0.345,0.2941,0.29005,0.2762
Time,s,36,0.3097,0.28134,0.28113,0.28042
Time,s,36,0.28062,0.29005,0.30344,0.28261
Time,s,36,0.27284,0.29252,0.34021,0.3031
Time,s,36,0.2903,0.28635,0.30965,0.28668
Time,s,36,0.29006,0.27974,0.31019,0.28593
Time,s,36,0.27412,0.27504,0.28653,0.3037
Time,s,36,0.29821,0.27939,0.29203,0.27307
Time,s,36,0.28574,0.28301,0.2866,0.2819
Time,s,36,0.27606,0.27789,0.28816,0.28207
Time,s,36,0.27357,0.29268,0.28154,0.2805
Time,s,36,0.28048,0.28626,0.28338,0.28595
Time,s,36,0.28538,0.27855,0.28733,0.28481
Time,s,36,0.27381,0.27598,0.28916,0.28135
Time,s,37,0.02708,0.03497,0.02711,0.0324
Time,s,37,0.0252,0.03882,0.03213,0.03128
Time,s,37,0.02746,0.02552,0.02835,0.02831
Time,s,37,0.0267,0.02648,0.02679,0.02903
Time,s,37,0.02738,0.0271,0.02605,0.02904
Time,s,37,0.02466,0.02588,0.02639,0.02725
Time,s,37,0.02442,0.02697,0.02586,0.02841
Time,s,37,0.02709,0.02706,0.02688,0.02689
Time,s,37,0.02635,0.02477,0.02645,0.02644
Time,s,37,0.02612,0.02802,0.02673,0.02692
Time,s,37,0.02511,0.03779,0.0281,0.026
Time,s,37,0.0259,0.02524,0.03029,0.02616
Time,s,37,0.02472,0.02548,0.02603,0.02675
Time,s,37,0.02558,0.02708,0.0259,0.02756
Time,s,37,0.02455,0.0265,0.02883,0.02725
Time,s,37,0.02691,0.02674,0.02687,0.02691
Time,s,37,0.02626,0.02614,0.02717,0.02902
Time,s,37,0.02585,0.02628,0.02663,0.02728
Time,s,37,0.02444,0.02676,0.0267,0.0262
Time,s,37,0.02512,0.02812,0.02745,0.02763
Time,s,37,0.0256,0.04683,0.02667,0.02875
Time,s,37,0.02525,0.04423,0.02731,0.02764
Time,s,37,0.02631,0.03569,0.02882,0.02844
Time,s,37,0.02586,0.03482,0.02656,0.0275
Time,s,37,0.02467,0.03479,0.02759,0.02807
Time,s,37,0.02617,0.03299,0.02613,0.02847
Time,s,37,0.02421,0.03481,0.02759,0.02969
Time,s,37,0.02521,0.04142,0.02833,0.0266
Time,s,37,0.0251,0.03473,0.03062,0.02764
Time,s,37,0.02453,0.05719,0.02563,0.0279
Time,s,37,0.02641,0.03796,0.02696,0.02898
Time,s,37,0.02909,0.03604,0.02879,0.02606
Time,s,37,0.02936,0.03695,0.02574,0.02776
Time,s,37,0.02868,0.03477,0.02684,0.02683
Time,s,37,0.02954,0.03742,0.02606,0.02793
Time,s,37,0.02535,0.03485,0.02682,0.0272
Time,s,37,0.02544,0.03492,0.02711,0.02723
Time,s,37,0.02637,0.03428,0.0265,0.02846
Time,s,37,0.02597,0.07099,0.02718,0.02779
Time,s,37,0.02468,0.03484,0.02587,0.02679
Time,s,37,0.0259,0.03819,0.02792,0.02807
Time,s,37,0.02549,0.03712,0.02529,0.02715
Time,s,37,0.02551,0.03469,0.02668,0.02656
Time,s,37,0.02465,0.03596,0.02587,0.02872
Time,s,37,0.02479,0.03549,0.02811,0.02616
Time,s,37,0.02521,0.03275,0.02711,0.02812
Time,s,37,0.0236,0.02649,0.02751,0.02865
Time,s,37,0.02465,0.027,0.02608,0.02815
Time,s,37,0.0248,0.03642,0.02704,0.02676
Time,s,37,0.02456,0.02787,0.02552,0.02782
Time,s,37,0.02411,0.02624,0.02619,0.0267
Time,s,37,0.02402,0.02648,0.02718,0.02746
Time,s,37,0.03036,0.02513,0.0255,0.02687
Time,s,37,0.02979,0.0262,0.02672,0.02675
Time,s,37,0.03014,0.02563,0.02614,0.02693
Time,s,37,0.02892,0.02579,0.02585,0.02684
Time,s,37,0.02774,0.02576,0.02568,0.02584
Time,s,37,0.02735,0.03728,0.02589,0.02725
Time,s,37,0.02714,0.02609,0.02638,0.02627
Time,s,37,0.0283,0.02629,0.0263,0.02639
Time,s,37,0.02833,0.02482,0.02623,0.02713
Time,s,37,0.02822,0.02682,0.02656,0.03065
Time,s,37,0.0355,0.02661,0.02566,0.03519
Time,s,37,0.02591,0.02628,0.02663,0.02738
Time,s,37,0.02413,0.02569,0.02624,0.02712
Time,s,37,0.02464,0.02551,0.02646,0.02735
Time,s,37,0.02455,0.04217,0.02663,0.02664
Time,s,37,0.02638,0.02564,0.02623,0.02568
Time,s,37,0.02588,0.02616,0.0274,0.02618
Time,s,37,0.02467,0.02555,0.027,0.02605
Time,s,37,0.0247,0.02527,0.02796,0.02638
Time,s,37,0.0242,0.02533,0.02866,0.02625
Time,s,37,0.02521,0.02567,0.02635,0.02676
Time,s,37,0.02509,0.02552,0.02648,0.02688
Time,s,37,0.02471,0.02476,0.02689,0.02684
Time,s,37,0.025,0.0296,0.02603,0.02803
Time,s,37,0.02395,0.03924,0.026,0.02654
Time,s,37,0.02382,0.02655,0.02606,0.02627
Time,s,37,0.02429,0.02622,0.0261,0.02718
Time,s,37,0.02479,0.02738,0.0261,0.02705
Time,s,37,0.02437,0.02452,0.02635,0.02712
Time,s,37,0.02556,0.02568,0.02542,0.02846
Time,s,37,0.02447,0.02549,0.02614,0.02671
Time,s,37,0.024,0.02563,0.02546,0.02721
Time,s,37,0.02447,0.02575,0.02627,0.02756
Time,s,37,0.02459,0.0375,0.02581,0.02768
Time,s,37,0.02382,0.02507,0.02508,0.02668
Time,s,37,0.02355,0.02533,0.0278,0.02541
Time,s,37,0.02392,0.02575,0.02787,0.0276
Time,s,37,0.02406,0.02533,0.02755,0.02702
Time,s,37,0.0235,0.02457,0.02515,0.02625
Time,s,37,0.02424,0.02634,0.02826,0.02782
Time,s,37,0.02316,0.02622,0.02748,0.02747
Time,s,37,0.02492,0.02564,0.02636,0.02681
Time,s,37,0.02971,0.02737,0.02622,0.02642
Time,s,37,0.02869,0.03587,0.02609,0.02825
Time,s,37,0.02439,0.02608,0.02748,0.02834
Time,s,37,0.02624,0.02723,0.02581,0.0273
Time,s,37,0.02425,0.03024,0.02631,0.02653
Time,s,37,0.02524,0.02827,0.02587,0.03443
Time,s,38,0.02004,0.02397,0.02147,0.01965
Time,s,38,0.01603,0.02147,0.01852,0.01428
Time,s,38,0.01417,0.02079,0.01642,0.01065
Time,s,38,0.01423,0.01897,0.01633,0.00987
Time,s,38,0.0124,0.03784,0.01525,0.01039
Time,s,38,0.0123,0.01816,0.01595,0.00938
Time,s,38,0.01238,0.01873,0.01487,0.01058
Time,s,38,0.01288,0.02247,0.01476,0.00929
Time,s,38,0.01275,0.02201,0.01445,0.00939
Time,s,38,0.01379,0.01977,0.01367,0.00963
Time,s,38,0.0124,0.01889,0.01438,0.00982
Time,s,38,0.0123,0.0201,0.01562,0.01076
Time,s,38,0.01168,0.01847,0.01422,0.0097
Time,s,38,0.01201,0.01812,0.01523,0.01088
Time,s,38,0.01198,0.01841,0.01523,0.00943
Time,s,38,0.01205,0.0316,0.01461,0.00912
Time,s,38,0.01173,0.01924,0.01443,0.00956
Time,s,38,0.01212,0.01839,0.01415,0.01056
Time,s,38,0.01192,0.01809,0.01339,0.00981
Time,s,38,0.01205,0.01728,0.01379,0.00946
Time,s,38,0.01306,0.02011,0.01358,0.00945
Time,s,38,0.01208,0.01867,0.01396,0.00959
Time,s,38,0.01158,0.01759,0.01305,0.00919
Time,s,38,0.01192,0.0174,0.01412,0.00895
Time,s,38,0.01223,0.01858,0.01462,0.00919
Time,s,38,0.01149,0.04067,0.01354,0.00965
Time,s,38,0.01165,0.01925,0.01367,0.00999
Time,s,38,0.01294,0.01693,0.01448,0.01057
Time,s,38,0.0117,0.01817,0.01443,0.00953
Time,s,38,0.01202,0.01663,0.01453,0.01005
Time,s,38,0.0123,0.01725,0.01463,0.01018
Time,s,38,0.01225,0.0182,0.01369,0.00967
Time,s,38,0.01359,0.01753,0.01469,0.00926
Time,s,38,0.01113,0.01796,0.01461,0.00932
Time,s,38,0.0117,0.01769,0.01328,0.00849
Time,s,38,0.01182,0.03509,0.01371,0.00933
Time,s,38,0.01156,0.01624,0.0132,0.00943
Time,s,38,0.01209,0.01457,0.01305,0.00967
Time,s,38,0.01238,0.01346,0.01359,0.00956
Time,s,38,0.01283,0.01322,0.01386,0.00946
Time,s,38,0.01164,0.01337,0.01339,0.00918
Time,s,38,0.01146,0.01349,0.01384,0.00925
Time,s,38,0.01158,0.01228,0.01426,0.00955
Time,s,38,0.01253,0.01296,0.0132,0.00968
Time,s,38,0.01172,0.01283,0.01413,0.0093
Time,s,38,0.01144,0.0133,0.01595,0.00927
Time,s,38,0.01115,0.03111,0.01574,0.00993
Time,s,38,0.01162,0.01337,0.01444,0.00975
Time,s,38,0.01104,0.01316,0.01468,0.0092
Time,s,38,0.01232,0.01362,0.01427,0.00955
Time,s,38,0.01206,0.01257,0.01437,0.00885
Time,s,38,0.01171,0.0127,0.01394,0.00942
Time,s,38,0.01192,0.01246,0.01342,0.00966
Time,s,38,0.0118,0.01248,0.0133,0.00969
Time,s,38,0.01203,0.01304,0.01394,0.00954
Time,s,38,0.01172,0.01283,0.01443,0.01096
Time,s,38,0.01236,0.02994,0.01412,0.00983
Time,s,38,0.01196,0.01297,0.01647,0.01131
Time,s,38,0.01148,0.0133,0.01561,0.00948
Time,s,38,0.01103,0.01391,0.01417,0.00947
Time,s,38,0.01174,0.01218,0.01363,0.00934
Time,s,38,0.01209,0.01491,0.01351,0.01037
Time,s,38,0.01186,0.01384,0.01305,0.00972
Time,s,38,0.01186,0.01339,0.01336,0.01003
Time,s,38,0.012,0.01352,0.01313,0.00907
Time,s,38,0.01143,0.01384,0.01236,0.00933
Time,s,38,0.01157,0.0332,0.01424,0.00948
Time,s,38,0.01158,0.01381,0.0135,0.00942
Time,s,38,0.01143,0.01357,0.01368,0.01028
Time,s,38,0.01165,0.0138,0.01331,0.00973
Time,s,38,0.02112,0.01277,0.01304,0.00973
Time,s,38,0.01246,0.01358,0.0128,0.00934
Time,s,38,0.01244,0.01342,0.01366,0.00925
Time,s,38,0.01261,0.01331,0.01358,0.00932
Time,s,38,0.01213,0.0133,0.01314,0.00963
Time,s,38,0.01131,0.01952,0.01376,0.00977
Time,s,38,0.01203,0.01421,0.01385,0.00927
Time,s,38,0.01156,0.0294,0.01311,0.01053
Time,s,38,0.01227,0.02023,0.0143,0.00985
Time,s,38,0.01188,0.01683,0.01402,0.00929
Time,s,38,0.01223,0.01594,0.01369,0.00964
Time,s,38,0.01155,0.0136,0.01329,0.00987
Time,s,38,0.01182,0.01327,0.01339,0.0096
Time,s,38,0.01195,0.01294,0.01395,0.00921
Time,s,38,0.01191,0.0127,0.0144,0.00909
Time,s,38,0.01133,0.01391,0.01402,0.00945
Time,s,38,0.01178,0.01419,0.01413,0.01019
Time,s,38,0.01135,0.03252,0.01339,0.00986
Time,s,38,0.01216,0.01481,0.0133,0.00971
Time,s,38,0.0122,0.01493,0.01316,0.00916
Time,s,38,0.01173,0.01421,0.01336,0.01003
Time,s,38,0.01155,0.01393,0.01348,0.00955
Time,s,38,0.01135,0.01432,0.01357,0.00976
Time,s,38,0.0126,0.01357,0.01358,0.00958
Time,s,38,0.01197,0.01316,0.01294,0.00941
Time,s,38,0.01194,0.013,0.0129,0.00987
Time,s,38,0.01175,0.01347,0.01374,0.01002
Time,s,38,0.01114,0.0329,0.0145,0.00925
Time,s,38,0.01129,0.01373,0.01391,0.00929
Time,s,38,0.01153,0.01357,0.0129,0.00922
Time,s,39,0.01047,0.01219,0.0129,0.01174
Time,s,39,0.01014,0.01124,0.01228,0.0119
Time,s,39,0.01031,0.01132,0.01124,0.01238
Time,s,39,0.01044,0.01237,0.01119,0.01251
Time,s,39,0.01061,0.01126,0.01195,0.01272
Time,s,39,0.01035,0.0118,0.01176,0.01207
Time,s,39,0.01114,0.01158,0.01139,0.0158
Time,s,39,0.01138,0.01152,0.01205,0.01255
Time,s,39,0.01062,0.02856,0.01174,0.01393
Time,s,39,0.01131,0.01216,0.01261,0.01279
Time,s,39,0.01203,0.01189,0.01202,0.01279
Time,s,39,0.01057,0.01092,0.01188,0.01293
Time,s,39,0.01039,0.01193,0.0126,0.01222
Time,s,39,0.01053,0.01125,0.01203,0.01212
Time,s,39,0.01184,0.01125,0.01189,0.01273
Time,s,39,0.01046,0.01253,0.01269,0.01527
Time,s,39,0.01058,0.01247,0.01231,0.01825
Time,s,39,0.00999,0.01323,0.01161,0.01627
Time,s,39,0.01131,0.02884,0.01178,0.01393
Time,s,39,0.0105,0.01175,0.01196,0.01264
Time,s,39,0.01225,0.0124,0.01173,0.01207
Time,s,39,0.01186,0.01161,0.01136,0.01298
Time,s,39,0.01217,0.01213,0.01175,0.01298
Time,s,39,0.01092,0.01135,0.01203,0.01299
Time,s,39,0.00985,0.01522,0.01122,0.01261
Time,s,39,0.01133,0.01522,0.01216,0.01203
Time,s,39,0.01069,0.01696,0.01301,0.01197
Time,s,39,0.01016,0.0173,0.01196,0.01243
Time,s,39,0.01069,0.03337,0.01205,0.01254
Time,s,39,0.01036,0.01751,0.01193,0.01188
Time,s,39,0.0103,0.01419,0.01156,0.01225
Time,s,39,0.01061,0.01619,0.01156,0.01232
Time,s,39,0.01034,0.01587,0.01191,0.0122
Time,s,39,0.00997,0.01526,0.01158,0.01249
Time,s,39,0.01041,0.01595,0.01238,0.01235
Time,s,39,0.01019,0.0147,0.01085,0.01372
Time,s,39,0.01014,0.01546,0.01185,0.01231
Time,s,39,0.01078,0.01509,0.01138,0.01268
Time,s,39,0.01022,0.0302,0.01464,0.01247
Time,s,39,0.01013,0.01385,0.0126,0.01219
Time,s,39,0.01012,0.01412,0.01301,0.01201
Time,s,39,0.00971,0.01446,0.01234,0.01174
Time,s,39,0.01047,0.01391,0.0113,0.01268
Time,s,39,0.01006,0.0151,0.01132,0.01191
Time,s,39,0.01214,0.01581,0.0115,0.01286
Time,s,39,0.01124,0.01481,0.01185,0.01247
Time,s,39,0.01124,0.014,0.01181,0.01335
Time,s,39,0.0111,0.01505,0.01224,0.01229
Time,s,39,0.01047,0.03436,0.01172,0.01215
Time,s,39,0.01067,0.01588,0.01094,0.01246
Time,s,39,0.01083,0.01524,0.01161,0.01266
Time,s,39,0.01057,0.01525,0.01136,0.01258
Time,s,39,0.01116,0.01419,0.01212,0.01469
Time,s,39,0.01074,0.0146,0.01199,0.01607
Time,s,39,0.01076,0.017,0.01263,0.01438
Time,s,39,0.01062,0.01444,0.01217,0.01277
Time,s,39,0.01062,0.01201,0.01201,0.01278
Time,s,39,0.01048,0.01351,0.01134,0.01262
Time,s,39,0.01023,0.03221,0.01236,0.01198
Time,s,39,0.01036,0.01214,0.01197,0.0119
Time,s,39,0.01004,0.01221,0.0126,0.01186
Time,s,39,0.00984,0.01133,0.01189,0.01364
Time,s,39,0.01067,0.01162,0.01214,0.01265
Time,s,39,0.01223,0.01157,0.01211,0.01148
Time,s,39,0.01133,0.01176,0.01219,0.01208
Time,s,39,0.01107,0.01202,0.01148,0.01337
Time,s,39,0.011,0.01307,0.0116,0.01324
Time,s,39,0.01056,0.01186,0.012,0.01242
Time,s,39,0.01054,0.01133,0.01153,0.01222
Time,s,39,0.01033,0.0283,0.01469,0.01293
Time,s,39,0.01096,0.01236,0.01335,0.01217
Time,s,39,0.0114,0.01195,0.01262,0.01278
Time,s,39,0.01106,0.01187,0.01195,0.01331
Time,s,39,0.01078,0.01177,0.01203,0.01299
Time,s,39,0.01069,0.01128,0.01249,0.01272
Time,s,39,0.01032,0.01288,0.01174,0.01188
Time,s,39,0.01038,0.01165,0.01191,0.01285
Time,s,39,0.01098,0.01175,0.01197,0.01155
Time,s,39,0.01049,0.01146,0.01165,0.0117
Time,s,39,0.01073,0.02873,0.01287,0.0123
Time,s,39,0.00982,0.01205,0.01212,0.01217
Time,s,39,0.00985,0.01172,0.0116,0.01241
Time,s,39,0.01022,0.01158,0.01406,0.01225
Time,s,39,0.01057,0.01175,0.01228,0.01254
Time,s,39,0.01003,0.0119,0.01338,0.01233
Time,s,39,0.01133,0.01163,0.0157,0.01228
Time,s,39,0.01177,0.01146,0.01232,0.01177
Time,s,39,0.01076,0.01183,0.0112,0.01135
Time,s,39,0.01018,0.01277,0.01181,0.01164
Time,s,39,0.01079,0.02865,0.01231,0.01133
Time,s,39,0.01155,0.01204,0.01174,0.01242
Time,s,39,0.0111,0.01151,0.0116,0.01243
Time,s,39,0.01457,0.01184,0.01184,0.01387
Time,s,39,0.0109,0.0137,0.01197,0.01561
Time,s,39,0.0109,0.01436,0.01178,0.01559
Time,s,39,0.01062,0.01388,0.01155,0.01249
Time,s,39,0.0103,0.01199,0.01204,0.01226
Time,s,39,0.01011,0.01193,0.01268,0.01235
Time,s,39,0.01003,0.01235,0.01201,0.01242
Time,s,39,0.01057,0.02938,0.01231,0.01178
Time,s,40,0.0401,0.04129,0.04222,0.05806
Time,s,40,0.03793,0.04018,0.04058,0.0405
Time,s,40,0.0389,0.04006,0.04059,0.04044
Time,s,40,0.0371,0.0392,0.04029,0.0417
Time,s,40,0.03854,0.04052,0.04041,0.04077
Time,s,40,0.03772,0.04122,0.0414,0.04347
Time,s,40,0.04069,0.04827,0.04112,0.04044
Time,s,40,0.03875,0.03976,0.04065,0.03967
Time,s,40,0.03827,0.04947,0.03972,0.04009
Time,s,40,0.03833,0.03902,0.04017,0.04152
Time,s,40,0.03796,0.0391,0.04025,0.04042
Time,s,40,0.03962,0.03988,0.04094,0.04218
Time,s,40,0.03835,0.04069,0.04132,0.04208
Time,s,40,0.03804,0.03981,0.04375,0.04179
Time,s,40,0.03853,0.03988,0.03962,0.04229
Time,s,40,0.03846,0.04003,0.03953,0.04219
Time,s,40,0.04407,0.05004,0.03954,0.04229
Time,s,40,0.03828,0.03993,0.0415,0.04057
Time,s,40,0.03869,0.04003,0.04,0.04332
Time,s,40,0.04152,0.03931,0.04056,0.04127
Time,s,40,0.03914,0.04139,0.03989,0.04419
Time,s,40,0.03967,0.03978,0.04143,0.04061
Time,s,40,0.03889,0.04003,0.04072,0.04035
Time,s,40,0.04006,0.04236,0.03903,0.04144
Time,s,40,0.03796,0.0439,0.04085,0.04172
Time,s,40,0.03806,0.05011,0.04068,0.03974
Time,s,40,0.03816,0.04235,0.0412,0.03996
Time,s,40,0.03825,0.0419,0.03994,0.04121
Time,s,40,0.04028,0.04172,0.03911,0.04123
Time,s,40,0.03885,0.04415,0.03969,0.04228
Time,s,40,0.03837,0.04396,0.03994,0.04189
Time,s,40,0.03891,0.04233,0.03903,0.03927
Time,s,40,0.03841,0.03869,0.04236,0.04161
Time,s,40,0.0396,0.0495,0.03916,0.04139
Time,s,40,0.03859,0.03982,0.04351,0.04047
Time,s,40,0.03819,0.04412,0.04221,0.04303
Time,s,40,0.03983,0.04102,0.04004,0.04159
Time,s,40,0.03807,0.04082,0.04145,0.04816
Time,s,40,0.03775,0.03986,0.04111,0.04171
Time,s,40,0.03807,0.03877,0.0414,0.04125
Time,s,40,0.03851,0.03918,0.04012,0.04063
Time,s,40,0.03873,0.04143,0.04132,0.04117
Time,s,40,0.03942,0.04901,0.04041,0.04324
Time,s,40,0.03864,0.04005,0.04062,0.04062
Time,s,40,0.03872,0.04031,0.03997,0.04173
Time,s,40,0.03886,0.04002,0.03975,0.04177
Time,s,40,0.03866,0.04153,0.04057,0.04116
Time,s,40,0.03876,0.03941,0.03979,0.04231
Time,s,40,0.03898,0.03906,0.03932,0.0421
Time,s,40,0.03727,0.03984,0.03977,0.04264
Time,s,40,0.03859,0.05195,0.03994,0.04175
Time,s,40,0.03988,0.04012,0.0397,0.04068
Time,s,40,0.03887,0.03897,0.03985,0.04124
Time,s,40,0.03816,0.04028,0.04028,0.0409
Time,s,40,0.03821,0.03992,0.03968,0.04056
Time,s,40,0.03813,0.04642,0.04045,0.04041
Time,s,40,0.0386,0.0396,0.04162,0.04069
Time,s,40,0.03912,0.03946,0.0406,0.04138
Time,s,40,0.04044,0.05764,0.04234,0.04134
Time,s,40,0.03939,0.04108,0.03978,0.04084
Time,s,40,0.04095,0.03928,0.03929,0.04089
Time,s,40,0.03787,0.03875,0.04087,0.04078
Time,s,40,0.03727,0.03999,0.04052,0.04239
Time,s,40,0.03783,0.03952,0.04013,0.04106
Time,s,40,0.03879,0.04065,0.03868,0.04035
Time,s,40,0.03868,0.04127,0.03925,0.04037
Time,s,40,0.04131,0.04041,0.03974,0.04152
Time,s,40,0.04081,0.05225,0.03992,0.04103
Time,s,40,0.03895,0.04114,0.03988,0.04245
Time,s,40,0.04533,0.03924,0.04036,0.04157
Time,s,40,0.03801,0.04072,0.04088,0.04102
Time,s,40,0.0385,0.04,0.04032,0.04147
Time,s,40,0.04066,0.03968,0.04076,0.04008
Time,s,40,0.03878,0.03981,0.04157,0.04121
Time,s,40,0.03855,0.04365,0.04426,0.04102
Time,s,40,0.03787,0.05642,0.0411,0.04247
Time,s,40,0.03851,0.04057,0.03946,0.04488
Time,s,40,0.03962,0.04069,0.04108,0.04217
Time,s,40,0.03951,0.04145,0.03916,0.04198
Time,s,40,0.03846,0.04165,0.03975,0.04014
Time,s,40,0.03933,0.04015,0.04131,0.04091
Time,s,40,0.03822,0.03924,0.04089,0.04106
Time,s,40,0.0385,0.03971,0.03971,0.04058
Time,s,40,0.03845,0.04003,0.03992,0.04074
Time,s,40,0.03936,0.03999,0.04108,0.04043
Time,s,40,0.03866,0.03989,0.04209,0.04168
Time,s,40,0.03954,0.03986,0.03924,0.0419
Time,s,40,0.03829,0.03955,0.03867,0.0416
Time,s,40,0.03824,0.04044,0.04018,0.04105
Time,s,40,0.03845,0.04112,0.04007,0.04109
Time,s,40,0.03832,0.03942,0.04124,0.04083
Time,s,40,0.03845,0.04089,0.04008,0.04062
Time,s,40,0.03802,0.04014,0.0417,0.04301
Time,s,40,0.03896,0.03916,0.04089,0.04088
Time,s,40,0.03866,0.0405,0.03984,0.04082
Time,s,40,0.03957,0.03945,0.04203,0.04091
Time,s,40,0.03821,0.0401,0.03967,0.04148
Time,s,40,0.0386,0.04008,0.04072,0.04013
Time,s,40,0.03859,0.04059,0.03981,0.04032
Time,s,40,0.03818,0.04049,0.03961,0.04075
Time,s,41,0.02023,0.02124,0.02049,0.03073
Time,s,41,0.01204,0.01378,0.01433,0.01376
Time,s,41,0.01093,0.01132,0.01165,0.0116
Time,s,41,0.01167,0.0104,0.01061,0.01101
Time,s,41,0.01132,0.00923,0.0111,0.00984
Time,s,41,0.00928,0.01015,0.01171,0.01043
Time,s,41,0.01051,0.01062,0.01103,0.0102
Time,s,41,0.00956,0.0101,0.01055,0.01056
Time,s,41,0.01115,0.00951,0.01012,0.01039
Time,s,41,0.00935,0.00991,0.00989,0.01088
Time,s,41,0.00881,0.01024,0.01035,0.01085
Time,s,41,0.00906,0.01094,0.01054,0.01128
Time,s,41,0.00875,0.01015,0.0097,0.01149
Time,s,41,0.00903,0.00995,0.01043,0.01038
Time,s,41,0.00873,0.01058,0.01015,0.00955
Time,s,41,0.00892,0.01006,0.01019,0.01004
Time,s,41,0.00894,0.00942,0.01032,0.00944
Time,s,41,0.00943,0.00947,0.00962,0.0099
Time,s,41,0.00915,0.00988,0.00972,0.01015
Time,s,41,0.00859,0.00929,0.01031,0.00992
Time,s,41,0.00883,0.00948,0.00957,0.00938
Time,s,41,0.00913,0.00916,0.00927,0.00949
Time,s,41,0.00882,0.00942,0.00971,0.00984
Time,s,41,0.00901,0.01014,0.01086,0.01037
Time,s,41,0.00845,0.0114,0.01057,0.01042
Time,s,41,0.00836,0.00948,0.0094,0.00988
Time,s,41,0.00833,0.0091,0.01074,0.00957
Time,s,41,0.00876,0.00961,0.00982,0.00997
Time,s,41,0.00862,0.00988,0.00977,0.01011
Time,s,41,0.00846,0.00944,0.00901,0.0101
Time,s,41,0.00887,0.01001,0.00938,0.00966
Time,s,41,0.00878,0.01783,0.00928,0.00976
Time,s,41,0.00894,0.01012,0.00954,0.01003
Time,s,41,0.00846,0.00944,0.01027,0.00977
Time,s,41,0.00832,0.00948,0.00969,0.00975
Time,s,41,0.00841,0.00932,0.00958,0.01
Time,s,41,0.00859,0.01086,0.00998,0.01006
Time,s,41,0.00874,0.00967,0.00947,0.00936
Time,s,41,0.00814,0.00878,0.0096,0.00951
Time,s,41,0.00798,0.00975,0.00957,0.00882
Time,s,41,0.0086,0.01065,0.00962,0.00951
Time,s,41,0.00842,0.00917,0.01006,0.00927
Time,s,41,0.00874,0.00938,0.00943,0.00998
Time,s,41,0.0092,0.00944,0.00934,0.01077
Time,s,41,0.00849,0.00987,0.00876,0.00876
Time,s,41,0.00848,0.00896,0.01003,0.00947
Time,s,41,0.00833,0.00927,0.00967,0.0086
Time,s,41,0.00922,0.00937,0.00951,0.00958
Time,s,41,0.00848,0.00999,0.0104,0.00991
Time,s,41,0.00892,0.00983,0.00948,0.00877
Time,s,41,0.0083,0.00981,0.00939,0.00965
Time,s,41,0.01049,0.00988,0.00977,0.00913
Time,s,41,0.01057,0.01102,0.01146,0.00974
Time,s,41,0.00829,0.01007,0.00977,0.00887
Time,s,41,0.0085,0.009,0.01091,0.00915
Time,s,41,0.00825,0.00914,0.01041,0.00922
Time,s,41,0.00851,0.00911,0.0093,0.00879
Time,s,41,0.00845,0.00941,0.00883,0.00924
Time,s,41,0.00808,0.00942,0.00898,0.00951
Time,s,41,0.00838,0.00949,0.00886,0.00966
Time,s,41,0.00897,0.00898,0.00909,0.00932
Time,s,41,0.00933,0.00864,0.00991,0.01069
Time,s,41,0.00945,0.00905,0.01089,0.01128
Time,s,41,0.00881,0.00889,0.00975,0.00938
Time,s,41,0.00877,0.01023,0.00925,0.01035
Time,s,41,0.0082,0.00941,0.00941,0.00988
Time,s,41,0.00866,0.0092,0.00941,0.00912
Time,s,41,0.00963,0.00951,0.00904,0.00958
Time,s,41,0.00836,0.00913,0.00968,0.00939
Time,s,41,0.0087,0.00962,0.01,0.00915
Time,s,41,0.00858,0.00918,0.00943,0.00959
Time,s,41,0.00889,0.00944,0.00928,0.0091
Time,s,41,0.00856,0.00909,0.00936,0.0093
Time,s,41,0.0082,0.0089,0.00868,0.00946
Time,s,41,0.00859,0.0092,0.00987,0.00938
Time,s,41,0.00931,0.00888,0.00874,0.01002
Time,s,41,0.00908,0.00958,0.00911,0.00948
Time,s,41,0.00904,0.00904,0.00847,0.00929
Time,s,41,0.00812,0.00911,0.00922,0.00941
Time,s,41,0.00931,0.00921,0.00987,0.00932
Time,s,41,0.00852,0.01109,0.00936,0.00934
Time,s,41,0.00823,0.00976,0.00992,0.00988
Time,s,41,0.00847,0.00899,0.00891,0.00953
Time,s,41,0.00844,0.00852,0.00942,0.00924
Time,s,41,0.00813,0.00912,0.00934,0.00926
Time,s,41,0.0082,0.00928,0.00919,0.00974
Time,s,41,0.00853,0.00979,0.01006,0.0095
Time,s,41,0.00842,0.011,0.00934,0.01336
Time,s,41,0.00865,0.00971,0.00899,0.00955
Time,s,41,0.00857,0.00999,0.009,0.00879
Time,s,41,0.00906,0.00951,0.00924,0.00901
Time,s,41,0.00858,0.00945,0.0095,0.00908
Time,s,41,0.00832,0.00905,0.0093,0.00946
Time,s,41,0.00819,0.00968,0.00908,0.00987
Time,s,41,0.0082,0.00981,0.00983,0.00974
Time,s,41,0.00988,0.00891,0.01033,0.00928
Time,s,41,0.00833,0.0088,0.00919,0.0101
Time,s,41,0.0082,0.00864,0.00909,0.00924
Time,s,41,0.00812,0.00938,0.00921,0.00912
Time,s,41,0.00826,0.0096,0.00894,0.00948
Time,s,42,0.00918,0.00921,0.00969,0.00966
Time,s,42,0.00984,0.00989,0.00937,0.00898
Time,s,42,0.00882,0.00915,0.0096,0.00951
Time,s,42,0.0082,0.00961,0.01002,0.00971
Time,s,42,0.00894,0.00999,0.00928,0.00932
Time,s,42,0.00846,0.01086,0.00932,0.00901
Time,s,42,0.00849,0.01043,0.00921,0.00955
Time,s,42,0.00892,0.00989,0.00954,0.00925
Time,s,42,0.00854,0.01032,0.0091,0.0094
Time,s,42,0.00871,0.01017,0.00926,0.00939
Time,s,42,0.00873,0.01128,0.00983,0.00929
Time,s,42,0.00919,0.01105,0.00917,0.00942
Time,s,42,0.00847,0.01028,0.00965,0.00968
Time,s,42,0.00856,0.01047,0.00958,0.01011
Time,s,42,0.0092,0.01125,0.00887,0.00973
Time,s,42,0.00882,0.01039,0.00953,0.00984
Time,s,42,0.00849,0.00988,0.00965,0.00986
Time,s,42,0.0082,0.01001,0.00924,0.00985
Time,s,42,0.00842,0.01068,0.00903,0.00972
Time,s,42,0.00887,0.00976,0.00855,0.0091
Time,s,42,0.00833,0.00929,0.00937,0.01016
Time,s,42,0.00844,0.00911,0.00922,0.00929
Time,s,42,0.00899,0.00983,0.00977,0.00973
Time,s,42,0.00868,0.00918,0.00945,0.00953
Time,s,42,0.0088,0.00924,0.01019,0.00969
Time,s,42,0.00919,0.00903,0.00976,0.00984
Time,s,42,0.00867,0.00977,0.00953,0.00934
Time,s,42,0.0084,0.00909,0.00937,0.00962
Time,s,42,0.00856,0.00939,0.00919,0.00971
Time,s,42,0.00837,0.00943,0.00908,0.00903
Time,s,42,0.00916,0.00929,0.00953,0.00937
Time,s,42,0.0085,0.00891,0.00961,0.0101
Time,s,42,0.00839,0.00955,0.00895,0.00979
Time,s,42,0.00861,0.00915,0.00955,0.00956
Time,s,42,0.00843,0.00982,0.00891,0.00959
Time,s,42,0.00849,0.00914,0.00986,0.00922
Time,s,42,0.00931,0.00949,0.00971,0.00977
Time,s,42,0.00867,0.00909,0.00956,0.0096
Time,s,42,0.00898,0.00934,0.00936,0.00976
Time,s,42,0.00867,0.00873,0.0094,0.00964
Time,s,42,0.00914,0.00882,0.01128,0.009
Time,s,42,0.0088,0.00926,0.00981,0.0101
Time,s,42,0.00847,0.0091,0.00904,0.00982
Time,s,42,0.00904,0.00956,0.0096,0.00948
Time,s,42,0.0088,0.00877,0.00943,0.00962
Time,s,42,0.00921,0.00908,0.00921,0.00889
Time,s,42,0.00845,0.00915,0.01179,0.00973
Time,s,42,0.00856,0.00912,0.00917,0.00942
Time,s,42,0.00892,0.00947,0.0094,0.00921
Time,s,42,0.00878,0.00936,0.00915,0.00906
Time,s,42,0.00865,0.0099,0.0096,0.00949
Time,s,42,0.00868,0.00908,0.00936,0.00961
Time,s,42,0.00857,0.00951,0.00891,0.00915
Time,s,42,0.00893,0.00926,0.01022,0.00933
Time,s,42,0.00873,0.00923,0.01096,0.0097
Time,s,42,0.00844,0.00859,0.00978,0.00933
Time,s,42,0.00832,0.01009,0.00923,0.00936
Time,s,42,0.00821,0.00938,0.0095,0.00935
Time,s,42,0.0087,0.00928,0.00957,0.00935
Time,s,42,0.00838,0.00919,0.00892,0.00898
Time,s,42,0.00845,0.00871,0.00976,0.00969
Time,s,42,0.00819,0.00939,0.01079,0.00932
Time,s,42,0.0089,0.00962,0.00946,0.01091
Time,s,42,0.00862,0.00944,0.00929,0.0092
Time,s,42,0.00889,0.0093,0.01012,0.01003
Time,s,42,0.0086,0.00901,0.00959,0.00919
Time,s,42,0.00839,0.00918,0.00944,0.01081
Time,s,42,0.00849,0.0093,0.00924,0.00929
Time,s,42,0.00884,0.01069,0.00989,0.00971
Time,s,42,0.00924,0.00985,0.00954,0.0101
Time,s,42,0.00873,0.00924,0.00948,0.00954
Time,s,42,0.00869,0.0094,0.0087,0.00962
Time,s,42,0.00904,0.00911,0.00965,0.00978
Time,s,42,0.00838,0.0098,0.00889,0.00966
Time,s,42,0.0086,0.00951,0.00947,0.00907
Time,s,42,0.00814,0.00935,0.00936,0.00956
Time,s,42,0.00853,0.00948,0.00849,0.00931
Time,s,42,0.00848,0.00922,0.00997,0.00889
Time,s,42,0.00899,0.01077,0.00973,0.00925
Time,s,42,0.00921,0.00954,0.00957,0.00975
Time,s,42,0.00851,0.00929,0.00951,0.00944
Time,s,42,0.00856,0.00907,0.00905,0.00958
Time,s,42,0.00866,0.00908,0.00924,0.01066
Time,s,42,0.00907,0.00924,0.00912,0.00923
Time,s,42,0.00998,0.00941,0.00986,0.00937
Time,s,42,0.00943,0.00907,0.00975,0.00972
Time,s,42,0.00915,0.00917,0.0094,0.00974
Time,s,42,0.00887,0.01005,0.00898,0.00935
Time,s,42,0.00887,0.00951,0.00967,0.00889
Time,s,42,0.00882,0.00929,0.00964,0.00947
Time,s,42,0.00845,0.00937,0.00911,0.00891
Time,s,42,0.0086,0.00941,0.00927,0.00894
Time,s,42,0.00887,0.00901,0.0098,0.00953
Time,s,42,0.00911,0.00907,0.01066,0.00916
Time,s,42,0.00839,0.00967,0.00973,0.00943
Time,s,42,0.00891,0.0093,0.00971,0.00935
Time,s,42,0.00842,0.00942,0.00955,0.00899
Time,s,42,0.0092,0.0095,0.0095,0.009
Time,s,42,0.00925,0.00895,0.00944,0.0107
Time,s,42,0.00878,0.00974,0.00984,0.00926
Time,s,43,0.00931,0.00997,0.01016,0.0192
Time,s,43,0.0091,0.00975,0.00988,0.00927
Time,s,43,0.0092,0.00994,0.01003,0.01059
Time,s,43,0.00971,0.01081,0.01014,0.00981
Time,s,43,0.00916,0.0101,0.01023,0.00943
Time,s,43,0.00898,0.0097,0.01033,0.00974
Time,s,43,0.00895,0.01007,0.01027,0.00984
Time,s,43,0.00932,0.00939,0.01064,0.0099
Time,s,43,0.00944,0.01009,0.01037,0.00971
Time,s,43,0.00939,0.01014,0.0102,0.00991
Time,s,43,0.00896,0.01008,0.01058,0.01
Time,s,43,0.0101,0.00961,0.01109,0.00977
Time,s,43,0.00991,0.00996,0.01121,0.00912
Time,s,43,0.00895,0.00969,0.01263,0.00982
Time,s,43,0.00923,0.00965,0.0117,0.0099
Time,s,43,0.00899,0.00996,0.0117,0.00999
Time,s,43,0.00962,0.01032,0.0122,0.0101
Time,s,43,0.01688,0.00981,0.01255,0.0101
Time,s,43,0.00931,0.0114,0.01366,0.01023
Time,s,43,0.00925,0.00997,0.01248,0.01064
Time,s,43,0.00948,0.01263,0.01169,0.01043
Time,s,43,0.0095,0.0097,0.01214,0.01016
Time,s,43,0.00899,0.00973,0.01222,0.01029
Time,s,43,0.00888,0.00929,0.01165,0.01055
Time,s,43,0.00933,0.00954,0.01135,0.01039
Time,s,43,0.0098,0.00989,0.01095,0.01172
Time,s,43,0.00994,0.00965,0.01141,0.01162
Time,s,43,0.00936,0.01018,0.01151,0.01198
Time,s,43,0.0088,0.01006,0.01107,0.0103
Time,s,43,0.00957,0.00996,0.01154,0.00992
Time,s,43,0.00932,0.00993,0.01138,0.00987
Time,s,43,0.00864,0.00966,0.01184,0.00992
Time,s,43,0.00914,0.00954,0.01214,0.01103
Time,s,43,0.00896,0.00962,0.01167,0.01047
Time,s,43,0.00873,0.00973,0.01186,0.01015
Time,s,43,0.0092,0.01052,0.01171,0.01025
Time,s,43,0.00866,0.01082,0.01197,0.00989
Time,s,43,0.00937,0.01151,0.01186,0.00975
Time,s,43,0.009,0.01666,0.01181,0.00969
Time,s,43,0.00951,0.01032,0.01138,0.01013
Time,s,43,0.00924,0.00986,0.01121,0.00986
Time,s,43,0.0092,0.00941,0.01139,0.01032
Time,s,43,0.00946,0.00979,0.01161,0.01026
Time,s,43,0.00905,0.01022,0.01272,0.01016
Time,s,43,0.00928,0.00984,0.01211,0.0098
Time,s,43,0.00922,0.00948,0.01174,0.01009
Time,s,43,0.00913,0.00984,0.01135,0.01005
Time,s,43,0.00931,0.01061,0.01128,0.01113
Time,s,43,0.00959,0.01037,0.0121,0.01009
Time,s,43,0.0092,0.00972,0.01145,0.0099
Time,s,43,0.0088,0.00965,0.01163,0.00965
Time,s,43,0.00913,0.00993,0.01124,0.01029
Time,s,43,0.00927,0.01012,0.01078,0.00996
Time,s,43,0.00939,0.01042,0.0102,0.0103
Time,s,43,0.00911,0.01017,0.01135,0.01012
Time,s,43,0.00927,0.01028,0.0102,0.00991
Time,s,43,0.00924,0.01059,0.0105,0.01009
Time,s,43,0.00909,0.01006,0.01025,0.00991
Time,s,43,0.00916,0.00981,0.01071,0.00985
Time,s,43,0.00914,0.01019,0.01185,0.01039
Time,s,43,0.00917,0.00993,0.01066,0.01023
Time,s,43,0.00946,0.00973,0.01013,0.01027
Time,s,43,0.009,0.00985,0.00963,0.01034
Time,s,43,0.00934,0.0097,0.01022,0.01038
Time,s,43,0.00897,0.0105,0.01019,0.0102
Time,s,43,0.00887,0.00993,0.01002,0.01076
Time,s,43,0.00956,0.0104,0.01034,0.01018
Time,s,43,0.00898,0.00955,0.01058,0.01051
Time,s,43,0.00905,0.0102,0.01004,0.01025
Time,s,43,0.0087,0.00999,0.01035,0.01077
Time,s,43,0.0093,0.0102,0.0103,0.01021
Time,s,43,0.00968,0.00967,0.01124,0.01018
Time,s,43,0.00895,0.00991,0.01016,0.01019
Time,s,43,0.00896,0.0097,0.01031,0.01051
Time,s,43,0.00909,0.00957,0.01045,0.01036
Time,s,43,0.00998,0.0102,0.01038,0.01022
Time,s,43,0.00941,0.0097,0.00959,0.00981
Time,s,43,0.00877,0.00977,0.01021,0.01019
Time,s,43,0.00903,0.00988,0.01011,0.01019
Time,s,43,0.00875,0.00989,0.01006,0.01021
Time,s,43,0.00977,0.01017,0.0102,0.00953
Time,s,43,0.00885,0.01019,0.00989,0.01012
Time,s,43,0.00904,0.01112,0.01035,0.00988
Time,s,43,0.00911,0.01004,0.01008,0.01038
Time,s,43,0.00888,0.00977,0.01029,0.00989
Time,s,43,0.00918,0.01052,0.00965,0.01035
Time,s,43,0.00922,0.01039,0.01017,0.01054
Time,s,43,0.0089,0.01006,0.01019,0.0101
Time,s,43,0.0092,0.0098,0.01046,0.01045
Time,s,43,0.0091,0.00981,0.01032,0.00991
Time,s,43,0.00902,0.00958,0.01031,0.01042
Time,s,43,0.00939,0.00976,0.01023,0.01035
Time,s,43,0.00949,0.00981,0.00981,0.01002
Time,s,43,0.00908,0.00972,0.01092,0.01023
Time,s,43,0.00906,0.01,0.01027,0.01119
Time,s,43,0.00906,0.01057,0.01012,0.01007
Time,s,43,0.00898,0.0101,0.01094,0.01033
Time,s,43,0.00905,0.00985,0.00975,0.01167
Time,s,43,0.00931,0.00979,0.01048,0.0104
Time,s,43,0.00916,0.01031,0.01009,0.0098
